==================== Input ====================
datafile                   = data/finaldata/step4f_run1to20_eg_doubleonly_allpatterns_500ns.txt
events_used                = 18
skipped_non5               = 0
skipped_outside_win        = 1560
N_mu_eff_nom               = 1708.309523
N_mu_eff_sigma             = 25.87633079
br_scan_points             = 25
n_calib_toys               = 400
n_sens_toys                = 10000
seed                       = 310007
n_validation_toys          = 0
n_validation_inner         = 0
local_exact_half_window    = 2
local_exact_inner_toys     = 400
===============================================
==================== Fits =====================
data_free_status           = 0
data_free_nll             = 316.9855428
data_free_N_sig_hat       = 1.339294653e-08
data_free_N_rmd_hat       = 1.662208446
data_free_N_acc_hat       = 15.32152269
data_bg0_status            = 0
data_bg0_nll              = 280.5900975
data_bg0_N_sig_fixed      = 0
data_bg0_N_rmd_hat        = 1.662564671
data_bg0_N_acc_hat        = 15.32116131
===============================================
================== Calibration =================
# BR  N_sig_nom  n_valid  q50  q90  q95
0 0 400 0 0 0
5e-05 0.08541547617 400 0.1708308495 2.255661971 3.02530331
0.0001 0.1708309523 400 0.3416618286 1.839454172 1.875137447
0.00015 0.2562464285 400 0.5124928454 1.233658636 1.2357231
0.0002 0.3416619047 400 0.6833239059 0.8311240827 3.192573584
0.00025 0.4270773808 400 0.8541543797 0.8541549428 2.964124961
0.0003 0.512492857 399 1.024985495 2.390982203 2.459501157
0.00035 0.5979083332 400 1.195816593 1.850014579 2.015739122
0.0004 0.6833238093 400 1.366647054 1.648598447 1.66061212
0.00045 0.7687392855 400 1.360460206 1.53747916 1.597588117
0.0005 0.8541547617 400 1.106664773 1.708310246 3.19884724
0.00055 0.9395702378 400 0.9009682691 1.879141358 2.814700463
0.0006 1.024985714 400 0.7238417128 2.049972479 2.484151667
0.00065 1.11040119 400 0.5734690394 2.2208036 2.220803612
0.0007 1.195816666 400 0.4473148019 2.391634706 2.391634758
0.00075 1.281232142 400 0.3432012216 2.562465911 2.562465926
0.0008 1.366647619 400 0.2561041849 2.733297086 2.738507624
0.00085 1.452063095 400 0.1831568215 2.904128278 2.933789917
0.0009 1.537478571 400 0.2192529358 3.07495938 3.074959498
0.00095 1.622894047 400 0.2912284519 3.245790675 3.245790722
0.001 1.708309523 400 0.3693797622 3.416621892 3.416621954
0.00105 1.793724999 400 0.4251100559 3.587453089 3.587453207
0.0011 1.879140476 400 0.5143284846 3.758284064 3.758284429
0.00115 1.964555952 400 0.5785823134 3.929115465 3.929115756
0.0012 2.049971428 400 0.6644444839 4.099946565 4.099947048
calibration_seconds        = 2.277409584
===============================================
=================== Observed ===================
observed_fast_ok           = 1
observed_fast_BR90         = 0.00085
observed_fast_Nsig90_nom   = 1.452063095
observed_local_exact_ok    = 1
observed_local_exact_BR90  = 0.00105
observed_local_exact_Nsig90_nom = 1.793724999
# BR  q_obs  p_value  accepted
0 0 1 1
5e-05 0.1708308781 0.4675 1
0.0001 0.3416618523 0.4725 1
0.00015 0.5124928412 0.5075 1
0.0002 0.6833238446 0.59 1
0.00025 0.8541548626 0.33 1
0.0003 1.024985895 0.335839599 1
0.00035 1.195816942 0.38 1
0.0004 1.366648004 0.335 1
0.00045 1.53747908 0.23 1
0.0005 1.708310171 0.2075 1
0.00055 1.879141277 0.24 1
0.0006 2.049972397 0.2225 1
0.00065 2.220803532 0.165 1
0.0007 2.391634681 0.1175 1
0.00075 2.562465845 0.1575 1
0.0008 2.733297024 0.1525 1
0.00085 2.904128217 0.14 1
0.0009 3.074959424 0.11 1
0.00095 3.245790647 0.105 1
0.001 3.416621883 0.075 0
0.00105 3.587453135 0.1175 1
0.0011 3.758284401 0.065 0
0.00115 3.929115682 0.0425 0
0.0012 4.099946977 0.075 0
===============================================
================= Sensitivity ==================
sensitivity_valid_toys     = 10000
sensitivity_BR50           = 0.00105
sensitivity_Nsig50_nom     = 1.793724999
sensitivity_BR16           = 0.0006
sensitivity_BR84           = 0.0012
sensitivity_BR05           = 0.0006
sensitivity_BR95           = 0.0012
sensitivity_seconds_total  = 3947.049997
===============================================
=============== Sensitivity Toys ==============
# toy_index  BR90
0 0
1 0
2 0
3 0
4 0
5 0
6 0
7 0
8 0
9 0
10 0
11 0
12 0
13 5e-05
14 5e-05
15 5e-05
16 5e-05
17 5e-05
18 5e-05
19 5e-05
20 5e-05
21 5e-05
22 5e-05
23 5e-05
24 5e-05
25 5e-05
26 5e-05
27 5e-05
28 5e-05
29 5e-05
30 5e-05
31 5e-05
32 5e-05
33 5e-05
34 5e-05
35 5e-05
36 5e-05
37 5e-05
38 5e-05
39 5e-05
40 5e-05
41 5e-05
42 5e-05
43 5e-05
44 5e-05
45 5e-05
46 5e-05
47 5e-05
48 5e-05
49 5e-05
50 5e-05
51 5e-05
52 5e-05
53 5e-05
54 5e-05
55 5e-05
56 5e-05
57 5e-05
58 5e-05
59 5e-05
60 5e-05
61 5e-05
62 5e-05
63 5e-05
64 5e-05
65 5e-05
66 5e-05
67 0.0001
68 0.0001
69 0.0001
70 0.0001
71 0.0001
72 0.0001
73 0.0001
74 0.0001
75 0.0001
76 0.0001
77 0.0001
78 0.0001
79 0.0002
80 0.0003
81 0.0003
82 0.0003
83 0.0003
84 0.0003
85 0.0003
86 0.0003
87 0.00035
88 0.00035
89 0.00035
90 0.00035
91 0.00035
92 0.00035
93 0.0004
94 0.0004
95 0.0004
96 0.00045
97 0.0005
98 0.00055
99 0.00055
100 0.00055
101 0.00055
102 0.00055
103 0.00055
104 0.00055
105 0.00055
106 0.00055
107 0.00055
108 0.00055
109 0.00055
110 0.00055
111 0.00055
112 0.0006
113 0.0006
114 0.0006
115 0.0006
116 0.0006
117 0.0006
118 0.0006
119 0.0006
120 0.0006
121 0.0006
122 0.0006
123 0.0006
124 0.0006
125 0.0006
126 0.0006
127 0.0006
128 0.0006
129 0.0006
130 0.0006
131 0.0006
132 0.0006
133 0.0006
134 0.0006
135 0.0006
136 0.0006
137 0.0006
138 0.0006
139 0.0006
140 0.0006
141 0.0006
142 0.0006
143 0.0006
144 0.0006
145 0.0006
146 0.0006
147 0.0006
148 0.0006
149 0.0006
150 0.0006
151 0.0006
152 0.0006
153 0.0006
154 0.0006
155 0.0006
156 0.0006
157 0.0006
158 0.0006
159 0.0006
160 0.0006
161 0.0006
162 0.0006
163 0.0006
164 0.0006
165 0.0006
166 0.0006
167 0.0006
168 0.0006
169 0.0006
170 0.0006
171 0.0006
172 0.0006
173 0.0006
174 0.0006
175 0.0006
176 0.0006
177 0.0006
178 0.0006
179 0.0006
180 0.0006
181 0.0006
182 0.0006
183 0.0006
184 0.0006
185 0.0006
186 0.0006
187 0.0006
188 0.0006
189 0.0006
190 0.0006
191 0.0006
192 0.0006
193 0.0006
194 0.0006
195 0.0006
196 0.0006
197 0.0006
198 0.0006
199 0.0006
200 0.0006
201 0.0006
202 0.0006
203 0.0006
204 0.0006
205 0.0006
206 0.0006
207 0.0006
208 0.0006
209 0.0006
210 0.0006
211 0.0006
212 0.0006
213 0.0006
214 0.0006
215 0.0006
216 0.0006
217 0.0006
218 0.0006
219 0.0006
220 0.0006
221 0.0006
222 0.0006
223 0.0006
224 0.0006
225 0.0006
226 0.0006
227 0.0006
228 0.0006
229 0.0006
230 0.0006
231 0.0006
232 0.0006
233 0.0006
234 0.0006
235 0.0006
236 0.0006
237 0.0006
238 0.0006
239 0.0006
240 0.0006
241 0.0006
242 0.0006
243 0.0006
244 0.0006
245 0.0006
246 0.0006
247 0.0006
248 0.0006
249 0.0006
250 0.0006
251 0.0006
252 0.0006
253 0.0006
254 0.0006
255 0.0006
256 0.0006
257 0.0006
258 0.0006
259 0.0006
260 0.0006
261 0.0006
262 0.0006
263 0.0006
264 0.0006
265 0.0006
266 0.0006
267 0.0006
268 0.0006
269 0.0006
270 0.0006
271 0.0006
272 0.0006
273 0.0006
274 0.0006
275 0.0006
276 0.0006
277 0.0006
278 0.0006
279 0.0006
280 0.0006
281 0.0006
282 0.0006
283 0.0006
284 0.0006
285 0.0006
286 0.0006
287 0.0006
288 0.0006
289 0.0006
290 0.0006
291 0.0006
292 0.0006
293 0.0006
294 0.0006
295 0.0006
296 0.0006
297 0.0006
298 0.0006
299 0.0006
300 0.0006
301 0.0006
302 0.0006
303 0.0006
304 0.0006
305 0.0006
306 0.0006
307 0.0006
308 0.0006
309 0.0006
310 0.0006
311 0.0006
312 0.0006
313 0.0006
314 0.0006
315 0.0006
316 0.0006
317 0.0006
318 0.0006
319 0.0006
320 0.0006
321 0.0006
322 0.0006
323 0.0006
324 0.0006
325 0.0006
326 0.0006
327 0.0006
328 0.0006
329 0.0006
330 0.0006
331 0.0006
332 0.0006
333 0.0006
334 0.0006
335 0.0006
336 0.0006
337 0.0006
338 0.0006
339 0.0006
340 0.0006
341 0.0006
342 0.0006
343 0.0006
344 0.0006
345 0.0006
346 0.0006
347 0.0006
348 0.0006
349 0.0006
350 0.0006
351 0.0006
352 0.0006
353 0.0006
354 0.0006
355 0.0006
356 0.0006
357 0.0006
358 0.0006
359 0.0006
360 0.0006
361 0.0006
362 0.0006
363 0.0006
364 0.0006
365 0.0006
366 0.0006
367 0.0006
368 0.0006
369 0.0006
370 0.0006
371 0.0006
372 0.0006
373 0.0006
374 0.0006
375 0.0006
376 0.0006
377 0.0006
378 0.0006
379 0.0006
380 0.0006
381 0.0006
382 0.0006
383 0.0006
384 0.0006
385 0.0006
386 0.0006
387 0.0006
388 0.0006
389 0.0006
390 0.0006
391 0.0006
392 0.0006
393 0.0006
394 0.0006
395 0.0006
396 0.0006
397 0.0006
398 0.0006
399 0.0006
400 0.0006
401 0.0006
402 0.0006
403 0.0006
404 0.0006
405 0.0006
406 0.0006
407 0.0006
408 0.0006
409 0.0006
410 0.0006
411 0.0006
412 0.0006
413 0.0006
414 0.0006
415 0.0006
416 0.0006
417 0.0006
418 0.0006
419 0.0006
420 0.0006
421 0.0006
422 0.0006
423 0.0006
424 0.0006
425 0.0006
426 0.0006
427 0.0006
428 0.0006
429 0.0006
430 0.0006
431 0.0006
432 0.0006
433 0.0006
434 0.0006
435 0.0006
436 0.0006
437 0.0006
438 0.0006
439 0.0006
440 0.0006
441 0.0006
442 0.0006
443 0.0006
444 0.0006
445 0.0006
446 0.0006
447 0.0006
448 0.0006
449 0.0006
450 0.0006
451 0.0006
452 0.0006
453 0.0006
454 0.0006
455 0.0006
456 0.0006
457 0.0006
458 0.0006
459 0.0006
460 0.0006
461 0.0006
462 0.0006
463 0.0006
464 0.0006
465 0.0006
466 0.0006
467 0.0006
468 0.0006
469 0.0006
470 0.0006
471 0.0006
472 0.0006
473 0.0006
474 0.0006
475 0.0006
476 0.0006
477 0.0006
478 0.0006
479 0.0006
480 0.0006
481 0.0006
482 0.0006
483 0.0006
484 0.0006
485 0.0006
486 0.0006
487 0.0006
488 0.0006
489 0.0006
490 0.0006
491 0.0006
492 0.0006
493 0.0006
494 0.0006
495 0.0006
496 0.0006
497 0.0006
498 0.0006
499 0.0006
500 0.0006
501 0.0006
502 0.0006
503 0.0006
504 0.0006
505 0.0006
506 0.0006
507 0.0006
508 0.0006
509 0.0006
510 0.0006
511 0.0006
512 0.0006
513 0.0006
514 0.0006
515 0.0006
516 0.0006
517 0.0006
518 0.0006
519 0.0006
520 0.0006
521 0.0006
522 0.0006
523 0.0006
524 0.0006
525 0.0006
526 0.0006
527 0.0006
528 0.0006
529 0.0006
530 0.0006
531 0.0006
532 0.0006
533 0.0006
534 0.0006
535 0.0006
536 0.0006
537 0.0006
538 0.0006
539 0.0006
540 0.0006
541 0.0006
542 0.0006
543 0.0006
544 0.0006
545 0.0006
546 0.0006
547 0.0006
548 0.0006
549 0.0006
550 0.0006
551 0.0006
552 0.0006
553 0.0006
554 0.0006
555 0.0006
556 0.0006
557 0.0006
558 0.0006
559 0.0006
560 0.0006
561 0.0006
562 0.0006
563 0.0006
564 0.0006
565 0.0006
566 0.0006
567 0.0006
568 0.0006
569 0.0006
570 0.0006
571 0.0006
572 0.0006
573 0.0006
574 0.0006
575 0.0006
576 0.0006
577 0.0006
578 0.0006
579 0.0006
580 0.0006
581 0.0006
582 0.0006
583 0.0006
584 0.0006
585 0.0006
586 0.0006
587 0.0006
588 0.0006
589 0.0006
590 0.0006
591 0.0006
592 0.0006
593 0.0006
594 0.0006
595 0.0006
596 0.0006
597 0.0006
598 0.0006
599 0.0006
600 0.0006
601 0.0006
602 0.0006
603 0.0006
604 0.0006
605 0.0006
606 0.0006
607 0.0006
608 0.0006
609 0.0006
610 0.0006
611 0.0006
612 0.0006
613 0.0006
614 0.0006
615 0.0006
616 0.0006
617 0.0006
618 0.0006
619 0.0006
620 0.0006
621 0.0006
622 0.0006
623 0.0006
624 0.0006
625 0.0006
626 0.0006
627 0.0006
628 0.0006
629 0.0006
630 0.0006
631 0.0006
632 0.0006
633 0.0006
634 0.0006
635 0.0006
636 0.0006
637 0.0006
638 0.0006
639 0.0006
640 0.0006
641 0.0006
642 0.0006
643 0.0006
644 0.0006
645 0.0006
646 0.0006
647 0.0006
648 0.0006
649 0.0006
650 0.0006
651 0.0006
652 0.0006
653 0.0006
654 0.0006
655 0.0006
656 0.0006
657 0.0006
658 0.0006
659 0.0006
660 0.0006
661 0.0006
662 0.0006
663 0.0006
664 0.0006
665 0.0006
666 0.0006
667 0.0006
668 0.0006
669 0.0006
670 0.0006
671 0.0006
672 0.0006
673 0.0006
674 0.0006
675 0.0006
676 0.0006
677 0.0006
678 0.0006
679 0.0006
680 0.0006
681 0.0006
682 0.0006
683 0.0006
684 0.0006
685 0.0006
686 0.0006
687 0.0006
688 0.0006
689 0.0006
690 0.0006
691 0.0006
692 0.0006
693 0.0006
694 0.0006
695 0.0006
696 0.0006
697 0.0006
698 0.0006
699 0.0006
700 0.0006
701 0.0006
702 0.0006
703 0.0006
704 0.0006
705 0.0006
706 0.0006
707 0.0006
708 0.0006
709 0.0006
710 0.0006
711 0.0006
712 0.0006
713 0.0006
714 0.0006
715 0.0006
716 0.0006
717 0.0006
718 0.0006
719 0.0006
720 0.0006
721 0.0006
722 0.0006
723 0.0006
724 0.0006
725 0.0006
726 0.0006
727 0.0006
728 0.0006
729 0.0006
730 0.0006
731 0.0006
732 0.0006
733 0.0006
734 0.0006
735 0.0006
736 0.0006
737 0.0006
738 0.0006
739 0.0006
740 0.0006
741 0.0006
742 0.0006
743 0.0006
744 0.0006
745 0.0006
746 0.0006
747 0.0006
748 0.0006
749 0.0006
750 0.0006
751 0.0006
752 0.0006
753 0.0006
754 0.0006
755 0.0006
756 0.0006
757 0.0006
758 0.0006
759 0.0006
760 0.0006
761 0.0006
762 0.0006
763 0.0006
764 0.0006
765 0.0006
766 0.0006
767 0.0006
768 0.0006
769 0.0006
770 0.0006
771 0.0006
772 0.0006
773 0.0006
774 0.0006
775 0.0006
776 0.0006
777 0.0006
778 0.0006
779 0.0006
780 0.0006
781 0.0006
782 0.0006
783 0.0006
784 0.0006
785 0.0006
786 0.0006
787 0.0006
788 0.0006
789 0.0006
790 0.0006
791 0.0006
792 0.0006
793 0.0006
794 0.0006
795 0.0006
796 0.0006
797 0.0006
798 0.0006
799 0.0006
800 0.0006
801 0.0006
802 0.0006
803 0.0006
804 0.0006
805 0.0006
806 0.0006
807 0.0006
808 0.0006
809 0.0006
810 0.0006
811 0.0006
812 0.0006
813 0.0006
814 0.0006
815 0.0006
816 0.0006
817 0.0006
818 0.0006
819 0.0006
820 0.0006
821 0.0006
822 0.0006
823 0.0006
824 0.0006
825 0.0006
826 0.0006
827 0.0006
828 0.0006
829 0.0006
830 0.0006
831 0.0006
832 0.0006
833 0.0006
834 0.0006
835 0.0006
836 0.0006
837 0.0006
838 0.0006
839 0.0006
840 0.0006
841 0.0006
842 0.0006
843 0.0006
844 0.0006
845 0.0006
846 0.0006
847 0.0006
848 0.0006
849 0.0006
850 0.0006
851 0.0006
852 0.0006
853 0.0006
854 0.0006
855 0.0006
856 0.0006
857 0.0006
858 0.0006
859 0.0006
860 0.0006
861 0.0006
862 0.0006
863 0.0006
864 0.0006
865 0.0006
866 0.0006
867 0.0006
868 0.0006
869 0.0006
870 0.0006
871 0.0006
872 0.0006
873 0.0006
874 0.0006
875 0.0006
876 0.0006
877 0.0006
878 0.0006
879 0.0006
880 0.0006
881 0.0006
882 0.0006
883 0.0006
884 0.0006
885 0.0006
886 0.0006
887 0.0006
888 0.0006
889 0.0006
890 0.0006
891 0.0006
892 0.0006
893 0.0006
894 0.0006
895 0.0006
896 0.0006
897 0.0006
898 0.0006
899 0.0006
900 0.0006
901 0.0006
902 0.0006
903 0.0006
904 0.0006
905 0.0006
906 0.0006
907 0.0006
908 0.0006
909 0.0006
910 0.0006
911 0.0006
912 0.0006
913 0.0006
914 0.0006
915 0.0006
916 0.0006
917 0.0006
918 0.0006
919 0.0006
920 0.0006
921 0.0006
922 0.0006
923 0.0006
924 0.0006
925 0.0006
926 0.0006
927 0.0006
928 0.0006
929 0.0006
930 0.0006
931 0.0006
932 0.0006
933 0.0006
934 0.0006
935 0.0006
936 0.0006
937 0.0006
938 0.0006
939 0.0006
940 0.0006
941 0.0006
942 0.0006
943 0.0006
944 0.0006
945 0.0006
946 0.0006
947 0.0006
948 0.0006
949 0.0006
950 0.0006
951 0.0006
952 0.0006
953 0.0006
954 0.0006
955 0.0006
956 0.0006
957 0.0006
958 0.0006
959 0.0006
960 0.0006
961 0.0006
962 0.0006
963 0.0006
964 0.0006
965 0.0006
966 0.0006
967 0.0006
968 0.0006
969 0.0006
970 0.0006
971 0.0006
972 0.0006
973 0.0006
974 0.0006
975 0.0006
976 0.0006
977 0.0006
978 0.0006
979 0.0006
980 0.0006
981 0.0006
982 0.0006
983 0.0006
984 0.0006
985 0.0006
986 0.0006
987 0.0006
988 0.0006
989 0.0006
990 0.0006
991 0.0006
992 0.0006
993 0.0006
994 0.0006
995 0.0006
996 0.0006
997 0.0006
998 0.0006
999 0.0006
1000 0.0006
1001 0.0006
1002 0.0006
1003 0.0006
1004 0.0006
1005 0.0006
1006 0.0006
1007 0.0006
1008 0.0006
1009 0.0006
1010 0.0006
1011 0.0006
1012 0.0006
1013 0.0006
1014 0.0006
1015 0.0006
1016 0.0006
1017 0.0006
1018 0.0006
1019 0.0006
1020 0.0006
1021 0.0006
1022 0.0006
1023 0.0006
1024 0.0006
1025 0.0006
1026 0.0006
1027 0.0006
1028 0.0006
1029 0.0006
1030 0.0006
1031 0.0006
1032 0.0006
1033 0.0006
1034 0.0006
1035 0.0006
1036 0.0006
1037 0.0006
1038 0.0006
1039 0.0006
1040 0.0006
1041 0.0006
1042 0.0006
1043 0.0006
1044 0.0006
1045 0.0006
1046 0.0006
1047 0.0006
1048 0.0006
1049 0.0006
1050 0.0006
1051 0.0006
1052 0.0006
1053 0.0006
1054 0.0006
1055 0.0006
1056 0.0006
1057 0.0006
1058 0.0006
1059 0.0006
1060 0.0006
1061 0.0006
1062 0.0006
1063 0.0006
1064 0.0006
1065 0.0006
1066 0.0006
1067 0.0006
1068 0.0006
1069 0.0006
1070 0.0006
1071 0.0006
1072 0.0006
1073 0.0006
1074 0.0006
1075 0.0006
1076 0.0006
1077 0.0006
1078 0.0006
1079 0.0006
1080 0.0006
1081 0.0006
1082 0.0006
1083 0.0006
1084 0.0006
1085 0.0006
1086 0.0006
1087 0.0006
1088 0.0006
1089 0.0006
1090 0.0006
1091 0.0006
1092 0.0006
1093 0.0006
1094 0.0006
1095 0.0006
1096 0.0006
1097 0.0006
1098 0.0006
1099 0.0006
1100 0.0006
1101 0.0006
1102 0.0006
1103 0.0006
1104 0.0006
1105 0.0006
1106 0.0006
1107 0.0006
1108 0.0006
1109 0.0006
1110 0.0006
1111 0.0006
1112 0.0006
1113 0.0006
1114 0.0006
1115 0.0006
1116 0.0006
1117 0.0006
1118 0.0006
1119 0.0006
1120 0.0006
1121 0.0006
1122 0.0006
1123 0.0006
1124 0.0006
1125 0.0006
1126 0.0006
1127 0.0006
1128 0.0006
1129 0.0006
1130 0.0006
1131 0.0006
1132 0.0006
1133 0.0006
1134 0.0006
1135 0.0006
1136 0.0006
1137 0.0006
1138 0.0006
1139 0.0006
1140 0.0006
1141 0.0006
1142 0.0006
1143 0.0006
1144 0.0006
1145 0.0006
1146 0.0006
1147 0.0006
1148 0.0006
1149 0.0006
1150 0.0006
1151 0.0006
1152 0.0006
1153 0.0006
1154 0.0006
1155 0.0006
1156 0.0006
1157 0.0006
1158 0.0006
1159 0.0006
1160 0.0006
1161 0.0006
1162 0.0006
1163 0.0006
1164 0.0006
1165 0.0006
1166 0.0006
1167 0.0006
1168 0.0006
1169 0.0006
1170 0.0006
1171 0.0006
1172 0.0006
1173 0.0006
1174 0.0006
1175 0.0006
1176 0.0006
1177 0.0006
1178 0.0006
1179 0.0006
1180 0.0006
1181 0.0006
1182 0.0006
1183 0.0006
1184 0.0006
1185 0.0006
1186 0.0006
1187 0.0006
1188 0.0006
1189 0.0006
1190 0.0006
1191 0.0006
1192 0.0006
1193 0.0006
1194 0.0006
1195 0.0006
1196 0.0006
1197 0.0006
1198 0.0006
1199 0.0006
1200 0.0006
1201 0.0006
1202 0.0006
1203 0.0006
1204 0.0006
1205 0.0006
1206 0.0006
1207 0.0006
1208 0.0006
1209 0.0006
1210 0.0006
1211 0.0006
1212 0.0006
1213 0.0006
1214 0.0006
1215 0.0006
1216 0.0006
1217 0.0006
1218 0.0006
1219 0.0006
1220 0.0006
1221 0.0006
1222 0.0006
1223 0.0006
1224 0.0006
1225 0.0006
1226 0.0006
1227 0.0006
1228 0.0006
1229 0.0006
1230 0.0006
1231 0.0006
1232 0.0006
1233 0.0006
1234 0.0006
1235 0.0006
1236 0.0006
1237 0.0006
1238 0.0006
1239 0.0006
1240 0.0006
1241 0.0006
1242 0.0006
1243 0.0006
1244 0.0006
1245 0.0006
1246 0.0006
1247 0.0006
1248 0.0006
1249 0.0006
1250 0.0006
1251 0.0006
1252 0.0006
1253 0.0006
1254 0.0006
1255 0.0006
1256 0.0006
1257 0.0006
1258 0.0006
1259 0.0006
1260 0.0006
1261 0.0006
1262 0.0006
1263 0.0006
1264 0.0006
1265 0.0006
1266 0.0006
1267 0.0006
1268 0.0006
1269 0.0006
1270 0.0006
1271 0.0006
1272 0.0006
1273 0.0006
1274 0.0006
1275 0.0006
1276 0.0006
1277 0.0006
1278 0.0006
1279 0.0006
1280 0.0006
1281 0.0006
1282 0.0006
1283 0.0006
1284 0.0006
1285 0.0006
1286 0.0006
1287 0.0006
1288 0.0006
1289 0.0006
1290 0.0006
1291 0.0006
1292 0.0006
1293 0.0006
1294 0.0006
1295 0.0006
1296 0.0006
1297 0.0006
1298 0.0006
1299 0.0006
1300 0.0006
1301 0.0006
1302 0.0006
1303 0.0006
1304 0.0006
1305 0.0006
1306 0.0006
1307 0.0006
1308 0.0006
1309 0.0006
1310 0.0006
1311 0.0006
1312 0.0006
1313 0.0006
1314 0.0006
1315 0.0006
1316 0.0006
1317 0.0006
1318 0.0006
1319 0.0006
1320 0.0006
1321 0.0006
1322 0.0006
1323 0.0006
1324 0.0006
1325 0.0006
1326 0.0006
1327 0.0006
1328 0.0006
1329 0.0006
1330 0.0006
1331 0.0006
1332 0.0006
1333 0.0006
1334 0.0006
1335 0.0006
1336 0.0006
1337 0.0006
1338 0.0006
1339 0.0006
1340 0.0006
1341 0.0006
1342 0.0006
1343 0.0006
1344 0.0006
1345 0.0006
1346 0.0006
1347 0.0006
1348 0.0006
1349 0.0006
1350 0.0006
1351 0.0006
1352 0.0006
1353 0.0006
1354 0.0006
1355 0.0006
1356 0.0006
1357 0.0006
1358 0.0006
1359 0.0006
1360 0.0006
1361 0.0006
1362 0.0006
1363 0.0006
1364 0.0006
1365 0.0006
1366 0.0006
1367 0.0006
1368 0.0006
1369 0.0006
1370 0.0006
1371 0.0006
1372 0.0006
1373 0.0006
1374 0.0006
1375 0.0006
1376 0.0006
1377 0.0006
1378 0.0006
1379 0.0006
1380 0.0006
1381 0.0006
1382 0.0006
1383 0.0006
1384 0.0006
1385 0.0006
1386 0.0006
1387 0.0006
1388 0.0006
1389 0.0006
1390 0.0006
1391 0.0006
1392 0.0006
1393 0.0006
1394 0.0006
1395 0.0006
1396 0.0006
1397 0.0006
1398 0.0006
1399 0.0006
1400 0.0006
1401 0.0006
1402 0.0006
1403 0.0006
1404 0.0006
1405 0.0006
1406 0.0006
1407 0.0006
1408 0.0006
1409 0.0006
1410 0.0006
1411 0.0006
1412 0.0006
1413 0.0006
1414 0.0006
1415 0.0006
1416 0.0006
1417 0.0006
1418 0.0006
1419 0.0006
1420 0.0006
1421 0.0006
1422 0.0006
1423 0.0006
1424 0.0006
1425 0.0006
1426 0.0006
1427 0.0006
1428 0.0006
1429 0.0006
1430 0.0006
1431 0.0006
1432 0.0006
1433 0.0006
1434 0.0006
1435 0.0006
1436 0.0006
1437 0.0006
1438 0.0006
1439 0.0006
1440 0.0006
1441 0.0006
1442 0.0006
1443 0.0006
1444 0.0006
1445 0.0006
1446 0.0006
1447 0.0006
1448 0.0006
1449 0.0006
1450 0.0006
1451 0.0006
1452 0.0006
1453 0.0006
1454 0.0006
1455 0.0006
1456 0.0006
1457 0.0006
1458 0.0006
1459 0.0006
1460 0.0006
1461 0.0006
1462 0.0006
1463 0.0006
1464 0.0006
1465 0.0006
1466 0.0006
1467 0.0006
1468 0.0006
1469 0.0006
1470 0.0006
1471 0.0006
1472 0.0006
1473 0.0006
1474 0.0006
1475 0.0006
1476 0.0006
1477 0.0006
1478 0.0006
1479 0.0006
1480 0.0006
1481 0.0006
1482 0.0006
1483 0.0006
1484 0.0006
1485 0.0006
1486 0.0006
1487 0.0006
1488 0.0006
1489 0.0006
1490 0.0006
1491 0.0006
1492 0.0006
1493 0.0006
1494 0.0006
1495 0.0006
1496 0.0006
1497 0.0006
1498 0.0006
1499 0.0006
1500 0.0006
1501 0.0006
1502 0.0006
1503 0.0006
1504 0.0006
1505 0.0006
1506 0.0006
1507 0.0006
1508 0.0006
1509 0.0006
1510 0.0006
1511 0.0006
1512 0.0006
1513 0.0006
1514 0.0006
1515 0.0006
1516 0.0006
1517 0.0006
1518 0.0006
1519 0.0006
1520 0.0006
1521 0.0006
1522 0.0006
1523 0.0006
1524 0.0006
1525 0.0006
1526 0.0006
1527 0.0006
1528 0.0006
1529 0.0006
1530 0.0006
1531 0.0006
1532 0.0006
1533 0.0006
1534 0.0006
1535 0.0006
1536 0.0006
1537 0.0006
1538 0.0006
1539 0.0006
1540 0.0006
1541 0.0006
1542 0.0006
1543 0.0006
1544 0.0006
1545 0.0006
1546 0.0006
1547 0.0006
1548 0.0006
1549 0.0006
1550 0.0006
1551 0.0006
1552 0.0006
1553 0.0006
1554 0.0006
1555 0.0006
1556 0.0006
1557 0.0006
1558 0.0006
1559 0.0006
1560 0.0006
1561 0.0006
1562 0.0006
1563 0.0006
1564 0.0006
1565 0.0006
1566 0.0006
1567 0.0006
1568 0.0006
1569 0.0006
1570 0.0006
1571 0.0006
1572 0.0006
1573 0.0006
1574 0.0006
1575 0.0006
1576 0.0006
1577 0.0006
1578 0.0006
1579 0.0006
1580 0.0006
1581 0.0006
1582 0.0006
1583 0.0006
1584 0.0006
1585 0.0006
1586 0.0006
1587 0.0006
1588 0.0006
1589 0.0006
1590 0.0006
1591 0.0006
1592 0.0006
1593 0.0006
1594 0.0006
1595 0.0006
1596 0.0006
1597 0.0006
1598 0.0006
1599 0.0006
1600 0.0006
1601 0.0006
1602 0.0006
1603 0.0006
1604 0.0006
1605 0.0006
1606 0.0006
1607 0.0006
1608 0.0006
1609 0.0006
1610 0.0006
1611 0.0006
1612 0.0006
1613 0.0006
1614 0.0006
1615 0.0006
1616 0.0006
1617 0.0006
1618 0.0006
1619 0.0006
1620 0.0006
1621 0.0006
1622 0.0006
1623 0.0006
1624 0.0006
1625 0.0006
1626 0.0006
1627 0.0006
1628 0.0006
1629 0.0006
1630 0.0006
1631 0.0006
1632 0.0006
1633 0.0006
1634 0.0006
1635 0.0006
1636 0.0006
1637 0.0006
1638 0.0006
1639 0.0006
1640 0.0006
1641 0.0006
1642 0.0006
1643 0.0006
1644 0.0006
1645 0.0006
1646 0.0006
1647 0.0006
1648 0.0006
1649 0.0006
1650 0.0006
1651 0.0006
1652 0.0006
1653 0.0006
1654 0.0006
1655 0.0006
1656 0.0006
1657 0.0006
1658 0.0006
1659 0.0006
1660 0.0006
1661 0.0006
1662 0.0006
1663 0.0006
1664 0.0006
1665 0.0006
1666 0.0006
1667 0.0006
1668 0.0006
1669 0.0006
1670 0.0006
1671 0.0006
1672 0.0006
1673 0.0006
1674 0.0006
1675 0.0006
1676 0.0006
1677 0.0006
1678 0.0006
1679 0.0006
1680 0.0006
1681 0.0006
1682 0.0006
1683 0.0006
1684 0.0006
1685 0.0006
1686 0.00065
1687 0.00065
1688 0.00065
1689 0.00065
1690 0.00065
1691 0.00065
1692 0.00065
1693 0.00065
1694 0.00065
1695 0.00065
1696 0.00065
1697 0.00065
1698 0.00065
1699 0.00065
1700 0.00065
1701 0.00065
1702 0.00065
1703 0.00065
1704 0.00065
1705 0.00065
1706 0.00065
1707 0.00065
1708 0.00065
1709 0.00065
1710 0.00065
1711 0.00065
1712 0.00065
1713 0.00065
1714 0.00065
1715 0.00065
1716 0.00065
1717 0.00065
1718 0.00065
1719 0.00065
1720 0.00065
1721 0.00065
1722 0.00065
1723 0.00065
1724 0.00065
1725 0.00065
1726 0.00065
1727 0.00065
1728 0.00065
1729 0.00065
1730 0.00065
1731 0.00065
1732 0.00065
1733 0.00065
1734 0.00065
1735 0.00065
1736 0.00065
1737 0.00065
1738 0.00065
1739 0.00065
1740 0.00065
1741 0.00065
1742 0.00065
1743 0.00065
1744 0.00065
1745 0.00065
1746 0.00065
1747 0.00065
1748 0.00065
1749 0.00065
1750 0.00065
1751 0.00065
1752 0.00065
1753 0.00065
1754 0.00065
1755 0.00065
1756 0.00065
1757 0.00065
1758 0.00065
1759 0.00065
1760 0.00065
1761 0.00065
1762 0.00065
1763 0.00065
1764 0.00065
1765 0.00065
1766 0.00065
1767 0.00065
1768 0.00065
1769 0.00065
1770 0.00065
1771 0.00065
1772 0.00065
1773 0.00065
1774 0.00065
1775 0.00065
1776 0.00065
1777 0.00065
1778 0.00065
1779 0.00065
1780 0.00065
1781 0.00065
1782 0.00065
1783 0.00065
1784 0.00065
1785 0.00065
1786 0.00065
1787 0.00065
1788 0.00065
1789 0.00065
1790 0.00065
1791 0.00065
1792 0.00065
1793 0.00065
1794 0.00065
1795 0.00065
1796 0.00065
1797 0.00065
1798 0.00065
1799 0.00065
1800 0.00065
1801 0.00065
1802 0.00065
1803 0.00065
1804 0.00065
1805 0.00065
1806 0.00065
1807 0.00065
1808 0.00065
1809 0.00065
1810 0.00065
1811 0.00065
1812 0.00065
1813 0.00065
1814 0.00065
1815 0.00065
1816 0.00065
1817 0.00065
1818 0.00065
1819 0.00065
1820 0.00065
1821 0.00065
1822 0.00065
1823 0.00065
1824 0.00065
1825 0.00065
1826 0.00065
1827 0.00065
1828 0.00065
1829 0.00065
1830 0.00065
1831 0.00065
1832 0.00065
1833 0.00065
1834 0.00065
1835 0.00065
1836 0.00065
1837 0.00065
1838 0.00065
1839 0.00065
1840 0.00065
1841 0.00065
1842 0.00065
1843 0.00065
1844 0.00065
1845 0.00065
1846 0.00065
1847 0.00065
1848 0.00065
1849 0.00065
1850 0.00065
1851 0.00065
1852 0.00065
1853 0.00065
1854 0.00065
1855 0.00065
1856 0.00065
1857 0.00065
1858 0.00065
1859 0.00065
1860 0.00065
1861 0.00065
1862 0.00065
1863 0.00065
1864 0.00065
1865 0.00065
1866 0.00065
1867 0.00065
1868 0.00065
1869 0.00065
1870 0.00065
1871 0.00065
1872 0.00065
1873 0.00065
1874 0.00065
1875 0.00065
1876 0.00065
1877 0.00065
1878 0.00065
1879 0.00065
1880 0.00065
1881 0.00065
1882 0.00065
1883 0.00065
1884 0.00065
1885 0.00065
1886 0.00065
1887 0.00065
1888 0.00065
1889 0.00065
1890 0.00065
1891 0.00065
1892 0.00065
1893 0.00065
1894 0.00065
1895 0.00065
1896 0.00065
1897 0.00065
1898 0.00065
1899 0.00065
1900 0.00065
1901 0.00065
1902 0.00065
1903 0.0007
1904 0.0007
1905 0.0007
1906 0.0007
1907 0.0007
1908 0.0007
1909 0.0007
1910 0.0007
1911 0.0007
1912 0.0007
1913 0.0007
1914 0.0007
1915 0.0007
1916 0.0007
1917 0.0007
1918 0.0007
1919 0.0007
1920 0.0007
1921 0.0007
1922 0.0007
1923 0.0007
1924 0.0007
1925 0.0007
1926 0.0007
1927 0.0007
1928 0.0007
1929 0.0007
1930 0.0007
1931 0.0007
1932 0.0007
1933 0.0007
1934 0.0007
1935 0.0007
1936 0.0007
1937 0.0007
1938 0.0007
1939 0.0007
1940 0.0007
1941 0.0007
1942 0.0007
1943 0.0007
1944 0.0007
1945 0.0007
1946 0.0007
1947 0.0007
1948 0.0007
1949 0.0007
1950 0.0007
1951 0.0007
1952 0.0007
1953 0.0007
1954 0.0007
1955 0.0007
1956 0.0007
1957 0.0007
1958 0.0007
1959 0.0007
1960 0.0007
1961 0.0007
1962 0.0007
1963 0.0007
1964 0.0007
1965 0.0007
1966 0.0007
1967 0.0007
1968 0.0007
1969 0.0007
1970 0.0007
1971 0.0007
1972 0.0007
1973 0.0007
1974 0.0007
1975 0.0007
1976 0.0007
1977 0.0007
1978 0.0007
1979 0.0007
1980 0.0007
1981 0.0007
1982 0.0007
1983 0.0007
1984 0.0007
1985 0.0007
1986 0.0007
1987 0.0007
1988 0.0007
1989 0.0007
1990 0.0007
1991 0.0007
1992 0.0007
1993 0.0007
1994 0.0007
1995 0.0007
1996 0.0007
1997 0.0007
1998 0.0007
1999 0.0007
2000 0.0007
2001 0.0007
2002 0.0007
2003 0.0007
2004 0.0007
2005 0.0007
2006 0.0007
2007 0.0007
2008 0.0007
2009 0.0007
2010 0.0007
2011 0.0007
2012 0.0007
2013 0.0007
2014 0.0007
2015 0.0007
2016 0.0007
2017 0.0007
2018 0.0007
2019 0.0007
2020 0.0007
2021 0.0007
2022 0.0007
2023 0.0007
2024 0.0007
2025 0.0007
2026 0.0007
2027 0.0007
2028 0.0007
2029 0.0007
2030 0.0007
2031 0.0007
2032 0.0007
2033 0.0007
2034 0.0007
2035 0.0007
2036 0.0007
2037 0.0007
2038 0.0007
2039 0.0007
2040 0.0007
2041 0.0007
2042 0.0007
2043 0.0007
2044 0.0007
2045 0.0007
2046 0.0007
2047 0.0007
2048 0.0007
2049 0.0007
2050 0.0007
2051 0.0007
2052 0.0007
2053 0.0007
2054 0.0007
2055 0.0007
2056 0.0007
2057 0.0007
2058 0.0007
2059 0.0007
2060 0.0007
2061 0.0007
2062 0.0007
2063 0.0007
2064 0.0007
2065 0.0007
2066 0.0007
2067 0.0007
2068 0.0007
2069 0.0007
2070 0.0007
2071 0.0007
2072 0.0007
2073 0.0007
2074 0.0007
2075 0.0007
2076 0.0007
2077 0.0007
2078 0.0007
2079 0.0007
2080 0.0007
2081 0.0007
2082 0.0007
2083 0.0007
2084 0.0007
2085 0.0007
2086 0.0007
2087 0.0007
2088 0.0007
2089 0.0007
2090 0.0007
2091 0.0007
2092 0.0007
2093 0.0007
2094 0.0007
2095 0.0007
2096 0.0007
2097 0.0007
2098 0.0007
2099 0.0007
2100 0.0007
2101 0.0007
2102 0.0007
2103 0.0007
2104 0.0007
2105 0.0007
2106 0.0007
2107 0.0007
2108 0.0007
2109 0.0007
2110 0.0007
2111 0.0007
2112 0.0007
2113 0.0007
2114 0.0007
2115 0.0007
2116 0.0007
2117 0.0007
2118 0.0007
2119 0.0007
2120 0.0007
2121 0.0007
2122 0.0007
2123 0.0007
2124 0.0007
2125 0.0007
2126 0.0007
2127 0.0007
2128 0.0007
2129 0.0007
2130 0.0007
2131 0.0007
2132 0.0007
2133 0.0007
2134 0.0007
2135 0.0007
2136 0.0007
2137 0.0007
2138 0.0007
2139 0.0007
2140 0.0007
2141 0.0007
2142 0.0007
2143 0.0007
2144 0.0007
2145 0.0007
2146 0.0007
2147 0.0007
2148 0.0007
2149 0.0007
2150 0.0007
2151 0.0007
2152 0.0007
2153 0.0007
2154 0.0007
2155 0.0007
2156 0.0007
2157 0.0007
2158 0.0007
2159 0.0007
2160 0.0007
2161 0.0007
2162 0.0007
2163 0.0007
2164 0.0007
2165 0.0007
2166 0.0007
2167 0.0007
2168 0.0007
2169 0.0007
2170 0.0007
2171 0.0007
2172 0.0007
2173 0.0007
2174 0.0007
2175 0.0007
2176 0.0007
2177 0.0007
2178 0.0007
2179 0.0007
2180 0.0007
2181 0.0007
2182 0.0007
2183 0.0007
2184 0.0007
2185 0.0007
2186 0.0007
2187 0.0007
2188 0.0007
2189 0.0007
2190 0.0007
2191 0.0007
2192 0.0007
2193 0.0007
2194 0.0007
2195 0.0007
2196 0.0007
2197 0.0007
2198 0.0007
2199 0.0007
2200 0.0007
2201 0.0007
2202 0.0007
2203 0.0007
2204 0.0007
2205 0.0007
2206 0.0007
2207 0.00075
2208 0.00075
2209 0.00075
2210 0.00075
2211 0.00075
2212 0.00075
2213 0.00075
2214 0.00075
2215 0.00075
2216 0.00075
2217 0.00075
2218 0.00075
2219 0.00075
2220 0.00075
2221 0.00075
2222 0.00075
2223 0.00075
2224 0.00075
2225 0.00075
2226 0.00075
2227 0.00075
2228 0.00075
2229 0.00075
2230 0.00075
2231 0.00075
2232 0.00075
2233 0.00075
2234 0.00075
2235 0.00075
2236 0.00075
2237 0.00075
2238 0.00075
2239 0.00075
2240 0.00075
2241 0.00075
2242 0.00075
2243 0.00075
2244 0.00075
2245 0.00075
2246 0.00075
2247 0.00075
2248 0.00075
2249 0.00075
2250 0.00075
2251 0.00075
2252 0.00075
2253 0.00075
2254 0.00075
2255 0.00075
2256 0.00075
2257 0.00075
2258 0.00075
2259 0.00075
2260 0.00075
2261 0.00075
2262 0.00075
2263 0.00075
2264 0.00075
2265 0.00075
2266 0.00075
2267 0.00075
2268 0.00075
2269 0.00075
2270 0.00075
2271 0.00075
2272 0.00075
2273 0.00075
2274 0.00075
2275 0.00075
2276 0.00075
2277 0.00075
2278 0.00075
2279 0.00075
2280 0.00075
2281 0.00075
2282 0.00075
2283 0.00075
2284 0.00075
2285 0.00075
2286 0.00075
2287 0.00075
2288 0.00075
2289 0.00075
2290 0.00075
2291 0.00075
2292 0.00075
2293 0.00075
2294 0.00075
2295 0.00075
2296 0.00075
2297 0.00075
2298 0.00075
2299 0.00075
2300 0.00075
2301 0.00075
2302 0.00075
2303 0.00075
2304 0.00075
2305 0.00075
2306 0.00075
2307 0.00075
2308 0.00075
2309 0.00075
2310 0.00075
2311 0.00075
2312 0.00075
2313 0.00075
2314 0.00075
2315 0.00075
2316 0.00075
2317 0.00075
2318 0.00075
2319 0.00075
2320 0.00075
2321 0.00075
2322 0.00075
2323 0.00075
2324 0.0008
2325 0.0008
2326 0.0008
2327 0.0008
2328 0.0008
2329 0.0008
2330 0.0008
2331 0.0008
2332 0.0008
2333 0.0008
2334 0.0008
2335 0.0008
2336 0.0008
2337 0.0008
2338 0.0008
2339 0.0008
2340 0.0008
2341 0.0008
2342 0.0008
2343 0.0008
2344 0.0008
2345 0.0008
2346 0.0008
2347 0.0008
2348 0.0008
2349 0.0008
2350 0.0008
2351 0.0008
2352 0.0008
2353 0.0008
2354 0.0008
2355 0.0008
2356 0.0008
2357 0.0008
2358 0.0008
2359 0.0008
2360 0.0008
2361 0.0008
2362 0.0008
2363 0.0008
2364 0.0008
2365 0.0008
2366 0.0008
2367 0.0008
2368 0.0008
2369 0.0008
2370 0.0008
2371 0.0008
2372 0.0008
2373 0.0008
2374 0.0008
2375 0.0008
2376 0.0008
2377 0.0008
2378 0.0008
2379 0.0008
2380 0.0008
2381 0.0008
2382 0.0008
2383 0.0008
2384 0.0008
2385 0.0008
2386 0.0008
2387 0.0008
2388 0.0008
2389 0.0008
2390 0.0008
2391 0.0008
2392 0.0008
2393 0.0008
2394 0.0008
2395 0.0008
2396 0.0008
2397 0.0008
2398 0.0008
2399 0.0008
2400 0.0008
2401 0.0008
2402 0.0008
2403 0.0008
2404 0.0008
2405 0.0008
2406 0.0008
2407 0.0008
2408 0.0008
2409 0.0008
2410 0.0008
2411 0.0008
2412 0.0008
2413 0.0008
2414 0.0008
2415 0.0008
2416 0.0008
2417 0.0008
2418 0.0008
2419 0.0008
2420 0.0008
2421 0.0008
2422 0.0008
2423 0.0008
2424 0.0008
2425 0.0008
2426 0.0008
2427 0.0008
2428 0.0008
2429 0.0008
2430 0.0008
2431 0.0008
2432 0.0008
2433 0.0008
2434 0.0008
2435 0.0008
2436 0.0008
2437 0.0008
2438 0.0008
2439 0.0008
2440 0.0008
2441 0.00085
2442 0.00085
2443 0.00085
2444 0.00085
2445 0.00085
2446 0.00085
2447 0.00085
2448 0.00085
2449 0.00085
2450 0.00085
2451 0.00085
2452 0.00085
2453 0.00085
2454 0.00085
2455 0.00085
2456 0.00085
2457 0.00085
2458 0.00085
2459 0.00085
2460 0.00085
2461 0.00085
2462 0.00085
2463 0.00085
2464 0.00085
2465 0.00085
2466 0.00085
2467 0.00085
2468 0.00085
2469 0.00085
2470 0.00085
2471 0.00085
2472 0.00085
2473 0.00085
2474 0.00085
2475 0.00085
2476 0.00085
2477 0.00085
2478 0.00085
2479 0.00085
2480 0.00085
2481 0.00085
2482 0.00085
2483 0.00085
2484 0.00085
2485 0.00085
2486 0.00085
2487 0.00085
2488 0.00085
2489 0.00085
2490 0.00085
2491 0.00085
2492 0.00085
2493 0.00085
2494 0.00085
2495 0.00085
2496 0.00085
2497 0.00085
2498 0.00085
2499 0.00085
2500 0.00085
2501 0.00085
2502 0.00085
2503 0.00085
2504 0.00085
2505 0.00085
2506 0.00085
2507 0.00085
2508 0.00085
2509 0.00085
2510 0.00085
2511 0.00085
2512 0.00085
2513 0.00085
2514 0.00085
2515 0.00085
2516 0.00085
2517 0.00085
2518 0.00085
2519 0.00085
2520 0.00085
2521 0.00085
2522 0.00085
2523 0.00085
2524 0.00085
2525 0.00085
2526 0.00085
2527 0.00085
2528 0.00085
2529 0.00085
2530 0.00085
2531 0.00085
2532 0.00085
2533 0.00085
2534 0.00085
2535 0.00085
2536 0.00085
2537 0.00085
2538 0.00085
2539 0.00085
2540 0.00085
2541 0.00085
2542 0.00085
2543 0.00085
2544 0.00085
2545 0.00085
2546 0.00085
2547 0.00085
2548 0.00085
2549 0.00085
2550 0.00085
2551 0.00085
2552 0.00085
2553 0.00085
2554 0.00085
2555 0.00085
2556 0.00085
2557 0.00085
2558 0.00085
2559 0.00085
2560 0.00085
2561 0.00085
2562 0.00085
2563 0.00085
2564 0.00085
2565 0.00085
2566 0.00085
2567 0.00085
2568 0.00085
2569 0.00085
2570 0.00085
2571 0.00085
2572 0.00085
2573 0.00085
2574 0.00085
2575 0.00085
2576 0.00085
2577 0.00085
2578 0.00085
2579 0.00085
2580 0.00085
2581 0.00085
2582 0.00085
2583 0.00085
2584 0.00085
2585 0.00085
2586 0.00085
2587 0.00085
2588 0.00085
2589 0.00085
2590 0.00085
2591 0.00085
2592 0.00085
2593 0.00085
2594 0.00085
2595 0.00085
2596 0.00085
2597 0.00085
2598 0.00085
2599 0.00085
2600 0.00085
2601 0.00085
2602 0.00085
2603 0.00085
2604 0.00085
2605 0.00085
2606 0.00085
2607 0.00085
2608 0.00085
2609 0.00085
2610 0.00085
2611 0.00085
2612 0.00085
2613 0.00085
2614 0.00085
2615 0.00085
2616 0.00085
2617 0.00085
2618 0.00085
2619 0.00085
2620 0.00085
2621 0.00085
2622 0.00085
2623 0.00085
2624 0.00085
2625 0.00085
2626 0.00085
2627 0.00085
2628 0.00085
2629 0.00085
2630 0.00085
2631 0.00085
2632 0.00085
2633 0.00085
2634 0.00085
2635 0.00085
2636 0.00085
2637 0.00085
2638 0.00085
2639 0.00085
2640 0.00085
2641 0.00085
2642 0.00085
2643 0.00085
2644 0.00085
2645 0.00085
2646 0.00085
2647 0.00085
2648 0.00085
2649 0.00085
2650 0.00085
2651 0.00085
2652 0.00085
2653 0.00085
2654 0.00085
2655 0.00085
2656 0.00085
2657 0.00085
2658 0.00085
2659 0.00085
2660 0.00085
2661 0.00085
2662 0.00085
2663 0.00085
2664 0.00085
2665 0.00085
2666 0.00085
2667 0.00085
2668 0.00085
2669 0.00085
2670 0.00085
2671 0.00085
2672 0.00085
2673 0.00085
2674 0.00085
2675 0.00085
2676 0.00085
2677 0.00085
2678 0.00085
2679 0.00085
2680 0.00085
2681 0.00085
2682 0.00085
2683 0.00085
2684 0.00085
2685 0.00085
2686 0.00085
2687 0.00085
2688 0.00085
2689 0.00085
2690 0.00085
2691 0.00085
2692 0.00085
2693 0.00085
2694 0.00085
2695 0.00085
2696 0.00085
2697 0.00085
2698 0.00085
2699 0.00085
2700 0.00085
2701 0.00085
2702 0.00085
2703 0.00085
2704 0.00085
2705 0.00085
2706 0.00085
2707 0.00085
2708 0.00085
2709 0.00085
2710 0.00085
2711 0.00085
2712 0.00085
2713 0.00085
2714 0.00085
2715 0.00085
2716 0.00085
2717 0.00085
2718 0.00085
2719 0.00085
2720 0.00085
2721 0.00085
2722 0.00085
2723 0.00085
2724 0.00085
2725 0.00085
2726 0.00085
2727 0.00085
2728 0.00085
2729 0.00085
2730 0.00085
2731 0.00085
2732 0.00085
2733 0.00085
2734 0.00085
2735 0.00085
2736 0.00085
2737 0.00085
2738 0.00085
2739 0.00085
2740 0.00085
2741 0.00085
2742 0.00085
2743 0.00085
2744 0.00085
2745 0.00085
2746 0.00085
2747 0.00085
2748 0.00085
2749 0.00085
2750 0.00085
2751 0.00085
2752 0.00085
2753 0.00085
2754 0.00085
2755 0.00085
2756 0.00085
2757 0.00085
2758 0.00085
2759 0.00085
2760 0.00085
2761 0.00085
2762 0.00085
2763 0.00085
2764 0.00085
2765 0.00085
2766 0.00085
2767 0.00085
2768 0.00085
2769 0.00085
2770 0.00085
2771 0.00085
2772 0.00085
2773 0.00085
2774 0.00085
2775 0.00085
2776 0.00085
2777 0.00085
2778 0.00085
2779 0.00085
2780 0.00085
2781 0.00085
2782 0.00085
2783 0.00085
2784 0.00085
2785 0.00085
2786 0.00085
2787 0.00085
2788 0.00085
2789 0.00085
2790 0.00085
2791 0.00085
2792 0.00085
2793 0.00085
2794 0.00085
2795 0.00085
2796 0.00085
2797 0.00085
2798 0.00085
2799 0.00085
2800 0.00085
2801 0.00085
2802 0.00085
2803 0.00085
2804 0.00085
2805 0.00085
2806 0.00085
2807 0.00085
2808 0.00085
2809 0.00085
2810 0.00085
2811 0.00085
2812 0.00085
2813 0.00085
2814 0.00085
2815 0.00085
2816 0.00085
2817 0.00085
2818 0.00085
2819 0.00085
2820 0.00085
2821 0.00085
2822 0.00085
2823 0.00085
2824 0.00085
2825 0.00085
2826 0.00085
2827 0.00085
2828 0.00085
2829 0.00085
2830 0.00085
2831 0.00085
2832 0.00085
2833 0.00085
2834 0.00085
2835 0.00085
2836 0.00085
2837 0.00085
2838 0.00085
2839 0.00085
2840 0.00085
2841 0.00085
2842 0.00085
2843 0.00085
2844 0.00085
2845 0.00085
2846 0.00085
2847 0.00085
2848 0.00085
2849 0.00085
2850 0.00085
2851 0.00085
2852 0.00085
2853 0.00085
2854 0.00085
2855 0.00085
2856 0.00085
2857 0.00085
2858 0.00085
2859 0.00085
2860 0.00085
2861 0.00085
2862 0.00085
2863 0.00085
2864 0.00085
2865 0.00085
2866 0.00085
2867 0.00085
2868 0.00085
2869 0.00085
2870 0.00085
2871 0.00085
2872 0.00085
2873 0.00085
2874 0.00085
2875 0.00085
2876 0.00085
2877 0.00085
2878 0.00085
2879 0.00085
2880 0.00085
2881 0.00085
2882 0.00085
2883 0.00085
2884 0.00085
2885 0.00085
2886 0.00085
2887 0.00085
2888 0.00085
2889 0.00085
2890 0.00085
2891 0.00085
2892 0.00085
2893 0.00085
2894 0.00085
2895 0.00085
2896 0.00085
2897 0.00085
2898 0.00085
2899 0.00085
2900 0.00085
2901 0.00085
2902 0.00085
2903 0.00085
2904 0.00085
2905 0.00085
2906 0.00085
2907 0.00085
2908 0.00085
2909 0.00085
2910 0.00085
2911 0.00085
2912 0.00085
2913 0.00085
2914 0.00085
2915 0.00085
2916 0.00085
2917 0.00085
2918 0.00085
2919 0.00085
2920 0.00085
2921 0.00085
2922 0.00085
2923 0.00085
2924 0.00085
2925 0.00085
2926 0.00085
2927 0.00085
2928 0.00085
2929 0.00085
2930 0.00085
2931 0.00085
2932 0.00085
2933 0.00085
2934 0.00085
2935 0.00085
2936 0.00085
2937 0.00085
2938 0.00085
2939 0.00085
2940 0.00085
2941 0.00085
2942 0.00085
2943 0.00085
2944 0.00085
2945 0.00085
2946 0.00085
2947 0.00085
2948 0.00085
2949 0.00085
2950 0.00085
2951 0.00085
2952 0.00085
2953 0.00085
2954 0.00085
2955 0.00085
2956 0.00085
2957 0.00085
2958 0.00085
2959 0.00085
2960 0.00085
2961 0.00085
2962 0.00085
2963 0.00085
2964 0.00085
2965 0.00085
2966 0.00085
2967 0.00085
2968 0.00085
2969 0.00085
2970 0.00085
2971 0.00085
2972 0.00085
2973 0.00085
2974 0.00085
2975 0.00085
2976 0.00085
2977 0.00085
2978 0.00085
2979 0.00085
2980 0.00085
2981 0.00085
2982 0.00085
2983 0.00085
2984 0.00085
2985 0.00085
2986 0.00085
2987 0.00085
2988 0.00085
2989 0.00085
2990 0.00085
2991 0.00085
2992 0.00085
2993 0.00085
2994 0.00085
2995 0.00085
2996 0.00085
2997 0.00085
2998 0.00085
2999 0.00085
3000 0.00085
3001 0.00085
3002 0.00085
3003 0.00085
3004 0.00085
3005 0.00085
3006 0.00085
3007 0.00085
3008 0.00085
3009 0.00085
3010 0.00085
3011 0.00085
3012 0.00085
3013 0.00085
3014 0.00085
3015 0.00085
3016 0.00085
3017 0.00085
3018 0.00085
3019 0.00085
3020 0.00085
3021 0.00085
3022 0.00085
3023 0.00085
3024 0.00085
3025 0.00085
3026 0.00085
3027 0.00085
3028 0.00085
3029 0.00085
3030 0.00085
3031 0.00085
3032 0.00085
3033 0.00085
3034 0.00085
3035 0.00085
3036 0.00085
3037 0.00085
3038 0.00085
3039 0.00085
3040 0.00085
3041 0.00085
3042 0.00085
3043 0.00085
3044 0.00085
3045 0.00085
3046 0.00085
3047 0.00085
3048 0.00085
3049 0.00085
3050 0.00085
3051 0.00085
3052 0.00085
3053 0.00085
3054 0.00085
3055 0.00085
3056 0.00085
3057 0.00085
3058 0.00085
3059 0.00085
3060 0.00085
3061 0.00085
3062 0.00085
3063 0.00085
3064 0.00085
3065 0.00085
3066 0.00085
3067 0.00085
3068 0.00085
3069 0.00085
3070 0.00085
3071 0.00085
3072 0.00085
3073 0.00085
3074 0.00085
3075 0.00085
3076 0.00085
3077 0.00085
3078 0.00085
3079 0.00085
3080 0.00085
3081 0.00085
3082 0.00085
3083 0.00085
3084 0.00085
3085 0.00085
3086 0.00085
3087 0.00085
3088 0.00085
3089 0.00085
3090 0.00085
3091 0.00085
3092 0.00085
3093 0.00085
3094 0.00085
3095 0.00085
3096 0.00085
3097 0.00085
3098 0.00085
3099 0.00085
3100 0.00085
3101 0.00085
3102 0.00085
3103 0.00085
3104 0.00085
3105 0.00085
3106 0.00085
3107 0.00085
3108 0.00085
3109 0.00085
3110 0.00085
3111 0.00085
3112 0.00085
3113 0.00085
3114 0.00085
3115 0.00085
3116 0.00085
3117 0.00085
3118 0.00085
3119 0.00085
3120 0.00085
3121 0.00085
3122 0.00085
3123 0.00085
3124 0.00085
3125 0.00085
3126 0.00085
3127 0.00085
3128 0.00085
3129 0.00085
3130 0.00085
3131 0.00085
3132 0.00085
3133 0.00085
3134 0.00085
3135 0.00085
3136 0.00085
3137 0.00085
3138 0.00085
3139 0.00085
3140 0.00085
3141 0.00085
3142 0.00085
3143 0.00085
3144 0.00085
3145 0.00085
3146 0.00085
3147 0.00085
3148 0.00085
3149 0.00085
3150 0.00085
3151 0.00085
3152 0.00085
3153 0.00085
3154 0.00085
3155 0.00085
3156 0.00085
3157 0.00085
3158 0.00085
3159 0.00085
3160 0.00085
3161 0.00085
3162 0.00085
3163 0.00085
3164 0.00085
3165 0.00085
3166 0.00085
3167 0.00085
3168 0.00085
3169 0.00085
3170 0.00085
3171 0.00085
3172 0.00085
3173 0.00085
3174 0.00085
3175 0.00085
3176 0.00085
3177 0.00085
3178 0.00085
3179 0.00085
3180 0.00085
3181 0.00085
3182 0.00085
3183 0.00085
3184 0.00085
3185 0.00085
3186 0.00085
3187 0.00085
3188 0.00085
3189 0.00085
3190 0.00085
3191 0.00085
3192 0.00085
3193 0.00085
3194 0.00085
3195 0.00085
3196 0.00085
3197 0.00085
3198 0.00085
3199 0.00085
3200 0.00085
3201 0.00085
3202 0.00085
3203 0.00085
3204 0.00085
3205 0.00085
3206 0.00085
3207 0.00085
3208 0.00085
3209 0.00085
3210 0.00085
3211 0.00085
3212 0.00085
3213 0.00085
3214 0.00085
3215 0.00085
3216 0.00085
3217 0.00085
3218 0.00085
3219 0.00085
3220 0.00085
3221 0.00085
3222 0.00085
3223 0.00085
3224 0.00085
3225 0.00085
3226 0.00085
3227 0.00085
3228 0.00085
3229 0.00085
3230 0.00085
3231 0.00085
3232 0.00085
3233 0.00085
3234 0.00085
3235 0.00085
3236 0.00085
3237 0.00085
3238 0.00085
3239 0.00085
3240 0.00085
3241 0.00085
3242 0.00085
3243 0.00085
3244 0.00085
3245 0.00085
3246 0.00085
3247 0.00085
3248 0.00085
3249 0.00085
3250 0.00085
3251 0.00085
3252 0.00085
3253 0.00085
3254 0.00085
3255 0.00085
3256 0.00085
3257 0.00085
3258 0.00085
3259 0.00085
3260 0.00085
3261 0.00085
3262 0.00085
3263 0.00085
3264 0.00085
3265 0.00085
3266 0.00085
3267 0.00085
3268 0.00085
3269 0.00085
3270 0.00085
3271 0.00085
3272 0.00085
3273 0.00085
3274 0.00085
3275 0.00085
3276 0.00085
3277 0.00085
3278 0.00085
3279 0.00085
3280 0.00085
3281 0.00085
3282 0.00085
3283 0.00085
3284 0.00085
3285 0.00085
3286 0.00085
3287 0.00085
3288 0.00085
3289 0.00085
3290 0.00085
3291 0.00085
3292 0.00085
3293 0.00085
3294 0.00085
3295 0.00085
3296 0.00085
3297 0.00085
3298 0.00085
3299 0.00085
3300 0.00085
3301 0.00085
3302 0.00085
3303 0.00085
3304 0.00085
3305 0.00085
3306 0.00085
3307 0.00085
3308 0.00085
3309 0.00085
3310 0.00085
3311 0.00085
3312 0.00085
3313 0.00085
3314 0.00085
3315 0.00085
3316 0.00085
3317 0.00085
3318 0.00085
3319 0.00085
3320 0.00085
3321 0.00085
3322 0.00085
3323 0.00085
3324 0.00085
3325 0.00085
3326 0.00085
3327 0.00085
3328 0.00085
3329 0.00085
3330 0.00085
3331 0.00085
3332 0.00085
3333 0.00085
3334 0.00085
3335 0.00085
3336 0.00085
3337 0.00085
3338 0.00085
3339 0.00085
3340 0.00085
3341 0.00085
3342 0.00085
3343 0.00085
3344 0.00085
3345 0.00085
3346 0.00085
3347 0.00085
3348 0.00085
3349 0.00085
3350 0.00085
3351 0.00085
3352 0.00085
3353 0.00085
3354 0.00085
3355 0.00085
3356 0.00085
3357 0.00085
3358 0.00085
3359 0.00085
3360 0.00085
3361 0.00085
3362 0.00085
3363 0.00085
3364 0.00085
3365 0.00085
3366 0.00085
3367 0.00085
3368 0.00085
3369 0.00085
3370 0.00085
3371 0.00085
3372 0.00085
3373 0.00085
3374 0.00085
3375 0.00085
3376 0.00085
3377 0.00085
3378 0.00085
3379 0.00085
3380 0.00085
3381 0.00085
3382 0.00085
3383 0.00085
3384 0.00085
3385 0.00085
3386 0.00085
3387 0.00085
3388 0.00085
3389 0.00085
3390 0.00085
3391 0.00085
3392 0.00085
3393 0.00085
3394 0.00085
3395 0.00085
3396 0.00085
3397 0.00085
3398 0.00085
3399 0.00085
3400 0.00085
3401 0.00085
3402 0.00085
3403 0.00085
3404 0.00085
3405 0.00085
3406 0.00085
3407 0.00085
3408 0.00085
3409 0.00085
3410 0.00085
3411 0.00085
3412 0.00085
3413 0.00085
3414 0.00085
3415 0.00085
3416 0.00085
3417 0.00085
3418 0.00085
3419 0.00085
3420 0.00085
3421 0.00085
3422 0.00085
3423 0.00085
3424 0.00085
3425 0.00085
3426 0.00085
3427 0.00085
3428 0.00085
3429 0.00085
3430 0.00085
3431 0.00085
3432 0.00085
3433 0.00085
3434 0.00085
3435 0.00085
3436 0.00085
3437 0.00085
3438 0.00085
3439 0.00085
3440 0.00085
3441 0.00085
3442 0.00085
3443 0.00085
3444 0.00085
3445 0.00085
3446 0.00085
3447 0.00085
3448 0.00085
3449 0.00085
3450 0.00085
3451 0.00085
3452 0.00085
3453 0.00085
3454 0.00085
3455 0.00085
3456 0.00085
3457 0.00085
3458 0.00085
3459 0.00085
3460 0.00085
3461 0.00085
3462 0.00085
3463 0.00085
3464 0.00085
3465 0.00085
3466 0.00085
3467 0.00085
3468 0.00085
3469 0.00085
3470 0.00085
3471 0.00085
3472 0.00085
3473 0.00085
3474 0.00085
3475 0.00085
3476 0.00085
3477 0.00085
3478 0.00085
3479 0.00085
3480 0.00085
3481 0.00085
3482 0.00085
3483 0.00085
3484 0.00085
3485 0.00085
3486 0.00085
3487 0.00085
3488 0.00085
3489 0.00085
3490 0.00085
3491 0.00085
3492 0.00085
3493 0.00085
3494 0.00085
3495 0.00085
3496 0.00085
3497 0.00085
3498 0.00085
3499 0.00085
3500 0.00085
3501 0.00085
3502 0.00085
3503 0.00085
3504 0.00085
3505 0.00085
3506 0.00085
3507 0.00085
3508 0.00085
3509 0.00085
3510 0.00085
3511 0.00085
3512 0.00085
3513 0.00085
3514 0.00085
3515 0.00085
3516 0.00085
3517 0.00085
3518 0.00085
3519 0.00085
3520 0.00085
3521 0.00085
3522 0.00085
3523 0.00085
3524 0.00085
3525 0.00085
3526 0.00085
3527 0.00085
3528 0.00085
3529 0.00085
3530 0.00085
3531 0.00085
3532 0.00085
3533 0.00085
3534 0.00085
3535 0.00085
3536 0.00085
3537 0.00085
3538 0.00085
3539 0.00085
3540 0.00085
3541 0.00085
3542 0.00085
3543 0.00085
3544 0.00085
3545 0.00085
3546 0.00085
3547 0.00085
3548 0.00085
3549 0.00085
3550 0.00085
3551 0.00085
3552 0.00085
3553 0.00085
3554 0.00085
3555 0.00085
3556 0.00085
3557 0.00085
3558 0.00085
3559 0.00085
3560 0.00085
3561 0.00085
3562 0.00085
3563 0.00085
3564 0.0009
3565 0.0009
3566 0.0009
3567 0.0009
3568 0.0009
3569 0.0009
3570 0.0009
3571 0.0009
3572 0.0009
3573 0.0009
3574 0.0009
3575 0.0009
3576 0.0009
3577 0.0009
3578 0.0009
3579 0.0009
3580 0.0009
3581 0.0009
3582 0.0009
3583 0.0009
3584 0.0009
3585 0.0009
3586 0.0009
3587 0.0009
3588 0.0009
3589 0.0009
3590 0.0009
3591 0.0009
3592 0.0009
3593 0.0009
3594 0.0009
3595 0.0009
3596 0.0009
3597 0.0009
3598 0.0009
3599 0.0009
3600 0.0009
3601 0.0009
3602 0.0009
3603 0.0009
3604 0.0009
3605 0.0009
3606 0.0009
3607 0.0009
3608 0.0009
3609 0.0009
3610 0.0009
3611 0.0009
3612 0.0009
3613 0.0009
3614 0.0009
3615 0.0009
3616 0.0009
3617 0.0009
3618 0.0009
3619 0.0009
3620 0.0009
3621 0.0009
3622 0.0009
3623 0.0009
3624 0.0009
3625 0.0009
3626 0.0009
3627 0.0009
3628 0.0009
3629 0.0009
3630 0.0009
3631 0.0009
3632 0.0009
3633 0.0009
3634 0.0009
3635 0.0009
3636 0.0009
3637 0.0009
3638 0.0009
3639 0.0009
3640 0.0009
3641 0.0009
3642 0.0009
3643 0.0009
3644 0.0009
3645 0.0009
3646 0.0009
3647 0.0009
3648 0.0009
3649 0.0009
3650 0.0009
3651 0.0009
3652 0.0009
3653 0.0009
3654 0.0009
3655 0.0009
3656 0.0009
3657 0.0009
3658 0.0009
3659 0.0009
3660 0.0009
3661 0.0009
3662 0.0009
3663 0.0009
3664 0.0009
3665 0.0009
3666 0.0009
3667 0.0009
3668 0.0009
3669 0.0009
3670 0.0009
3671 0.0009
3672 0.0009
3673 0.0009
3674 0.0009
3675 0.0009
3676 0.0009
3677 0.0009
3678 0.0009
3679 0.0009
3680 0.0009
3681 0.0009
3682 0.0009
3683 0.0009
3684 0.0009
3685 0.0009
3686 0.0009
3687 0.0009
3688 0.0009
3689 0.0009
3690 0.0009
3691 0.0009
3692 0.0009
3693 0.0009
3694 0.0009
3695 0.0009
3696 0.0009
3697 0.0009
3698 0.0009
3699 0.0009
3700 0.0009
3701 0.0009
3702 0.0009
3703 0.0009
3704 0.0009
3705 0.0009
3706 0.0009
3707 0.0009
3708 0.0009
3709 0.0009
3710 0.0009
3711 0.0009
3712 0.0009
3713 0.0009
3714 0.0009
3715 0.0009
3716 0.0009
3717 0.0009
3718 0.0009
3719 0.0009
3720 0.0009
3721 0.0009
3722 0.0009
3723 0.0009
3724 0.0009
3725 0.0009
3726 0.0009
3727 0.0009
3728 0.0009
3729 0.0009
3730 0.0009
3731 0.0009
3732 0.0009
3733 0.0009
3734 0.0009
3735 0.0009
3736 0.0009
3737 0.0009
3738 0.0009
3739 0.0009
3740 0.0009
3741 0.0009
3742 0.0009
3743 0.0009
3744 0.0009
3745 0.0009
3746 0.0009
3747 0.0009
3748 0.0009
3749 0.0009
3750 0.0009
3751 0.0009
3752 0.0009
3753 0.0009
3754 0.0009
3755 0.0009
3756 0.0009
3757 0.0009
3758 0.0009
3759 0.0009
3760 0.0009
3761 0.0009
3762 0.0009
3763 0.0009
3764 0.0009
3765 0.0009
3766 0.0009
3767 0.0009
3768 0.0009
3769 0.0009
3770 0.0009
3771 0.0009
3772 0.0009
3773 0.0009
3774 0.0009
3775 0.0009
3776 0.0009
3777 0.0009
3778 0.0009
3779 0.0009
3780 0.0009
3781 0.0009
3782 0.0009
3783 0.0009
3784 0.0009
3785 0.0009
3786 0.0009
3787 0.0009
3788 0.0009
3789 0.0009
3790 0.0009
3791 0.0009
3792 0.0009
3793 0.00095
3794 0.00095
3795 0.00095
3796 0.00095
3797 0.00095
3798 0.00095
3799 0.00095
3800 0.00095
3801 0.00095
3802 0.00095
3803 0.00095
3804 0.00095
3805 0.00095
3806 0.00095
3807 0.00095
3808 0.00095
3809 0.00095
3810 0.00095
3811 0.00095
3812 0.00095
3813 0.00095
3814 0.00095
3815 0.00095
3816 0.00095
3817 0.00095
3818 0.00095
3819 0.00095
3820 0.00095
3821 0.00095
3822 0.00095
3823 0.00095
3824 0.00095
3825 0.00095
3826 0.00095
3827 0.00095
3828 0.00095
3829 0.00095
3830 0.00095
3831 0.00095
3832 0.00095
3833 0.00095
3834 0.00095
3835 0.00095
3836 0.00095
3837 0.00095
3838 0.00095
3839 0.00095
3840 0.00095
3841 0.00095
3842 0.00095
3843 0.00095
3844 0.00095
3845 0.00095
3846 0.00095
3847 0.00095
3848 0.00095
3849 0.00095
3850 0.00095
3851 0.00095
3852 0.00095
3853 0.00095
3854 0.00095
3855 0.00095
3856 0.00095
3857 0.00095
3858 0.00095
3859 0.00095
3860 0.00095
3861 0.00095
3862 0.00095
3863 0.00095
3864 0.00095
3865 0.00095
3866 0.00095
3867 0.00095
3868 0.00095
3869 0.00095
3870 0.00095
3871 0.00095
3872 0.00095
3873 0.00095
3874 0.00095
3875 0.00095
3876 0.00095
3877 0.00095
3878 0.00095
3879 0.00095
3880 0.00095
3881 0.00095
3882 0.00095
3883 0.00095
3884 0.00095
3885 0.00095
3886 0.00095
3887 0.00095
3888 0.00095
3889 0.00095
3890 0.00095
3891 0.00095
3892 0.00095
3893 0.00095
3894 0.00095
3895 0.00095
3896 0.00095
3897 0.00095
3898 0.00095
3899 0.00095
3900 0.00095
3901 0.00095
3902 0.00095
3903 0.00095
3904 0.00095
3905 0.00095
3906 0.00095
3907 0.00095
3908 0.00095
3909 0.00095
3910 0.00095
3911 0.00095
3912 0.00095
3913 0.00095
3914 0.00095
3915 0.00095
3916 0.00095
3917 0.00095
3918 0.00095
3919 0.00095
3920 0.00095
3921 0.00095
3922 0.00095
3923 0.00095
3924 0.00095
3925 0.00095
3926 0.00095
3927 0.00095
3928 0.00095
3929 0.00095
3930 0.00095
3931 0.00095
3932 0.00095
3933 0.00095
3934 0.00095
3935 0.00095
3936 0.00095
3937 0.00095
3938 0.00095
3939 0.00095
3940 0.00095
3941 0.00095
3942 0.00095
3943 0.00095
3944 0.00095
3945 0.00095
3946 0.00095
3947 0.00095
3948 0.00095
3949 0.00095
3950 0.00095
3951 0.00095
3952 0.00095
3953 0.00095
3954 0.00095
3955 0.00095
3956 0.00095
3957 0.00095
3958 0.00095
3959 0.00095
3960 0.00095
3961 0.00095
3962 0.00095
3963 0.00095
3964 0.00095
3965 0.00095
3966 0.00095
3967 0.00095
3968 0.00095
3969 0.00095
3970 0.00095
3971 0.00095
3972 0.00095
3973 0.00095
3974 0.00095
3975 0.00095
3976 0.00095
3977 0.00095
3978 0.00095
3979 0.00095
3980 0.00095
3981 0.00095
3982 0.00095
3983 0.00095
3984 0.00095
3985 0.00095
3986 0.00095
3987 0.00095
3988 0.00095
3989 0.00095
3990 0.00095
3991 0.00095
3992 0.00095
3993 0.00095
3994 0.00095
3995 0.00095
3996 0.001
3997 0.001
3998 0.001
3999 0.001
4000 0.001
4001 0.001
4002 0.001
4003 0.001
4004 0.001
4005 0.001
4006 0.001
4007 0.001
4008 0.001
4009 0.001
4010 0.001
4011 0.001
4012 0.001
4013 0.001
4014 0.001
4015 0.001
4016 0.001
4017 0.001
4018 0.001
4019 0.001
4020 0.001
4021 0.001
4022 0.001
4023 0.001
4024 0.001
4025 0.001
4026 0.001
4027 0.001
4028 0.001
4029 0.001
4030 0.001
4031 0.001
4032 0.001
4033 0.001
4034 0.001
4035 0.001
4036 0.001
4037 0.001
4038 0.001
4039 0.001
4040 0.001
4041 0.001
4042 0.001
4043 0.001
4044 0.001
4045 0.001
4046 0.001
4047 0.001
4048 0.001
4049 0.001
4050 0.001
4051 0.001
4052 0.001
4053 0.001
4054 0.001
4055 0.001
4056 0.001
4057 0.001
4058 0.001
4059 0.001
4060 0.001
4061 0.001
4062 0.001
4063 0.001
4064 0.001
4065 0.001
4066 0.001
4067 0.001
4068 0.001
4069 0.001
4070 0.001
4071 0.001
4072 0.001
4073 0.001
4074 0.001
4075 0.001
4076 0.001
4077 0.001
4078 0.001
4079 0.001
4080 0.001
4081 0.001
4082 0.001
4083 0.001
4084 0.001
4085 0.001
4086 0.001
4087 0.001
4088 0.001
4089 0.001
4090 0.001
4091 0.001
4092 0.001
4093 0.001
4094 0.001
4095 0.001
4096 0.001
4097 0.001
4098 0.001
4099 0.001
4100 0.001
4101 0.001
4102 0.001
4103 0.001
4104 0.001
4105 0.001
4106 0.001
4107 0.001
4108 0.001
4109 0.001
4110 0.001
4111 0.001
4112 0.001
4113 0.001
4114 0.001
4115 0.001
4116 0.001
4117 0.001
4118 0.001
4119 0.001
4120 0.001
4121 0.001
4122 0.001
4123 0.001
4124 0.001
4125 0.001
4126 0.001
4127 0.001
4128 0.001
4129 0.001
4130 0.001
4131 0.001
4132 0.001
4133 0.001
4134 0.001
4135 0.001
4136 0.001
4137 0.001
4138 0.001
4139 0.001
4140 0.001
4141 0.001
4142 0.001
4143 0.001
4144 0.001
4145 0.001
4146 0.001
4147 0.001
4148 0.001
4149 0.001
4150 0.001
4151 0.001
4152 0.001
4153 0.001
4154 0.001
4155 0.001
4156 0.001
4157 0.001
4158 0.001
4159 0.001
4160 0.001
4161 0.001
4162 0.001
4163 0.001
4164 0.001
4165 0.001
4166 0.001
4167 0.001
4168 0.001
4169 0.001
4170 0.001
4171 0.001
4172 0.001
4173 0.001
4174 0.001
4175 0.001
4176 0.001
4177 0.001
4178 0.001
4179 0.001
4180 0.00105
4181 0.00105
4182 0.00105
4183 0.00105
4184 0.00105
4185 0.00105
4186 0.00105
4187 0.00105
4188 0.00105
4189 0.00105
4190 0.00105
4191 0.00105
4192 0.00105
4193 0.00105
4194 0.00105
4195 0.00105
4196 0.00105
4197 0.00105
4198 0.00105
4199 0.00105
4200 0.00105
4201 0.00105
4202 0.00105
4203 0.00105
4204 0.00105
4205 0.00105
4206 0.00105
4207 0.00105
4208 0.00105
4209 0.00105
4210 0.00105
4211 0.00105
4212 0.00105
4213 0.00105
4214 0.00105
4215 0.00105
4216 0.00105
4217 0.00105
4218 0.00105
4219 0.00105
4220 0.00105
4221 0.00105
4222 0.00105
4223 0.00105
4224 0.00105
4225 0.00105
4226 0.00105
4227 0.00105
4228 0.00105
4229 0.00105
4230 0.00105
4231 0.00105
4232 0.00105
4233 0.00105
4234 0.00105
4235 0.00105
4236 0.00105
4237 0.00105
4238 0.00105
4239 0.00105
4240 0.00105
4241 0.00105
4242 0.00105
4243 0.00105
4244 0.00105
4245 0.00105
4246 0.00105
4247 0.00105
4248 0.00105
4249 0.00105
4250 0.00105
4251 0.00105
4252 0.00105
4253 0.00105
4254 0.00105
4255 0.00105
4256 0.00105
4257 0.00105
4258 0.00105
4259 0.00105
4260 0.00105
4261 0.00105
4262 0.00105
4263 0.00105
4264 0.00105
4265 0.00105
4266 0.00105
4267 0.00105
4268 0.00105
4269 0.00105
4270 0.00105
4271 0.00105
4272 0.00105
4273 0.00105
4274 0.00105
4275 0.00105
4276 0.00105
4277 0.00105
4278 0.00105
4279 0.00105
4280 0.00105
4281 0.00105
4282 0.00105
4283 0.00105
4284 0.00105
4285 0.00105
4286 0.00105
4287 0.00105
4288 0.00105
4289 0.00105
4290 0.00105
4291 0.00105
4292 0.00105
4293 0.00105
4294 0.00105
4295 0.00105
4296 0.00105
4297 0.00105
4298 0.00105
4299 0.00105
4300 0.00105
4301 0.00105
4302 0.00105
4303 0.00105
4304 0.00105
4305 0.00105
4306 0.00105
4307 0.00105
4308 0.00105
4309 0.00105
4310 0.00105
4311 0.00105
4312 0.00105
4313 0.00105
4314 0.00105
4315 0.00105
4316 0.00105
4317 0.00105
4318 0.00105
4319 0.00105
4320 0.00105
4321 0.00105
4322 0.00105
4323 0.00105
4324 0.00105
4325 0.00105
4326 0.00105
4327 0.00105
4328 0.00105
4329 0.00105
4330 0.00105
4331 0.00105
4332 0.00105
4333 0.00105
4334 0.00105
4335 0.00105
4336 0.00105
4337 0.00105
4338 0.00105
4339 0.00105
4340 0.00105
4341 0.00105
4342 0.00105
4343 0.00105
4344 0.00105
4345 0.00105
4346 0.00105
4347 0.00105
4348 0.00105
4349 0.00105
4350 0.00105
4351 0.00105
4352 0.00105
4353 0.00105
4354 0.00105
4355 0.00105
4356 0.00105
4357 0.00105
4358 0.00105
4359 0.00105
4360 0.00105
4361 0.00105
4362 0.00105
4363 0.00105
4364 0.00105
4365 0.00105
4366 0.00105
4367 0.00105
4368 0.00105
4369 0.00105
4370 0.00105
4371 0.00105
4372 0.00105
4373 0.00105
4374 0.00105
4375 0.00105
4376 0.00105
4377 0.00105
4378 0.00105
4379 0.00105
4380 0.00105
4381 0.00105
4382 0.00105
4383 0.00105
4384 0.00105
4385 0.00105
4386 0.00105
4387 0.00105
4388 0.00105
4389 0.00105
4390 0.00105
4391 0.00105
4392 0.00105
4393 0.00105
4394 0.00105
4395 0.00105
4396 0.00105
4397 0.00105
4398 0.00105
4399 0.00105
4400 0.00105
4401 0.00105
4402 0.00105
4403 0.00105
4404 0.00105
4405 0.00105
4406 0.00105
4407 0.00105
4408 0.00105
4409 0.00105
4410 0.00105
4411 0.00105
4412 0.00105
4413 0.00105
4414 0.00105
4415 0.00105
4416 0.00105
4417 0.00105
4418 0.00105
4419 0.00105
4420 0.00105
4421 0.00105
4422 0.00105
4423 0.00105
4424 0.00105
4425 0.00105
4426 0.00105
4427 0.00105
4428 0.00105
4429 0.00105
4430 0.00105
4431 0.00105
4432 0.00105
4433 0.00105
4434 0.00105
4435 0.00105
4436 0.00105
4437 0.00105
4438 0.00105
4439 0.00105
4440 0.00105
4441 0.00105
4442 0.00105
4443 0.00105
4444 0.00105
4445 0.00105
4446 0.00105
4447 0.00105
4448 0.00105
4449 0.00105
4450 0.00105
4451 0.00105
4452 0.00105
4453 0.00105
4454 0.00105
4455 0.00105
4456 0.00105
4457 0.00105
4458 0.00105
4459 0.00105
4460 0.00105
4461 0.00105
4462 0.00105
4463 0.00105
4464 0.00105
4465 0.00105
4466 0.00105
4467 0.00105
4468 0.00105
4469 0.00105
4470 0.00105
4471 0.00105
4472 0.00105
4473 0.00105
4474 0.00105
4475 0.00105
4476 0.00105
4477 0.00105
4478 0.00105
4479 0.00105
4480 0.00105
4481 0.00105
4482 0.00105
4483 0.00105
4484 0.00105
4485 0.00105
4486 0.00105
4487 0.00105
4488 0.00105
4489 0.00105
4490 0.00105
4491 0.00105
4492 0.00105
4493 0.00105
4494 0.00105
4495 0.00105
4496 0.00105
4497 0.00105
4498 0.00105
4499 0.00105
4500 0.00105
4501 0.00105
4502 0.00105
4503 0.00105
4504 0.00105
4505 0.00105
4506 0.00105
4507 0.00105
4508 0.00105
4509 0.00105
4510 0.00105
4511 0.00105
4512 0.00105
4513 0.00105
4514 0.00105
4515 0.00105
4516 0.00105
4517 0.00105
4518 0.00105
4519 0.00105
4520 0.00105
4521 0.00105
4522 0.00105
4523 0.00105
4524 0.00105
4525 0.00105
4526 0.00105
4527 0.00105
4528 0.00105
4529 0.00105
4530 0.00105
4531 0.00105
4532 0.00105
4533 0.00105
4534 0.00105
4535 0.00105
4536 0.00105
4537 0.00105
4538 0.00105
4539 0.00105
4540 0.00105
4541 0.00105
4542 0.00105
4543 0.00105
4544 0.00105
4545 0.00105
4546 0.00105
4547 0.00105
4548 0.00105
4549 0.00105
4550 0.00105
4551 0.00105
4552 0.00105
4553 0.00105
4554 0.00105
4555 0.00105
4556 0.00105
4557 0.00105
4558 0.00105
4559 0.00105
4560 0.00105
4561 0.00105
4562 0.00105
4563 0.00105
4564 0.00105
4565 0.00105
4566 0.00105
4567 0.00105
4568 0.00105
4569 0.00105
4570 0.00105
4571 0.00105
4572 0.00105
4573 0.00105
4574 0.00105
4575 0.00105
4576 0.00105
4577 0.00105
4578 0.00105
4579 0.00105
4580 0.00105
4581 0.00105
4582 0.00105
4583 0.00105
4584 0.00105
4585 0.00105
4586 0.00105
4587 0.00105
4588 0.00105
4589 0.00105
4590 0.00105
4591 0.00105
4592 0.00105
4593 0.00105
4594 0.00105
4595 0.00105
4596 0.00105
4597 0.00105
4598 0.00105
4599 0.00105
4600 0.00105
4601 0.00105
4602 0.00105
4603 0.00105
4604 0.00105
4605 0.00105
4606 0.00105
4607 0.00105
4608 0.00105
4609 0.00105
4610 0.00105
4611 0.00105
4612 0.00105
4613 0.00105
4614 0.00105
4615 0.00105
4616 0.00105
4617 0.00105
4618 0.00105
4619 0.00105
4620 0.00105
4621 0.00105
4622 0.00105
4623 0.00105
4624 0.00105
4625 0.00105
4626 0.00105
4627 0.00105
4628 0.00105
4629 0.00105
4630 0.00105
4631 0.00105
4632 0.00105
4633 0.00105
4634 0.00105
4635 0.00105
4636 0.00105
4637 0.00105
4638 0.00105
4639 0.00105
4640 0.00105
4641 0.00105
4642 0.00105
4643 0.00105
4644 0.00105
4645 0.00105
4646 0.00105
4647 0.00105
4648 0.00105
4649 0.00105
4650 0.00105
4651 0.00105
4652 0.00105
4653 0.00105
4654 0.00105
4655 0.00105
4656 0.00105
4657 0.00105
4658 0.00105
4659 0.00105
4660 0.00105
4661 0.00105
4662 0.00105
4663 0.00105
4664 0.00105
4665 0.00105
4666 0.00105
4667 0.00105
4668 0.00105
4669 0.00105
4670 0.00105
4671 0.00105
4672 0.00105
4673 0.00105
4674 0.00105
4675 0.00105
4676 0.00105
4677 0.00105
4678 0.00105
4679 0.00105
4680 0.00105
4681 0.00105
4682 0.00105
4683 0.00105
4684 0.00105
4685 0.00105
4686 0.00105
4687 0.00105
4688 0.00105
4689 0.00105
4690 0.00105
4691 0.00105
4692 0.00105
4693 0.00105
4694 0.00105
4695 0.00105
4696 0.00105
4697 0.00105
4698 0.00105
4699 0.00105
4700 0.00105
4701 0.00105
4702 0.00105
4703 0.00105
4704 0.00105
4705 0.00105
4706 0.00105
4707 0.00105
4708 0.00105
4709 0.00105
4710 0.00105
4711 0.00105
4712 0.00105
4713 0.00105
4714 0.00105
4715 0.00105
4716 0.00105
4717 0.00105
4718 0.00105
4719 0.00105
4720 0.00105
4721 0.00105
4722 0.00105
4723 0.00105
4724 0.00105
4725 0.00105
4726 0.00105
4727 0.00105
4728 0.00105
4729 0.00105
4730 0.00105
4731 0.00105
4732 0.00105
4733 0.00105
4734 0.00105
4735 0.00105
4736 0.00105
4737 0.00105
4738 0.00105
4739 0.00105
4740 0.00105
4741 0.00105
4742 0.00105
4743 0.00105
4744 0.00105
4745 0.00105
4746 0.00105
4747 0.00105
4748 0.00105
4749 0.00105
4750 0.00105
4751 0.00105
4752 0.00105
4753 0.00105
4754 0.00105
4755 0.00105
4756 0.00105
4757 0.00105
4758 0.00105
4759 0.00105
4760 0.00105
4761 0.00105
4762 0.00105
4763 0.00105
4764 0.00105
4765 0.00105
4766 0.00105
4767 0.00105
4768 0.00105
4769 0.00105
4770 0.00105
4771 0.00105
4772 0.00105
4773 0.00105
4774 0.00105
4775 0.00105
4776 0.00105
4777 0.00105
4778 0.00105
4779 0.00105
4780 0.00105
4781 0.00105
4782 0.00105
4783 0.00105
4784 0.00105
4785 0.00105
4786 0.00105
4787 0.00105
4788 0.00105
4789 0.00105
4790 0.00105
4791 0.00105
4792 0.00105
4793 0.00105
4794 0.00105
4795 0.00105
4796 0.00105
4797 0.00105
4798 0.00105
4799 0.00105
4800 0.00105
4801 0.00105
4802 0.00105
4803 0.00105
4804 0.00105
4805 0.00105
4806 0.00105
4807 0.00105
4808 0.00105
4809 0.00105
4810 0.00105
4811 0.00105
4812 0.00105
4813 0.00105
4814 0.00105
4815 0.00105
4816 0.00105
4817 0.00105
4818 0.00105
4819 0.00105
4820 0.00105
4821 0.00105
4822 0.00105
4823 0.00105
4824 0.00105
4825 0.00105
4826 0.00105
4827 0.00105
4828 0.00105
4829 0.00105
4830 0.00105
4831 0.00105
4832 0.00105
4833 0.00105
4834 0.00105
4835 0.00105
4836 0.00105
4837 0.00105
4838 0.00105
4839 0.00105
4840 0.00105
4841 0.00105
4842 0.00105
4843 0.00105
4844 0.00105
4845 0.00105
4846 0.00105
4847 0.00105
4848 0.00105
4849 0.00105
4850 0.00105
4851 0.00105
4852 0.00105
4853 0.00105
4854 0.00105
4855 0.00105
4856 0.00105
4857 0.00105
4858 0.00105
4859 0.00105
4860 0.00105
4861 0.00105
4862 0.00105
4863 0.00105
4864 0.00105
4865 0.00105
4866 0.00105
4867 0.00105
4868 0.00105
4869 0.00105
4870 0.00105
4871 0.00105
4872 0.00105
4873 0.00105
4874 0.00105
4875 0.00105
4876 0.00105
4877 0.00105
4878 0.00105
4879 0.00105
4880 0.00105
4881 0.00105
4882 0.00105
4883 0.00105
4884 0.00105
4885 0.00105
4886 0.00105
4887 0.00105
4888 0.00105
4889 0.00105
4890 0.00105
4891 0.00105
4892 0.00105
4893 0.00105
4894 0.00105
4895 0.00105
4896 0.00105
4897 0.00105
4898 0.00105
4899 0.00105
4900 0.00105
4901 0.00105
4902 0.00105
4903 0.00105
4904 0.00105
4905 0.00105
4906 0.00105
4907 0.00105
4908 0.00105
4909 0.00105
4910 0.00105
4911 0.00105
4912 0.00105
4913 0.00105
4914 0.00105
4915 0.00105
4916 0.00105
4917 0.00105
4918 0.00105
4919 0.00105
4920 0.00105
4921 0.00105
4922 0.00105
4923 0.00105
4924 0.00105
4925 0.00105
4926 0.00105
4927 0.00105
4928 0.00105
4929 0.00105
4930 0.00105
4931 0.00105
4932 0.00105
4933 0.00105
4934 0.00105
4935 0.00105
4936 0.00105
4937 0.00105
4938 0.00105
4939 0.00105
4940 0.00105
4941 0.00105
4942 0.00105
4943 0.00105
4944 0.00105
4945 0.00105
4946 0.00105
4947 0.00105
4948 0.00105
4949 0.00105
4950 0.00105
4951 0.00105
4952 0.00105
4953 0.00105
4954 0.00105
4955 0.00105
4956 0.00105
4957 0.00105
4958 0.00105
4959 0.00105
4960 0.00105
4961 0.00105
4962 0.00105
4963 0.00105
4964 0.00105
4965 0.00105
4966 0.00105
4967 0.00105
4968 0.00105
4969 0.00105
4970 0.00105
4971 0.00105
4972 0.00105
4973 0.00105
4974 0.00105
4975 0.00105
4976 0.00105
4977 0.00105
4978 0.00105
4979 0.00105
4980 0.00105
4981 0.00105
4982 0.00105
4983 0.00105
4984 0.00105
4985 0.00105
4986 0.00105
4987 0.00105
4988 0.00105
4989 0.00105
4990 0.00105
4991 0.00105
4992 0.00105
4993 0.00105
4994 0.00105
4995 0.00105
4996 0.00105
4997 0.00105
4998 0.00105
4999 0.00105
5000 0.00105
5001 0.00105
5002 0.00105
5003 0.00105
5004 0.00105
5005 0.00105
5006 0.00105
5007 0.00105
5008 0.00105
5009 0.00105
5010 0.00105
5011 0.00105
5012 0.00105
5013 0.00105
5014 0.00105
5015 0.00105
5016 0.00105
5017 0.00105
5018 0.00105
5019 0.00105
5020 0.00105
5021 0.00105
5022 0.00105
5023 0.00105
5024 0.00105
5025 0.00105
5026 0.00105
5027 0.00105
5028 0.00105
5029 0.00105
5030 0.00105
5031 0.00105
5032 0.00105
5033 0.00105
5034 0.00105
5035 0.00105
5036 0.00105
5037 0.00105
5038 0.00105
5039 0.00105
5040 0.00105
5041 0.00105
5042 0.00105
5043 0.00105
5044 0.00105
5045 0.00105
5046 0.00105
5047 0.00105
5048 0.00105
5049 0.00105
5050 0.00105
5051 0.00105
5052 0.00105
5053 0.00105
5054 0.00105
5055 0.00105
5056 0.00105
5057 0.00105
5058 0.00105
5059 0.00105
5060 0.00105
5061 0.00105
5062 0.00105
5063 0.00105
5064 0.00105
5065 0.00105
5066 0.00105
5067 0.00105
5068 0.00105
5069 0.00105
5070 0.00105
5071 0.00105
5072 0.00105
5073 0.00105
5074 0.00105
5075 0.00105
5076 0.00105
5077 0.00105
5078 0.00105
5079 0.00105
5080 0.00105
5081 0.00105
5082 0.00105
5083 0.00105
5084 0.00105
5085 0.00105
5086 0.00105
5087 0.00105
5088 0.00105
5089 0.00105
5090 0.00105
5091 0.00105
5092 0.00105
5093 0.00105
5094 0.00105
5095 0.00105
5096 0.00105
5097 0.00105
5098 0.00105
5099 0.00105
5100 0.00105
5101 0.00105
5102 0.00105
5103 0.00105
5104 0.00105
5105 0.00105
5106 0.00105
5107 0.00105
5108 0.00105
5109 0.00105
5110 0.00105
5111 0.00105
5112 0.00105
5113 0.00105
5114 0.00105
5115 0.00105
5116 0.00105
5117 0.00105
5118 0.00105
5119 0.00105
5120 0.00105
5121 0.00105
5122 0.00105
5123 0.00105
5124 0.00105
5125 0.00105
5126 0.00105
5127 0.00105
5128 0.00105
5129 0.00105
5130 0.00105
5131 0.00105
5132 0.00105
5133 0.00105
5134 0.00105
5135 0.00105
5136 0.00105
5137 0.00105
5138 0.00105
5139 0.00105
5140 0.00105
5141 0.00105
5142 0.00105
5143 0.00105
5144 0.00105
5145 0.00105
5146 0.00105
5147 0.00105
5148 0.00105
5149 0.00105
5150 0.00105
5151 0.00105
5152 0.00105
5153 0.00105
5154 0.00105
5155 0.00105
5156 0.00105
5157 0.00105
5158 0.00105
5159 0.00105
5160 0.00105
5161 0.00105
5162 0.00105
5163 0.00105
5164 0.00105
5165 0.00105
5166 0.00105
5167 0.00105
5168 0.00105
5169 0.00105
5170 0.00105
5171 0.00105
5172 0.00105
5173 0.00105
5174 0.00105
5175 0.00105
5176 0.00105
5177 0.00105
5178 0.00105
5179 0.00105
5180 0.00105
5181 0.00105
5182 0.00105
5183 0.00105
5184 0.00105
5185 0.00105
5186 0.00105
5187 0.00105
5188 0.00105
5189 0.00105
5190 0.00105
5191 0.00105
5192 0.00105
5193 0.00105
5194 0.00105
5195 0.00105
5196 0.00105
5197 0.00105
5198 0.00105
5199 0.00105
5200 0.00105
5201 0.00105
5202 0.00105
5203 0.00105
5204 0.00105
5205 0.00105
5206 0.00105
5207 0.00105
5208 0.00105
5209 0.00105
5210 0.00105
5211 0.00105
5212 0.00105
5213 0.00105
5214 0.00105
5215 0.00105
5216 0.00105
5217 0.00105
5218 0.00105
5219 0.00105
5220 0.00105
5221 0.00105
5222 0.00105
5223 0.00105
5224 0.00105
5225 0.00105
5226 0.00105
5227 0.00105
5228 0.00105
5229 0.00105
5230 0.00105
5231 0.00105
5232 0.00105
5233 0.00105
5234 0.00105
5235 0.00105
5236 0.00105
5237 0.00105
5238 0.00105
5239 0.00105
5240 0.00105
5241 0.00105
5242 0.00105
5243 0.00105
5244 0.00105
5245 0.00105
5246 0.00105
5247 0.00105
5248 0.00105
5249 0.00105
5250 0.00105
5251 0.00105
5252 0.00105
5253 0.00105
5254 0.00105
5255 0.00105
5256 0.00105
5257 0.00105
5258 0.00105
5259 0.00105
5260 0.00105
5261 0.00105
5262 0.00105
5263 0.00105
5264 0.00105
5265 0.00105
5266 0.00105
5267 0.00105
5268 0.00105
5269 0.00105
5270 0.00105
5271 0.00105
5272 0.00105
5273 0.00105
5274 0.00105
5275 0.00105
5276 0.00105
5277 0.00105
5278 0.00105
5279 0.00105
5280 0.00105
5281 0.00105
5282 0.00105
5283 0.00105
5284 0.00105
5285 0.00105
5286 0.00105
5287 0.00105
5288 0.00105
5289 0.00105
5290 0.00105
5291 0.00105
5292 0.00105
5293 0.00105
5294 0.00105
5295 0.00105
5296 0.00105
5297 0.00105
5298 0.00105
5299 0.00105
5300 0.00105
5301 0.00105
5302 0.00105
5303 0.00105
5304 0.00105
5305 0.00105
5306 0.00105
5307 0.00105
5308 0.00105
5309 0.00105
5310 0.00105
5311 0.00105
5312 0.00105
5313 0.00105
5314 0.00105
5315 0.00105
5316 0.00105
5317 0.00105
5318 0.00105
5319 0.00105
5320 0.00105
5321 0.00105
5322 0.00105
5323 0.00105
5324 0.00105
5325 0.00105
5326 0.00105
5327 0.00105
5328 0.00105
5329 0.00105
5330 0.00105
5331 0.00105
5332 0.00105
5333 0.00105
5334 0.00105
5335 0.00105
5336 0.00105
5337 0.00105
5338 0.00105
5339 0.00105
5340 0.00105
5341 0.00105
5342 0.00105
5343 0.00105
5344 0.00105
5345 0.00105
5346 0.00105
5347 0.00105
5348 0.00105
5349 0.00105
5350 0.00105
5351 0.00105
5352 0.00105
5353 0.00105
5354 0.00105
5355 0.00105
5356 0.00105
5357 0.00105
5358 0.00105
5359 0.00105
5360 0.00105
5361 0.00105
5362 0.00105
5363 0.00105
5364 0.00105
5365 0.00105
5366 0.00105
5367 0.00105
5368 0.00105
5369 0.00105
5370 0.00105
5371 0.00105
5372 0.00105
5373 0.00105
5374 0.00105
5375 0.00105
5376 0.00105
5377 0.00105
5378 0.00105
5379 0.00105
5380 0.00105
5381 0.00105
5382 0.00105
5383 0.00105
5384 0.00105
5385 0.00105
5386 0.00105
5387 0.00105
5388 0.00105
5389 0.00105
5390 0.00105
5391 0.00105
5392 0.00105
5393 0.00105
5394 0.00105
5395 0.00105
5396 0.00105
5397 0.00105
5398 0.00105
5399 0.00105
5400 0.00105
5401 0.00105
5402 0.00105
5403 0.00105
5404 0.00105
5405 0.00105
5406 0.00105
5407 0.00105
5408 0.00105
5409 0.00105
5410 0.00105
5411 0.00105
5412 0.00105
5413 0.00105
5414 0.00105
5415 0.00105
5416 0.00105
5417 0.00105
5418 0.00105
5419 0.00105
5420 0.00105
5421 0.00105
5422 0.00105
5423 0.00105
5424 0.00105
5425 0.00105
5426 0.00105
5427 0.00105
5428 0.00105
5429 0.00105
5430 0.00105
5431 0.00105
5432 0.00105
5433 0.00105
5434 0.00105
5435 0.00105
5436 0.00105
5437 0.00105
5438 0.00105
5439 0.00105
5440 0.00105
5441 0.00105
5442 0.00105
5443 0.00105
5444 0.00105
5445 0.00105
5446 0.00105
5447 0.00105
5448 0.00105
5449 0.00105
5450 0.00105
5451 0.00105
5452 0.00105
5453 0.00105
5454 0.00105
5455 0.00105
5456 0.00105
5457 0.00105
5458 0.00105
5459 0.00105
5460 0.00105
5461 0.00105
5462 0.00105
5463 0.00105
5464 0.00105
5465 0.00105
5466 0.00105
5467 0.00105
5468 0.00105
5469 0.00105
5470 0.00105
5471 0.00105
5472 0.00105
5473 0.00105
5474 0.00105
5475 0.00105
5476 0.00105
5477 0.00105
5478 0.00105
5479 0.00105
5480 0.00105
5481 0.00105
5482 0.00105
5483 0.00105
5484 0.00105
5485 0.00105
5486 0.00105
5487 0.00105
5488 0.00105
5489 0.00105
5490 0.00105
5491 0.00105
5492 0.00105
5493 0.00105
5494 0.00105
5495 0.00105
5496 0.00105
5497 0.00105
5498 0.00105
5499 0.00105
5500 0.00105
5501 0.00105
5502 0.00105
5503 0.00105
5504 0.00105
5505 0.00105
5506 0.00105
5507 0.00105
5508 0.00105
5509 0.00105
5510 0.00105
5511 0.00105
5512 0.00105
5513 0.00105
5514 0.00105
5515 0.0011
5516 0.0011
5517 0.0011
5518 0.0011
5519 0.0011
5520 0.0011
5521 0.0011
5522 0.0011
5523 0.0011
5524 0.0011
5525 0.0011
5526 0.0011
5527 0.0011
5528 0.0011
5529 0.0011
5530 0.0011
5531 0.0011
5532 0.0011
5533 0.0011
5534 0.0011
5535 0.0011
5536 0.0011
5537 0.0011
5538 0.0011
5539 0.0011
5540 0.0011
5541 0.0011
5542 0.0011
5543 0.0011
5544 0.0011
5545 0.0011
5546 0.0011
5547 0.0011
5548 0.0011
5549 0.0011
5550 0.0011
5551 0.0011
5552 0.0011
5553 0.0011
5554 0.0011
5555 0.0011
5556 0.0011
5557 0.0011
5558 0.0011
5559 0.0011
5560 0.0011
5561 0.0011
5562 0.0011
5563 0.0011
5564 0.0011
5565 0.0011
5566 0.0011
5567 0.0011
5568 0.0011
5569 0.0011
5570 0.0011
5571 0.0011
5572 0.0011
5573 0.0011
5574 0.0011
5575 0.0011
5576 0.0011
5577 0.0011
5578 0.0011
5579 0.0011
5580 0.0011
5581 0.0011
5582 0.0011
5583 0.0011
5584 0.0011
5585 0.0011
5586 0.0011
5587 0.0011
5588 0.0011
5589 0.0011
5590 0.0011
5591 0.0011
5592 0.0011
5593 0.0011
5594 0.0011
5595 0.0011
5596 0.0011
5597 0.0011
5598 0.0011
5599 0.0011
5600 0.0011
5601 0.0011
5602 0.0011
5603 0.0011
5604 0.0011
5605 0.0011
5606 0.0011
5607 0.0011
5608 0.0011
5609 0.0011
5610 0.0011
5611 0.0011
5612 0.0011
5613 0.0011
5614 0.0011
5615 0.0011
5616 0.0011
5617 0.0011
5618 0.0011
5619 0.0011
5620 0.0011
5621 0.0011
5622 0.0011
5623 0.0011
5624 0.0011
5625 0.0011
5626 0.0011
5627 0.0011
5628 0.0011
5629 0.0011
5630 0.0011
5631 0.0011
5632 0.0011
5633 0.0011
5634 0.0011
5635 0.0011
5636 0.0011
5637 0.0011
5638 0.0011
5639 0.0011
5640 0.0011
5641 0.0011
5642 0.0011
5643 0.0011
5644 0.0011
5645 0.0011
5646 0.0011
5647 0.0011
5648 0.0011
5649 0.00115
5650 0.00115
5651 0.00115
5652 0.00115
5653 0.00115
5654 0.00115
5655 0.00115
5656 0.00115
5657 0.00115
5658 0.00115
5659 0.00115
5660 0.00115
5661 0.00115
5662 0.00115
5663 0.00115
5664 0.00115
5665 0.00115
5666 0.00115
5667 0.00115
5668 0.00115
5669 0.00115
5670 0.00115
5671 0.00115
5672 0.00115
5673 0.00115
5674 0.00115
5675 0.00115
5676 0.00115
5677 0.00115
5678 0.00115
5679 0.00115
5680 0.00115
5681 0.00115
5682 0.00115
5683 0.00115
5684 0.00115
5685 0.00115
5686 0.00115
5687 0.00115
5688 0.00115
5689 0.00115
5690 0.00115
5691 0.00115
5692 0.00115
5693 0.00115
5694 0.00115
5695 0.00115
5696 0.00115
5697 0.00115
5698 0.00115
5699 0.00115
5700 0.00115
5701 0.00115
5702 0.00115
5703 0.00115
5704 0.00115
5705 0.00115
5706 0.00115
5707 0.00115
5708 0.00115
5709 0.00115
5710 0.00115
5711 0.00115
5712 0.00115
5713 0.00115
5714 0.00115
5715 0.00115
5716 0.00115
5717 0.00115
5718 0.00115
5719 0.00115
5720 0.00115
5721 0.00115
5722 0.00115
5723 0.00115
5724 0.00115
5725 0.00115
5726 0.00115
5727 0.00115
5728 0.00115
5729 0.00115
5730 0.00115
5731 0.00115
5732 0.00115
5733 0.00115
5734 0.00115
5735 0.00115
5736 0.00115
5737 0.00115
5738 0.00115
5739 0.00115
5740 0.00115
5741 0.00115
5742 0.00115
5743 0.00115
5744 0.00115
5745 0.00115
5746 0.00115
5747 0.00115
5748 0.00115
5749 0.00115
5750 0.00115
5751 0.00115
5752 0.00115
5753 0.00115
5754 0.00115
5755 0.00115
5756 0.00115
5757 0.00115
5758 0.00115
5759 0.00115
5760 0.00115
5761 0.00115
5762 0.00115
5763 0.00115
5764 0.00115
5765 0.00115
5766 0.00115
5767 0.00115
5768 0.00115
5769 0.00115
5770 0.00115
5771 0.00115
5772 0.00115
5773 0.00115
5774 0.00115
5775 0.00115
5776 0.00115
5777 0.00115
5778 0.00115
5779 0.00115
5780 0.00115
5781 0.00115
5782 0.00115
5783 0.00115
5784 0.00115
5785 0.00115
5786 0.00115
5787 0.00115
5788 0.00115
5789 0.00115
5790 0.00115
5791 0.00115
5792 0.00115
5793 0.00115
5794 0.00115
5795 0.00115
5796 0.00115
5797 0.00115
5798 0.00115
5799 0.00115
5800 0.00115
5801 0.00115
5802 0.00115
5803 0.00115
5804 0.00115
5805 0.00115
5806 0.00115
5807 0.00115
5808 0.00115
5809 0.00115
5810 0.00115
5811 0.00115
5812 0.00115
5813 0.00115
5814 0.00115
5815 0.00115
5816 0.00115
5817 0.00115
5818 0.00115
5819 0.00115
5820 0.00115
5821 0.00115
5822 0.00115
5823 0.00115
5824 0.00115
5825 0.00115
5826 0.00115
5827 0.00115
5828 0.00115
5829 0.00115
5830 0.00115
5831 0.00115
5832 0.00115
5833 0.00115
5834 0.00115
5835 0.00115
5836 0.00115
5837 0.00115
5838 0.00115
5839 0.00115
5840 0.00115
5841 0.00115
5842 0.00115
5843 0.00115
5844 0.00115
5845 0.00115
5846 0.00115
5847 0.00115
5848 0.00115
5849 0.00115
5850 0.00115
5851 0.00115
5852 0.00115
5853 0.00115
5854 0.00115
5855 0.00115
5856 0.00115
5857 0.00115
5858 0.00115
5859 0.00115
5860 0.00115
5861 0.00115
5862 0.00115
5863 0.00115
5864 0.00115
5865 0.00115
5866 0.00115
5867 0.00115
5868 0.00115
5869 0.00115
5870 0.00115
5871 0.00115
5872 0.00115
5873 0.00115
5874 0.00115
5875 0.00115
5876 0.00115
5877 0.00115
5878 0.00115
5879 0.00115
5880 0.00115
5881 0.00115
5882 0.00115
5883 0.00115
5884 0.00115
5885 0.00115
5886 0.00115
5887 0.00115
5888 0.00115
5889 0.00115
5890 0.00115
5891 0.00115
5892 0.00115
5893 0.00115
5894 0.00115
5895 0.00115
5896 0.00115
5897 0.00115
5898 0.00115
5899 0.00115
5900 0.00115
5901 0.00115
5902 0.00115
5903 0.00115
5904 0.00115
5905 0.00115
5906 0.00115
5907 0.00115
5908 0.00115
5909 0.00115
5910 0.00115
5911 0.00115
5912 0.00115
5913 0.00115
5914 0.00115
5915 0.00115
5916 0.00115
5917 0.00115
5918 0.00115
5919 0.00115
5920 0.00115
5921 0.00115
5922 0.00115
5923 0.00115
5924 0.00115
5925 0.00115
5926 0.00115
5927 0.00115
5928 0.00115
5929 0.00115
5930 0.00115
5931 0.00115
5932 0.00115
5933 0.00115
5934 0.00115
5935 0.00115
5936 0.00115
5937 0.00115
5938 0.00115
5939 0.00115
5940 0.00115
5941 0.00115
5942 0.00115
5943 0.00115
5944 0.00115
5945 0.00115
5946 0.00115
5947 0.00115
5948 0.00115
5949 0.00115
5950 0.00115
5951 0.00115
5952 0.00115
5953 0.00115
5954 0.00115
5955 0.00115
5956 0.00115
5957 0.00115
5958 0.00115
5959 0.00115
5960 0.00115
5961 0.00115
5962 0.00115
5963 0.00115
5964 0.00115
5965 0.00115
5966 0.00115
5967 0.00115
5968 0.00115
5969 0.00115
5970 0.00115
5971 0.00115
5972 0.00115
5973 0.00115
5974 0.00115
5975 0.00115
5976 0.00115
5977 0.00115
5978 0.00115
5979 0.00115
5980 0.00115
5981 0.00115
5982 0.00115
5983 0.00115
5984 0.00115
5985 0.00115
5986 0.00115
5987 0.00115
5988 0.00115
5989 0.00115
5990 0.00115
5991 0.00115
5992 0.0012
5993 0.0012
5994 0.0012
5995 0.0012
5996 0.0012
5997 0.0012
5998 0.0012
5999 0.0012
6000 0.0012
6001 0.0012
6002 0.0012
6003 0.0012
6004 0.0012
6005 0.0012
6006 0.0012
6007 0.0012
6008 0.0012
6009 0.0012
6010 0.0012
6011 0.0012
6012 0.0012
6013 0.0012
6014 0.0012
6015 0.0012
6016 0.0012
6017 0.0012
6018 0.0012
6019 0.0012
6020 0.0012
6021 0.0012
6022 0.0012
6023 0.0012
6024 0.0012
6025 0.0012
6026 0.0012
6027 0.0012
6028 0.0012
6029 0.0012
6030 0.0012
6031 0.0012
6032 0.0012
6033 0.0012
6034 0.0012
6035 0.0012
6036 0.0012
6037 0.0012
6038 0.0012
6039 0.0012
6040 0.0012
6041 0.0012
6042 0.0012
6043 0.0012
6044 0.0012
6045 0.0012
6046 0.0012
6047 0.0012
6048 0.0012
6049 0.0012
6050 0.0012
6051 0.0012
6052 0.0012
6053 0.0012
6054 0.0012
6055 0.0012
6056 0.0012
6057 0.0012
6058 0.0012
6059 0.0012
6060 0.0012
6061 0.0012
6062 0.0012
6063 0.0012
6064 0.0012
6065 0.0012
6066 0.0012
6067 0.0012
6068 0.0012
6069 0.0012
6070 0.0012
6071 0.0012
6072 0.0012
6073 0.0012
6074 0.0012
6075 0.0012
6076 0.0012
6077 0.0012
6078 0.0012
6079 0.0012
6080 0.0012
6081 0.0012
6082 0.0012
6083 0.0012
6084 0.0012
6085 0.0012
6086 0.0012
6087 0.0012
6088 0.0012
6089 0.0012
6090 0.0012
6091 0.0012
6092 0.0012
6093 0.0012
6094 0.0012
6095 0.0012
6096 0.0012
6097 0.0012
6098 0.0012
6099 0.0012
6100 0.0012
6101 0.0012
6102 0.0012
6103 0.0012
6104 0.0012
6105 0.0012
6106 0.0012
6107 0.0012
6108 0.0012
6109 0.0012
6110 0.0012
6111 0.0012
6112 0.0012
6113 0.0012
6114 0.0012
6115 0.0012
6116 0.0012
6117 0.0012
6118 0.0012
6119 0.0012
6120 0.0012
6121 0.0012
6122 0.0012
6123 0.0012
6124 0.0012
6125 0.0012
6126 0.0012
6127 0.0012
6128 0.0012
6129 0.0012
6130 0.0012
6131 0.0012
6132 0.0012
6133 0.0012
6134 0.0012
6135 0.0012
6136 0.0012
6137 0.0012
6138 0.0012
6139 0.0012
6140 0.0012
6141 0.0012
6142 0.0012
6143 0.0012
6144 0.0012
6145 0.0012
6146 0.0012
6147 0.0012
6148 0.0012
6149 0.0012
6150 0.0012
6151 0.0012
6152 0.0012
6153 0.0012
6154 0.0012
6155 0.0012
6156 0.0012
6157 0.0012
6158 0.0012
6159 0.0012
6160 0.0012
6161 0.0012
6162 0.0012
6163 0.0012
6164 0.0012
6165 0.0012
6166 0.0012
6167 0.0012
6168 0.0012
6169 0.0012
6170 0.0012
6171 0.0012
6172 0.0012
6173 0.0012
6174 0.0012
6175 0.0012
6176 0.0012
6177 0.0012
6178 0.0012
6179 0.0012
6180 0.0012
6181 0.0012
6182 0.0012
6183 0.0012
6184 0.0012
6185 0.0012
6186 0.0012
6187 0.0012
6188 0.0012
6189 0.0012
6190 0.0012
6191 0.0012
6192 0.0012
6193 0.0012
6194 0.0012
6195 0.0012
6196 0.0012
6197 0.0012
6198 0.0012
6199 0.0012
6200 0.0012
6201 0.0012
6202 0.0012
6203 0.0012
6204 0.0012
6205 0.0012
6206 0.0012
6207 0.0012
6208 0.0012
6209 0.0012
6210 0.0012
6211 0.0012
6212 0.0012
6213 0.0012
6214 0.0012
6215 0.0012
6216 0.0012
6217 0.0012
6218 0.0012
6219 0.0012
6220 0.0012
6221 0.0012
6222 0.0012
6223 0.0012
6224 0.0012
6225 0.0012
6226 0.0012
6227 0.0012
6228 0.0012
6229 0.0012
6230 0.0012
6231 0.0012
6232 0.0012
6233 0.0012
6234 0.0012
6235 0.0012
6236 0.0012
6237 0.0012
6238 0.0012
6239 0.0012
6240 0.0012
6241 0.0012
6242 0.0012
6243 0.0012
6244 0.0012
6245 0.0012
6246 0.0012
6247 0.0012
6248 0.0012
6249 0.0012
6250 0.0012
6251 0.0012
6252 0.0012
6253 0.0012
6254 0.0012
6255 0.0012
6256 0.0012
6257 0.0012
6258 0.0012
6259 0.0012
6260 0.0012
6261 0.0012
6262 0.0012
6263 0.0012
6264 0.0012
6265 0.0012
6266 0.0012
6267 0.0012
6268 0.0012
6269 0.0012
6270 0.0012
6271 0.0012
6272 0.0012
6273 0.0012
6274 0.0012
6275 0.0012
6276 0.0012
6277 0.0012
6278 0.0012
6279 0.0012
6280 0.0012
6281 0.0012
6282 0.0012
6283 0.0012
6284 0.0012
6285 0.0012
6286 0.0012
6287 0.0012
6288 0.0012
6289 0.0012
6290 0.0012
6291 0.0012
6292 0.0012
6293 0.0012
6294 0.0012
6295 0.0012
6296 0.0012
6297 0.0012
6298 0.0012
6299 0.0012
6300 0.0012
6301 0.0012
6302 0.0012
6303 0.0012
6304 0.0012
6305 0.0012
6306 0.0012
6307 0.0012
6308 0.0012
6309 0.0012
6310 0.0012
6311 0.0012
6312 0.0012
6313 0.0012
6314 0.0012
6315 0.0012
6316 0.0012
6317 0.0012
6318 0.0012
6319 0.0012
6320 0.0012
6321 0.0012
6322 0.0012
6323 0.0012
6324 0.0012
6325 0.0012
6326 0.0012
6327 0.0012
6328 0.0012
6329 0.0012
6330 0.0012
6331 0.0012
6332 0.0012
6333 0.0012
6334 0.0012
6335 0.0012
6336 0.0012
6337 0.0012
6338 0.0012
6339 0.0012
6340 0.0012
6341 0.0012
6342 0.0012
6343 0.0012
6344 0.0012
6345 0.0012
6346 0.0012
6347 0.0012
6348 0.0012
6349 0.0012
6350 0.0012
6351 0.0012
6352 0.0012
6353 0.0012
6354 0.0012
6355 0.0012
6356 0.0012
6357 0.0012
6358 0.0012
6359 0.0012
6360 0.0012
6361 0.0012
6362 0.0012
6363 0.0012
6364 0.0012
6365 0.0012
6366 0.0012
6367 0.0012
6368 0.0012
6369 0.0012
6370 0.0012
6371 0.0012
6372 0.0012
6373 0.0012
6374 0.0012
6375 0.0012
6376 0.0012
6377 0.0012
6378 0.0012
6379 0.0012
6380 0.0012
6381 0.0012
6382 0.0012
6383 0.0012
6384 0.0012
6385 0.0012
6386 0.0012
6387 0.0012
6388 0.0012
6389 0.0012
6390 0.0012
6391 0.0012
6392 0.0012
6393 0.0012
6394 0.0012
6395 0.0012
6396 0.0012
6397 0.0012
6398 0.0012
6399 0.0012
6400 0.0012
6401 0.0012
6402 0.0012
6403 0.0012
6404 0.0012
6405 0.0012
6406 0.0012
6407 0.0012
6408 0.0012
6409 0.0012
6410 0.0012
6411 0.0012
6412 0.0012
6413 0.0012
6414 0.0012
6415 0.0012
6416 0.0012
6417 0.0012
6418 0.0012
6419 0.0012
6420 0.0012
6421 0.0012
6422 0.0012
6423 0.0012
6424 0.0012
6425 0.0012
6426 0.0012
6427 0.0012
6428 0.0012
6429 0.0012
6430 0.0012
6431 0.0012
6432 0.0012
6433 0.0012
6434 0.0012
6435 0.0012
6436 0.0012
6437 0.0012
6438 0.0012
6439 0.0012
6440 0.0012
6441 0.0012
6442 0.0012
6443 0.0012
6444 0.0012
6445 0.0012
6446 0.0012
6447 0.0012
6448 0.0012
6449 0.0012
6450 0.0012
6451 0.0012
6452 0.0012
6453 0.0012
6454 0.0012
6455 0.0012
6456 0.0012
6457 0.0012
6458 0.0012
6459 0.0012
6460 0.0012
6461 0.0012
6462 0.0012
6463 0.0012
6464 0.0012
6465 0.0012
6466 0.0012
6467 0.0012
6468 0.0012
6469 0.0012
6470 0.0012
6471 0.0012
6472 0.0012
6473 0.0012
6474 0.0012
6475 0.0012
6476 0.0012
6477 0.0012
6478 0.0012
6479 0.0012
6480 0.0012
6481 0.0012
6482 0.0012
6483 0.0012
6484 0.0012
6485 0.0012
6486 0.0012
6487 0.0012
6488 0.0012
6489 0.0012
6490 0.0012
6491 0.0012
6492 0.0012
6493 0.0012
6494 0.0012
6495 0.0012
6496 0.0012
6497 0.0012
6498 0.0012
6499 0.0012
6500 0.0012
6501 0.0012
6502 0.0012
6503 0.0012
6504 0.0012
6505 0.0012
6506 0.0012
6507 0.0012
6508 0.0012
6509 0.0012
6510 0.0012
6511 0.0012
6512 0.0012
6513 0.0012
6514 0.0012
6515 0.0012
6516 0.0012
6517 0.0012
6518 0.0012
6519 0.0012
6520 0.0012
6521 0.0012
6522 0.0012
6523 0.0012
6524 0.0012
6525 0.0012
6526 0.0012
6527 0.0012
6528 0.0012
6529 0.0012
6530 0.0012
6531 0.0012
6532 0.0012
6533 0.0012
6534 0.0012
6535 0.0012
6536 0.0012
6537 0.0012
6538 0.0012
6539 0.0012
6540 0.0012
6541 0.0012
6542 0.0012
6543 0.0012
6544 0.0012
6545 0.0012
6546 0.0012
6547 0.0012
6548 0.0012
6549 0.0012
6550 0.0012
6551 0.0012
6552 0.0012
6553 0.0012
6554 0.0012
6555 0.0012
6556 0.0012
6557 0.0012
6558 0.0012
6559 0.0012
6560 0.0012
6561 0.0012
6562 0.0012
6563 0.0012
6564 0.0012
6565 0.0012
6566 0.0012
6567 0.0012
6568 0.0012
6569 0.0012
6570 0.0012
6571 0.0012
6572 0.0012
6573 0.0012
6574 0.0012
6575 0.0012
6576 0.0012
6577 0.0012
6578 0.0012
6579 0.0012
6580 0.0012
6581 0.0012
6582 0.0012
6583 0.0012
6584 0.0012
6585 0.0012
6586 0.0012
6587 0.0012
6588 0.0012
6589 0.0012
6590 0.0012
6591 0.0012
6592 0.0012
6593 0.0012
6594 0.0012
6595 0.0012
6596 0.0012
6597 0.0012
6598 0.0012
6599 0.0012
6600 0.0012
6601 0.0012
6602 0.0012
6603 0.0012
6604 0.0012
6605 0.0012
6606 0.0012
6607 0.0012
6608 0.0012
6609 0.0012
6610 0.0012
6611 0.0012
6612 0.0012
6613 0.0012
6614 0.0012
6615 0.0012
6616 0.0012
6617 0.0012
6618 0.0012
6619 0.0012
6620 0.0012
6621 0.0012
6622 0.0012
6623 0.0012
6624 0.0012
6625 0.0012
6626 0.0012
6627 0.0012
6628 0.0012
6629 0.0012
6630 0.0012
6631 0.0012
6632 0.0012
6633 0.0012
6634 0.0012
6635 0.0012
6636 0.0012
6637 0.0012
6638 0.0012
6639 0.0012
6640 0.0012
6641 0.0012
6642 0.0012
6643 0.0012
6644 0.0012
6645 0.0012
6646 0.0012
6647 0.0012
6648 0.0012
6649 0.0012
6650 0.0012
6651 0.0012
6652 0.0012
6653 0.0012
6654 0.0012
6655 0.0012
6656 0.0012
6657 0.0012
6658 0.0012
6659 0.0012
6660 0.0012
6661 0.0012
6662 0.0012
6663 0.0012
6664 0.0012
6665 0.0012
6666 0.0012
6667 0.0012
6668 0.0012
6669 0.0012
6670 0.0012
6671 0.0012
6672 0.0012
6673 0.0012
6674 0.0012
6675 0.0012
6676 0.0012
6677 0.0012
6678 0.0012
6679 0.0012
6680 0.0012
6681 0.0012
6682 0.0012
6683 0.0012
6684 0.0012
6685 0.0012
6686 0.0012
6687 0.0012
6688 0.0012
6689 0.0012
6690 0.0012
6691 0.0012
6692 0.0012
6693 0.0012
6694 0.0012
6695 0.0012
6696 0.0012
6697 0.0012
6698 0.0012
6699 0.0012
6700 0.0012
6701 0.0012
6702 0.0012
6703 0.0012
6704 0.0012
6705 0.0012
6706 0.0012
6707 0.0012
6708 0.0012
6709 0.0012
6710 0.0012
6711 0.0012
6712 0.0012
6713 0.0012
6714 0.0012
6715 0.0012
6716 0.0012
6717 0.0012
6718 0.0012
6719 0.0012
6720 0.0012
6721 0.0012
6722 0.0012
6723 0.0012
6724 0.0012
6725 0.0012
6726 0.0012
6727 0.0012
6728 0.0012
6729 0.0012
6730 0.0012
6731 0.0012
6732 0.0012
6733 0.0012
6734 0.0012
6735 0.0012
6736 0.0012
6737 0.0012
6738 0.0012
6739 0.0012
6740 0.0012
6741 0.0012
6742 0.0012
6743 0.0012
6744 0.0012
6745 0.0012
6746 0.0012
6747 0.0012
6748 0.0012
6749 0.0012
6750 0.0012
6751 0.0012
6752 0.0012
6753 0.0012
6754 0.0012
6755 0.0012
6756 0.0012
6757 0.0012
6758 0.0012
6759 0.0012
6760 0.0012
6761 0.0012
6762 0.0012
6763 0.0012
6764 0.0012
6765 0.0012
6766 0.0012
6767 0.0012
6768 0.0012
6769 0.0012
6770 0.0012
6771 0.0012
6772 0.0012
6773 0.0012
6774 0.0012
6775 0.0012
6776 0.0012
6777 0.0012
6778 0.0012
6779 0.0012
6780 0.0012
6781 0.0012
6782 0.0012
6783 0.0012
6784 0.0012
6785 0.0012
6786 0.0012
6787 0.0012
6788 0.0012
6789 0.0012
6790 0.0012
6791 0.0012
6792 0.0012
6793 0.0012
6794 0.0012
6795 0.0012
6796 0.0012
6797 0.0012
6798 0.0012
6799 0.0012
6800 0.0012
6801 0.0012
6802 0.0012
6803 0.0012
6804 0.0012
6805 0.0012
6806 0.0012
6807 0.0012
6808 0.0012
6809 0.0012
6810 0.0012
6811 0.0012
6812 0.0012
6813 0.0012
6814 0.0012
6815 0.0012
6816 0.0012
6817 0.0012
6818 0.0012
6819 0.0012
6820 0.0012
6821 0.0012
6822 0.0012
6823 0.0012
6824 0.0012
6825 0.0012
6826 0.0012
6827 0.0012
6828 0.0012
6829 0.0012
6830 0.0012
6831 0.0012
6832 0.0012
6833 0.0012
6834 0.0012
6835 0.0012
6836 0.0012
6837 0.0012
6838 0.0012
6839 0.0012
6840 0.0012
6841 0.0012
6842 0.0012
6843 0.0012
6844 0.0012
6845 0.0012
6846 0.0012
6847 0.0012
6848 0.0012
6849 0.0012
6850 0.0012
6851 0.0012
6852 0.0012
6853 0.0012
6854 0.0012
6855 0.0012
6856 0.0012
6857 0.0012
6858 0.0012
6859 0.0012
6860 0.0012
6861 0.0012
6862 0.0012
6863 0.0012
6864 0.0012
6865 0.0012
6866 0.0012
6867 0.0012
6868 0.0012
6869 0.0012
6870 0.0012
6871 0.0012
6872 0.0012
6873 0.0012
6874 0.0012
6875 0.0012
6876 0.0012
6877 0.0012
6878 0.0012
6879 0.0012
6880 0.0012
6881 0.0012
6882 0.0012
6883 0.0012
6884 0.0012
6885 0.0012
6886 0.0012
6887 0.0012
6888 0.0012
6889 0.0012
6890 0.0012
6891 0.0012
6892 0.0012
6893 0.0012
6894 0.0012
6895 0.0012
6896 0.0012
6897 0.0012
6898 0.0012
6899 0.0012
6900 0.0012
6901 0.0012
6902 0.0012
6903 0.0012
6904 0.0012
6905 0.0012
6906 0.0012
6907 0.0012
6908 0.0012
6909 0.0012
6910 0.0012
6911 0.0012
6912 0.0012
6913 0.0012
6914 0.0012
6915 0.0012
6916 0.0012
6917 0.0012
6918 0.0012
6919 0.0012
6920 0.0012
6921 0.0012
6922 0.0012
6923 0.0012
6924 0.0012
6925 0.0012
6926 0.0012
6927 0.0012
6928 0.0012
6929 0.0012
6930 0.0012
6931 0.0012
6932 0.0012
6933 0.0012
6934 0.0012
6935 0.0012
6936 0.0012
6937 0.0012
6938 0.0012
6939 0.0012
6940 0.0012
6941 0.0012
6942 0.0012
6943 0.0012
6944 0.0012
6945 0.0012
6946 0.0012
6947 0.0012
6948 0.0012
6949 0.0012
6950 0.0012
6951 0.0012
6952 0.0012
6953 0.0012
6954 0.0012
6955 0.0012
6956 0.0012
6957 0.0012
6958 0.0012
6959 0.0012
6960 0.0012
6961 0.0012
6962 0.0012
6963 0.0012
6964 0.0012
6965 0.0012
6966 0.0012
6967 0.0012
6968 0.0012
6969 0.0012
6970 0.0012
6971 0.0012
6972 0.0012
6973 0.0012
6974 0.0012
6975 0.0012
6976 0.0012
6977 0.0012
6978 0.0012
6979 0.0012
6980 0.0012
6981 0.0012
6982 0.0012
6983 0.0012
6984 0.0012
6985 0.0012
6986 0.0012
6987 0.0012
6988 0.0012
6989 0.0012
6990 0.0012
6991 0.0012
6992 0.0012
6993 0.0012
6994 0.0012
6995 0.0012
6996 0.0012
6997 0.0012
6998 0.0012
6999 0.0012
7000 0.0012
7001 0.0012
7002 0.0012
7003 0.0012
7004 0.0012
7005 0.0012
7006 0.0012
7007 0.0012
7008 0.0012
7009 0.0012
7010 0.0012
7011 0.0012
7012 0.0012
7013 0.0012
7014 0.0012
7015 0.0012
7016 0.0012
7017 0.0012
7018 0.0012
7019 0.0012
7020 0.0012
7021 0.0012
7022 0.0012
7023 0.0012
7024 0.0012
7025 0.0012
7026 0.0012
7027 0.0012
7028 0.0012
7029 0.0012
7030 0.0012
7031 0.0012
7032 0.0012
7033 0.0012
7034 0.0012
7035 0.0012
7036 0.0012
7037 0.0012
7038 0.0012
7039 0.0012
7040 0.0012
7041 0.0012
7042 0.0012
7043 0.0012
7044 0.0012
7045 0.0012
7046 0.0012
7047 0.0012
7048 0.0012
7049 0.0012
7050 0.0012
7051 0.0012
7052 0.0012
7053 0.0012
7054 0.0012
7055 0.0012
7056 0.0012
7057 0.0012
7058 0.0012
7059 0.0012
7060 0.0012
7061 0.0012
7062 0.0012
7063 0.0012
7064 0.0012
7065 0.0012
7066 0.0012
7067 0.0012
7068 0.0012
7069 0.0012
7070 0.0012
7071 0.0012
7072 0.0012
7073 0.0012
7074 0.0012
7075 0.0012
7076 0.0012
7077 0.0012
7078 0.0012
7079 0.0012
7080 0.0012
7081 0.0012
7082 0.0012
7083 0.0012
7084 0.0012
7085 0.0012
7086 0.0012
7087 0.0012
7088 0.0012
7089 0.0012
7090 0.0012
7091 0.0012
7092 0.0012
7093 0.0012
7094 0.0012
7095 0.0012
7096 0.0012
7097 0.0012
7098 0.0012
7099 0.0012
7100 0.0012
7101 0.0012
7102 0.0012
7103 0.0012
7104 0.0012
7105 0.0012
7106 0.0012
7107 0.0012
7108 0.0012
7109 0.0012
7110 0.0012
7111 0.0012
7112 0.0012
7113 0.0012
7114 0.0012
7115 0.0012
7116 0.0012
7117 0.0012
7118 0.0012
7119 0.0012
7120 0.0012
7121 0.0012
7122 0.0012
7123 0.0012
7124 0.0012
7125 0.0012
7126 0.0012
7127 0.0012
7128 0.0012
7129 0.0012
7130 0.0012
7131 0.0012
7132 0.0012
7133 0.0012
7134 0.0012
7135 0.0012
7136 0.0012
7137 0.0012
7138 0.0012
7139 0.0012
7140 0.0012
7141 0.0012
7142 0.0012
7143 0.0012
7144 0.0012
7145 0.0012
7146 0.0012
7147 0.0012
7148 0.0012
7149 0.0012
7150 0.0012
7151 0.0012
7152 0.0012
7153 0.0012
7154 0.0012
7155 0.0012
7156 0.0012
7157 0.0012
7158 0.0012
7159 0.0012
7160 0.0012
7161 0.0012
7162 0.0012
7163 0.0012
7164 0.0012
7165 0.0012
7166 0.0012
7167 0.0012
7168 0.0012
7169 0.0012
7170 0.0012
7171 0.0012
7172 0.0012
7173 0.0012
7174 0.0012
7175 0.0012
7176 0.0012
7177 0.0012
7178 0.0012
7179 0.0012
7180 0.0012
7181 0.0012
7182 0.0012
7183 0.0012
7184 0.0012
7185 0.0012
7186 0.0012
7187 0.0012
7188 0.0012
7189 0.0012
7190 0.0012
7191 0.0012
7192 0.0012
7193 0.0012
7194 0.0012
7195 0.0012
7196 0.0012
7197 0.0012
7198 0.0012
7199 0.0012
7200 0.0012
7201 0.0012
7202 0.0012
7203 0.0012
7204 0.0012
7205 0.0012
7206 0.0012
7207 0.0012
7208 0.0012
7209 0.0012
7210 0.0012
7211 0.0012
7212 0.0012
7213 0.0012
7214 0.0012
7215 0.0012
7216 0.0012
7217 0.0012
7218 0.0012
7219 0.0012
7220 0.0012
7221 0.0012
7222 0.0012
7223 0.0012
7224 0.0012
7225 0.0012
7226 0.0012
7227 0.0012
7228 0.0012
7229 0.0012
7230 0.0012
7231 0.0012
7232 0.0012
7233 0.0012
7234 0.0012
7235 0.0012
7236 0.0012
7237 0.0012
7238 0.0012
7239 0.0012
7240 0.0012
7241 0.0012
7242 0.0012
7243 0.0012
7244 0.0012
7245 0.0012
7246 0.0012
7247 0.0012
7248 0.0012
7249 0.0012
7250 0.0012
7251 0.0012
7252 0.0012
7253 0.0012
7254 0.0012
7255 0.0012
7256 0.0012
7257 0.0012
7258 0.0012
7259 0.0012
7260 0.0012
7261 0.0012
7262 0.0012
7263 0.0012
7264 0.0012
7265 0.0012
7266 0.0012
7267 0.0012
7268 0.0012
7269 0.0012
7270 0.0012
7271 0.0012
7272 0.0012
7273 0.0012
7274 0.0012
7275 0.0012
7276 0.0012
7277 0.0012
7278 0.0012
7279 0.0012
7280 0.0012
7281 0.0012
7282 0.0012
7283 0.0012
7284 0.0012
7285 0.0012
7286 0.0012
7287 0.0012
7288 0.0012
7289 0.0012
7290 0.0012
7291 0.0012
7292 0.0012
7293 0.0012
7294 0.0012
7295 0.0012
7296 0.0012
7297 0.0012
7298 0.0012
7299 0.0012
7300 0.0012
7301 0.0012
7302 0.0012
7303 0.0012
7304 0.0012
7305 0.0012
7306 0.0012
7307 0.0012
7308 0.0012
7309 0.0012
7310 0.0012
7311 0.0012
7312 0.0012
7313 0.0012
7314 0.0012
7315 0.0012
7316 0.0012
7317 0.0012
7318 0.0012
7319 0.0012
7320 0.0012
7321 0.0012
7322 0.0012
7323 0.0012
7324 0.0012
7325 0.0012
7326 0.0012
7327 0.0012
7328 0.0012
7329 0.0012
7330 0.0012
7331 0.0012
7332 0.0012
7333 0.0012
7334 0.0012
7335 0.0012
7336 0.0012
7337 0.0012
7338 0.0012
7339 0.0012
7340 0.0012
7341 0.0012
7342 0.0012
7343 0.0012
7344 0.0012
7345 0.0012
7346 0.0012
7347 0.0012
7348 0.0012
7349 0.0012
7350 0.0012
7351 0.0012
7352 0.0012
7353 0.0012
7354 0.0012
7355 0.0012
7356 0.0012
7357 0.0012
7358 0.0012
7359 0.0012
7360 0.0012
7361 0.0012
7362 0.0012
7363 0.0012
7364 0.0012
7365 0.0012
7366 0.0012
7367 0.0012
7368 0.0012
7369 0.0012
7370 0.0012
7371 0.0012
7372 0.0012
7373 0.0012
7374 0.0012
7375 0.0012
7376 0.0012
7377 0.0012
7378 0.0012
7379 0.0012
7380 0.0012
7381 0.0012
7382 0.0012
7383 0.0012
7384 0.0012
7385 0.0012
7386 0.0012
7387 0.0012
7388 0.0012
7389 0.0012
7390 0.0012
7391 0.0012
7392 0.0012
7393 0.0012
7394 0.0012
7395 0.0012
7396 0.0012
7397 0.0012
7398 0.0012
7399 0.0012
7400 0.0012
7401 0.0012
7402 0.0012
7403 0.0012
7404 0.0012
7405 0.0012
7406 0.0012
7407 0.0012
7408 0.0012
7409 0.0012
7410 0.0012
7411 0.0012
7412 0.0012
7413 0.0012
7414 0.0012
7415 0.0012
7416 0.0012
7417 0.0012
7418 0.0012
7419 0.0012
7420 0.0012
7421 0.0012
7422 0.0012
7423 0.0012
7424 0.0012
7425 0.0012
7426 0.0012
7427 0.0012
7428 0.0012
7429 0.0012
7430 0.0012
7431 0.0012
7432 0.0012
7433 0.0012
7434 0.0012
7435 0.0012
7436 0.0012
7437 0.0012
7438 0.0012
7439 0.0012
7440 0.0012
7441 0.0012
7442 0.0012
7443 0.0012
7444 0.0012
7445 0.0012
7446 0.0012
7447 0.0012
7448 0.0012
7449 0.0012
7450 0.0012
7451 0.0012
7452 0.0012
7453 0.0012
7454 0.0012
7455 0.0012
7456 0.0012
7457 0.0012
7458 0.0012
7459 0.0012
7460 0.0012
7461 0.0012
7462 0.0012
7463 0.0012
7464 0.0012
7465 0.0012
7466 0.0012
7467 0.0012
7468 0.0012
7469 0.0012
7470 0.0012
7471 0.0012
7472 0.0012
7473 0.0012
7474 0.0012
7475 0.0012
7476 0.0012
7477 0.0012
7478 0.0012
7479 0.0012
7480 0.0012
7481 0.0012
7482 0.0012
7483 0.0012
7484 0.0012
7485 0.0012
7486 0.0012
7487 0.0012
7488 0.0012
7489 0.0012
7490 0.0012
7491 0.0012
7492 0.0012
7493 0.0012
7494 0.0012
7495 0.0012
7496 0.0012
7497 0.0012
7498 0.0012
7499 0.0012
7500 0.0012
7501 0.0012
7502 0.0012
7503 0.0012
7504 0.0012
7505 0.0012
7506 0.0012
7507 0.0012
7508 0.0012
7509 0.0012
7510 0.0012
7511 0.0012
7512 0.0012
7513 0.0012
7514 0.0012
7515 0.0012
7516 0.0012
7517 0.0012
7518 0.0012
7519 0.0012
7520 0.0012
7521 0.0012
7522 0.0012
7523 0.0012
7524 0.0012
7525 0.0012
7526 0.0012
7527 0.0012
7528 0.0012
7529 0.0012
7530 0.0012
7531 0.0012
7532 0.0012
7533 0.0012
7534 0.0012
7535 0.0012
7536 0.0012
7537 0.0012
7538 0.0012
7539 0.0012
7540 0.0012
7541 0.0012
7542 0.0012
7543 0.0012
7544 0.0012
7545 0.0012
7546 0.0012
7547 0.0012
7548 0.0012
7549 0.0012
7550 0.0012
7551 0.0012
7552 0.0012
7553 0.0012
7554 0.0012
7555 0.0012
7556 0.0012
7557 0.0012
7558 0.0012
7559 0.0012
7560 0.0012
7561 0.0012
7562 0.0012
7563 0.0012
7564 0.0012
7565 0.0012
7566 0.0012
7567 0.0012
7568 0.0012
7569 0.0012
7570 0.0012
7571 0.0012
7572 0.0012
7573 0.0012
7574 0.0012
7575 0.0012
7576 0.0012
7577 0.0012
7578 0.0012
7579 0.0012
7580 0.0012
7581 0.0012
7582 0.0012
7583 0.0012
7584 0.0012
7585 0.0012
7586 0.0012
7587 0.0012
7588 0.0012
7589 0.0012
7590 0.0012
7591 0.0012
7592 0.0012
7593 0.0012
7594 0.0012
7595 0.0012
7596 0.0012
7597 0.0012
7598 0.0012
7599 0.0012
7600 0.0012
7601 0.0012
7602 0.0012
7603 0.0012
7604 0.0012
7605 0.0012
7606 0.0012
7607 0.0012
7608 0.0012
7609 0.0012
7610 0.0012
7611 0.0012
7612 0.0012
7613 0.0012
7614 0.0012
7615 0.0012
7616 0.0012
7617 0.0012
7618 0.0012
7619 0.0012
7620 0.0012
7621 0.0012
7622 0.0012
7623 0.0012
7624 0.0012
7625 0.0012
7626 0.0012
7627 0.0012
7628 0.0012
7629 0.0012
7630 0.0012
7631 0.0012
7632 0.0012
7633 0.0012
7634 0.0012
7635 0.0012
7636 0.0012
7637 0.0012
7638 0.0012
7639 0.0012
7640 0.0012
7641 0.0012
7642 0.0012
7643 0.0012
7644 0.0012
7645 0.0012
7646 0.0012
7647 0.0012
7648 0.0012
7649 0.0012
7650 0.0012
7651 0.0012
7652 0.0012
7653 0.0012
7654 0.0012
7655 0.0012
7656 0.0012
7657 0.0012
7658 0.0012
7659 0.0012
7660 0.0012
7661 0.0012
7662 0.0012
7663 0.0012
7664 0.0012
7665 0.0012
7666 0.0012
7667 0.0012
7668 0.0012
7669 0.0012
7670 0.0012
7671 0.0012
7672 0.0012
7673 0.0012
7674 0.0012
7675 0.0012
7676 0.0012
7677 0.0012
7678 0.0012
7679 0.0012
7680 0.0012
7681 0.0012
7682 0.0012
7683 0.0012
7684 0.0012
7685 0.0012
7686 0.0012
7687 0.0012
7688 0.0012
7689 0.0012
7690 0.0012
7691 0.0012
7692 0.0012
7693 0.0012
7694 0.0012
7695 0.0012
7696 0.0012
7697 0.0012
7698 0.0012
7699 0.0012
7700 0.0012
7701 0.0012
7702 0.0012
7703 0.0012
7704 0.0012
7705 0.0012
7706 0.0012
7707 0.0012
7708 0.0012
7709 0.0012
7710 0.0012
7711 0.0012
7712 0.0012
7713 0.0012
7714 0.0012
7715 0.0012
7716 0.0012
7717 0.0012
7718 0.0012
7719 0.0012
7720 0.0012
7721 0.0012
7722 0.0012
7723 0.0012
7724 0.0012
7725 0.0012
7726 0.0012
7727 0.0012
7728 0.0012
7729 0.0012
7730 0.0012
7731 0.0012
7732 0.0012
7733 0.0012
7734 0.0012
7735 0.0012
7736 0.0012
7737 0.0012
7738 0.0012
7739 0.0012
7740 0.0012
7741 0.0012
7742 0.0012
7743 0.0012
7744 0.0012
7745 0.0012
7746 0.0012
7747 0.0012
7748 0.0012
7749 0.0012
7750 0.0012
7751 0.0012
7752 0.0012
7753 0.0012
7754 0.0012
7755 0.0012
7756 0.0012
7757 0.0012
7758 0.0012
7759 0.0012
7760 0.0012
7761 0.0012
7762 0.0012
7763 0.0012
7764 0.0012
7765 0.0012
7766 0.0012
7767 0.0012
7768 0.0012
7769 0.0012
7770 0.0012
7771 0.0012
7772 0.0012
7773 0.0012
7774 0.0012
7775 0.0012
7776 0.0012
7777 0.0012
7778 0.0012
7779 0.0012
7780 0.0012
7781 0.0012
7782 0.0012
7783 0.0012
7784 0.0012
7785 0.0012
7786 0.0012
7787 0.0012
7788 0.0012
7789 0.0012
7790 0.0012
7791 0.0012
7792 0.0012
7793 0.0012
7794 0.0012
7795 0.0012
7796 0.0012
7797 0.0012
7798 0.0012
7799 0.0012
7800 0.0012
7801 0.0012
7802 0.0012
7803 0.0012
7804 0.0012
7805 0.0012
7806 0.0012
7807 0.0012
7808 0.0012
7809 0.0012
7810 0.0012
7811 0.0012
7812 0.0012
7813 0.0012
7814 0.0012
7815 0.0012
7816 0.0012
7817 0.0012
7818 0.0012
7819 0.0012
7820 0.0012
7821 0.0012
7822 0.0012
7823 0.0012
7824 0.0012
7825 0.0012
7826 0.0012
7827 0.0012
7828 0.0012
7829 0.0012
7830 0.0012
7831 0.0012
7832 0.0012
7833 0.0012
7834 0.0012
7835 0.0012
7836 0.0012
7837 0.0012
7838 0.0012
7839 0.0012
7840 0.0012
7841 0.0012
7842 0.0012
7843 0.0012
7844 0.0012
7845 0.0012
7846 0.0012
7847 0.0012
7848 0.0012
7849 0.0012
7850 0.0012
7851 0.0012
7852 0.0012
7853 0.0012
7854 0.0012
7855 0.0012
7856 0.0012
7857 0.0012
7858 0.0012
7859 0.0012
7860 0.0012
7861 0.0012
7862 0.0012
7863 0.0012
7864 0.0012
7865 0.0012
7866 0.0012
7867 0.0012
7868 0.0012
7869 0.0012
7870 0.0012
7871 0.0012
7872 0.0012
7873 0.0012
7874 0.0012
7875 0.0012
7876 0.0012
7877 0.0012
7878 0.0012
7879 0.0012
7880 0.0012
7881 0.0012
7882 0.0012
7883 0.0012
7884 0.0012
7885 0.0012
7886 0.0012
7887 0.0012
7888 0.0012
7889 0.0012
7890 0.0012
7891 0.0012
7892 0.0012
7893 0.0012
7894 0.0012
7895 0.0012
7896 0.0012
7897 0.0012
7898 0.0012
7899 0.0012
7900 0.0012
7901 0.0012
7902 0.0012
7903 0.0012
7904 0.0012
7905 0.0012
7906 0.0012
7907 0.0012
7908 0.0012
7909 0.0012
7910 0.0012
7911 0.0012
7912 0.0012
7913 0.0012
7914 0.0012
7915 0.0012
7916 0.0012
7917 0.0012
7918 0.0012
7919 0.0012
7920 0.0012
7921 0.0012
7922 0.0012
7923 0.0012
7924 0.0012
7925 0.0012
7926 0.0012
7927 0.0012
7928 0.0012
7929 0.0012
7930 0.0012
7931 0.0012
7932 0.0012
7933 0.0012
7934 0.0012
7935 0.0012
7936 0.0012
7937 0.0012
7938 0.0012
7939 0.0012
7940 0.0012
7941 0.0012
7942 0.0012
7943 0.0012
7944 0.0012
7945 0.0012
7946 0.0012
7947 0.0012
7948 0.0012
7949 0.0012
7950 0.0012
7951 0.0012
7952 0.0012
7953 0.0012
7954 0.0012
7955 0.0012
7956 0.0012
7957 0.0012
7958 0.0012
7959 0.0012
7960 0.0012
7961 0.0012
7962 0.0012
7963 0.0012
7964 0.0012
7965 0.0012
7966 0.0012
7967 0.0012
7968 0.0012
7969 0.0012
7970 0.0012
7971 0.0012
7972 0.0012
7973 0.0012
7974 0.0012
7975 0.0012
7976 0.0012
7977 0.0012
7978 0.0012
7979 0.0012
7980 0.0012
7981 0.0012
7982 0.0012
7983 0.0012
7984 0.0012
7985 0.0012
7986 0.0012
7987 0.0012
7988 0.0012
7989 0.0012
7990 0.0012
7991 0.0012
7992 0.0012
7993 0.0012
7994 0.0012
7995 0.0012
7996 0.0012
7997 0.0012
7998 0.0012
7999 0.0012
8000 0.0012
8001 0.0012
8002 0.0012
8003 0.0012
8004 0.0012
8005 0.0012
8006 0.0012
8007 0.0012
8008 0.0012
8009 0.0012
8010 0.0012
8011 0.0012
8012 0.0012
8013 0.0012
8014 0.0012
8015 0.0012
8016 0.0012
8017 0.0012
8018 0.0012
8019 0.0012
8020 0.0012
8021 0.0012
8022 0.0012
8023 0.0012
8024 0.0012
8025 0.0012
8026 0.0012
8027 0.0012
8028 0.0012
8029 0.0012
8030 0.0012
8031 0.0012
8032 0.0012
8033 0.0012
8034 0.0012
8035 0.0012
8036 0.0012
8037 0.0012
8038 0.0012
8039 0.0012
8040 0.0012
8041 0.0012
8042 0.0012
8043 0.0012
8044 0.0012
8045 0.0012
8046 0.0012
8047 0.0012
8048 0.0012
8049 0.0012
8050 0.0012
8051 0.0012
8052 0.0012
8053 0.0012
8054 0.0012
8055 0.0012
8056 0.0012
8057 0.0012
8058 0.0012
8059 0.0012
8060 0.0012
8061 0.0012
8062 0.0012
8063 0.0012
8064 0.0012
8065 0.0012
8066 0.0012
8067 0.0012
8068 0.0012
8069 0.0012
8070 0.0012
8071 0.0012
8072 0.0012
8073 0.0012
8074 0.0012
8075 0.0012
8076 0.0012
8077 0.0012
8078 0.0012
8079 0.0012
8080 0.0012
8081 0.0012
8082 0.0012
8083 0.0012
8084 0.0012
8085 0.0012
8086 0.0012
8087 0.0012
8088 0.0012
8089 0.0012
8090 0.0012
8091 0.0012
8092 0.0012
8093 0.0012
8094 0.0012
8095 0.0012
8096 0.0012
8097 0.0012
8098 0.0012
8099 0.0012
8100 0.0012
8101 0.0012
8102 0.0012
8103 0.0012
8104 0.0012
8105 0.0012
8106 0.0012
8107 0.0012
8108 0.0012
8109 0.0012
8110 0.0012
8111 0.0012
8112 0.0012
8113 0.0012
8114 0.0012
8115 0.0012
8116 0.0012
8117 0.0012
8118 0.0012
8119 0.0012
8120 0.0012
8121 0.0012
8122 0.0012
8123 0.0012
8124 0.0012
8125 0.0012
8126 0.0012
8127 0.0012
8128 0.0012
8129 0.0012
8130 0.0012
8131 0.0012
8132 0.0012
8133 0.0012
8134 0.0012
8135 0.0012
8136 0.0012
8137 0.0012
8138 0.0012
8139 0.0012
8140 0.0012
8141 0.0012
8142 0.0012
8143 0.0012
8144 0.0012
8145 0.0012
8146 0.0012
8147 0.0012
8148 0.0012
8149 0.0012
8150 0.0012
8151 0.0012
8152 0.0012
8153 0.0012
8154 0.0012
8155 0.0012
8156 0.0012
8157 0.0012
8158 0.0012
8159 0.0012
8160 0.0012
8161 0.0012
8162 0.0012
8163 0.0012
8164 0.0012
8165 0.0012
8166 0.0012
8167 0.0012
8168 0.0012
8169 0.0012
8170 0.0012
8171 0.0012
8172 0.0012
8173 0.0012
8174 0.0012
8175 0.0012
8176 0.0012
8177 0.0012
8178 0.0012
8179 0.0012
8180 0.0012
8181 0.0012
8182 0.0012
8183 0.0012
8184 0.0012
8185 0.0012
8186 0.0012
8187 0.0012
8188 0.0012
8189 0.0012
8190 0.0012
8191 0.0012
8192 0.0012
8193 0.0012
8194 0.0012
8195 0.0012
8196 0.0012
8197 0.0012
8198 0.0012
8199 0.0012
8200 0.0012
8201 0.0012
8202 0.0012
8203 0.0012
8204 0.0012
8205 0.0012
8206 0.0012
8207 0.0012
8208 0.0012
8209 0.0012
8210 0.0012
8211 0.0012
8212 0.0012
8213 0.0012
8214 0.0012
8215 0.0012
8216 0.0012
8217 0.0012
8218 0.0012
8219 0.0012
8220 0.0012
8221 0.0012
8222 0.0012
8223 0.0012
8224 0.0012
8225 0.0012
8226 0.0012
8227 0.0012
8228 0.0012
8229 0.0012
8230 0.0012
8231 0.0012
8232 0.0012
8233 0.0012
8234 0.0012
8235 0.0012
8236 0.0012
8237 0.0012
8238 0.0012
8239 0.0012
8240 0.0012
8241 0.0012
8242 0.0012
8243 0.0012
8244 0.0012
8245 0.0012
8246 0.0012
8247 0.0012
8248 0.0012
8249 0.0012
8250 0.0012
8251 0.0012
8252 0.0012
8253 0.0012
8254 0.0012
8255 0.0012
8256 0.0012
8257 0.0012
8258 0.0012
8259 0.0012
8260 0.0012
8261 0.0012
8262 0.0012
8263 0.0012
8264 0.0012
8265 0.0012
8266 0.0012
8267 0.0012
8268 0.0012
8269 0.0012
8270 0.0012
8271 0.0012
8272 0.0012
8273 0.0012
8274 0.0012
8275 0.0012
8276 0.0012
8277 0.0012
8278 0.0012
8279 0.0012
8280 0.0012
8281 0.0012
8282 0.0012
8283 0.0012
8284 0.0012
8285 0.0012
8286 0.0012
8287 0.0012
8288 0.0012
8289 0.0012
8290 0.0012
8291 0.0012
8292 0.0012
8293 0.0012
8294 0.0012
8295 0.0012
8296 0.0012
8297 0.0012
8298 0.0012
8299 0.0012
8300 0.0012
8301 0.0012
8302 0.0012
8303 0.0012
8304 0.0012
8305 0.0012
8306 0.0012
8307 0.0012
8308 0.0012
8309 0.0012
8310 0.0012
8311 0.0012
8312 0.0012
8313 0.0012
8314 0.0012
8315 0.0012
8316 0.0012
8317 0.0012
8318 0.0012
8319 0.0012
8320 0.0012
8321 0.0012
8322 0.0012
8323 0.0012
8324 0.0012
8325 0.0012
8326 0.0012
8327 0.0012
8328 0.0012
8329 0.0012
8330 0.0012
8331 0.0012
8332 0.0012
8333 0.0012
8334 0.0012
8335 0.0012
8336 0.0012
8337 0.0012
8338 0.0012
8339 0.0012
8340 0.0012
8341 0.0012
8342 0.0012
8343 0.0012
8344 0.0012
8345 0.0012
8346 0.0012
8347 0.0012
8348 0.0012
8349 0.0012
8350 0.0012
8351 0.0012
8352 0.0012
8353 0.0012
8354 0.0012
8355 0.0012
8356 0.0012
8357 0.0012
8358 0.0012
8359 0.0012
8360 0.0012
8361 0.0012
8362 0.0012
8363 0.0012
8364 0.0012
8365 0.0012
8366 0.0012
8367 0.0012
8368 0.0012
8369 0.0012
8370 0.0012
8371 0.0012
8372 0.0012
8373 0.0012
8374 0.0012
8375 0.0012
8376 0.0012
8377 0.0012
8378 0.0012
8379 0.0012
8380 0.0012
8381 0.0012
8382 0.0012
8383 0.0012
8384 0.0012
8385 0.0012
8386 0.0012
8387 0.0012
8388 0.0012
8389 0.0012
8390 0.0012
8391 0.0012
8392 0.0012
8393 0.0012
8394 0.0012
8395 0.0012
8396 0.0012
8397 0.0012
8398 0.0012
8399 0.0012
8400 0.0012
8401 0.0012
8402 0.0012
8403 0.0012
8404 0.0012
8405 0.0012
8406 0.0012
8407 0.0012
8408 0.0012
8409 0.0012
8410 0.0012
8411 0.0012
8412 0.0012
8413 0.0012
8414 0.0012
8415 0.0012
8416 0.0012
8417 0.0012
8418 0.0012
8419 0.0012
8420 0.0012
8421 0.0012
8422 0.0012
8423 0.0012
8424 0.0012
8425 0.0012
8426 0.0012
8427 0.0012
8428 0.0012
8429 0.0012
8430 0.0012
8431 0.0012
8432 0.0012
8433 0.0012
8434 0.0012
8435 0.0012
8436 0.0012
8437 0.0012
8438 0.0012
8439 0.0012
8440 0.0012
8441 0.0012
8442 0.0012
8443 0.0012
8444 0.0012
8445 0.0012
8446 0.0012
8447 0.0012
8448 0.0012
8449 0.0012
8450 0.0012
8451 0.0012
8452 0.0012
8453 0.0012
8454 0.0012
8455 0.0012
8456 0.0012
8457 0.0012
8458 0.0012
8459 0.0012
8460 0.0012
8461 0.0012
8462 0.0012
8463 0.0012
8464 0.0012
8465 0.0012
8466 0.0012
8467 0.0012
8468 0.0012
8469 0.0012
8470 0.0012
8471 0.0012
8472 0.0012
8473 0.0012
8474 0.0012
8475 0.0012
8476 0.0012
8477 0.0012
8478 0.0012
8479 0.0012
8480 0.0012
8481 0.0012
8482 0.0012
8483 0.0012
8484 0.0012
8485 0.0012
8486 0.0012
8487 0.0012
8488 0.0012
8489 0.0012
8490 0.0012
8491 0.0012
8492 0.0012
8493 0.0012
8494 0.0012
8495 0.0012
8496 0.0012
8497 0.0012
8498 0.0012
8499 0.0012
8500 0.0012
8501 0.0012
8502 0.0012
8503 0.0012
8504 0.0012
8505 0.0012
8506 0.0012
8507 0.0012
8508 0.0012
8509 0.0012
8510 0.0012
8511 0.0012
8512 0.0012
8513 0.0012
8514 0.0012
8515 0.0012
8516 0.0012
8517 0.0012
8518 0.0012
8519 0.0012
8520 0.0012
8521 0.0012
8522 0.0012
8523 0.0012
8524 0.0012
8525 0.0012
8526 0.0012
8527 0.0012
8528 0.0012
8529 0.0012
8530 0.0012
8531 0.0012
8532 0.0012
8533 0.0012
8534 0.0012
8535 0.0012
8536 0.0012
8537 0.0012
8538 0.0012
8539 0.0012
8540 0.0012
8541 0.0012
8542 0.0012
8543 0.0012
8544 0.0012
8545 0.0012
8546 0.0012
8547 0.0012
8548 0.0012
8549 0.0012
8550 0.0012
8551 0.0012
8552 0.0012
8553 0.0012
8554 0.0012
8555 0.0012
8556 0.0012
8557 0.0012
8558 0.0012
8559 0.0012
8560 0.0012
8561 0.0012
8562 0.0012
8563 0.0012
8564 0.0012
8565 0.0012
8566 0.0012
8567 0.0012
8568 0.0012
8569 0.0012
8570 0.0012
8571 0.0012
8572 0.0012
8573 0.0012
8574 0.0012
8575 0.0012
8576 0.0012
8577 0.0012
8578 0.0012
8579 0.0012
8580 0.0012
8581 0.0012
8582 0.0012
8583 0.0012
8584 0.0012
8585 0.0012
8586 0.0012
8587 0.0012
8588 0.0012
8589 0.0012
8590 0.0012
8591 0.0012
8592 0.0012
8593 0.0012
8594 0.0012
8595 0.0012
8596 0.0012
8597 0.0012
8598 0.0012
8599 0.0012
8600 0.0012
8601 0.0012
8602 0.0012
8603 0.0012
8604 0.0012
8605 0.0012
8606 0.0012
8607 0.0012
8608 0.0012
8609 0.0012
8610 0.0012
8611 0.0012
8612 0.0012
8613 0.0012
8614 0.0012
8615 0.0012
8616 0.0012
8617 0.0012
8618 0.0012
8619 0.0012
8620 0.0012
8621 0.0012
8622 0.0012
8623 0.0012
8624 0.0012
8625 0.0012
8626 0.0012
8627 0.0012
8628 0.0012
8629 0.0012
8630 0.0012
8631 0.0012
8632 0.0012
8633 0.0012
8634 0.0012
8635 0.0012
8636 0.0012
8637 0.0012
8638 0.0012
8639 0.0012
8640 0.0012
8641 0.0012
8642 0.0012
8643 0.0012
8644 0.0012
8645 0.0012
8646 0.0012
8647 0.0012
8648 0.0012
8649 0.0012
8650 0.0012
8651 0.0012
8652 0.0012
8653 0.0012
8654 0.0012
8655 0.0012
8656 0.0012
8657 0.0012
8658 0.0012
8659 0.0012
8660 0.0012
8661 0.0012
8662 0.0012
8663 0.0012
8664 0.0012
8665 0.0012
8666 0.0012
8667 0.0012
8668 0.0012
8669 0.0012
8670 0.0012
8671 0.0012
8672 0.0012
8673 0.0012
8674 0.0012
8675 0.0012
8676 0.0012
8677 0.0012
8678 0.0012
8679 0.0012
8680 0.0012
8681 0.0012
8682 0.0012
8683 0.0012
8684 0.0012
8685 0.0012
8686 0.0012
8687 0.0012
8688 0.0012
8689 0.0012
8690 0.0012
8691 0.0012
8692 0.0012
8693 0.0012
8694 0.0012
8695 0.0012
8696 0.0012
8697 0.0012
8698 0.0012
8699 0.0012
8700 0.0012
8701 0.0012
8702 0.0012
8703 0.0012
8704 0.0012
8705 0.0012
8706 0.0012
8707 0.0012
8708 0.0012
8709 0.0012
8710 0.0012
8711 0.0012
8712 0.0012
8713 0.0012
8714 0.0012
8715 0.0012
8716 0.0012
8717 0.0012
8718 0.0012
8719 0.0012
8720 0.0012
8721 0.0012
8722 0.0012
8723 0.0012
8724 0.0012
8725 0.0012
8726 0.0012
8727 0.0012
8728 0.0012
8729 0.0012
8730 0.0012
8731 0.0012
8732 0.0012
8733 0.0012
8734 0.0012
8735 0.0012
8736 0.0012
8737 0.0012
8738 0.0012
8739 0.0012
8740 0.0012
8741 0.0012
8742 0.0012
8743 0.0012
8744 0.0012
8745 0.0012
8746 0.0012
8747 0.0012
8748 0.0012
8749 0.0012
8750 0.0012
8751 0.0012
8752 0.0012
8753 0.0012
8754 0.0012
8755 0.0012
8756 0.0012
8757 0.0012
8758 0.0012
8759 0.0012
8760 0.0012
8761 0.0012
8762 0.0012
8763 0.0012
8764 0.0012
8765 0.0012
8766 0.0012
8767 0.0012
8768 0.0012
8769 0.0012
8770 0.0012
8771 0.0012
8772 0.0012
8773 0.0012
8774 0.0012
8775 0.0012
8776 0.0012
8777 0.0012
8778 0.0012
8779 0.0012
8780 0.0012
8781 0.0012
8782 0.0012
8783 0.0012
8784 0.0012
8785 0.0012
8786 0.0012
8787 0.0012
8788 0.0012
8789 0.0012
8790 0.0012
8791 0.0012
8792 0.0012
8793 0.0012
8794 0.0012
8795 0.0012
8796 0.0012
8797 0.0012
8798 0.0012
8799 0.0012
8800 0.0012
8801 0.0012
8802 0.0012
8803 0.0012
8804 0.0012
8805 0.0012
8806 0.0012
8807 0.0012
8808 0.0012
8809 0.0012
8810 0.0012
8811 0.0012
8812 0.0012
8813 0.0012
8814 0.0012
8815 0.0012
8816 0.0012
8817 0.0012
8818 0.0012
8819 0.0012
8820 0.0012
8821 0.0012
8822 0.0012
8823 0.0012
8824 0.0012
8825 0.0012
8826 0.0012
8827 0.0012
8828 0.0012
8829 0.0012
8830 0.0012
8831 0.0012
8832 0.0012
8833 0.0012
8834 0.0012
8835 0.0012
8836 0.0012
8837 0.0012
8838 0.0012
8839 0.0012
8840 0.0012
8841 0.0012
8842 0.0012
8843 0.0012
8844 0.0012
8845 0.0012
8846 0.0012
8847 0.0012
8848 0.0012
8849 0.0012
8850 0.0012
8851 0.0012
8852 0.0012
8853 0.0012
8854 0.0012
8855 0.0012
8856 0.0012
8857 0.0012
8858 0.0012
8859 0.0012
8860 0.0012
8861 0.0012
8862 0.0012
8863 0.0012
8864 0.0012
8865 0.0012
8866 0.0012
8867 0.0012
8868 0.0012
8869 0.0012
8870 0.0012
8871 0.0012
8872 0.0012
8873 0.0012
8874 0.0012
8875 0.0012
8876 0.0012
8877 0.0012
8878 0.0012
8879 0.0012
8880 0.0012
8881 0.0012
8882 0.0012
8883 0.0012
8884 0.0012
8885 0.0012
8886 0.0012
8887 0.0012
8888 0.0012
8889 0.0012
8890 0.0012
8891 0.0012
8892 0.0012
8893 0.0012
8894 0.0012
8895 0.0012
8896 0.0012
8897 0.0012
8898 0.0012
8899 0.0012
8900 0.0012
8901 0.0012
8902 0.0012
8903 0.0012
8904 0.0012
8905 0.0012
8906 0.0012
8907 0.0012
8908 0.0012
8909 0.0012
8910 0.0012
8911 0.0012
8912 0.0012
8913 0.0012
8914 0.0012
8915 0.0012
8916 0.0012
8917 0.0012
8918 0.0012
8919 0.0012
8920 0.0012
8921 0.0012
8922 0.0012
8923 0.0012
8924 0.0012
8925 0.0012
8926 0.0012
8927 0.0012
8928 0.0012
8929 0.0012
8930 0.0012
8931 0.0012
8932 0.0012
8933 0.0012
8934 0.0012
8935 0.0012
8936 0.0012
8937 0.0012
8938 0.0012
8939 0.0012
8940 0.0012
8941 0.0012
8942 0.0012
8943 0.0012
8944 0.0012
8945 0.0012
8946 0.0012
8947 0.0012
8948 0.0012
8949 0.0012
8950 0.0012
8951 0.0012
8952 0.0012
8953 0.0012
8954 0.0012
8955 0.0012
8956 0.0012
8957 0.0012
8958 0.0012
8959 0.0012
8960 0.0012
8961 0.0012
8962 0.0012
8963 0.0012
8964 0.0012
8965 0.0012
8966 0.0012
8967 0.0012
8968 0.0012
8969 0.0012
8970 0.0012
8971 0.0012
8972 0.0012
8973 0.0012
8974 0.0012
8975 0.0012
8976 0.0012
8977 0.0012
8978 0.0012
8979 0.0012
8980 0.0012
8981 0.0012
8982 0.0012
8983 0.0012
8984 0.0012
8985 0.0012
8986 0.0012
8987 0.0012
8988 0.0012
8989 0.0012
8990 0.0012
8991 0.0012
8992 0.0012
8993 0.0012
8994 0.0012
8995 0.0012
8996 0.0012
8997 0.0012
8998 0.0012
8999 0.0012
9000 0.0012
9001 0.0012
9002 0.0012
9003 0.0012
9004 0.0012
9005 0.0012
9006 0.0012
9007 0.0012
9008 0.0012
9009 0.0012
9010 0.0012
9011 0.0012
9012 0.0012
9013 0.0012
9014 0.0012
9015 0.0012
9016 0.0012
9017 0.0012
9018 0.0012
9019 0.0012
9020 0.0012
9021 0.0012
9022 0.0012
9023 0.0012
9024 0.0012
9025 0.0012
9026 0.0012
9027 0.0012
9028 0.0012
9029 0.0012
9030 0.0012
9031 0.0012
9032 0.0012
9033 0.0012
9034 0.0012
9035 0.0012
9036 0.0012
9037 0.0012
9038 0.0012
9039 0.0012
9040 0.0012
9041 0.0012
9042 0.0012
9043 0.0012
9044 0.0012
9045 0.0012
9046 0.0012
9047 0.0012
9048 0.0012
9049 0.0012
9050 0.0012
9051 0.0012
9052 0.0012
9053 0.0012
9054 0.0012
9055 0.0012
9056 0.0012
9057 0.0012
9058 0.0012
9059 0.0012
9060 0.0012
9061 0.0012
9062 0.0012
9063 0.0012
9064 0.0012
9065 0.0012
9066 0.0012
9067 0.0012
9068 0.0012
9069 0.0012
9070 0.0012
9071 0.0012
9072 0.0012
9073 0.0012
9074 0.0012
9075 0.0012
9076 0.0012
9077 0.0012
9078 0.0012
9079 0.0012
9080 0.0012
9081 0.0012
9082 0.0012
9083 0.0012
9084 0.0012
9085 0.0012
9086 0.0012
9087 0.0012
9088 0.0012
9089 0.0012
9090 0.0012
9091 0.0012
9092 0.0012
9093 0.0012
9094 0.0012
9095 0.0012
9096 0.0012
9097 0.0012
9098 0.0012
9099 0.0012
9100 0.0012
9101 0.0012
9102 0.0012
9103 0.0012
9104 0.0012
9105 0.0012
9106 0.0012
9107 0.0012
9108 0.0012
9109 0.0012
9110 0.0012
9111 0.0012
9112 0.0012
9113 0.0012
9114 0.0012
9115 0.0012
9116 0.0012
9117 0.0012
9118 0.0012
9119 0.0012
9120 0.0012
9121 0.0012
9122 0.0012
9123 0.0012
9124 0.0012
9125 0.0012
9126 0.0012
9127 0.0012
9128 0.0012
9129 0.0012
9130 0.0012
9131 0.0012
9132 0.0012
9133 0.0012
9134 0.0012
9135 0.0012
9136 0.0012
9137 0.0012
9138 0.0012
9139 0.0012
9140 0.0012
9141 0.0012
9142 0.0012
9143 0.0012
9144 0.0012
9145 0.0012
9146 0.0012
9147 0.0012
9148 0.0012
9149 0.0012
9150 0.0012
9151 0.0012
9152 0.0012
9153 0.0012
9154 0.0012
9155 0.0012
9156 0.0012
9157 0.0012
9158 0.0012
9159 0.0012
9160 0.0012
9161 0.0012
9162 0.0012
9163 0.0012
9164 0.0012
9165 0.0012
9166 0.0012
9167 0.0012
9168 0.0012
9169 0.0012
9170 0.0012
9171 0.0012
9172 0.0012
9173 0.0012
9174 0.0012
9175 0.0012
9176 0.0012
9177 0.0012
9178 0.0012
9179 0.0012
9180 0.0012
9181 0.0012
9182 0.0012
9183 0.0012
9184 0.0012
9185 0.0012
9186 0.0012
9187 0.0012
9188 0.0012
9189 0.0012
9190 0.0012
9191 0.0012
9192 0.0012
9193 0.0012
9194 0.0012
9195 0.0012
9196 0.0012
9197 0.0012
9198 0.0012
9199 0.0012
9200 0.0012
9201 0.0012
9202 0.0012
9203 0.0012
9204 0.0012
9205 0.0012
9206 0.0012
9207 0.0012
9208 0.0012
9209 0.0012
9210 0.0012
9211 0.0012
9212 0.0012
9213 0.0012
9214 0.0012
9215 0.0012
9216 0.0012
9217 0.0012
9218 0.0012
9219 0.0012
9220 0.0012
9221 0.0012
9222 0.0012
9223 0.0012
9224 0.0012
9225 0.0012
9226 0.0012
9227 0.0012
9228 0.0012
9229 0.0012
9230 0.0012
9231 0.0012
9232 0.0012
9233 0.0012
9234 0.0012
9235 0.0012
9236 0.0012
9237 0.0012
9238 0.0012
9239 0.0012
9240 0.0012
9241 0.0012
9242 0.0012
9243 0.0012
9244 0.0012
9245 0.0012
9246 0.0012
9247 0.0012
9248 0.0012
9249 0.0012
9250 0.0012
9251 0.0012
9252 0.0012
9253 0.0012
9254 0.0012
9255 0.0012
9256 0.0012
9257 0.0012
9258 0.0012
9259 0.0012
9260 0.0012
9261 0.0012
9262 0.0012
9263 0.0012
9264 0.0012
9265 0.0012
9266 0.0012
9267 0.0012
9268 0.0012
9269 0.0012
9270 0.0012
9271 0.0012
9272 0.0012
9273 0.0012
9274 0.0012
9275 0.0012
9276 0.0012
9277 0.0012
9278 0.0012
9279 0.0012
9280 0.0012
9281 0.0012
9282 0.0012
9283 0.0012
9284 0.0012
9285 0.0012
9286 0.0012
9287 0.0012
9288 0.0012
9289 0.0012
9290 0.0012
9291 0.0012
9292 0.0012
9293 0.0012
9294 0.0012
9295 0.0012
9296 0.0012
9297 0.0012
9298 0.0012
9299 0.0012
9300 0.0012
9301 0.0012
9302 0.0012
9303 0.0012
9304 0.0012
9305 0.0012
9306 0.0012
9307 0.0012
9308 0.0012
9309 0.0012
9310 0.0012
9311 0.0012
9312 0.0012
9313 0.0012
9314 0.0012
9315 0.0012
9316 0.0012
9317 0.0012
9318 0.0012
9319 0.0012
9320 0.0012
9321 0.0012
9322 0.0012
9323 0.0012
9324 0.0012
9325 0.0012
9326 0.0012
9327 0.0012
9328 0.0012
9329 0.0012
9330 0.0012
9331 0.0012
9332 0.0012
9333 0.0012
9334 0.0012
9335 0.0012
9336 0.0012
9337 0.0012
9338 0.0012
9339 0.0012
9340 0.0012
9341 0.0012
9342 0.0012
9343 0.0012
9344 0.0012
9345 0.0012
9346 0.0012
9347 0.0012
9348 0.0012
9349 0.0012
9350 0.0012
9351 0.0012
9352 0.0012
9353 0.0012
9354 0.0012
9355 0.0012
9356 0.0012
9357 0.0012
9358 0.0012
9359 0.0012
9360 0.0012
9361 0.0012
9362 0.0012
9363 0.0012
9364 0.0012
9365 0.0012
9366 0.0012
9367 0.0012
9368 0.0012
9369 0.0012
9370 0.0012
9371 0.0012
9372 0.0012
9373 0.0012
9374 0.0012
9375 0.0012
9376 0.0012
9377 0.0012
9378 0.0012
9379 0.0012
9380 0.0012
9381 0.0012
9382 0.0012
9383 0.0012
9384 0.0012
9385 0.0012
9386 0.0012
9387 0.0012
9388 0.0012
9389 0.0012
9390 0.0012
9391 0.0012
9392 0.0012
9393 0.0012
9394 0.0012
9395 0.0012
9396 0.0012
9397 0.0012
9398 0.0012
9399 0.0012
9400 0.0012
9401 0.0012
9402 0.0012
9403 0.0012
9404 0.0012
9405 0.0012
9406 0.0012
9407 0.0012
9408 0.0012
9409 0.0012
9410 0.0012
9411 0.0012
9412 0.0012
9413 0.0012
9414 0.0012
9415 0.0012
9416 0.0012
9417 0.0012
9418 0.0012
9419 0.0012
9420 0.0012
9421 0.0012
9422 0.0012
9423 0.0012
9424 0.0012
9425 0.0012
9426 0.0012
9427 0.0012
9428 0.0012
9429 0.0012
9430 0.0012
9431 0.0012
9432 0.0012
9433 0.0012
9434 0.0012
9435 0.0012
9436 0.0012
9437 0.0012
9438 0.0012
9439 0.0012
9440 0.0012
9441 0.0012
9442 0.0012
9443 0.0012
9444 0.0012
9445 0.0012
9446 0.0012
9447 0.0012
9448 0.0012
9449 0.0012
9450 0.0012
9451 0.0012
9452 0.0012
9453 0.0012
9454 0.0012
9455 0.0012
9456 0.0012
9457 0.0012
9458 0.0012
9459 0.0012
9460 0.0012
9461 0.0012
9462 0.0012
9463 0.0012
9464 0.0012
9465 0.0012
9466 0.0012
9467 0.0012
9468 0.0012
9469 0.0012
9470 0.0012
9471 0.0012
9472 0.0012
9473 0.0012
9474 0.0012
9475 0.0012
9476 0.0012
9477 0.0012
9478 0.0012
9479 0.0012
9480 0.0012
9481 0.0012
9482 0.0012
9483 0.0012
9484 0.0012
9485 0.0012
9486 0.0012
9487 0.0012
9488 0.0012
9489 0.0012
9490 0.0012
9491 0.0012
9492 0.0012
9493 0.0012
9494 0.0012
9495 0.0012
9496 0.0012
9497 0.0012
9498 0.0012
9499 0.0012
9500 0.0012
9501 0.0012
9502 0.0012
9503 0.0012
9504 0.0012
9505 0.0012
9506 0.0012
9507 0.0012
9508 0.0012
9509 0.0012
9510 0.0012
9511 0.0012
9512 0.0012
9513 0.0012
9514 0.0012
9515 0.0012
9516 0.0012
9517 0.0012
9518 0.0012
9519 0.0012
9520 0.0012
9521 0.0012
9522 0.0012
9523 0.0012
9524 0.0012
9525 0.0012
9526 0.0012
9527 0.0012
9528 0.0012
9529 0.0012
9530 0.0012
9531 0.0012
9532 0.0012
9533 0.0012
9534 0.0012
9535 0.0012
9536 0.0012
9537 0.0012
9538 0.0012
9539 0.0012
9540 0.0012
9541 0.0012
9542 0.0012
9543 0.0012
9544 0.0012
9545 0.0012
9546 0.0012
9547 0.0012
9548 0.0012
9549 0.0012
9550 0.0012
9551 0.0012
9552 0.0012
9553 0.0012
9554 0.0012
9555 0.0012
9556 0.0012
9557 0.0012
9558 0.0012
9559 0.0012
9560 0.0012
9561 0.0012
9562 0.0012
9563 0.0012
9564 0.0012
9565 0.0012
9566 0.0012
9567 0.0012
9568 0.0012
9569 0.0012
9570 0.0012
9571 0.0012
9572 0.0012
9573 0.0012
9574 0.0012
9575 0.0012
9576 0.0012
9577 0.0012
9578 0.0012
9579 0.0012
9580 0.0012
9581 0.0012
9582 0.0012
9583 0.0012
9584 0.0012
9585 0.0012
9586 0.0012
9587 0.0012
9588 0.0012
9589 0.0012
9590 0.0012
9591 0.0012
9592 0.0012
9593 0.0012
9594 0.0012
9595 0.0012
9596 0.0012
9597 0.0012
9598 0.0012
9599 0.0012
9600 0.0012
9601 0.0012
9602 0.0012
9603 0.0012
9604 0.0012
9605 0.0012
9606 0.0012
9607 0.0012
9608 0.0012
9609 0.0012
9610 0.0012
9611 0.0012
9612 0.0012
9613 0.0012
9614 0.0012
9615 0.0012
9616 0.0012
9617 0.0012
9618 0.0012
9619 0.0012
9620 0.0012
9621 0.0012
9622 0.0012
9623 0.0012
9624 0.0012
9625 0.0012
9626 0.0012
9627 0.0012
9628 0.0012
9629 0.0012
9630 0.0012
9631 0.0012
9632 0.0012
9633 0.0012
9634 0.0012
9635 0.0012
9636 0.0012
9637 0.0012
9638 0.0012
9639 0.0012
9640 0.0012
9641 0.0012
9642 0.0012
9643 0.0012
9644 0.0012
9645 0.0012
9646 0.0012
9647 0.0012
9648 0.0012
9649 0.0012
9650 0.0012
9651 0.0012
9652 0.0012
9653 0.0012
9654 0.0012
9655 0.0012
9656 0.0012
9657 0.0012
9658 0.0012
9659 0.0012
9660 0.0012
9661 0.0012
9662 0.0012
9663 0.0012
9664 0.0012
9665 0.0012
9666 0.0012
9667 0.0012
9668 0.0012
9669 0.0012
9670 0.0012
9671 0.0012
9672 0.0012
9673 0.0012
9674 0.0012
9675 0.0012
9676 0.0012
9677 0.0012
9678 0.0012
9679 0.0012
9680 0.0012
9681 0.0012
9682 0.0012
9683 0.0012
9684 0.0012
9685 0.0012
9686 0.0012
9687 0.0012
9688 0.0012
9689 0.0012
9690 0.0012
9691 0.0012
9692 0.0012
9693 0.0012
9694 0.0012
9695 0.0012
9696 0.0012
9697 0.0012
9698 0.0012
9699 0.0012
9700 0.0012
9701 0.0012
9702 0.0012
9703 0.0012
9704 0.0012
9705 0.0012
9706 0.0012
9707 0.0012
9708 0.0012
9709 0.0012
9710 0.0012
9711 0.0012
9712 0.0012
9713 0.0012
9714 0.0012
9715 0.0012
9716 0.0012
9717 0.0012
9718 0.0012
9719 0.0012
9720 0.0012
9721 0.0012
9722 0.0012
9723 0.0012
9724 0.0012
9725 0.0012
9726 0.0012
9727 0.0012
9728 0.0012
9729 0.0012
9730 0.0012
9731 0.0012
9732 0.0012
9733 0.0012
9734 0.0012
9735 0.0012
9736 0.0012
9737 0.0012
9738 0.0012
9739 0.0012
9740 0.0012
9741 0.0012
9742 0.0012
9743 0.0012
9744 0.0012
9745 0.0012
9746 0.0012
9747 0.0012
9748 0.0012
9749 0.0012
9750 0.0012
9751 0.0012
9752 0.0012
9753 0.0012
9754 0.0012
9755 0.0012
9756 0.0012
9757 0.0012
9758 0.0012
9759 0.0012
9760 0.0012
9761 0.0012
9762 0.0012
9763 0.0012
9764 0.0012
9765 0.0012
9766 0.0012
9767 0.0012
9768 0.0012
9769 0.0012
9770 0.0012
9771 0.0012
9772 0.0012
9773 0.0012
9774 0.0012
9775 0.0012
9776 0.0012
9777 0.0012
9778 0.0012
9779 0.0012
9780 0.0012
9781 0.0012
9782 0.0012
9783 0.0012
9784 0.0012
9785 0.0012
9786 0.0012
9787 0.0012
9788 0.0012
9789 0.0012
9790 0.0012
9791 0.0012
9792 0.0012
9793 0.0012
9794 0.0012
9795 0.0012
9796 0.0012
9797 0.0012
9798 0.0012
9799 0.0012
9800 0.0012
9801 0.0012
9802 0.0012
9803 0.0012
9804 0.0012
9805 0.0012
9806 0.0012
9807 0.0012
9808 0.0012
9809 0.0012
9810 0.0012
9811 0.0012
9812 0.0012
9813 0.0012
9814 0.0012
9815 0.0012
9816 0.0012
9817 0.0012
9818 0.0012
9819 0.0012
9820 0.0012
9821 0.0012
9822 0.0012
9823 0.0012
9824 0.0012
9825 0.0012
9826 0.0012
9827 0.0012
9828 0.0012
9829 0.0012
9830 0.0012
9831 0.0012
9832 0.0012
9833 0.0012
9834 0.0012
9835 0.0012
9836 0.0012
9837 0.0012
9838 0.0012
9839 0.0012
9840 0.0012
9841 0.0012
9842 0.0012
9843 0.0012
9844 0.0012
9845 0.0012
9846 0.0012
9847 0.0012
9848 0.0012
9849 0.0012
9850 0.0012
9851 0.0012
9852 0.0012
9853 0.0012
9854 0.0012
9855 0.0012
9856 0.0012
9857 0.0012
9858 0.0012
9859 0.0012
9860 0.0012
9861 0.0012
9862 0.0012
9863 0.0012
9864 0.0012
9865 0.0012
9866 0.0012
9867 0.0012
9868 0.0012
9869 0.0012
9870 0.0012
9871 0.0012
9872 0.0012
9873 0.0012
9874 0.0012
9875 0.0012
9876 0.0012
9877 0.0012
9878 0.0012
9879 0.0012
9880 0.0012
9881 0.0012
9882 0.0012
9883 0.0012
9884 0.0012
9885 0.0012
9886 0.0012
9887 0.0012
9888 0.0012
9889 0.0012
9890 0.0012
9891 0.0012
9892 0.0012
9893 0.0012
9894 0.0012
9895 0.0012
9896 0.0012
9897 0.0012
9898 0.0012
9899 0.0012
9900 0.0012
9901 0.0012
9902 0.0012
9903 0.0012
9904 0.0012
9905 0.0012
9906 0.0012
9907 0.0012
9908 0.0012
9909 0.0012
9910 0.0012
9911 0.0012
9912 0.0012
9913 0.0012
9914 0.0012
9915 0.0012
9916 0.0012
9917 0.0012
9918 0.0012
9919 0.0012
9920 0.0012
9921 0.0012
9922 0.0012
9923 0.0012
9924 0.0012
9925 0.0012
9926 0.0012
9927 0.0012
9928 0.0012
9929 0.0012
9930 0.0012
9931 0.0012
9932 0.0012
9933 0.0012
9934 0.0012
9935 0.0012
9936 0.0012
9937 0.0012
9938 0.0012
9939 0.0012
9940 0.0012
9941 0.0012
9942 0.0012
9943 0.0012
9944 0.0012
9945 0.0012
9946 0.0012
9947 0.0012
9948 0.0012
9949 0.0012
9950 0.0012
9951 0.0012
9952 0.0012
9953 0.0012
9954 0.0012
9955 0.0012
9956 0.0012
9957 0.0012
9958 0.0012
9959 0.0012
9960 0.0012
9961 0.0012
9962 0.0012
9963 0.0012
9964 0.0012
9965 0.0012
9966 0.0012
9967 0.0012
9968 0.0012
9969 0.0012
9970 0.0012
9971 0.0012
9972 0.0012
9973 0.0012
9974 0.0012
9975 0.0012
9976 0.0012
9977 0.0012
9978 0.0012
9979 0.0012
9980 0.0012
9981 0.0012
9982 0.0012
9983 0.0012
9984 0.0012
9985 0.0012
9986 0.0012
9987 0.0012
9988 0.0012
9989 0.0012
9990 0.0012
9991 0.0012
9992 0.0012
9993 0.0012
9994 0.0012
9995 0.0012
9996 0.0012
9997 0.0012
9998 0.0012
9999 0.0012
===============================================
================== Validation ==================
validation_valid           = 0
validation_fast_median     = 0
validation_exact_median    = 0
validation_mean_abs_diff   = 0
validation_fast_seconds    = 0
validation_exact_seconds   = 0
===============================================
note: sensitivity now uses a local exact refinement around the FC boundary.
      First a global calibration belt is built once, then each outer toy
      re-calibrates only the boundary-neighbour BR points with toy-specific
      nested FC toys. validation compares this local-exact method against
      the slower full nested toy construction.
