==================== Input ====================
datafile                   = data/finaldata/step4f_run1to20_eg_doubleonly_allpatterns_500ns.txt
events_used                = 18
skipped_non5               = 0
skipped_outside_win        = 1560
N_mu_eff_nom               = 1708.309523
N_mu_eff_sigma             = 25.87633079
br_scan_points             = 201
n_calib_toys               = 500
n_sens_toys                = 50000
seed                       = 246813579
n_validation_toys          = 0
n_validation_inner         = 0
===============================================
==================== Fits =====================
data_free_status           = 0
data_free_nll             = 316.9855428
data_free_N_sig_hat       = 1.339294653e-08
data_free_N_rmd_hat       = 1.662208446
data_free_N_acc_hat       = 15.32152269
data_bg0_status            = 0
data_bg0_nll              = 280.5900975
data_bg0_N_sig_fixed      = 0
data_bg0_N_rmd_hat        = 1.662564671
data_bg0_N_acc_hat        = 15.32116131
===============================================
================== Calibration =================
# BR  N_sig_nom  n_valid  q50  q90  q95
0 0 500 0 0 0
1e-05 0.01708309523 500 0.03416610326 0.03416618929 0.03416619051
2e-05 0.03416619047 500 0.06833223629 0.0683323811 0.06833238207
3e-05 0.0512492857 500 0.1024984294 0.1024985735 3.392182934
4e-05 0.06833238093 500 0.1366646536 0.1366647665 3.404196886
5e-05 0.08541547617 499 0.1708308568 0.1708309595 2.932281255
6e-05 0.1024985714 500 0.2049970519 2.537748935 2.747248828
7e-05 0.1195816666 500 0.2391632539 1.29668473 2.472288855
8e-05 0.1366647619 500 0.2733294408 2.172099474 2.248506113
9e-05 0.1537478571 500 0.3074956356 1.92952636 2.043562004
0.0001 0.1708309523 500 0.3416618307 1.847880335 1.874063086
0.00011 0.1879140476 500 0.3758280438 1.696652191 1.717748577
0.00012 0.2049971428 500 0.4099942676 1.559828402 1.578454717
0.00013 0.222080238 500 0.4441604356 1.443824118 1.453219127
0.00014 0.2391633333 500 0.4783266549 1.331038681 1.339542822
0.00015 0.2562464285 500 0.5124928612 1.230708191 1.235721904
0.00016 0.2733295237 500 0.5466590532 1.139578458 1.140812441
0.00017 0.290412619 500 0.5808252505 1.051538326 1.053729408
0.00018 0.3074957142 500 0.6149914785 0.9727390501 1.57619723
0.00019 0.3245788094 500 0.6491576838 0.8993179157 2.357970833
0.0002 0.3416619047 500 0.6833238748 0.8311175972 3.674931456
0.00021 0.3587449999 500 0.7174900882 0.7674945465 2.561220837
0.00022 0.3758280951 500 0.7516559558 0.7516563307 3.26373187
0.00023 0.3929111904 500 0.7858219445 0.7858225342 3.148716796
0.00024 0.4099942856 500 0.8199883496 0.8199887385 3.0664617
0.00025 0.4270773808 500 0.8541543868 0.854154944 3.007122821
0.00026 0.4441604761 500 0.8883205573 0.8883211482 2.772617853
0.00027 0.4612435713 500 0.9224867349 0.9224873552 2.758697557
0.00028 0.4783266665 500 0.9566530743 0.9566535618 2.666286446
0.00029 0.4954097618 500 0.9908192539 0.9908197685 2.533268086
0.0003 0.512492857 500 1.024985378 1.024985977 2.452391544
0.00031 0.5295759522 500 1.059150903 1.059152185 2.36181906
0.00032 0.5466590475 500 1.093317769 1.910146971 2.267277213
0.00033 0.5637421427 500 1.127483774 2.108930867 2.18943832
0.00034 0.5808252379 500 1.161650124 1.171494837 2.094124315
0.00035 0.5979083332 500 1.195816442 1.775395326 2.012651374
0.00036 0.6149914284 500 1.229982615 1.898411497 1.936449964
0.00037 0.6320745236 500 1.264149151 1.857726383 1.871062596
0.00038 0.6491576189 500 1.298314706 1.758961306 1.797865082
0.00039 0.6662407141 500 1.332481138 1.72004747 1.729483067
0.0004 0.6833238093 500 1.366647041 1.640838569 1.661051259
0.00041 0.7004069046 500 1.400813638 1.591659715 3.939885638
0.00042 0.7174899998 500 1.434979806 1.52500031 1.5355497
0.00043 0.734573095 500 1.469144548 1.46914673 3.170573254
0.00044 0.7516561903 500 1.420934441 1.503312942 1.503312945
0.00045 0.7687392855 500 1.520656145 1.537479153 1.537479161
0.00046 0.7858223807 500 1.503659314 1.571645376 2.951305174
0.00047 0.802905476 500 1.256468715 1.605811592 1.605811597
0.00048 0.8199885712 500 1.206285875 1.639977809 1.639977815
0.00049 0.8370716664 500 1.157162019 1.674144031 3.226017148
0.0005 0.8541547617 500 1.110482086 1.70831025 3.140437292
0.00051 0.8712378569 500 1.064269754 1.742476466 1.742476472
0.00052 0.8883209521 500 1.022210807 1.776642692 3.061986809
0.00053 0.9054040474 500 1.763596086 1.810808912 2.947573403
0.00054 0.9224871426 500 0.9402871512 1.844975135 2.852675163
0.00055 0.9395702378 500 0.8936907678 1.879141358 2.819383028
0.00056 0.9566533331 500 0.8607402071 1.91330758 2.73098645
0.00057 0.9737364283 500 0.8251181704 1.947473802 2.686895819
0.00058 0.9908195235 500 1.966383769 1.981640029 2.618110969
0.00059 1.007902619 500 0.7556447208 2.015806253 2.552646238
0.0006 1.024985714 500 0.7208159065 2.049972478 2.473999
0.00061 1.042068809 500 0.6890111359 2.084138702 2.40603754
0.00062 1.059151904 500 0.6575101171 2.118304929 2.337585581
0.00063 1.076235 500 0.6297896278 2.152471158 2.29838525
0.00064 1.093318095 500 0.6005629927 2.186637385 2.234555157
0.00065 1.11040119 500 0.5720156049 2.220803594 2.220803613
0.00066 1.127484285 500 0.5451241295 2.25496983 2.254969842
0.00067 1.144567381 500 0.5201819769 2.289136039 2.289136067
0.00068 1.161650476 500 0.492297996 2.323302274 2.323302298
0.00069 1.178733571 500 0.4683078768 2.357468517 2.357468531
0.0007 1.195816666 500 0.4470803741 2.391634742 2.391634762
0.00071 1.212899762 500 0.423982155 2.425800985 2.425800994
0.00072 1.229982857 499 0.4041101687 2.459967219 3.572159626
0.00073 1.247065952 500 0.3797154339 2.494133439 2.494133456
0.00074 1.264149047 500 0.3629545444 2.52829968 2.528299692
0.00075 1.281232142 500 0.3419801144 2.562465914 2.562465927
0.00076 1.298315238 500 0.3220474124 2.596632156 3.225606145
0.00077 1.315398333 500 0.3054364803 2.630798376 3.464950082
0.00078 1.332481428 500 0.2874175133 2.664964627 3.231413428
0.00079 1.349564523 500 0.2709850018 2.699130851 2.699130868
0.0008 1.366647619 500 0.2563704272 2.733297098 3.234527665
0.00081 1.383730714 500 0.2394901117 2.767463334 3.203396531
0.00082 1.400813809 500 0.2240544912 2.80162956 3.099742436
0.00083 1.417896904 500 0.2110519335 2.835795815 3.108328044
0.00084 1.43498 500 0.197232269 2.869962033 2.948249586
0.00085 1.452063095 500 0.1836933968 2.904128292 2.97516187
0.00086 1.46914619 500 0.1734941221 2.938294445 2.938294538
0.00087 1.486229285 500 0.186373371 2.972460732 2.972460772
0.00088 1.503312381 500 0.1992359806 3.006626966 3.006627017
0.00089 1.520395476 500 0.2119655381 3.040793186 3.040793258
0.0009 1.537478571 500 0.2212677015 3.07495942 3.074959497
0.00091 1.554561666 500 0.2303275157 3.109125634 3.109125747
0.00092 1.571644761 500 0.2447440399 3.143291917 3.143291989
0.00093 1.588727857 500 0.257940879 3.177458168 3.177458235
0.00094 1.605810952 500 0.2670563692 3.211624316 3.211624469
0.00095 1.622894047 500 0.2851645981 3.24579062 3.245790727
0.00096 1.639977142 499 0.2944593179 3.279956603 3.279956968
0.00097 1.657060238 500 0.3075991945 3.314123067 3.314123202
0.00098 1.674143333 500 0.3217922662 3.348289324 3.348289466
0.00099 1.691226428 500 0.3372113683 3.382455657 3.382455712
0.001 1.708309523 500 0.3476227169 3.416621803 3.416621949
0.00101 1.725392619 500 0.3649394709 3.450787948 3.450788205
0.00102 1.742475714 500 0.3964008281 3.48495443 3.48495446
0.00103 1.759558809 500 0.3947408445 3.519120569 3.519120712
0.00104 1.776641904 499 0.4084343155 3.553286861 3.553286954
0.00105 1.793724999 500 0.4445481537 3.587453122 3.587453215
0.00106 1.810808095 500 0.4405533171 3.621619319 3.621619454
0.00107 1.82789119 500 0.4721154363 3.655785666 3.655785718
0.00108 1.844974285 500 0.4705445521 3.689951656 3.689951945
0.00109 1.86205738 500 0.5117828304 3.724118041 3.724118214
0.0011 1.879140476 500 0.5122586699 3.758284321 3.75828447
0.00111 1.896223571 500 0.5226008461 3.792448433 3.792450652
0.00112 1.913306666 500 0.5291232464 3.826616818 3.826616981
0.00113 1.930389761 500 0.5453857765 3.86078297 3.860783235
0.00114 1.947472857 500 0.5620235486 3.894949325 3.89494948
0.00115 1.964555952 499 0.5786854654 3.929001251 3.92911565
0.00116 1.981639047 500 0.5954938338 3.963281603 3.963281987
0.00117 1.998722142 500 0.6125503381 3.99744791 3.99744827
0.00118 2.015805238 500 0.6295759412 4.0316143 4.031614533
0.00119 2.032888333 500 0.6468831538 4.065780178 4.065780755
0.0012 2.049971428 500 0.6643550939 4.099946658 4.099947038
0.00121 2.067054523 500 0.6818628802 4.134112983 4.134113297
0.00122 2.084137618 500 0.6996726636 4.168279067 4.168279558
0.00123 2.101220714 500 0.7174673634 4.202445177 4.202445808
0.00124 2.118303809 500 0.7354337628 4.236611509 4.236612087
0.00125 2.135386904 500 0.3105225397 4.270777984 4.270778321
0.00126 2.152469999 500 0.7717115779 4.304943889 4.304944611
0.00127 2.169553095 500 0.7904979604 4.339110224 4.339110861
0.00128 2.18663619 500 0.8085935818 4.373276571 4.373277156
0.00129 2.203719285 500 0.8271878802 4.407429179 4.40744338
0.0013 2.22080238 500 0.8459025163 4.441603594 4.441609599
0.00131 2.237885476 500 0.8647120869 4.475772521 4.475775877
0.00132 2.254968571 500 0.8838009207 4.351102996 4.509942145
0.00133 2.272051666 500 0.9027409844 4.535361015 4.544108373
0.00134 2.289134761 500 0.9219255599 4.577222931 4.578274733
0.00135 2.306217856 500 0.9412597985 4.612440568 4.612440985
0.00136 2.323300952 500 0.1806801577 4.646184134 4.646607104
0.00137 2.340384047 500 0.9551618717 4.680629004 4.680773454
0.00138 2.357467142 500 0.924157296 4.714938802 4.71493974
0.00139 2.374550237 500 0.9075973491 4.74902945 4.749106087
0.0014 2.391633333 500 0.143635546 3.812946847 4.7832723
0.00141 2.408716428 499 0.851150342 3.584672213 4.817438327
0.00142 2.425799523 500 0.3763272063 3.867492329 4.851604777
0.00143 2.442882618 500 0.6637131353 3.660386706 4.885770774
0.00144 2.459965714 500 0.1986830271 4.918418347 4.91993736
0.00145 2.477048809 500 0.7712013208 4.95316573 4.954103704
0.00146 2.494131904 500 0.4085434598 4.894060087 4.988269951
0.00147 2.511214999 500 0.7284946371 3.468107403 5.02243621
0.00148 2.528298095 500 0.6108406949 5.056584091 5.056602531
0.00149 2.54538119 500 0.1737603295 3.296721329 5.090768658
0.0015 2.562464285 500 0.6798969953 4.982604054 5.12493485
0.00151 2.57954738 500 0.6612402965 3.2832719 5.15909992
0.00152 2.596630475 500 0.635645774 4.754146456 5.193266942
0.00153 2.613713571 500 0.6270773859 3.484943556 5.227433817
0.00154 2.630796666 500 0.6005852033 4.922326403 5.261599577
0.00155 2.647879761 500 0.5708837416 4.901639432 5.295765936
0.00156 2.664962856 500 0.5626517243 3.112329357 5.329932617
0.00157 2.682045952 500 0.5544937603 4.28468021 5.364098729
0.00158 2.699129047 500 0.5284505801 2.947512163 5.398264158
0.00159 2.716212142 500 0.5160348594 4.600602908 5.432431498
0.0016 2.733295237 500 0.4955495009 3.668388134 5.466597845
0.00161 2.750378333 500 0.4887269453 2.8600094 5.500763766
0.00162 2.767461428 500 0.3059285108 2.390926439 5.534928528
0.00163 2.784544523 500 0.4545543751 2.75495412 4.525376753
0.00164 2.801627618 500 0.4440282361 2.736282317 5.603262449
0.00165 2.818710713 500 0.4310129151 2.697772828 5.637427768
0.00166 2.835793809 500 0.4166744911 2.769548796 5.671595143
0.00167 2.852876904 500 0.4027366353 2.600199024 5.705760096
0.00168 2.869959999 500 0.3907996385 2.585056915 5.739927782
0.00169 2.887043094 500 0.3744314945 2.523195113 5.76985329
0.0017 2.90412619 500 0.3668028044 2.508571114 5.808259897
0.00171 2.921209285 500 0.352491428 2.4674962 5.842426574
0.00172 2.93829238 500 0.3429280541 2.441458104 5.876593225
0.00173 2.955375475 500 0.3512055355 2.393296544 5.811787014
0.00174 2.972458571 500 0.3629964318 2.36366734 5.77956593
0.00175 2.989541666 500 0.372509779 2.305756764 5.714016532
0.00176 3.006624761 500 0.3853743976 2.299632696 5.646195443
0.00177 3.023707856 500 0.395182438 2.260484748 3.784898739
0.00178 3.040790952 500 0.407871168 2.23303785 5.554869624
0.00179 3.057874047 500 0.4189027285 3.414635555 6.112435717
0.0018 3.074957142 500 0.4303474186 2.152635274 5.419701973
0.00181 3.092040237 500 0.442617508 2.129434076 3.616925097
0.00182 3.109123332 500 0.4553045255 2.916500883 5.366704999
0.00183 3.126206428 499 0.4674078797 2.070277896 5.221372168
0.00184 3.143289523 500 0.4800582342 2.043388637 3.940451947
0.00185 3.160372618 500 0.4916523771 3.432255183 6.320754092
0.00186 3.177455713 500 0.5064566581 2.656509622 6.354907137
0.00187 3.194538809 500 0.5172691447 2.132554735 5.614396548
0.00188 3.211621904 500 0.530938888 2.118915411 3.608546753
0.00189 3.228704999 500 0.5464946537 3.091768057 5.043042758
0.0019 3.245788094 500 0.5556811509 2.149767416 3.471064485
0.00191 3.26287119 500 0.5687875214 2.164280803 3.202105166
0.00192 3.279954285 500 0.5834226051 2.394872079 6.559695455
0.00193 3.29703738 500 0.5964235222 2.231651535 3.131398522
0.00194 3.314120475 500 0.6096198315 2.253709785 3.0944841
0.00195 3.33120357 500 0.6231550273 3.027427064 6.662416535
0.00196 3.348286666 500 0.6383681539 2.306028854 4.626463915
0.00197 3.365369761 500 0.6507717008 2.343303017 4.160304388
0.00198 3.382452856 500 0.6631641983 2.353010404 4.49978862
0.00199 3.399535951 500 0.6533771637 2.399744708 2.997196458
0.002 3.416619047 500 0.6385120645 2.394075231 4.419357736
calibration_seconds        = 6413.576959
===============================================
=================== Observed ===================
observed_fast_ok           = 1
observed_fast_BR90         = 0.00085
observed_fast_Nsig90_nom   = 1.452063095
# BR  q_obs  p_value  accepted
0 0 1 1
1e-05 0.03416610926 0.49 1
2e-05 0.0683323006 0.41 1
3e-05 0.1024984925 0.422 1
4e-05 0.136664685 0.448 1
5e-05 0.1708308781 0.4649298597 1
6e-05 0.2049970718 0.482 1
7e-05 0.2391632661 0.492 1
8e-05 0.2733294609 0.472 1
9e-05 0.3074956563 0.48 1
0.0001 0.3416618523 0.476 1
0.00011 0.3758280489 0.494 1
0.00012 0.4099942461 0.54 1
0.00013 0.4441604439 0.484 1
0.00014 0.4783266422 0.516 1
0.00015 0.5124928412 0.524 1
0.00016 0.5466590407 0.514 1
0.00017 0.5808252408 0.514 1
0.00018 0.6149914414 0.546 1
0.00019 0.6491576427 0.562 1
0.0002 0.6833238446 0.566 1
0.00021 0.717490047 0.552 1
0.00022 0.75165625 0.346 1
0.00023 0.7858224536 0.304 1
0.00024 0.8199886578 0.352 1
0.00025 0.8541548626 0.338 1
0.00026 0.8883210679 0.346 1
0.00027 0.9224872738 0.33 1
0.00028 0.9566534804 0.366 1
0.00029 0.9908196875 0.336 1
0.0003 1.024985895 0.308 1
0.00031 1.059152103 0.292 1
0.00032 1.093318312 0.338 1
0.00033 1.127484522 0.336 1
0.00034 1.161650732 0.322 1
0.00035 1.195816942 0.336 1
0.00036 1.229983154 0.33 1
0.00037 1.264149365 0.372 1
0.00038 1.298315578 0.33 1
0.00039 1.332481791 0.348 1
0.0004 1.366648004 0.314 1
0.00041 1.400814218 0.36 1
0.00042 1.434980433 0.346 1
0.00043 1.469146648 0.3 1
0.00044 1.503312864 0.232 1
0.00045 1.53747908 0.212 1
0.00046 1.571645297 0.242 1
0.00047 1.605811515 0.228 1
0.00048 1.639977733 0.22 1
0.00049 1.674143952 0.212 1
0.0005 1.708310171 0.242 1
0.00051 1.742476391 0.194 1
0.00052 1.776642612 0.216 1
0.00053 1.810808833 0.236 1
0.00054 1.844975055 0.224 1
0.00055 1.879141277 0.208 1
0.00056 1.9133075 0.21 1
0.00057 1.947473723 0.212 1
0.00058 1.981639947 0.27 1
0.00059 2.015806172 0.214 1
0.0006 2.049972397 0.214 1
0.00061 2.084138623 0.188 1
0.00062 2.118304849 0.206 1
0.00063 2.152471076 0.236 1
0.00064 2.186637304 0.206 1
0.00065 2.220803532 0.142 1
0.00066 2.254969761 0.172 1
0.00067 2.28913599 0.142 1
0.00068 2.32330222 0.136 1
0.00069 2.35746845 0.156 1
0.0007 2.391634681 0.136 1
0.00071 2.425800913 0.154 1
0.00072 2.459967145 0.1823647295 1
0.00073 2.494133378 0.134 1
0.00074 2.528299611 0.172 1
0.00075 2.562465845 0.146 1
0.00076 2.59663208 0.166 1
0.00077 2.630798315 0.138 1
0.00078 2.66496455 0.17 1
0.00079 2.699130787 0.13 1
0.0008 2.733297024 0.174 1
0.00081 2.767463261 0.15 1
0.00082 2.801629499 0.14 1
0.00083 2.835795738 0.164 1
0.00084 2.869961977 0.14 1
0.00085 2.904128217 0.144 1
0.00086 2.938294457 0.098 0
0.00087 2.972460698 0.114 0
0.00088 3.006626939 0.116 0
0.00089 3.040793182 0.102 0
0.0009 3.074959424 0.098 0
0.00091 3.109125668 0.094 0
0.00092 3.143291911 0.102 0
0.00093 3.177458156 0.104 0
0.00094 3.211624401 0.084 0
0.00095 3.245790647 0.086 0
0.00096 3.279956893 0.07414829659 0
0.00097 3.31412314 0.07 0
0.00098 3.348289387 0.092 0
0.00099 3.382455635 0.106 0
0.001 3.416621883 0.08 0
0.00101 3.450788133 0.074 0
0.00102 3.484954382 0.122 0
0.00103 3.519120633 0.09 0
0.00104 3.553286883 0.09018036072 0
0.00105 3.587453135 0.094 0
0.00106 3.621619387 0.082 0
0.00107 3.65578564 0.11 0
0.00108 3.689951893 0.07 0
0.00109 3.724118147 0.068 0
0.0011 3.758284401 0.086 0
0.00111 3.792450656 0.05 0
0.00112 3.826616911 0.084 0
0.00113 3.860783168 0.082 0
0.00114 3.894949424 0.08 0
0.00115 3.929115682 0.0501002004 0
0.00116 3.963281939 0.07 0
0.00117 3.997448198 0.074 0
0.00118 4.031614457 0.08 0
0.00119 4.065780717 0.062 0
0.0012 4.099946977 0.076 0
0.00121 4.134113238 0.07 0
0.00122 4.168279499 0.062 0
0.00123 4.202445761 0.058 0
0.00124 4.236612024 0.074 0
0.00125 4.270778287 0.066 0
0.00126 4.30494455 0.062 0
0.00127 4.339110815 0.06 0
0.00128 4.37327708 0.076 0
0.00129 4.407443345 0.056 0
0.0013 4.441609611 0.05 0
0.00131 4.475775878 0.05 0
0.00132 4.509942145 0.05 0
0.00133 4.544108413 0.046 0
0.00134 4.578274681 0.056 0
0.00135 4.61244095 0.06 0
0.00136 4.64660722 0.044 0
0.00137 4.68077349 0.046 0
0.00138 4.714939761 0.046 0
0.00139 4.749106032 0.06 0
0.0014 4.783272304 0.05 0
0.00141 4.817438576 0.03206412826 0
0.00142 4.851604849 0.042 0
0.00143 4.885771123 0.034 0
0.00144 4.919937397 0.046 0
0.00145 4.954103672 0.06 0
0.00146 4.988269947 0.052 0
0.00147 5.022436223 0.048 0
0.00148 5.0566025 0.056 0
0.00149 5.090768777 0.04 0
0.0015 5.124935055 0.026 0
0.00151 5.159101333 0.03 0
0.00152 5.193267612 0.03 0
0.00153 5.227433891 0.048 0
0.00154 5.261600171 0.036 0
0.00155 5.295766452 0.026 0
0.00156 5.329932733 0.04 0
0.00157 5.364099015 0.036 0
0.00158 5.398265297 0.028 0
0.00159 5.43243158 0.044 0
0.0016 5.466597864 0.048 0
0.00161 5.500764148 0.036 0
0.00162 5.534930433 0.036 0
0.00163 5.569096718 0.02 0
0.00164 5.603263004 0.032 0
0.00165 5.637429291 0.028 0
0.00166 5.671595578 0.034 0
0.00167 5.705761865 0.028 0
0.00168 5.739928154 0.04 0
0.00169 5.774094442 0.04 0
0.0017 5.808260732 0.032 0
0.00171 5.842427022 0.036 0
0.00172 5.876593312 0.038 0
0.00173 5.910759603 0.018 0
0.00174 5.944925895 0.01 0
0.00175 5.979092187 0.02 0
0.00176 6.01325848 0.02 0
0.00177 6.047424774 0.014 0
0.00178 6.081591068 0.024 0
0.00179 6.115757363 0.032 0
0.0018 6.149923658 0.02 0
0.00181 6.184089954 0.012 0
0.00182 6.21825625 0.022 0
0.00183 6.252422547 0.02605210421 0
0.00184 6.286588845 0.024 0
0.00185 6.320755143 0.028 0
0.00186 6.354921441 0.028 0
0.00187 6.389087741 0.036 0
0.00188 6.423254041 0.018 0
0.00189 6.457420341 0.022 0
0.0019 6.491586642 0.018 0
0.00191 6.525752944 0.016 0
0.00192 6.559919246 0.024 0
0.00193 6.594085549 0.012 0
0.00194 6.628251852 0.008 0
0.00195 6.662418156 0.022 0
0.00196 6.696584461 0.02 0
0.00197 6.730750766 0.014 0
0.00198 6.764917072 0.024 0
0.00199 6.799083378 0.01 0
0.002 6.833249685 0.008 0
===============================================
================= Sensitivity ==================
sensitivity_valid_toys     = 50000
sensitivity_BR50           = 0.00093
sensitivity_Nsig50_nom     = 1.588727857
sensitivity_BR16           = 0.00044
sensitivity_BR84           = 0.00114
sensitivity_BR05           = 0
sensitivity_BR95           = 0.00131
sensitivity_seconds_total  = 288.5114001
===============================================
=============== Sensitivity Toys ==============
# toy_index  BR90
0 0
1 0
2 0
3 0
4 0
5 0
6 0
7 0
8 0
9 0
10 0
11 0
12 0
13 0
14 0
15 0
16 0
17 0
18 0
19 0
20 0
21 0
22 0
23 0
24 0
25 0
26 0
27 0
28 0
29 0
30 0
31 0
32 0
33 0
34 0
35 0
36 0
37 0
38 0
39 0
40 0
41 0
42 0
43 0
44 0
45 0
46 0
47 0
48 0
49 0
50 0
51 0
52 0
53 0
54 0
55 0
56 0
57 0
58 0
59 0
60 0
61 0
62 0
63 0
64 0
65 0
66 0
67 0
68 0
69 0
70 0
71 0
72 0
73 0
74 0
75 0
76 0
77 0
78 0
79 0
80 0
81 0
82 0
83 0
84 0
85 0
86 0
87 0
88 0
89 0
90 0
91 0
92 0
93 0
94 0
95 0
96 0
97 0
98 0
99 0
100 0
101 0
102 0
103 0
104 0
105 0
106 0
107 0
108 0
109 0
110 0
111 0
112 0
113 0
114 0
115 0
116 0
117 0
118 0
119 0
120 0
121 0
122 0
123 0
124 0
125 0
126 0
127 0
128 0
129 0
130 0
131 0
132 0
133 0
134 0
135 0
136 0
137 0
138 0
139 0
140 0
141 0
142 0
143 0
144 0
145 0
146 0
147 0
148 0
149 0
150 0
151 0
152 0
153 0
154 0
155 0
156 0
157 0
158 0
159 0
160 0
161 0
162 0
163 0
164 0
165 0
166 0
167 0
168 0
169 0
170 0
171 0
172 0
173 0
174 0
175 0
176 0
177 0
178 0
179 0
180 0
181 0
182 0
183 0
184 0
185 0
186 0
187 0
188 0
189 0
190 0
191 0
192 0
193 0
194 0
195 0
196 0
197 0
198 0
199 0
200 0
201 0
202 0
203 0
204 0
205 0
206 0
207 0
208 0
209 0
210 0
211 0
212 0
213 0
214 0
215 0
216 0
217 0
218 0
219 0
220 0
221 0
222 0
223 0
224 0
225 0
226 0
227 0
228 0
229 0
230 0
231 0
232 0
233 0
234 0
235 0
236 0
237 0
238 0
239 0
240 0
241 0
242 0
243 0
244 0
245 0
246 0
247 0
248 0
249 0
250 0
251 0
252 0
253 0
254 0
255 0
256 0
257 0
258 0
259 0
260 0
261 0
262 0
263 0
264 0
265 0
266 0
267 0
268 0
269 0
270 0
271 0
272 0
273 0
274 0
275 0
276 0
277 0
278 0
279 0
280 0
281 0
282 0
283 0
284 0
285 0
286 0
287 0
288 0
289 0
290 0
291 0
292 0
293 0
294 0
295 0
296 0
297 0
298 0
299 0
300 0
301 0
302 0
303 0
304 0
305 0
306 0
307 0
308 0
309 0
310 0
311 0
312 0
313 0
314 0
315 0
316 0
317 0
318 0
319 0
320 0
321 0
322 0
323 0
324 0
325 0
326 0
327 0
328 0
329 0
330 0
331 0
332 0
333 0
334 0
335 0
336 0
337 0
338 0
339 0
340 0
341 0
342 0
343 0
344 0
345 0
346 0
347 0
348 0
349 0
350 0
351 0
352 0
353 0
354 0
355 0
356 0
357 0
358 0
359 0
360 0
361 0
362 0
363 0
364 0
365 0
366 0
367 0
368 0
369 0
370 0
371 0
372 0
373 0
374 0
375 0
376 0
377 0
378 0
379 0
380 0
381 0
382 0
383 0
384 0
385 0
386 0
387 0
388 0
389 0
390 0
391 0
392 0
393 0
394 0
395 0
396 0
397 0
398 0
399 0
400 0
401 0
402 0
403 0
404 0
405 0
406 0
407 0
408 0
409 0
410 0
411 0
412 0
413 0
414 0
415 0
416 0
417 0
418 0
419 0
420 0
421 0
422 0
423 0
424 0
425 0
426 0
427 0
428 0
429 0
430 0
431 0
432 0
433 0
434 0
435 0
436 0
437 0
438 0
439 0
440 0
441 0
442 0
443 0
444 0
445 0
446 0
447 0
448 0
449 0
450 0
451 0
452 0
453 0
454 0
455 0
456 0
457 0
458 0
459 0
460 0
461 0
462 0
463 0
464 0
465 0
466 0
467 0
468 0
469 0
470 0
471 0
472 0
473 0
474 0
475 0
476 0
477 0
478 0
479 0
480 0
481 0
482 0
483 0
484 0
485 0
486 0
487 0
488 0
489 0
490 0
491 0
492 0
493 0
494 0
495 0
496 0
497 0
498 0
499 0
500 0
501 0
502 0
503 0
504 0
505 0
506 0
507 0
508 0
509 0
510 0
511 0
512 0
513 0
514 0
515 0
516 0
517 0
518 0
519 0
520 0
521 0
522 0
523 0
524 0
525 0
526 0
527 0
528 0
529 0
530 0
531 0
532 0
533 0
534 0
535 0
536 0
537 0
538 0
539 0
540 0
541 0
542 0
543 0
544 0
545 0
546 0
547 0
548 0
549 0
550 0
551 0
552 0
553 0
554 0
555 0
556 0
557 0
558 0
559 0
560 0
561 0
562 0
563 0
564 0
565 0
566 0
567 0
568 0
569 0
570 0
571 0
572 0
573 0
574 0
575 0
576 0
577 0
578 0
579 0
580 0
581 0
582 0
583 0
584 0
585 0
586 0
587 0
588 0
589 0
590 0
591 0
592 0
593 0
594 0
595 0
596 0
597 0
598 0
599 0
600 0
601 0
602 0
603 0
604 0
605 0
606 0
607 0
608 0
609 0
610 0
611 0
612 0
613 0
614 0
615 0
616 0
617 0
618 0
619 0
620 0
621 0
622 0
623 0
624 0
625 0
626 0
627 0
628 0
629 0
630 0
631 0
632 0
633 0
634 0
635 0
636 0
637 0
638 0
639 0
640 0
641 0
642 0
643 0
644 0
645 0
646 0
647 0
648 0
649 0
650 0
651 0
652 0
653 0
654 0
655 0
656 0
657 0
658 0
659 0
660 0
661 0
662 0
663 0
664 0
665 0
666 0
667 0
668 0
669 0
670 0
671 0
672 0
673 0
674 0
675 0
676 0
677 0
678 0
679 0
680 0
681 0
682 0
683 0
684 0
685 0
686 0
687 0
688 0
689 0
690 0
691 0
692 0
693 0
694 0
695 0
696 0
697 0
698 0
699 0
700 0
701 0
702 0
703 0
704 0
705 0
706 0
707 0
708 0
709 0
710 0
711 0
712 0
713 0
714 0
715 0
716 0
717 0
718 0
719 0
720 0
721 0
722 0
723 0
724 0
725 0
726 0
727 0
728 0
729 0
730 0
731 0
732 0
733 0
734 0
735 0
736 0
737 0
738 0
739 0
740 0
741 0
742 0
743 0
744 0
745 0
746 0
747 0
748 0
749 0
750 0
751 0
752 0
753 0
754 0
755 0
756 0
757 0
758 0
759 0
760 0
761 0
762 0
763 0
764 0
765 0
766 0
767 0
768 0
769 0
770 0
771 0
772 0
773 0
774 0
775 0
776 0
777 0
778 0
779 0
780 0
781 0
782 0
783 0
784 0
785 0
786 0
787 0
788 0
789 0
790 0
791 0
792 0
793 0
794 0
795 0
796 0
797 0
798 0
799 0
800 0
801 0
802 0
803 0
804 0
805 0
806 0
807 0
808 0
809 0
810 0
811 0
812 0
813 0
814 0
815 0
816 0
817 0
818 0
819 0
820 0
821 0
822 0
823 0
824 0
825 0
826 0
827 0
828 0
829 0
830 0
831 0
832 0
833 0
834 0
835 0
836 0
837 0
838 0
839 0
840 0
841 0
842 0
843 0
844 0
845 0
846 0
847 0
848 0
849 0
850 0
851 0
852 0
853 0
854 0
855 0
856 0
857 0
858 0
859 0
860 0
861 0
862 0
863 0
864 0
865 0
866 0
867 0
868 0
869 0
870 0
871 0
872 0
873 0
874 0
875 0
876 0
877 0
878 0
879 0
880 0
881 0
882 0
883 0
884 0
885 0
886 0
887 0
888 0
889 0
890 0
891 0
892 0
893 0
894 0
895 0
896 0
897 0
898 0
899 0
900 0
901 0
902 0
903 0
904 0
905 0
906 0
907 0
908 0
909 0
910 0
911 0
912 0
913 0
914 0
915 0
916 0
917 0
918 0
919 0
920 0
921 0
922 0
923 0
924 0
925 0
926 0
927 0
928 0
929 0
930 0
931 0
932 0
933 0
934 0
935 0
936 0
937 0
938 0
939 0
940 0
941 0
942 0
943 0
944 0
945 0
946 0
947 0
948 0
949 0
950 0
951 0
952 0
953 0
954 0
955 0
956 0
957 0
958 0
959 0
960 0
961 0
962 0
963 0
964 0
965 0
966 0
967 0
968 0
969 0
970 0
971 0
972 0
973 0
974 0
975 0
976 0
977 0
978 0
979 0
980 0
981 0
982 0
983 0
984 0
985 0
986 0
987 0
988 0
989 0
990 0
991 0
992 0
993 0
994 0
995 0
996 0
997 0
998 0
999 0
1000 0
1001 0
1002 0
1003 0
1004 0
1005 0
1006 0
1007 0
1008 0
1009 0
1010 0
1011 0
1012 0
1013 0
1014 0
1015 0
1016 0
1017 0
1018 0
1019 0
1020 0
1021 0
1022 0
1023 0
1024 0
1025 0
1026 0
1027 0
1028 0
1029 0
1030 0
1031 0
1032 0
1033 0
1034 0
1035 0
1036 0
1037 0
1038 0
1039 0
1040 0
1041 0
1042 0
1043 0
1044 0
1045 0
1046 0
1047 0
1048 0
1049 0
1050 0
1051 0
1052 0
1053 0
1054 0
1055 0
1056 0
1057 0
1058 0
1059 0
1060 0
1061 0
1062 0
1063 0
1064 0
1065 0
1066 0
1067 0
1068 0
1069 0
1070 0
1071 0
1072 0
1073 0
1074 0
1075 0
1076 0
1077 0
1078 0
1079 0
1080 0
1081 0
1082 0
1083 0
1084 0
1085 0
1086 0
1087 0
1088 0
1089 0
1090 0
1091 0
1092 0
1093 0
1094 0
1095 0
1096 0
1097 0
1098 0
1099 0
1100 0
1101 0
1102 0
1103 0
1104 0
1105 0
1106 0
1107 0
1108 0
1109 0
1110 0
1111 0
1112 0
1113 0
1114 0
1115 0
1116 0
1117 0
1118 0
1119 0
1120 0
1121 0
1122 0
1123 0
1124 0
1125 0
1126 0
1127 0
1128 0
1129 0
1130 0
1131 0
1132 0
1133 0
1134 0
1135 0
1136 0
1137 0
1138 0
1139 0
1140 0
1141 0
1142 0
1143 0
1144 0
1145 0
1146 0
1147 0
1148 0
1149 0
1150 0
1151 0
1152 0
1153 0
1154 0
1155 0
1156 0
1157 0
1158 0
1159 0
1160 0
1161 0
1162 0
1163 0
1164 0
1165 0
1166 0
1167 0
1168 0
1169 0
1170 0
1171 0
1172 0
1173 0
1174 0
1175 0
1176 0
1177 0
1178 0
1179 0
1180 0
1181 0
1182 0
1183 0
1184 0
1185 0
1186 0
1187 0
1188 0
1189 0
1190 0
1191 0
1192 0
1193 0
1194 0
1195 0
1196 0
1197 0
1198 0
1199 0
1200 0
1201 0
1202 0
1203 0
1204 0
1205 0
1206 0
1207 0
1208 0
1209 0
1210 0
1211 0
1212 0
1213 0
1214 0
1215 0
1216 0
1217 0
1218 0
1219 0
1220 0
1221 0
1222 0
1223 0
1224 0
1225 0
1226 0
1227 0
1228 0
1229 0
1230 0
1231 0
1232 0
1233 0
1234 0
1235 0
1236 0
1237 0
1238 0
1239 0
1240 0
1241 0
1242 0
1243 0
1244 0
1245 0
1246 0
1247 0
1248 0
1249 0
1250 0
1251 0
1252 0
1253 0
1254 0
1255 0
1256 0
1257 0
1258 0
1259 0
1260 0
1261 0
1262 0
1263 0
1264 0
1265 0
1266 0
1267 0
1268 0
1269 0
1270 0
1271 0
1272 0
1273 0
1274 0
1275 0
1276 0
1277 0
1278 0
1279 0
1280 0
1281 0
1282 0
1283 0
1284 0
1285 0
1286 0
1287 0
1288 0
1289 0
1290 0
1291 0
1292 0
1293 0
1294 0
1295 0
1296 0
1297 0
1298 0
1299 0
1300 0
1301 0
1302 0
1303 0
1304 0
1305 0
1306 0
1307 0
1308 0
1309 0
1310 0
1311 0
1312 0
1313 0
1314 0
1315 0
1316 0
1317 0
1318 0
1319 0
1320 0
1321 0
1322 0
1323 0
1324 0
1325 0
1326 0
1327 0
1328 0
1329 0
1330 0
1331 0
1332 0
1333 0
1334 0
1335 0
1336 0
1337 0
1338 0
1339 0
1340 0
1341 0
1342 0
1343 0
1344 0
1345 0
1346 0
1347 0
1348 0
1349 0
1350 0
1351 0
1352 0
1353 0
1354 0
1355 0
1356 0
1357 0
1358 0
1359 0
1360 0
1361 0
1362 0
1363 0
1364 0
1365 0
1366 0
1367 0
1368 0
1369 0
1370 0
1371 0
1372 0
1373 0
1374 0
1375 0
1376 0
1377 0
1378 0
1379 0
1380 0
1381 0
1382 0
1383 0
1384 0
1385 0
1386 0
1387 0
1388 0
1389 0
1390 0
1391 0
1392 0
1393 0
1394 0
1395 0
1396 0
1397 0
1398 0
1399 0
1400 0
1401 0
1402 0
1403 0
1404 0
1405 0
1406 0
1407 0
1408 0
1409 0
1410 0
1411 0
1412 0
1413 0
1414 0
1415 0
1416 0
1417 0
1418 0
1419 0
1420 0
1421 0
1422 0
1423 0
1424 0
1425 0
1426 0
1427 0
1428 0
1429 0
1430 0
1431 0
1432 0
1433 0
1434 0
1435 0
1436 0
1437 0
1438 0
1439 0
1440 0
1441 0
1442 0
1443 0
1444 0
1445 0
1446 0
1447 0
1448 0
1449 0
1450 0
1451 0
1452 0
1453 0
1454 0
1455 0
1456 0
1457 0
1458 0
1459 0
1460 0
1461 0
1462 0
1463 0
1464 0
1465 0
1466 0
1467 0
1468 0
1469 0
1470 0
1471 0
1472 0
1473 0
1474 0
1475 0
1476 0
1477 0
1478 0
1479 0
1480 0
1481 0
1482 0
1483 0
1484 0
1485 0
1486 0
1487 0
1488 0
1489 0
1490 0
1491 0
1492 0
1493 0
1494 0
1495 0
1496 0
1497 0
1498 0
1499 0
1500 0
1501 0
1502 0
1503 0
1504 0
1505 0
1506 0
1507 0
1508 0
1509 0
1510 0
1511 0
1512 0
1513 0
1514 0
1515 0
1516 0
1517 0
1518 0
1519 0
1520 0
1521 0
1522 0
1523 0
1524 0
1525 0
1526 0
1527 0
1528 0
1529 0
1530 0
1531 0
1532 0
1533 0
1534 0
1535 0
1536 0
1537 0
1538 0
1539 0
1540 0
1541 0
1542 0
1543 0
1544 0
1545 0
1546 0
1547 0
1548 0
1549 0
1550 0
1551 0
1552 0
1553 0
1554 0
1555 0
1556 0
1557 0
1558 0
1559 0
1560 0
1561 0
1562 0
1563 0
1564 0
1565 0
1566 0
1567 0
1568 0
1569 0
1570 0
1571 0
1572 0
1573 0
1574 0
1575 0
1576 0
1577 0
1578 0
1579 0
1580 0
1581 0
1582 0
1583 0
1584 0
1585 0
1586 0
1587 0
1588 0
1589 0
1590 0
1591 0
1592 0
1593 0
1594 0
1595 0
1596 0
1597 0
1598 0
1599 0
1600 0
1601 0
1602 0
1603 0
1604 0
1605 0
1606 0
1607 0
1608 0
1609 0
1610 0
1611 0
1612 0
1613 0
1614 0
1615 0
1616 0
1617 0
1618 0
1619 0
1620 0
1621 0
1622 0
1623 0
1624 0
1625 0
1626 0
1627 0
1628 0
1629 0
1630 0
1631 0
1632 0
1633 0
1634 0
1635 0
1636 0
1637 0
1638 0
1639 0
1640 0
1641 0
1642 0
1643 0
1644 0
1645 0
1646 0
1647 0
1648 0
1649 0
1650 0
1651 0
1652 0
1653 0
1654 0
1655 0
1656 0
1657 0
1658 0
1659 0
1660 0
1661 0
1662 0
1663 0
1664 0
1665 0
1666 0
1667 0
1668 0
1669 0
1670 0
1671 0
1672 0
1673 0
1674 0
1675 0
1676 0
1677 0
1678 0
1679 0
1680 0
1681 0
1682 0
1683 0
1684 0
1685 0
1686 0
1687 0
1688 0
1689 0
1690 0
1691 0
1692 0
1693 0
1694 0
1695 0
1696 0
1697 0
1698 0
1699 0
1700 0
1701 0
1702 0
1703 0
1704 0
1705 0
1706 0
1707 0
1708 0
1709 0
1710 0
1711 0
1712 0
1713 0
1714 0
1715 0
1716 0
1717 0
1718 0
1719 0
1720 0
1721 0
1722 0
1723 0
1724 0
1725 0
1726 0
1727 0
1728 0
1729 0
1730 0
1731 0
1732 0
1733 0
1734 0
1735 0
1736 0
1737 0
1738 0
1739 0
1740 0
1741 0
1742 0
1743 0
1744 0
1745 0
1746 0
1747 0
1748 0
1749 0
1750 0
1751 0
1752 0
1753 0
1754 0
1755 0
1756 0
1757 0
1758 0
1759 0
1760 0
1761 0
1762 0
1763 0
1764 0
1765 0
1766 0
1767 0
1768 0
1769 0
1770 0
1771 0
1772 0
1773 0
1774 0
1775 0
1776 0
1777 0
1778 0
1779 0
1780 0
1781 0
1782 0
1783 0
1784 0
1785 0
1786 0
1787 0
1788 0
1789 0
1790 0
1791 0
1792 0
1793 0
1794 0
1795 0
1796 0
1797 0
1798 0
1799 0
1800 0
1801 0
1802 0
1803 0
1804 0
1805 0
1806 0
1807 0
1808 0
1809 0
1810 0
1811 0
1812 0
1813 0
1814 0
1815 0
1816 0
1817 0
1818 0
1819 0
1820 0
1821 0
1822 0
1823 0
1824 0
1825 0
1826 0
1827 0
1828 0
1829 0
1830 0
1831 0
1832 0
1833 0
1834 0
1835 0
1836 0
1837 0
1838 0
1839 0
1840 0
1841 0
1842 0
1843 0
1844 0
1845 0
1846 0
1847 0
1848 0
1849 0
1850 0
1851 0
1852 0
1853 0
1854 0
1855 0
1856 0
1857 0
1858 0
1859 0
1860 0
1861 0
1862 0
1863 0
1864 0
1865 0
1866 0
1867 0
1868 0
1869 0
1870 0
1871 0
1872 0
1873 0
1874 0
1875 0
1876 0
1877 0
1878 0
1879 0
1880 0
1881 0
1882 0
1883 0
1884 0
1885 0
1886 0
1887 0
1888 0
1889 0
1890 0
1891 0
1892 0
1893 0
1894 0
1895 0
1896 0
1897 0
1898 0
1899 0
1900 0
1901 0
1902 0
1903 0
1904 0
1905 0
1906 0
1907 0
1908 0
1909 0
1910 0
1911 0
1912 0
1913 0
1914 0
1915 0
1916 0
1917 0
1918 0
1919 0
1920 0
1921 0
1922 0
1923 0
1924 0
1925 0
1926 0
1927 0
1928 0
1929 0
1930 0
1931 0
1932 0
1933 0
1934 0
1935 0
1936 0
1937 0
1938 0
1939 0
1940 0
1941 0
1942 0
1943 0
1944 0
1945 0
1946 0
1947 0
1948 0
1949 0
1950 0
1951 0
1952 0
1953 0
1954 0
1955 0
1956 0
1957 0
1958 0
1959 0
1960 0
1961 0
1962 0
1963 0
1964 0
1965 0
1966 0
1967 0
1968 0
1969 0
1970 0
1971 0
1972 0
1973 0
1974 0
1975 0
1976 0
1977 0
1978 0
1979 0
1980 0
1981 0
1982 0
1983 0
1984 0
1985 0
1986 0
1987 0
1988 0
1989 0
1990 0
1991 0
1992 0
1993 0
1994 0
1995 0
1996 0
1997 0
1998 0
1999 0
2000 0
2001 0
2002 0
2003 0
2004 0
2005 0
2006 0
2007 0
2008 0
2009 0
2010 0
2011 0
2012 0
2013 0
2014 0
2015 0
2016 0
2017 0
2018 0
2019 0
2020 0
2021 0
2022 0
2023 0
2024 0
2025 0
2026 0
2027 0
2028 0
2029 0
2030 0
2031 0
2032 0
2033 0
2034 0
2035 0
2036 0
2037 0
2038 0
2039 0
2040 0
2041 0
2042 0
2043 0
2044 0
2045 0
2046 0
2047 0
2048 0
2049 0
2050 0
2051 0
2052 0
2053 0
2054 0
2055 0
2056 0
2057 0
2058 0
2059 0
2060 0
2061 0
2062 0
2063 0
2064 0
2065 0
2066 0
2067 0
2068 0
2069 0
2070 0
2071 0
2072 0
2073 0
2074 0
2075 0
2076 0
2077 0
2078 0
2079 0
2080 0
2081 0
2082 0
2083 0
2084 0
2085 0
2086 0
2087 0
2088 0
2089 0
2090 0
2091 0
2092 0
2093 0
2094 0
2095 0
2096 0
2097 0
2098 0
2099 0
2100 0
2101 0
2102 0
2103 0
2104 0
2105 0
2106 0
2107 0
2108 0
2109 0
2110 0
2111 0
2112 0
2113 0
2114 0
2115 0
2116 0
2117 0
2118 0
2119 0
2120 0
2121 0
2122 0
2123 0
2124 0
2125 0
2126 0
2127 0
2128 0
2129 0
2130 0
2131 0
2132 0
2133 0
2134 0
2135 0
2136 0
2137 0
2138 0
2139 0
2140 0
2141 0
2142 0
2143 0
2144 0
2145 0
2146 0
2147 0
2148 0
2149 0
2150 0
2151 0
2152 0
2153 0
2154 0
2155 0
2156 0
2157 0
2158 0
2159 0
2160 0
2161 0
2162 0
2163 0
2164 0
2165 0
2166 0
2167 0
2168 0
2169 0
2170 0
2171 0
2172 0
2173 0
2174 0
2175 0
2176 0
2177 0
2178 0
2179 0
2180 0
2181 0
2182 0
2183 0
2184 0
2185 0
2186 0
2187 0
2188 0
2189 0
2190 0
2191 0
2192 0
2193 0
2194 0
2195 0
2196 0
2197 0
2198 0
2199 0
2200 0
2201 0
2202 0
2203 0
2204 0
2205 0
2206 0
2207 0
2208 0
2209 0
2210 0
2211 0
2212 0
2213 0
2214 0
2215 0
2216 0
2217 0
2218 0
2219 0
2220 0
2221 0
2222 0
2223 0
2224 0
2225 0
2226 0
2227 0
2228 0
2229 0
2230 0
2231 0
2232 0
2233 0
2234 0
2235 0
2236 0
2237 0
2238 0
2239 0
2240 0
2241 0
2242 0
2243 0
2244 0
2245 0
2246 0
2247 0
2248 0
2249 0
2250 0
2251 0
2252 0
2253 0
2254 0
2255 0
2256 0
2257 0
2258 0
2259 0
2260 0
2261 0
2262 0
2263 0
2264 0
2265 0
2266 0
2267 0
2268 0
2269 0
2270 0
2271 0
2272 0
2273 0
2274 0
2275 0
2276 0
2277 0
2278 0
2279 0
2280 0
2281 0
2282 0
2283 0
2284 0
2285 0
2286 0
2287 0
2288 0
2289 0
2290 0
2291 0
2292 0
2293 0
2294 0
2295 0
2296 0
2297 0
2298 0
2299 0
2300 0
2301 0
2302 0
2303 0
2304 0
2305 0
2306 0
2307 0
2308 0
2309 0
2310 0
2311 0
2312 0
2313 0
2314 0
2315 0
2316 0
2317 0
2318 0
2319 0
2320 0
2321 0
2322 0
2323 0
2324 0
2325 0
2326 0
2327 0
2328 0
2329 0
2330 0
2331 0
2332 0
2333 0
2334 0
2335 0
2336 0
2337 0
2338 0
2339 0
2340 0
2341 0
2342 0
2343 0
2344 0
2345 0
2346 0
2347 0
2348 0
2349 0
2350 0
2351 0
2352 0
2353 0
2354 0
2355 0
2356 0
2357 0
2358 0
2359 0
2360 0
2361 0
2362 0
2363 0
2364 0
2365 0
2366 0
2367 0
2368 0
2369 0
2370 0
2371 0
2372 0
2373 0
2374 0
2375 0
2376 0
2377 0
2378 0
2379 0
2380 0
2381 0
2382 0
2383 0
2384 0
2385 0
2386 0
2387 0
2388 0
2389 0
2390 0
2391 0
2392 0
2393 0
2394 0
2395 0
2396 0
2397 0
2398 0
2399 0
2400 0
2401 0
2402 0
2403 0
2404 0
2405 0
2406 0
2407 0
2408 0
2409 0
2410 0
2411 0
2412 0
2413 0
2414 0
2415 0
2416 0
2417 0
2418 0
2419 0
2420 0
2421 0
2422 0
2423 0
2424 0
2425 0
2426 0
2427 0
2428 0
2429 0
2430 0
2431 0
2432 0
2433 0
2434 0
2435 0
2436 0
2437 0
2438 0
2439 0
2440 0
2441 0
2442 0
2443 0
2444 0
2445 0
2446 0
2447 0
2448 0
2449 0
2450 0
2451 0
2452 0
2453 0
2454 0
2455 0
2456 0
2457 0
2458 0
2459 0
2460 0
2461 0
2462 0
2463 0
2464 0
2465 0
2466 0
2467 0
2468 0
2469 0
2470 0
2471 0
2472 0
2473 0
2474 0
2475 0
2476 0
2477 0
2478 0
2479 0
2480 0
2481 0
2482 0
2483 0
2484 0
2485 0
2486 0
2487 0
2488 0
2489 0
2490 0
2491 0
2492 0
2493 0
2494 0
2495 0
2496 0
2497 0
2498 0
2499 0
2500 0
2501 0
2502 0
2503 0
2504 0
2505 0
2506 0
2507 0
2508 0
2509 0
2510 0
2511 0
2512 0
2513 0
2514 0
2515 0
2516 0
2517 0
2518 0
2519 0
2520 0
2521 0
2522 0
2523 0
2524 0
2525 0
2526 0
2527 0
2528 0
2529 0
2530 0
2531 0
2532 0
2533 0
2534 0
2535 0
2536 0
2537 0
2538 0
2539 0
2540 0
2541 0
2542 0
2543 0
2544 0
2545 0
2546 0
2547 0
2548 0
2549 0
2550 0
2551 0
2552 0
2553 0
2554 0
2555 0
2556 0
2557 0
2558 0
2559 0
2560 0
2561 0
2562 0
2563 0
2564 0
2565 0
2566 0
2567 0
2568 0
2569 0
2570 0
2571 0
2572 0
2573 0
2574 0
2575 0
2576 0
2577 0
2578 0
2579 0
2580 0
2581 0
2582 0
2583 0
2584 0
2585 0
2586 0
2587 0
2588 0
2589 0
2590 0
2591 0
2592 0
2593 0
2594 0
2595 0
2596 0
2597 0
2598 0
2599 0
2600 0
2601 0
2602 0
2603 0
2604 0
2605 0
2606 0
2607 0
2608 0
2609 0
2610 0
2611 0
2612 0
2613 0
2614 0
2615 0
2616 0
2617 0
2618 0
2619 0
2620 0
2621 0
2622 0
2623 0
2624 0
2625 0
2626 0
2627 0
2628 0
2629 0
2630 0
2631 0
2632 0
2633 0
2634 0
2635 0
2636 0
2637 0
2638 0
2639 0
2640 0
2641 0
2642 0
2643 0
2644 0
2645 0
2646 0
2647 0
2648 0
2649 0
2650 0
2651 0
2652 0
2653 0
2654 0
2655 0
2656 0
2657 0
2658 0
2659 0
2660 0
2661 0
2662 0
2663 0
2664 0
2665 0
2666 0
2667 0
2668 0
2669 0
2670 0
2671 0
2672 0
2673 0
2674 0
2675 0
2676 0
2677 0
2678 0
2679 0
2680 0
2681 0
2682 0
2683 0
2684 0
2685 0
2686 0
2687 0
2688 0
2689 0
2690 0
2691 0
2692 0
2693 0
2694 0
2695 0
2696 0
2697 0
2698 0
2699 0
2700 0
2701 0
2702 0
2703 0
2704 0
2705 0
2706 0
2707 0
2708 0
2709 0
2710 0
2711 0
2712 0
2713 0
2714 0
2715 0
2716 0
2717 0
2718 0
2719 0
2720 0
2721 0
2722 0
2723 0
2724 0
2725 0
2726 0
2727 0
2728 0
2729 0
2730 0
2731 0
2732 0
2733 0
2734 0
2735 0
2736 0
2737 0
2738 0
2739 0
2740 0
2741 0
2742 0
2743 0
2744 0
2745 0
2746 0
2747 0
2748 0
2749 0
2750 0
2751 0
2752 0
2753 0
2754 0
2755 0
2756 0
2757 0
2758 0
2759 0
2760 0
2761 0
2762 0
2763 0
2764 0
2765 0
2766 0
2767 0
2768 0
2769 0
2770 0
2771 0
2772 0
2773 0
2774 0
2775 0
2776 0
2777 0
2778 0
2779 0
2780 0
2781 0
2782 0
2783 0
2784 0
2785 0
2786 0
2787 0
2788 0
2789 0
2790 0
2791 0
2792 0
2793 0
2794 0
2795 0
2796 0
2797 0
2798 0
2799 0
2800 0
2801 0
2802 0
2803 0
2804 0
2805 0
2806 0
2807 0
2808 0
2809 0
2810 0
2811 0
2812 0
2813 0
2814 0
2815 0
2816 0
2817 0
2818 0
2819 0
2820 0
2821 0
2822 0
2823 0
2824 0
2825 0
2826 0
2827 0
2828 0
2829 0
2830 0
2831 0
2832 0
2833 0
2834 0
2835 0
2836 0
2837 0
2838 0
2839 0
2840 0
2841 0
2842 0
2843 0
2844 0
2845 0
2846 0
2847 0
2848 0
2849 0
2850 0
2851 0
2852 0
2853 0
2854 0
2855 0
2856 0
2857 0
2858 0
2859 0
2860 0
2861 0
2862 0
2863 0
2864 0
2865 0
2866 0
2867 0
2868 0
2869 0
2870 0
2871 0
2872 0
2873 0
2874 0
2875 0
2876 0
2877 0
2878 0
2879 0
2880 0
2881 0
2882 0
2883 0
2884 0
2885 0
2886 0
2887 0
2888 0
2889 0
2890 0
2891 0
2892 0
2893 0
2894 0
2895 0
2896 0
2897 0
2898 0
2899 0
2900 0
2901 0
2902 0
2903 0
2904 0
2905 0
2906 0
2907 0
2908 0
2909 0
2910 0
2911 0
2912 0
2913 0
2914 0
2915 0
2916 0
2917 0
2918 0
2919 0
2920 0
2921 0
2922 0
2923 0
2924 0
2925 0
2926 0
2927 0
2928 0
2929 0
2930 0
2931 0
2932 0
2933 0
2934 0
2935 0
2936 0
2937 0
2938 0
2939 0
2940 0
2941 0
2942 0
2943 0
2944 0
2945 0
2946 0
2947 0
2948 0
2949 0
2950 0
2951 0
2952 0
2953 0
2954 0
2955 0
2956 0
2957 0
2958 0
2959 0
2960 0
2961 0
2962 0
2963 0
2964 0
2965 0
2966 0
2967 0
2968 0
2969 0
2970 0
2971 0
2972 0
2973 0
2974 0
2975 0
2976 0
2977 0
2978 0
2979 0
2980 0
2981 0
2982 0
2983 0
2984 0
2985 0
2986 0
2987 0
2988 0
2989 0
2990 0
2991 0
2992 0
2993 0
2994 0
2995 0
2996 0
2997 0
2998 0
2999 0
3000 0
3001 0
3002 0
3003 0
3004 0
3005 0
3006 0
3007 0
3008 0
3009 0
3010 0
3011 0
3012 0
3013 0
3014 0
3015 0
3016 0
3017 0
3018 0
3019 0
3020 0
3021 0
3022 0
3023 0
3024 0
3025 0
3026 0
3027 0
3028 0
3029 0
3030 0
3031 0
3032 0
3033 0
3034 0
3035 0
3036 0
3037 0
3038 0
3039 0
3040 0
3041 0
3042 0
3043 0
3044 0
3045 0
3046 0
3047 0
3048 0
3049 0
3050 0
3051 0
3052 0
3053 0
3054 0
3055 0
3056 0
3057 0
3058 0
3059 0
3060 0
3061 0
3062 0
3063 0
3064 0
3065 0
3066 0
3067 0
3068 0
3069 0
3070 0
3071 0
3072 0
3073 0
3074 0
3075 0
3076 0
3077 0
3078 0
3079 0
3080 0
3081 0
3082 0
3083 0
3084 0
3085 0
3086 0
3087 0
3088 0
3089 0
3090 0
3091 0
3092 0
3093 0
3094 0
3095 0
3096 0
3097 0
3098 0
3099 0
3100 0
3101 0
3102 0
3103 0
3104 0
3105 0
3106 0
3107 0
3108 0
3109 0
3110 0
3111 0
3112 0
3113 0
3114 0
3115 0
3116 0
3117 0
3118 0
3119 0
3120 0
3121 0
3122 0
3123 0
3124 0
3125 0
3126 0
3127 0
3128 0
3129 0
3130 0
3131 0
3132 0
3133 0
3134 0
3135 0
3136 0
3137 0
3138 0
3139 0
3140 0
3141 0
3142 0
3143 0
3144 0
3145 0
3146 0
3147 0
3148 0
3149 0
3150 0
3151 0
3152 0
3153 0
3154 0
3155 0
3156 0
3157 0
3158 0
3159 0
3160 0
3161 0
3162 0
3163 0
3164 0
3165 0
3166 0
3167 0
3168 0
3169 0
3170 0
3171 0
3172 0
3173 0
3174 0
3175 0
3176 0
3177 0
3178 0
3179 0
3180 0
3181 0
3182 0
3183 0
3184 0
3185 0
3186 0
3187 0
3188 0
3189 0
3190 0
3191 0
3192 0
3193 0
3194 0
3195 0
3196 0
3197 0
3198 0
3199 0
3200 0
3201 0
3202 0
3203 0
3204 0
3205 0
3206 0
3207 0
3208 0
3209 0
3210 0
3211 0
3212 0
3213 0
3214 0
3215 0
3216 0
3217 0
3218 0
3219 0
3220 0
3221 0
3222 0
3223 0
3224 0
3225 0
3226 0
3227 0
3228 0
3229 0
3230 0
3231 0
3232 0
3233 0
3234 0
3235 0
3236 0
3237 0
3238 0
3239 0
3240 0
3241 0
3242 0
3243 0
3244 0
3245 0
3246 0
3247 0
3248 0
3249 0
3250 0
3251 0
3252 0
3253 0
3254 0
3255 0
3256 0
3257 0
3258 0
3259 0
3260 0
3261 0
3262 0
3263 0
3264 0
3265 0
3266 0
3267 0
3268 0
3269 0
3270 0
3271 0
3272 0
3273 0
3274 0
3275 0
3276 0
3277 0
3278 0
3279 0
3280 0
3281 0
3282 0
3283 0
3284 0
3285 0
3286 0
3287 0
3288 0
3289 0
3290 0
3291 0
3292 0
3293 0
3294 0
3295 0
3296 0
3297 0
3298 0
3299 0
3300 0
3301 0
3302 0
3303 0
3304 0
3305 0
3306 0
3307 0
3308 0
3309 0
3310 0
3311 0
3312 0
3313 0
3314 0
3315 0
3316 0
3317 0
3318 0
3319 0
3320 0
3321 0
3322 0
3323 0
3324 0
3325 0
3326 0
3327 0
3328 0
3329 0
3330 0
3331 0
3332 0
3333 0
3334 0
3335 0
3336 0
3337 0
3338 0
3339 0
3340 0
3341 0
3342 0
3343 0
3344 0
3345 0
3346 0
3347 0
3348 0
3349 0
3350 0
3351 0
3352 0
3353 0
3354 0
3355 0
3356 0
3357 0
3358 0
3359 0
3360 0
3361 0
3362 0
3363 0
3364 0
3365 0
3366 0
3367 0
3368 0
3369 0
3370 0
3371 0
3372 0
3373 0
3374 0
3375 0
3376 0
3377 0
3378 0
3379 0
3380 0
3381 0
3382 0
3383 0
3384 0
3385 0
3386 0
3387 0
3388 0
3389 0
3390 0
3391 0
3392 0
3393 0
3394 0
3395 0
3396 0
3397 0
3398 0
3399 0
3400 0
3401 0
3402 0
3403 0
3404 0
3405 0
3406 0
3407 0
3408 0
3409 0
3410 0
3411 0
3412 0
3413 0
3414 0
3415 0
3416 0
3417 0
3418 0
3419 0
3420 0
3421 0
3422 0
3423 0
3424 0
3425 0
3426 0
3427 0
3428 0
3429 0
3430 0
3431 0
3432 0
3433 0
3434 0
3435 0
3436 0
3437 0
3438 0
3439 0
3440 0
3441 0
3442 0
3443 0
3444 0
3445 0
3446 0
3447 0
3448 0
3449 0
3450 0
3451 0
3452 0
3453 0
3454 0
3455 0
3456 0
3457 0
3458 0
3459 0
3460 0
3461 0
3462 0
3463 0
3464 0
3465 0
3466 0
3467 0
3468 0
3469 0
3470 0
3471 0
3472 0
3473 0
3474 0
3475 0
3476 0
3477 0
3478 0
3479 0
3480 0
3481 0
3482 0
3483 0
3484 0
3485 0
3486 0
3487 0
3488 0
3489 0
3490 0
3491 0
3492 0
3493 0
3494 0
3495 0
3496 0
3497 0
3498 0
3499 0
3500 0
3501 0
3502 0
3503 0
3504 0
3505 0
3506 0
3507 0
3508 0
3509 0
3510 0
3511 0
3512 0
3513 0
3514 0
3515 0
3516 0
3517 0
3518 0
3519 0
3520 0
3521 0
3522 0
3523 0
3524 0
3525 0
3526 0
3527 0
3528 0
3529 0
3530 0
3531 0
3532 0
3533 0
3534 0
3535 0
3536 0
3537 0
3538 0
3539 0
3540 0
3541 0
3542 0
3543 0
3544 0
3545 0
3546 0
3547 0
3548 0
3549 0
3550 0
3551 0
3552 0
3553 0
3554 0
3555 0
3556 0
3557 0
3558 0
3559 0
3560 0
3561 0
3562 0
3563 0
3564 0
3565 0
3566 0
3567 0
3568 0
3569 0
3570 0
3571 0
3572 0
3573 0
3574 0
3575 0
3576 0
3577 0
3578 0
3579 0
3580 0
3581 0
3582 0
3583 0
3584 0
3585 0
3586 0
3587 0
3588 0
3589 0
3590 0
3591 0
3592 0
3593 0
3594 0
3595 0
3596 0
3597 0
3598 0
3599 0
3600 0
3601 0
3602 0
3603 0
3604 0
3605 0
3606 0
3607 0
3608 0
3609 0
3610 0
3611 0
3612 0
3613 0
3614 0
3615 0
3616 0
3617 0
3618 0
3619 0
3620 0
3621 0
3622 0
3623 0
3624 0
3625 0
3626 0
3627 0
3628 0
3629 0
3630 0
3631 0
3632 0
3633 0
3634 0
3635 0
3636 0
3637 0
3638 0
3639 0
3640 0
3641 0
3642 0
3643 0
3644 0
3645 0
3646 0
3647 0
3648 0
3649 0
3650 0
3651 0
3652 0
3653 0
3654 0
3655 0
3656 0
3657 0
3658 0
3659 0
3660 0
3661 0
3662 0
3663 0
3664 0
3665 0
3666 0
3667 0
3668 0
3669 0
3670 0
3671 0
3672 0
3673 0
3674 0
3675 0
3676 0
3677 0
3678 0
3679 0
3680 0
3681 0
3682 0
3683 0
3684 0
3685 0
3686 0
3687 0
3688 0
3689 0
3690 0
3691 0
3692 0
3693 0
3694 0
3695 0
3696 0
3697 0
3698 0
3699 0
3700 0
3701 0
3702 0
3703 0
3704 0
3705 0
3706 0
3707 0
3708 0
3709 0
3710 0
3711 0
3712 0
3713 0
3714 0
3715 0
3716 0
3717 0
3718 0
3719 0
3720 0
3721 0
3722 0
3723 0
3724 0
3725 0
3726 0
3727 0
3728 0
3729 0
3730 0
3731 0
3732 0
3733 0
3734 0
3735 0
3736 0
3737 0
3738 0
3739 0
3740 0
3741 0
3742 0
3743 0
3744 0
3745 0
3746 0
3747 0
3748 0
3749 0
3750 0
3751 0
3752 0
3753 0
3754 0
3755 0
3756 0
3757 0
3758 0
3759 0
3760 0
3761 0
3762 0
3763 0
3764 0
3765 0
3766 0
3767 0
3768 0
3769 0
3770 0
3771 0
3772 0
3773 0
3774 0
3775 0
3776 0
3777 0
3778 0
3779 0
3780 0
3781 0
3782 0
3783 0
3784 0
3785 0
3786 0
3787 0
3788 0
3789 0
3790 0
3791 0
3792 0
3793 0
3794 0
3795 0
3796 0
3797 0
3798 0
3799 0
3800 0
3801 0
3802 0
3803 0
3804 0
3805 0
3806 0
3807 0
3808 0
3809 0
3810 0
3811 0
3812 0
3813 0
3814 0
3815 0
3816 0
3817 0
3818 0
3819 0
3820 0
3821 0
3822 0
3823 0
3824 0
3825 0
3826 0
3827 0
3828 0
3829 0
3830 0
3831 0
3832 0
3833 0
3834 0
3835 0
3836 0
3837 0
3838 0
3839 0
3840 0
3841 0
3842 0
3843 0
3844 0
3845 0
3846 0
3847 0
3848 0
3849 0
3850 0
3851 0
3852 0
3853 0
3854 0
3855 0
3856 0
3857 0
3858 0
3859 0
3860 0
3861 0
3862 0
3863 0
3864 0
3865 0
3866 0
3867 0
3868 0
3869 0
3870 0
3871 0
3872 0
3873 0
3874 0
3875 0
3876 0
3877 0
3878 0
3879 0
3880 0
3881 0
3882 0
3883 0
3884 0
3885 0
3886 0
3887 0
3888 0
3889 0
3890 0
3891 0
3892 0
3893 0
3894 0
3895 0
3896 0
3897 0
3898 0
3899 0
3900 0
3901 0
3902 0
3903 0
3904 0
3905 0
3906 0
3907 0
3908 0
3909 0
3910 0
3911 0
3912 0
3913 0
3914 0
3915 0
3916 0
3917 0
3918 0
3919 0
3920 0
3921 0
3922 0
3923 0
3924 0
3925 0
3926 0
3927 0
3928 0
3929 0
3930 0
3931 0
3932 0
3933 0
3934 0
3935 0
3936 0
3937 0
3938 0
3939 0
3940 0
3941 0
3942 0
3943 0
3944 0
3945 0
3946 0
3947 0
3948 0
3949 0
3950 0
3951 0
3952 0
3953 0
3954 0
3955 0
3956 0
3957 0
3958 0
3959 0
3960 0
3961 0
3962 0
3963 0
3964 0
3965 0
3966 0
3967 0
3968 0
3969 0
3970 0
3971 0
3972 0
3973 0
3974 0
3975 0
3976 0
3977 0
3978 0
3979 0
3980 0
3981 0
3982 0
3983 0
3984 0
3985 0
3986 0
3987 0
3988 0
3989 0
3990 0
3991 0
3992 0
3993 0
3994 0
3995 0
3996 0
3997 0
3998 0
3999 0
4000 0
4001 0
4002 0
4003 0
4004 0
4005 0
4006 0
4007 0
4008 0
4009 0
4010 0
4011 0
4012 0
4013 0
4014 0
4015 0
4016 0
4017 0
4018 0
4019 0
4020 0
4021 0
4022 0
4023 0
4024 0
4025 0
4026 0
4027 0
4028 0
4029 0
4030 0
4031 0
4032 0
4033 0
4034 0
4035 0
4036 0
4037 0
4038 0
4039 0
4040 0
4041 0
4042 0
4043 0
4044 0
4045 0
4046 0
4047 0
4048 0
4049 0
4050 0
4051 0
4052 0
4053 0
4054 0
4055 0
4056 0
4057 0
4058 0
4059 0
4060 0
4061 0
4062 0
4063 0
4064 0
4065 0
4066 0
4067 0
4068 0
4069 0
4070 0
4071 0
4072 0
4073 0
4074 0
4075 0
4076 0
4077 0
4078 0
4079 0
4080 0
4081 0
4082 0
4083 0
4084 0
4085 0
4086 0
4087 0
4088 0
4089 0
4090 0
4091 0
4092 0
4093 0
4094 0
4095 0
4096 0
4097 0
4098 0
4099 0
4100 0
4101 0
4102 0
4103 0
4104 0
4105 0
4106 0
4107 0
4108 0
4109 0
4110 0
4111 0
4112 0
4113 0
4114 0
4115 0
4116 0
4117 0
4118 0
4119 0
4120 0
4121 0
4122 0
4123 0
4124 0
4125 0
4126 0
4127 0
4128 0
4129 0
4130 0
4131 0
4132 0
4133 0
4134 0
4135 0
4136 0
4137 0
4138 0
4139 0
4140 0
4141 0
4142 0
4143 0
4144 0
4145 0
4146 0
4147 0
4148 0
4149 0
4150 0
4151 0
4152 0
4153 0
4154 0
4155 0
4156 0
4157 0
4158 0
4159 0
4160 0
4161 0
4162 0
4163 0
4164 0
4165 0
4166 0
4167 0
4168 0
4169 0
4170 0
4171 0
4172 0
4173 0
4174 0
4175 0
4176 0
4177 0
4178 0
4179 0
4180 0
4181 0
4182 0
4183 0
4184 0
4185 0
4186 0
4187 0
4188 0
4189 0
4190 0
4191 0
4192 0
4193 0
4194 0
4195 0
4196 0
4197 0
4198 0
4199 0
4200 0
4201 0
4202 0
4203 0
4204 0
4205 0
4206 0
4207 0
4208 0
4209 0
4210 0
4211 0
4212 0
4213 0
4214 0
4215 0
4216 0
4217 0
4218 0
4219 0
4220 0
4221 0
4222 0
4223 0
4224 0
4225 0
4226 0
4227 0
4228 0
4229 0
4230 0
4231 0
4232 0
4233 0
4234 0
4235 0
4236 0
4237 0
4238 0
4239 0
4240 0
4241 0
4242 0
4243 0
4244 0
4245 0
4246 0
4247 0
4248 0
4249 0
4250 0
4251 0
4252 0
4253 0
4254 0
4255 0
4256 0
4257 0
4258 0
4259 0
4260 0
4261 0
4262 0
4263 0
4264 0
4265 0
4266 0
4267 0
4268 0
4269 0
4270 0
4271 0
4272 0
4273 0
4274 0
4275 0
4276 0
4277 0
4278 0
4279 0
4280 0
4281 0
4282 0
4283 0
4284 0
4285 0
4286 0
4287 0
4288 0
4289 0
4290 0
4291 0
4292 0
4293 0
4294 0
4295 0
4296 0
4297 0
4298 0
4299 0
4300 0
4301 0
4302 0
4303 0
4304 0
4305 0
4306 0
4307 0
4308 0
4309 0
4310 0
4311 0
4312 0
4313 0
4314 0
4315 0
4316 0
4317 0
4318 0
4319 0
4320 0
4321 0
4322 0
4323 0
4324 0
4325 0
4326 0
4327 0
4328 0
4329 0
4330 0
4331 0
4332 0
4333 0
4334 0
4335 0
4336 0
4337 0
4338 0
4339 0
4340 0
4341 0
4342 0
4343 0
4344 0
4345 0
4346 0
4347 0
4348 0
4349 0
4350 0
4351 0
4352 0
4353 0
4354 0
4355 0
4356 0
4357 0
4358 0
4359 0
4360 0
4361 0
4362 0
4363 0
4364 0
4365 0
4366 0
4367 0
4368 0
4369 0
4370 0
4371 0
4372 0
4373 0
4374 0
4375 0
4376 0
4377 0
4378 0
4379 0
4380 1e-05
4381 1e-05
4382 1e-05
4383 1e-05
4384 1e-05
4385 1e-05
4386 1e-05
4387 1e-05
4388 1e-05
4389 1e-05
4390 1e-05
4391 1e-05
4392 1e-05
4393 1e-05
4394 1e-05
4395 1e-05
4396 1e-05
4397 1e-05
4398 1e-05
4399 1e-05
4400 1e-05
4401 1e-05
4402 1e-05
4403 1e-05
4404 1e-05
4405 1e-05
4406 1e-05
4407 1e-05
4408 1e-05
4409 1e-05
4410 1e-05
4411 1e-05
4412 1e-05
4413 1e-05
4414 1e-05
4415 1e-05
4416 1e-05
4417 1e-05
4418 1e-05
4419 1e-05
4420 1e-05
4421 1e-05
4422 1e-05
4423 1e-05
4424 1e-05
4425 1e-05
4426 1e-05
4427 1e-05
4428 1e-05
4429 1e-05
4430 1e-05
4431 1e-05
4432 1e-05
4433 1e-05
4434 1e-05
4435 1e-05
4436 1e-05
4437 1e-05
4438 1e-05
4439 1e-05
4440 1e-05
4441 1e-05
4442 1e-05
4443 1e-05
4444 1e-05
4445 1e-05
4446 1e-05
4447 1e-05
4448 1e-05
4449 1e-05
4450 1e-05
4451 1e-05
4452 1e-05
4453 1e-05
4454 1e-05
4455 1e-05
4456 1e-05
4457 1e-05
4458 1e-05
4459 1e-05
4460 1e-05
4461 1e-05
4462 1e-05
4463 1e-05
4464 1e-05
4465 1e-05
4466 1e-05
4467 1e-05
4468 1e-05
4469 1e-05
4470 1e-05
4471 1e-05
4472 1e-05
4473 1e-05
4474 1e-05
4475 1e-05
4476 1e-05
4477 1e-05
4478 1e-05
4479 1e-05
4480 1e-05
4481 1e-05
4482 1e-05
4483 1e-05
4484 1e-05
4485 1e-05
4486 1e-05
4487 1e-05
4488 1e-05
4489 1e-05
4490 1e-05
4491 1e-05
4492 1e-05
4493 1e-05
4494 1e-05
4495 1e-05
4496 1e-05
4497 1e-05
4498 1e-05
4499 1e-05
4500 1e-05
4501 1e-05
4502 1e-05
4503 1e-05
4504 1e-05
4505 1e-05
4506 1e-05
4507 1e-05
4508 1e-05
4509 1e-05
4510 1e-05
4511 1e-05
4512 1e-05
4513 1e-05
4514 1e-05
4515 1e-05
4516 1e-05
4517 1e-05
4518 1e-05
4519 1e-05
4520 1e-05
4521 1e-05
4522 1e-05
4523 1e-05
4524 1e-05
4525 1e-05
4526 1e-05
4527 1e-05
4528 1e-05
4529 1e-05
4530 1e-05
4531 1e-05
4532 1e-05
4533 1e-05
4534 1e-05
4535 1e-05
4536 1e-05
4537 1e-05
4538 1e-05
4539 1e-05
4540 1e-05
4541 1e-05
4542 1e-05
4543 1e-05
4544 1e-05
4545 1e-05
4546 1e-05
4547 1e-05
4548 1e-05
4549 1e-05
4550 1e-05
4551 1e-05
4552 1e-05
4553 1e-05
4554 1e-05
4555 1e-05
4556 1e-05
4557 1e-05
4558 1e-05
4559 1e-05
4560 1e-05
4561 1e-05
4562 1e-05
4563 1e-05
4564 1e-05
4565 1e-05
4566 1e-05
4567 1e-05
4568 1e-05
4569 1e-05
4570 1e-05
4571 1e-05
4572 1e-05
4573 1e-05
4574 1e-05
4575 1e-05
4576 1e-05
4577 1e-05
4578 1e-05
4579 1e-05
4580 1e-05
4581 1e-05
4582 1e-05
4583 1e-05
4584 1e-05
4585 1e-05
4586 1e-05
4587 1e-05
4588 1e-05
4589 1e-05
4590 1e-05
4591 1e-05
4592 1e-05
4593 1e-05
4594 1e-05
4595 1e-05
4596 1e-05
4597 1e-05
4598 1e-05
4599 1e-05
4600 1e-05
4601 1e-05
4602 1e-05
4603 1e-05
4604 1e-05
4605 1e-05
4606 1e-05
4607 1e-05
4608 1e-05
4609 1e-05
4610 1e-05
4611 1e-05
4612 1e-05
4613 1e-05
4614 1e-05
4615 1e-05
4616 1e-05
4617 1e-05
4618 1e-05
4619 1e-05
4620 1e-05
4621 1e-05
4622 1e-05
4623 1e-05
4624 1e-05
4625 1e-05
4626 1e-05
4627 1e-05
4628 1e-05
4629 1e-05
4630 1e-05
4631 1e-05
4632 1e-05
4633 1e-05
4634 1e-05
4635 1e-05
4636 1e-05
4637 1e-05
4638 1e-05
4639 1e-05
4640 1e-05
4641 1e-05
4642 1e-05
4643 1e-05
4644 1e-05
4645 1e-05
4646 1e-05
4647 1e-05
4648 1e-05
4649 1e-05
4650 1e-05
4651 1e-05
4652 1e-05
4653 1e-05
4654 1e-05
4655 1e-05
4656 1e-05
4657 1e-05
4658 1e-05
4659 1e-05
4660 1e-05
4661 1e-05
4662 1e-05
4663 1e-05
4664 1e-05
4665 1e-05
4666 1e-05
4667 1e-05
4668 1e-05
4669 1e-05
4670 1e-05
4671 1e-05
4672 1e-05
4673 1e-05
4674 1e-05
4675 1e-05
4676 1e-05
4677 1e-05
4678 1e-05
4679 1e-05
4680 1e-05
4681 1e-05
4682 1e-05
4683 1e-05
4684 1e-05
4685 1e-05
4686 1e-05
4687 1e-05
4688 1e-05
4689 1e-05
4690 1e-05
4691 1e-05
4692 1e-05
4693 1e-05
4694 1e-05
4695 1e-05
4696 1e-05
4697 1e-05
4698 1e-05
4699 1e-05
4700 1e-05
4701 1e-05
4702 1e-05
4703 1e-05
4704 1e-05
4705 1e-05
4706 1e-05
4707 1e-05
4708 1e-05
4709 1e-05
4710 1e-05
4711 1e-05
4712 1e-05
4713 1e-05
4714 1e-05
4715 1e-05
4716 1e-05
4717 1e-05
4718 1e-05
4719 1e-05
4720 1e-05
4721 1e-05
4722 1e-05
4723 1e-05
4724 1e-05
4725 1e-05
4726 1e-05
4727 1e-05
4728 1e-05
4729 1e-05
4730 1e-05
4731 1e-05
4732 1e-05
4733 1e-05
4734 1e-05
4735 1e-05
4736 1e-05
4737 1e-05
4738 1e-05
4739 1e-05
4740 1e-05
4741 1e-05
4742 1e-05
4743 1e-05
4744 1e-05
4745 1e-05
4746 1e-05
4747 1e-05
4748 1e-05
4749 1e-05
4750 1e-05
4751 1e-05
4752 1e-05
4753 1e-05
4754 1e-05
4755 1e-05
4756 1e-05
4757 1e-05
4758 1e-05
4759 1e-05
4760 1e-05
4761 1e-05
4762 1e-05
4763 1e-05
4764 1e-05
4765 1e-05
4766 1e-05
4767 1e-05
4768 1e-05
4769 1e-05
4770 1e-05
4771 1e-05
4772 1e-05
4773 1e-05
4774 1e-05
4775 1e-05
4776 1e-05
4777 1e-05
4778 1e-05
4779 1e-05
4780 1e-05
4781 1e-05
4782 1e-05
4783 1e-05
4784 1e-05
4785 1e-05
4786 1e-05
4787 1e-05
4788 1e-05
4789 1e-05
4790 1e-05
4791 1e-05
4792 1e-05
4793 1e-05
4794 2e-05
4795 2e-05
4796 2e-05
4797 2e-05
4798 2e-05
4799 2e-05
4800 2e-05
4801 2e-05
4802 2e-05
4803 2e-05
4804 2e-05
4805 2e-05
4806 2e-05
4807 2e-05
4808 2e-05
4809 2e-05
4810 2e-05
4811 2e-05
4812 2e-05
4813 2e-05
4814 2e-05
4815 2e-05
4816 2e-05
4817 2e-05
4818 2e-05
4819 2e-05
4820 2e-05
4821 2e-05
4822 2e-05
4823 2e-05
4824 2e-05
4825 2e-05
4826 2e-05
4827 2e-05
4828 2e-05
4829 2e-05
4830 2e-05
4831 2e-05
4832 2e-05
4833 2e-05
4834 2e-05
4835 2e-05
4836 2e-05
4837 2e-05
4838 2e-05
4839 2e-05
4840 2e-05
4841 2e-05
4842 2e-05
4843 2e-05
4844 2e-05
4845 2e-05
4846 2e-05
4847 2e-05
4848 2e-05
4849 2e-05
4850 2e-05
4851 2e-05
4852 2e-05
4853 2e-05
4854 2e-05
4855 2e-05
4856 2e-05
4857 2e-05
4858 2e-05
4859 2e-05
4860 2e-05
4861 2e-05
4862 2e-05
4863 2e-05
4864 3e-05
4865 3e-05
4866 3e-05
4867 3e-05
4868 3e-05
4869 3e-05
4870 3e-05
4871 3e-05
4872 3e-05
4873 3e-05
4874 3e-05
4875 3e-05
4876 3e-05
4877 3e-05
4878 3e-05
4879 3e-05
4880 3e-05
4881 3e-05
4882 3e-05
4883 3e-05
4884 3e-05
4885 3e-05
4886 4e-05
4887 4e-05
4888 4e-05
4889 4e-05
4890 4e-05
4891 4e-05
4892 4e-05
4893 4e-05
4894 4e-05
4895 4e-05
4896 4e-05
4897 4e-05
4898 4e-05
4899 4e-05
4900 4e-05
4901 4e-05
4902 4e-05
4903 4e-05
4904 4e-05
4905 4e-05
4906 4e-05
4907 4e-05
4908 4e-05
4909 4e-05
4910 4e-05
4911 4e-05
4912 4e-05
4913 5e-05
4914 5e-05
4915 5e-05
4916 5e-05
4917 5e-05
4918 5e-05
4919 5e-05
4920 5e-05
4921 5e-05
4922 6e-05
4923 6e-05
4924 6e-05
4925 6e-05
4926 6e-05
4927 6e-05
4928 6e-05
4929 7e-05
4930 7e-05
4931 7e-05
4932 7e-05
4933 7e-05
4934 7e-05
4935 7e-05
4936 7e-05
4937 7e-05
4938 8e-05
4939 8e-05
4940 8e-05
4941 8e-05
4942 8e-05
4943 8e-05
4944 8e-05
4945 8e-05
4946 9e-05
4947 9e-05
4948 9e-05
4949 0.0001
4950 0.0001
4951 0.0001
4952 0.0001
4953 0.0001
4954 0.0001
4955 0.0001
4956 0.00011
4957 0.00011
4958 0.00012
4959 0.00012
4960 0.00013
4961 0.00013
4962 0.00013
4963 0.00013
4964 0.00014
4965 0.00014
4966 0.00015
4967 0.00016
4968 0.00017
4969 0.00017
4970 0.00017
4971 0.00019
4972 0.0002
4973 0.00028
4974 0.00028
4975 0.00033
4976 0.00033
4977 0.00035
4978 0.00036
4979 0.00037
4980 0.00037
4981 0.00038
4982 0.00042
4983 0.00043
4984 0.00043
4985 0.00043
4986 0.00043
4987 0.00043
4988 0.00043
4989 0.00043
4990 0.00043
4991 0.00043
4992 0.00043
4993 0.00043
4994 0.00043
4995 0.00043
4996 0.00043
4997 0.00043
4998 0.00043
4999 0.00043
5000 0.00043
5001 0.00043
5002 0.00043
5003 0.00043
5004 0.00043
5005 0.00043
5006 0.00043
5007 0.00043
5008 0.00043
5009 0.00043
5010 0.00043
5011 0.00043
5012 0.00043
5013 0.00043
5014 0.00043
5015 0.00043
5016 0.00043
5017 0.00043
5018 0.00043
5019 0.00043
5020 0.00043
5021 0.00043
5022 0.00043
5023 0.00043
5024 0.00043
5025 0.00043
5026 0.00043
5027 0.00043
5028 0.00043
5029 0.00043
5030 0.00043
5031 0.00043
5032 0.00043
5033 0.00043
5034 0.00043
5035 0.00043
5036 0.00043
5037 0.00043
5038 0.00043
5039 0.00043
5040 0.00043
5041 0.00043
5042 0.00043
5043 0.00043
5044 0.00043
5045 0.00043
5046 0.00043
5047 0.00043
5048 0.00043
5049 0.00043
5050 0.00043
5051 0.00043
5052 0.00043
5053 0.00043
5054 0.00043
5055 0.00043
5056 0.00043
5057 0.00043
5058 0.00043
5059 0.00043
5060 0.00043
5061 0.00043
5062 0.00043
5063 0.00043
5064 0.00043
5065 0.00043
5066 0.00043
5067 0.00043
5068 0.00043
5069 0.00043
5070 0.00043
5071 0.00043
5072 0.00043
5073 0.00043
5074 0.00043
5075 0.00043
5076 0.00043
5077 0.00043
5078 0.00043
5079 0.00043
5080 0.00043
5081 0.00043
5082 0.00043
5083 0.00043
5084 0.00043
5085 0.00043
5086 0.00043
5087 0.00043
5088 0.00043
5089 0.00043
5090 0.00043
5091 0.00043
5092 0.00043
5093 0.00043
5094 0.00043
5095 0.00043
5096 0.00043
5097 0.00043
5098 0.00043
5099 0.00043
5100 0.00043
5101 0.00043
5102 0.00043
5103 0.00043
5104 0.00043
5105 0.00043
5106 0.00043
5107 0.00043
5108 0.00043
5109 0.00043
5110 0.00043
5111 0.00043
5112 0.00043
5113 0.00043
5114 0.00043
5115 0.00043
5116 0.00043
5117 0.00043
5118 0.00043
5119 0.00043
5120 0.00043
5121 0.00043
5122 0.00043
5123 0.00043
5124 0.00043
5125 0.00043
5126 0.00043
5127 0.00043
5128 0.00043
5129 0.00043
5130 0.00043
5131 0.00043
5132 0.00043
5133 0.00043
5134 0.00043
5135 0.00043
5136 0.00043
5137 0.00043
5138 0.00043
5139 0.00043
5140 0.00043
5141 0.00043
5142 0.00043
5143 0.00043
5144 0.00043
5145 0.00043
5146 0.00043
5147 0.00043
5148 0.00043
5149 0.00043
5150 0.00043
5151 0.00043
5152 0.00043
5153 0.00043
5154 0.00043
5155 0.00043
5156 0.00043
5157 0.00043
5158 0.00043
5159 0.00043
5160 0.00043
5161 0.00043
5162 0.00043
5163 0.00043
5164 0.00043
5165 0.00043
5166 0.00043
5167 0.00043
5168 0.00043
5169 0.00043
5170 0.00043
5171 0.00043
5172 0.00043
5173 0.00043
5174 0.00043
5175 0.00043
5176 0.00043
5177 0.00043
5178 0.00043
5179 0.00043
5180 0.00043
5181 0.00043
5182 0.00043
5183 0.00043
5184 0.00043
5185 0.00043
5186 0.00043
5187 0.00043
5188 0.00043
5189 0.00043
5190 0.00043
5191 0.00043
5192 0.00043
5193 0.00043
5194 0.00043
5195 0.00043
5196 0.00043
5197 0.00043
5198 0.00043
5199 0.00043
5200 0.00043
5201 0.00043
5202 0.00043
5203 0.00043
5204 0.00043
5205 0.00043
5206 0.00043
5207 0.00043
5208 0.00043
5209 0.00043
5210 0.00043
5211 0.00043
5212 0.00043
5213 0.00043
5214 0.00043
5215 0.00043
5216 0.00043
5217 0.00043
5218 0.00043
5219 0.00043
5220 0.00043
5221 0.00043
5222 0.00043
5223 0.00043
5224 0.00043
5225 0.00043
5226 0.00043
5227 0.00043
5228 0.00043
5229 0.00043
5230 0.00043
5231 0.00043
5232 0.00043
5233 0.00043
5234 0.00043
5235 0.00043
5236 0.00043
5237 0.00043
5238 0.00043
5239 0.00043
5240 0.00043
5241 0.00043
5242 0.00043
5243 0.00043
5244 0.00043
5245 0.00043
5246 0.00043
5247 0.00043
5248 0.00043
5249 0.00043
5250 0.00043
5251 0.00043
5252 0.00043
5253 0.00043
5254 0.00043
5255 0.00043
5256 0.00043
5257 0.00043
5258 0.00043
5259 0.00043
5260 0.00043
5261 0.00043
5262 0.00043
5263 0.00043
5264 0.00043
5265 0.00043
5266 0.00043
5267 0.00043
5268 0.00043
5269 0.00043
5270 0.00043
5271 0.00043
5272 0.00043
5273 0.00043
5274 0.00043
5275 0.00043
5276 0.00043
5277 0.00043
5278 0.00043
5279 0.00043
5280 0.00043
5281 0.00043
5282 0.00043
5283 0.00043
5284 0.00043
5285 0.00043
5286 0.00043
5287 0.00043
5288 0.00043
5289 0.00043
5290 0.00043
5291 0.00043
5292 0.00043
5293 0.00043
5294 0.00043
5295 0.00043
5296 0.00043
5297 0.00043
5298 0.00043
5299 0.00043
5300 0.00043
5301 0.00043
5302 0.00043
5303 0.00043
5304 0.00043
5305 0.00043
5306 0.00043
5307 0.00043
5308 0.00043
5309 0.00043
5310 0.00043
5311 0.00043
5312 0.00043
5313 0.00043
5314 0.00043
5315 0.00043
5316 0.00043
5317 0.00043
5318 0.00043
5319 0.00043
5320 0.00043
5321 0.00043
5322 0.00043
5323 0.00043
5324 0.00043
5325 0.00043
5326 0.00043
5327 0.00043
5328 0.00043
5329 0.00043
5330 0.00043
5331 0.00043
5332 0.00043
5333 0.00043
5334 0.00043
5335 0.00043
5336 0.00043
5337 0.00043
5338 0.00043
5339 0.00043
5340 0.00043
5341 0.00043
5342 0.00043
5343 0.00043
5344 0.00043
5345 0.00043
5346 0.00043
5347 0.00043
5348 0.00043
5349 0.00043
5350 0.00043
5351 0.00043
5352 0.00043
5353 0.00043
5354 0.00043
5355 0.00043
5356 0.00043
5357 0.00043
5358 0.00043
5359 0.00043
5360 0.00043
5361 0.00043
5362 0.00043
5363 0.00043
5364 0.00043
5365 0.00043
5366 0.00043
5367 0.00043
5368 0.00043
5369 0.00043
5370 0.00043
5371 0.00043
5372 0.00043
5373 0.00043
5374 0.00043
5375 0.00043
5376 0.00043
5377 0.00043
5378 0.00043
5379 0.00043
5380 0.00043
5381 0.00043
5382 0.00043
5383 0.00043
5384 0.00043
5385 0.00043
5386 0.00043
5387 0.00043
5388 0.00043
5389 0.00043
5390 0.00043
5391 0.00043
5392 0.00043
5393 0.00043
5394 0.00043
5395 0.00043
5396 0.00043
5397 0.00043
5398 0.00043
5399 0.00043
5400 0.00043
5401 0.00043
5402 0.00043
5403 0.00043
5404 0.00043
5405 0.00043
5406 0.00043
5407 0.00043
5408 0.00043
5409 0.00043
5410 0.00043
5411 0.00043
5412 0.00043
5413 0.00043
5414 0.00043
5415 0.00043
5416 0.00043
5417 0.00043
5418 0.00043
5419 0.00043
5420 0.00043
5421 0.00043
5422 0.00043
5423 0.00043
5424 0.00043
5425 0.00043
5426 0.00043
5427 0.00043
5428 0.00043
5429 0.00043
5430 0.00043
5431 0.00043
5432 0.00043
5433 0.00043
5434 0.00043
5435 0.00043
5436 0.00043
5437 0.00043
5438 0.00043
5439 0.00043
5440 0.00043
5441 0.00043
5442 0.00043
5443 0.00043
5444 0.00043
5445 0.00043
5446 0.00043
5447 0.00043
5448 0.00043
5449 0.00043
5450 0.00043
5451 0.00043
5452 0.00043
5453 0.00043
5454 0.00043
5455 0.00043
5456 0.00043
5457 0.00043
5458 0.00043
5459 0.00043
5460 0.00043
5461 0.00043
5462 0.00043
5463 0.00043
5464 0.00043
5465 0.00043
5466 0.00043
5467 0.00043
5468 0.00043
5469 0.00043
5470 0.00043
5471 0.00043
5472 0.00043
5473 0.00043
5474 0.00043
5475 0.00043
5476 0.00043
5477 0.00043
5478 0.00043
5479 0.00043
5480 0.00043
5481 0.00043
5482 0.00043
5483 0.00043
5484 0.00043
5485 0.00043
5486 0.00043
5487 0.00043
5488 0.00043
5489 0.00043
5490 0.00043
5491 0.00043
5492 0.00043
5493 0.00043
5494 0.00043
5495 0.00043
5496 0.00043
5497 0.00043
5498 0.00043
5499 0.00043
5500 0.00043
5501 0.00043
5502 0.00043
5503 0.00043
5504 0.00043
5505 0.00043
5506 0.00043
5507 0.00043
5508 0.00043
5509 0.00043
5510 0.00043
5511 0.00043
5512 0.00043
5513 0.00043
5514 0.00043
5515 0.00043
5516 0.00043
5517 0.00043
5518 0.00043
5519 0.00043
5520 0.00043
5521 0.00043
5522 0.00043
5523 0.00043
5524 0.00043
5525 0.00043
5526 0.00043
5527 0.00043
5528 0.00043
5529 0.00043
5530 0.00043
5531 0.00043
5532 0.00043
5533 0.00043
5534 0.00043
5535 0.00043
5536 0.00043
5537 0.00043
5538 0.00043
5539 0.00043
5540 0.00043
5541 0.00043
5542 0.00043
5543 0.00043
5544 0.00043
5545 0.00043
5546 0.00043
5547 0.00043
5548 0.00043
5549 0.00043
5550 0.00043
5551 0.00043
5552 0.00043
5553 0.00043
5554 0.00043
5555 0.00043
5556 0.00043
5557 0.00043
5558 0.00043
5559 0.00043
5560 0.00043
5561 0.00043
5562 0.00043
5563 0.00043
5564 0.00043
5565 0.00043
5566 0.00043
5567 0.00043
5568 0.00043
5569 0.00043
5570 0.00043
5571 0.00043
5572 0.00043
5573 0.00043
5574 0.00043
5575 0.00043
5576 0.00043
5577 0.00043
5578 0.00043
5579 0.00043
5580 0.00043
5581 0.00043
5582 0.00043
5583 0.00043
5584 0.00043
5585 0.00043
5586 0.00043
5587 0.00043
5588 0.00043
5589 0.00043
5590 0.00043
5591 0.00043
5592 0.00043
5593 0.00043
5594 0.00043
5595 0.00043
5596 0.00043
5597 0.00043
5598 0.00043
5599 0.00043
5600 0.00043
5601 0.00043
5602 0.00043
5603 0.00043
5604 0.00043
5605 0.00043
5606 0.00043
5607 0.00043
5608 0.00043
5609 0.00043
5610 0.00043
5611 0.00043
5612 0.00043
5613 0.00043
5614 0.00043
5615 0.00043
5616 0.00043
5617 0.00043
5618 0.00043
5619 0.00043
5620 0.00043
5621 0.00043
5622 0.00043
5623 0.00043
5624 0.00043
5625 0.00043
5626 0.00043
5627 0.00043
5628 0.00043
5629 0.00043
5630 0.00043
5631 0.00043
5632 0.00043
5633 0.00043
5634 0.00043
5635 0.00043
5636 0.00043
5637 0.00043
5638 0.00043
5639 0.00043
5640 0.00043
5641 0.00043
5642 0.00043
5643 0.00043
5644 0.00043
5645 0.00043
5646 0.00043
5647 0.00043
5648 0.00043
5649 0.00043
5650 0.00043
5651 0.00043
5652 0.00043
5653 0.00043
5654 0.00043
5655 0.00043
5656 0.00043
5657 0.00043
5658 0.00043
5659 0.00043
5660 0.00043
5661 0.00043
5662 0.00043
5663 0.00043
5664 0.00043
5665 0.00043
5666 0.00043
5667 0.00043
5668 0.00043
5669 0.00043
5670 0.00043
5671 0.00043
5672 0.00043
5673 0.00043
5674 0.00043
5675 0.00043
5676 0.00043
5677 0.00043
5678 0.00043
5679 0.00043
5680 0.00043
5681 0.00043
5682 0.00043
5683 0.00043
5684 0.00043
5685 0.00043
5686 0.00043
5687 0.00043
5688 0.00043
5689 0.00043
5690 0.00043
5691 0.00043
5692 0.00043
5693 0.00043
5694 0.00043
5695 0.00043
5696 0.00043
5697 0.00043
5698 0.00043
5699 0.00043
5700 0.00043
5701 0.00043
5702 0.00043
5703 0.00043
5704 0.00043
5705 0.00043
5706 0.00043
5707 0.00043
5708 0.00043
5709 0.00043
5710 0.00043
5711 0.00043
5712 0.00043
5713 0.00043
5714 0.00043
5715 0.00043
5716 0.00043
5717 0.00043
5718 0.00043
5719 0.00043
5720 0.00043
5721 0.00043
5722 0.00043
5723 0.00043
5724 0.00043
5725 0.00043
5726 0.00043
5727 0.00043
5728 0.00043
5729 0.00043
5730 0.00043
5731 0.00043
5732 0.00043
5733 0.00043
5734 0.00043
5735 0.00043
5736 0.00043
5737 0.00043
5738 0.00043
5739 0.00043
5740 0.00043
5741 0.00043
5742 0.00043
5743 0.00043
5744 0.00043
5745 0.00043
5746 0.00043
5747 0.00043
5748 0.00043
5749 0.00043
5750 0.00043
5751 0.00043
5752 0.00043
5753 0.00043
5754 0.00043
5755 0.00043
5756 0.00043
5757 0.00043
5758 0.00043
5759 0.00043
5760 0.00043
5761 0.00043
5762 0.00043
5763 0.00043
5764 0.00043
5765 0.00043
5766 0.00043
5767 0.00043
5768 0.00043
5769 0.00043
5770 0.00043
5771 0.00043
5772 0.00043
5773 0.00043
5774 0.00043
5775 0.00043
5776 0.00043
5777 0.00043
5778 0.00043
5779 0.00043
5780 0.00043
5781 0.00043
5782 0.00043
5783 0.00043
5784 0.00043
5785 0.00043
5786 0.00043
5787 0.00043
5788 0.00043
5789 0.00043
5790 0.00043
5791 0.00043
5792 0.00043
5793 0.00043
5794 0.00043
5795 0.00043
5796 0.00043
5797 0.00043
5798 0.00043
5799 0.00043
5800 0.00043
5801 0.00043
5802 0.00043
5803 0.00043
5804 0.00043
5805 0.00043
5806 0.00043
5807 0.00043
5808 0.00043
5809 0.00043
5810 0.00043
5811 0.00043
5812 0.00043
5813 0.00043
5814 0.00043
5815 0.00043
5816 0.00043
5817 0.00043
5818 0.00043
5819 0.00043
5820 0.00043
5821 0.00043
5822 0.00043
5823 0.00043
5824 0.00043
5825 0.00043
5826 0.00043
5827 0.00043
5828 0.00043
5829 0.00043
5830 0.00043
5831 0.00043
5832 0.00043
5833 0.00043
5834 0.00043
5835 0.00043
5836 0.00043
5837 0.00043
5838 0.00043
5839 0.00043
5840 0.00043
5841 0.00043
5842 0.00043
5843 0.00043
5844 0.00043
5845 0.00043
5846 0.00043
5847 0.00043
5848 0.00043
5849 0.00043
5850 0.00043
5851 0.00043
5852 0.00043
5853 0.00043
5854 0.00043
5855 0.00043
5856 0.00043
5857 0.00043
5858 0.00043
5859 0.00043
5860 0.00043
5861 0.00043
5862 0.00043
5863 0.00043
5864 0.00043
5865 0.00043
5866 0.00043
5867 0.00043
5868 0.00043
5869 0.00043
5870 0.00043
5871 0.00043
5872 0.00043
5873 0.00043
5874 0.00043
5875 0.00043
5876 0.00043
5877 0.00043
5878 0.00043
5879 0.00043
5880 0.00043
5881 0.00043
5882 0.00043
5883 0.00043
5884 0.00043
5885 0.00043
5886 0.00043
5887 0.00043
5888 0.00043
5889 0.00043
5890 0.00043
5891 0.00043
5892 0.00043
5893 0.00043
5894 0.00043
5895 0.00043
5896 0.00043
5897 0.00043
5898 0.00043
5899 0.00043
5900 0.00043
5901 0.00043
5902 0.00043
5903 0.00043
5904 0.00043
5905 0.00043
5906 0.00043
5907 0.00043
5908 0.00043
5909 0.00043
5910 0.00043
5911 0.00043
5912 0.00043
5913 0.00043
5914 0.00043
5915 0.00043
5916 0.00043
5917 0.00043
5918 0.00043
5919 0.00043
5920 0.00043
5921 0.00043
5922 0.00043
5923 0.00043
5924 0.00043
5925 0.00043
5926 0.00043
5927 0.00043
5928 0.00043
5929 0.00043
5930 0.00043
5931 0.00043
5932 0.00043
5933 0.00043
5934 0.00043
5935 0.00043
5936 0.00043
5937 0.00043
5938 0.00043
5939 0.00043
5940 0.00043
5941 0.00043
5942 0.00043
5943 0.00043
5944 0.00043
5945 0.00043
5946 0.00043
5947 0.00043
5948 0.00043
5949 0.00043
5950 0.00043
5951 0.00043
5952 0.00043
5953 0.00043
5954 0.00043
5955 0.00043
5956 0.00043
5957 0.00043
5958 0.00043
5959 0.00043
5960 0.00043
5961 0.00043
5962 0.00043
5963 0.00043
5964 0.00043
5965 0.00043
5966 0.00043
5967 0.00043
5968 0.00043
5969 0.00043
5970 0.00043
5971 0.00043
5972 0.00043
5973 0.00043
5974 0.00043
5975 0.00043
5976 0.00043
5977 0.00043
5978 0.00043
5979 0.00043
5980 0.00043
5981 0.00043
5982 0.00043
5983 0.00043
5984 0.00043
5985 0.00043
5986 0.00043
5987 0.00043
5988 0.00043
5989 0.00043
5990 0.00043
5991 0.00043
5992 0.00043
5993 0.00043
5994 0.00043
5995 0.00043
5996 0.00043
5997 0.00043
5998 0.00043
5999 0.00043
6000 0.00043
6001 0.00043
6002 0.00043
6003 0.00043
6004 0.00043
6005 0.00043
6006 0.00043
6007 0.00043
6008 0.00043
6009 0.00043
6010 0.00043
6011 0.00043
6012 0.00043
6013 0.00043
6014 0.00043
6015 0.00043
6016 0.00043
6017 0.00043
6018 0.00043
6019 0.00043
6020 0.00043
6021 0.00043
6022 0.00043
6023 0.00043
6024 0.00043
6025 0.00043
6026 0.00043
6027 0.00043
6028 0.00043
6029 0.00043
6030 0.00043
6031 0.00043
6032 0.00043
6033 0.00043
6034 0.00043
6035 0.00043
6036 0.00043
6037 0.00043
6038 0.00043
6039 0.00043
6040 0.00043
6041 0.00043
6042 0.00043
6043 0.00043
6044 0.00043
6045 0.00043
6046 0.00043
6047 0.00043
6048 0.00043
6049 0.00043
6050 0.00043
6051 0.00043
6052 0.00043
6053 0.00043
6054 0.00043
6055 0.00043
6056 0.00043
6057 0.00043
6058 0.00043
6059 0.00043
6060 0.00043
6061 0.00043
6062 0.00043
6063 0.00043
6064 0.00043
6065 0.00043
6066 0.00043
6067 0.00043
6068 0.00043
6069 0.00043
6070 0.00043
6071 0.00043
6072 0.00043
6073 0.00043
6074 0.00043
6075 0.00043
6076 0.00043
6077 0.00043
6078 0.00043
6079 0.00043
6080 0.00043
6081 0.00043
6082 0.00043
6083 0.00043
6084 0.00043
6085 0.00043
6086 0.00043
6087 0.00043
6088 0.00043
6089 0.00043
6090 0.00043
6091 0.00043
6092 0.00043
6093 0.00043
6094 0.00043
6095 0.00043
6096 0.00043
6097 0.00043
6098 0.00043
6099 0.00043
6100 0.00043
6101 0.00043
6102 0.00043
6103 0.00043
6104 0.00043
6105 0.00043
6106 0.00043
6107 0.00043
6108 0.00043
6109 0.00043
6110 0.00043
6111 0.00043
6112 0.00043
6113 0.00043
6114 0.00043
6115 0.00043
6116 0.00043
6117 0.00043
6118 0.00043
6119 0.00043
6120 0.00043
6121 0.00043
6122 0.00043
6123 0.00043
6124 0.00043
6125 0.00043
6126 0.00043
6127 0.00043
6128 0.00043
6129 0.00043
6130 0.00043
6131 0.00043
6132 0.00043
6133 0.00043
6134 0.00043
6135 0.00043
6136 0.00043
6137 0.00043
6138 0.00043
6139 0.00043
6140 0.00043
6141 0.00043
6142 0.00043
6143 0.00043
6144 0.00043
6145 0.00043
6146 0.00043
6147 0.00043
6148 0.00043
6149 0.00043
6150 0.00043
6151 0.00043
6152 0.00043
6153 0.00043
6154 0.00043
6155 0.00043
6156 0.00043
6157 0.00043
6158 0.00043
6159 0.00043
6160 0.00043
6161 0.00043
6162 0.00043
6163 0.00043
6164 0.00043
6165 0.00043
6166 0.00043
6167 0.00043
6168 0.00043
6169 0.00043
6170 0.00043
6171 0.00043
6172 0.00043
6173 0.00043
6174 0.00043
6175 0.00043
6176 0.00043
6177 0.00043
6178 0.00043
6179 0.00043
6180 0.00043
6181 0.00043
6182 0.00043
6183 0.00043
6184 0.00043
6185 0.00043
6186 0.00043
6187 0.00043
6188 0.00043
6189 0.00043
6190 0.00043
6191 0.00043
6192 0.00043
6193 0.00043
6194 0.00043
6195 0.00043
6196 0.00043
6197 0.00043
6198 0.00043
6199 0.00043
6200 0.00043
6201 0.00043
6202 0.00043
6203 0.00043
6204 0.00043
6205 0.00043
6206 0.00043
6207 0.00043
6208 0.00043
6209 0.00043
6210 0.00043
6211 0.00043
6212 0.00043
6213 0.00043
6214 0.00043
6215 0.00043
6216 0.00043
6217 0.00043
6218 0.00043
6219 0.00043
6220 0.00043
6221 0.00043
6222 0.00043
6223 0.00043
6224 0.00043
6225 0.00043
6226 0.00043
6227 0.00043
6228 0.00043
6229 0.00043
6230 0.00043
6231 0.00043
6232 0.00043
6233 0.00043
6234 0.00043
6235 0.00043
6236 0.00043
6237 0.00043
6238 0.00043
6239 0.00043
6240 0.00043
6241 0.00043
6242 0.00043
6243 0.00043
6244 0.00043
6245 0.00043
6246 0.00043
6247 0.00043
6248 0.00043
6249 0.00043
6250 0.00043
6251 0.00043
6252 0.00043
6253 0.00043
6254 0.00043
6255 0.00043
6256 0.00043
6257 0.00043
6258 0.00043
6259 0.00043
6260 0.00043
6261 0.00043
6262 0.00043
6263 0.00043
6264 0.00043
6265 0.00043
6266 0.00043
6267 0.00043
6268 0.00043
6269 0.00043
6270 0.00043
6271 0.00043
6272 0.00043
6273 0.00043
6274 0.00043
6275 0.00043
6276 0.00043
6277 0.00043
6278 0.00043
6279 0.00043
6280 0.00043
6281 0.00043
6282 0.00043
6283 0.00043
6284 0.00043
6285 0.00043
6286 0.00043
6287 0.00043
6288 0.00043
6289 0.00043
6290 0.00043
6291 0.00043
6292 0.00043
6293 0.00043
6294 0.00043
6295 0.00043
6296 0.00043
6297 0.00043
6298 0.00043
6299 0.00043
6300 0.00043
6301 0.00043
6302 0.00043
6303 0.00043
6304 0.00043
6305 0.00043
6306 0.00043
6307 0.00043
6308 0.00043
6309 0.00043
6310 0.00043
6311 0.00043
6312 0.00043
6313 0.00043
6314 0.00043
6315 0.00043
6316 0.00043
6317 0.00043
6318 0.00043
6319 0.00043
6320 0.00043
6321 0.00043
6322 0.00043
6323 0.00043
6324 0.00043
6325 0.00043
6326 0.00043
6327 0.00043
6328 0.00043
6329 0.00043
6330 0.00043
6331 0.00043
6332 0.00043
6333 0.00043
6334 0.00043
6335 0.00043
6336 0.00043
6337 0.00043
6338 0.00043
6339 0.00043
6340 0.00043
6341 0.00043
6342 0.00043
6343 0.00043
6344 0.00043
6345 0.00043
6346 0.00043
6347 0.00043
6348 0.00043
6349 0.00043
6350 0.00043
6351 0.00043
6352 0.00043
6353 0.00043
6354 0.00043
6355 0.00043
6356 0.00043
6357 0.00043
6358 0.00043
6359 0.00043
6360 0.00043
6361 0.00043
6362 0.00043
6363 0.00043
6364 0.00043
6365 0.00043
6366 0.00043
6367 0.00043
6368 0.00043
6369 0.00043
6370 0.00043
6371 0.00043
6372 0.00043
6373 0.00043
6374 0.00043
6375 0.00043
6376 0.00043
6377 0.00043
6378 0.00043
6379 0.00043
6380 0.00043
6381 0.00043
6382 0.00043
6383 0.00043
6384 0.00043
6385 0.00043
6386 0.00043
6387 0.00043
6388 0.00043
6389 0.00043
6390 0.00043
6391 0.00043
6392 0.00043
6393 0.00043
6394 0.00043
6395 0.00043
6396 0.00043
6397 0.00043
6398 0.00043
6399 0.00043
6400 0.00043
6401 0.00043
6402 0.00043
6403 0.00043
6404 0.00043
6405 0.00043
6406 0.00043
6407 0.00043
6408 0.00043
6409 0.00043
6410 0.00043
6411 0.00043
6412 0.00043
6413 0.00043
6414 0.00043
6415 0.00043
6416 0.00043
6417 0.00043
6418 0.00043
6419 0.00043
6420 0.00043
6421 0.00043
6422 0.00043
6423 0.00043
6424 0.00043
6425 0.00043
6426 0.00043
6427 0.00043
6428 0.00043
6429 0.00043
6430 0.00043
6431 0.00043
6432 0.00043
6433 0.00043
6434 0.00043
6435 0.00043
6436 0.00043
6437 0.00043
6438 0.00043
6439 0.00043
6440 0.00043
6441 0.00043
6442 0.00043
6443 0.00043
6444 0.00043
6445 0.00043
6446 0.00043
6447 0.00043
6448 0.00043
6449 0.00043
6450 0.00043
6451 0.00043
6452 0.00043
6453 0.00043
6454 0.00043
6455 0.00043
6456 0.00043
6457 0.00043
6458 0.00043
6459 0.00043
6460 0.00043
6461 0.00043
6462 0.00043
6463 0.00043
6464 0.00043
6465 0.00043
6466 0.00043
6467 0.00043
6468 0.00043
6469 0.00043
6470 0.00043
6471 0.00043
6472 0.00043
6473 0.00043
6474 0.00043
6475 0.00043
6476 0.00043
6477 0.00043
6478 0.00043
6479 0.00043
6480 0.00043
6481 0.00043
6482 0.00043
6483 0.00043
6484 0.00043
6485 0.00043
6486 0.00043
6487 0.00043
6488 0.00043
6489 0.00043
6490 0.00043
6491 0.00043
6492 0.00043
6493 0.00043
6494 0.00043
6495 0.00043
6496 0.00043
6497 0.00043
6498 0.00043
6499 0.00043
6500 0.00043
6501 0.00043
6502 0.00043
6503 0.00043
6504 0.00043
6505 0.00043
6506 0.00043
6507 0.00043
6508 0.00043
6509 0.00043
6510 0.00043
6511 0.00043
6512 0.00043
6513 0.00043
6514 0.00043
6515 0.00043
6516 0.00043
6517 0.00043
6518 0.00043
6519 0.00043
6520 0.00043
6521 0.00043
6522 0.00043
6523 0.00043
6524 0.00043
6525 0.00043
6526 0.00043
6527 0.00043
6528 0.00043
6529 0.00043
6530 0.00043
6531 0.00043
6532 0.00043
6533 0.00043
6534 0.00043
6535 0.00043
6536 0.00043
6537 0.00043
6538 0.00043
6539 0.00043
6540 0.00043
6541 0.00043
6542 0.00043
6543 0.00043
6544 0.00043
6545 0.00043
6546 0.00043
6547 0.00043
6548 0.00043
6549 0.00043
6550 0.00043
6551 0.00043
6552 0.00043
6553 0.00043
6554 0.00043
6555 0.00043
6556 0.00043
6557 0.00043
6558 0.00043
6559 0.00043
6560 0.00043
6561 0.00043
6562 0.00043
6563 0.00043
6564 0.00043
6565 0.00043
6566 0.00043
6567 0.00043
6568 0.00043
6569 0.00043
6570 0.00043
6571 0.00043
6572 0.00043
6573 0.00043
6574 0.00043
6575 0.00043
6576 0.00043
6577 0.00043
6578 0.00043
6579 0.00043
6580 0.00043
6581 0.00043
6582 0.00043
6583 0.00043
6584 0.00043
6585 0.00043
6586 0.00043
6587 0.00043
6588 0.00043
6589 0.00043
6590 0.00043
6591 0.00043
6592 0.00043
6593 0.00043
6594 0.00043
6595 0.00043
6596 0.00043
6597 0.00043
6598 0.00043
6599 0.00043
6600 0.00043
6601 0.00043
6602 0.00043
6603 0.00043
6604 0.00043
6605 0.00043
6606 0.00043
6607 0.00043
6608 0.00043
6609 0.00043
6610 0.00043
6611 0.00043
6612 0.00043
6613 0.00043
6614 0.00043
6615 0.00043
6616 0.00043
6617 0.00043
6618 0.00043
6619 0.00043
6620 0.00043
6621 0.00043
6622 0.00043
6623 0.00043
6624 0.00043
6625 0.00043
6626 0.00043
6627 0.00043
6628 0.00043
6629 0.00043
6630 0.00043
6631 0.00043
6632 0.00043
6633 0.00043
6634 0.00043
6635 0.00043
6636 0.00043
6637 0.00043
6638 0.00043
6639 0.00043
6640 0.00043
6641 0.00043
6642 0.00043
6643 0.00043
6644 0.00043
6645 0.00043
6646 0.00043
6647 0.00043
6648 0.00043
6649 0.00043
6650 0.00043
6651 0.00043
6652 0.00043
6653 0.00043
6654 0.00043
6655 0.00043
6656 0.00043
6657 0.00043
6658 0.00043
6659 0.00043
6660 0.00043
6661 0.00043
6662 0.00043
6663 0.00043
6664 0.00043
6665 0.00043
6666 0.00043
6667 0.00043
6668 0.00043
6669 0.00043
6670 0.00043
6671 0.00043
6672 0.00043
6673 0.00043
6674 0.00043
6675 0.00043
6676 0.00043
6677 0.00043
6678 0.00043
6679 0.00043
6680 0.00043
6681 0.00043
6682 0.00043
6683 0.00043
6684 0.00043
6685 0.00043
6686 0.00043
6687 0.00043
6688 0.00043
6689 0.00043
6690 0.00043
6691 0.00043
6692 0.00043
6693 0.00043
6694 0.00043
6695 0.00043
6696 0.00043
6697 0.00043
6698 0.00043
6699 0.00043
6700 0.00043
6701 0.00043
6702 0.00043
6703 0.00043
6704 0.00043
6705 0.00043
6706 0.00043
6707 0.00043
6708 0.00043
6709 0.00043
6710 0.00043
6711 0.00043
6712 0.00043
6713 0.00043
6714 0.00043
6715 0.00043
6716 0.00043
6717 0.00043
6718 0.00043
6719 0.00043
6720 0.00043
6721 0.00043
6722 0.00043
6723 0.00043
6724 0.00043
6725 0.00043
6726 0.00043
6727 0.00043
6728 0.00043
6729 0.00043
6730 0.00043
6731 0.00043
6732 0.00043
6733 0.00043
6734 0.00043
6735 0.00043
6736 0.00043
6737 0.00043
6738 0.00043
6739 0.00043
6740 0.00043
6741 0.00043
6742 0.00043
6743 0.00043
6744 0.00043
6745 0.00043
6746 0.00043
6747 0.00043
6748 0.00043
6749 0.00043
6750 0.00043
6751 0.00043
6752 0.00043
6753 0.00043
6754 0.00043
6755 0.00043
6756 0.00043
6757 0.00043
6758 0.00043
6759 0.00043
6760 0.00043
6761 0.00043
6762 0.00043
6763 0.00043
6764 0.00043
6765 0.00043
6766 0.00043
6767 0.00043
6768 0.00043
6769 0.00043
6770 0.00043
6771 0.00043
6772 0.00043
6773 0.00043
6774 0.00043
6775 0.00043
6776 0.00043
6777 0.00043
6778 0.00043
6779 0.00043
6780 0.00043
6781 0.00043
6782 0.00043
6783 0.00043
6784 0.00043
6785 0.00043
6786 0.00043
6787 0.00043
6788 0.00043
6789 0.00043
6790 0.00043
6791 0.00043
6792 0.00043
6793 0.00043
6794 0.00043
6795 0.00043
6796 0.00043
6797 0.00043
6798 0.00043
6799 0.00043
6800 0.00043
6801 0.00043
6802 0.00043
6803 0.00043
6804 0.00043
6805 0.00043
6806 0.00043
6807 0.00043
6808 0.00043
6809 0.00043
6810 0.00043
6811 0.00043
6812 0.00043
6813 0.00043
6814 0.00043
6815 0.00043
6816 0.00043
6817 0.00043
6818 0.00043
6819 0.00043
6820 0.00043
6821 0.00043
6822 0.00043
6823 0.00043
6824 0.00043
6825 0.00043
6826 0.00043
6827 0.00043
6828 0.00043
6829 0.00043
6830 0.00043
6831 0.00043
6832 0.00043
6833 0.00043
6834 0.00043
6835 0.00043
6836 0.00043
6837 0.00043
6838 0.00043
6839 0.00043
6840 0.00043
6841 0.00043
6842 0.00043
6843 0.00043
6844 0.00043
6845 0.00043
6846 0.00043
6847 0.00043
6848 0.00043
6849 0.00043
6850 0.00043
6851 0.00043
6852 0.00043
6853 0.00043
6854 0.00043
6855 0.00043
6856 0.00043
6857 0.00043
6858 0.00043
6859 0.00043
6860 0.00043
6861 0.00043
6862 0.00043
6863 0.00043
6864 0.00043
6865 0.00043
6866 0.00043
6867 0.00043
6868 0.00043
6869 0.00043
6870 0.00043
6871 0.00043
6872 0.00043
6873 0.00043
6874 0.00043
6875 0.00043
6876 0.00043
6877 0.00043
6878 0.00043
6879 0.00043
6880 0.00043
6881 0.00043
6882 0.00043
6883 0.00043
6884 0.00043
6885 0.00043
6886 0.00043
6887 0.00043
6888 0.00043
6889 0.00043
6890 0.00043
6891 0.00043
6892 0.00043
6893 0.00043
6894 0.00043
6895 0.00043
6896 0.00043
6897 0.00043
6898 0.00043
6899 0.00043
6900 0.00043
6901 0.00043
6902 0.00043
6903 0.00043
6904 0.00043
6905 0.00043
6906 0.00043
6907 0.00043
6908 0.00043
6909 0.00043
6910 0.00043
6911 0.00043
6912 0.00043
6913 0.00043
6914 0.00043
6915 0.00043
6916 0.00043
6917 0.00043
6918 0.00043
6919 0.00043
6920 0.00043
6921 0.00043
6922 0.00043
6923 0.00043
6924 0.00043
6925 0.00043
6926 0.00043
6927 0.00043
6928 0.00043
6929 0.00043
6930 0.00043
6931 0.00043
6932 0.00043
6933 0.00043
6934 0.00043
6935 0.00043
6936 0.00043
6937 0.00043
6938 0.00043
6939 0.00043
6940 0.00043
6941 0.00044
6942 0.00044
6943 0.00044
6944 0.00044
6945 0.00044
6946 0.00044
6947 0.00044
6948 0.00044
6949 0.00044
6950 0.00044
6951 0.00044
6952 0.00044
6953 0.00044
6954 0.00044
6955 0.00044
6956 0.00044
6957 0.00044
6958 0.00044
6959 0.00044
6960 0.00044
6961 0.00044
6962 0.00044
6963 0.00044
6964 0.00044
6965 0.00044
6966 0.00044
6967 0.00044
6968 0.00044
6969 0.00044
6970 0.00044
6971 0.00044
6972 0.00044
6973 0.00044
6974 0.00044
6975 0.00044
6976 0.00044
6977 0.00044
6978 0.00044
6979 0.00044
6980 0.00044
6981 0.00044
6982 0.00044
6983 0.00044
6984 0.00044
6985 0.00044
6986 0.00044
6987 0.00044
6988 0.00044
6989 0.00044
6990 0.00044
6991 0.00044
6992 0.00044
6993 0.00044
6994 0.00044
6995 0.00044
6996 0.00044
6997 0.00044
6998 0.00044
6999 0.00044
7000 0.00044
7001 0.00044
7002 0.00044
7003 0.00044
7004 0.00044
7005 0.00044
7006 0.00044
7007 0.00044
7008 0.00044
7009 0.00044
7010 0.00044
7011 0.00044
7012 0.00044
7013 0.00044
7014 0.00044
7015 0.00044
7016 0.00044
7017 0.00044
7018 0.00044
7019 0.00044
7020 0.00044
7021 0.00044
7022 0.00044
7023 0.00044
7024 0.00044
7025 0.00044
7026 0.00044
7027 0.00044
7028 0.00044
7029 0.00044
7030 0.00044
7031 0.00044
7032 0.00044
7033 0.00044
7034 0.00044
7035 0.00044
7036 0.00044
7037 0.00044
7038 0.00044
7039 0.00044
7040 0.00044
7041 0.00044
7042 0.00044
7043 0.00044
7044 0.00044
7045 0.00044
7046 0.00044
7047 0.00044
7048 0.00044
7049 0.00044
7050 0.00044
7051 0.00044
7052 0.00044
7053 0.00044
7054 0.00044
7055 0.00044
7056 0.00044
7057 0.00044
7058 0.00044
7059 0.00044
7060 0.00044
7061 0.00044
7062 0.00044
7063 0.00044
7064 0.00044
7065 0.00044
7066 0.00044
7067 0.00044
7068 0.00044
7069 0.00044
7070 0.00044
7071 0.00044
7072 0.00044
7073 0.00044
7074 0.00044
7075 0.00044
7076 0.00044
7077 0.00044
7078 0.00044
7079 0.00044
7080 0.00044
7081 0.00044
7082 0.00044
7083 0.00044
7084 0.00044
7085 0.00044
7086 0.00044
7087 0.00044
7088 0.00044
7089 0.00044
7090 0.00044
7091 0.00044
7092 0.00044
7093 0.00044
7094 0.00044
7095 0.00044
7096 0.00044
7097 0.00044
7098 0.00044
7099 0.00044
7100 0.00044
7101 0.00044
7102 0.00044
7103 0.00044
7104 0.00044
7105 0.00044
7106 0.00044
7107 0.00044
7108 0.00044
7109 0.00044
7110 0.00044
7111 0.00044
7112 0.00044
7113 0.00044
7114 0.00044
7115 0.00044
7116 0.00044
7117 0.00044
7118 0.00044
7119 0.00044
7120 0.00044
7121 0.00044
7122 0.00044
7123 0.00044
7124 0.00044
7125 0.00044
7126 0.00044
7127 0.00044
7128 0.00044
7129 0.00044
7130 0.00044
7131 0.00044
7132 0.00044
7133 0.00044
7134 0.00044
7135 0.00044
7136 0.00044
7137 0.00044
7138 0.00044
7139 0.00044
7140 0.00044
7141 0.00044
7142 0.00044
7143 0.00044
7144 0.00044
7145 0.00044
7146 0.00044
7147 0.00044
7148 0.00044
7149 0.00044
7150 0.00044
7151 0.00044
7152 0.00044
7153 0.00044
7154 0.00044
7155 0.00044
7156 0.00044
7157 0.00044
7158 0.00044
7159 0.00044
7160 0.00044
7161 0.00044
7162 0.00044
7163 0.00044
7164 0.00044
7165 0.00044
7166 0.00044
7167 0.00044
7168 0.00044
7169 0.00044
7170 0.00044
7171 0.00044
7172 0.00044
7173 0.00044
7174 0.00044
7175 0.00044
7176 0.00044
7177 0.00044
7178 0.00044
7179 0.00044
7180 0.00044
7181 0.00044
7182 0.00044
7183 0.00044
7184 0.00044
7185 0.00044
7186 0.00044
7187 0.00044
7188 0.00044
7189 0.00044
7190 0.00044
7191 0.00044
7192 0.00044
7193 0.00044
7194 0.00044
7195 0.00044
7196 0.00044
7197 0.00044
7198 0.00044
7199 0.00044
7200 0.00044
7201 0.00044
7202 0.00044
7203 0.00044
7204 0.00044
7205 0.00044
7206 0.00044
7207 0.00044
7208 0.00044
7209 0.00044
7210 0.00044
7211 0.00044
7212 0.00044
7213 0.00044
7214 0.00044
7215 0.00044
7216 0.00044
7217 0.00044
7218 0.00044
7219 0.00044
7220 0.00044
7221 0.00044
7222 0.00044
7223 0.00044
7224 0.00044
7225 0.00044
7226 0.00044
7227 0.00044
7228 0.00044
7229 0.00044
7230 0.00044
7231 0.00044
7232 0.00044
7233 0.00044
7234 0.00044
7235 0.00044
7236 0.00044
7237 0.00044
7238 0.00044
7239 0.00044
7240 0.00044
7241 0.00044
7242 0.00044
7243 0.00044
7244 0.00044
7245 0.00044
7246 0.00044
7247 0.00044
7248 0.00044
7249 0.00044
7250 0.00044
7251 0.00044
7252 0.00044
7253 0.00044
7254 0.00044
7255 0.00044
7256 0.00044
7257 0.00044
7258 0.00044
7259 0.00044
7260 0.00044
7261 0.00044
7262 0.00044
7263 0.00044
7264 0.00044
7265 0.00044
7266 0.00044
7267 0.00044
7268 0.00044
7269 0.00044
7270 0.00044
7271 0.00044
7272 0.00044
7273 0.00044
7274 0.00044
7275 0.00044
7276 0.00044
7277 0.00044
7278 0.00044
7279 0.00044
7280 0.00044
7281 0.00044
7282 0.00044
7283 0.00044
7284 0.00044
7285 0.00044
7286 0.00044
7287 0.00044
7288 0.00044
7289 0.00044
7290 0.00044
7291 0.00044
7292 0.00044
7293 0.00044
7294 0.00044
7295 0.00044
7296 0.00044
7297 0.00044
7298 0.00044
7299 0.00044
7300 0.00044
7301 0.00044
7302 0.00044
7303 0.00044
7304 0.00044
7305 0.00044
7306 0.00044
7307 0.00044
7308 0.00044
7309 0.00044
7310 0.00044
7311 0.00044
7312 0.00044
7313 0.00044
7314 0.00044
7315 0.00044
7316 0.00044
7317 0.00044
7318 0.00044
7319 0.00044
7320 0.00044
7321 0.00044
7322 0.00044
7323 0.00044
7324 0.00044
7325 0.00044
7326 0.00044
7327 0.00044
7328 0.00044
7329 0.00044
7330 0.00044
7331 0.00044
7332 0.00044
7333 0.00044
7334 0.00044
7335 0.00044
7336 0.00044
7337 0.00044
7338 0.00044
7339 0.00044
7340 0.00044
7341 0.00044
7342 0.00044
7343 0.00044
7344 0.00044
7345 0.00044
7346 0.00044
7347 0.00044
7348 0.00044
7349 0.00044
7350 0.00044
7351 0.00044
7352 0.00044
7353 0.00044
7354 0.00044
7355 0.00044
7356 0.00044
7357 0.00044
7358 0.00044
7359 0.00044
7360 0.00044
7361 0.00044
7362 0.00044
7363 0.00044
7364 0.00044
7365 0.00044
7366 0.00044
7367 0.00044
7368 0.00044
7369 0.00044
7370 0.00044
7371 0.00044
7372 0.00044
7373 0.00044
7374 0.00044
7375 0.00044
7376 0.00044
7377 0.00044
7378 0.00044
7379 0.00044
7380 0.00044
7381 0.00044
7382 0.00044
7383 0.00044
7384 0.00044
7385 0.00044
7386 0.00044
7387 0.00044
7388 0.00044
7389 0.00044
7390 0.00044
7391 0.00044
7392 0.00044
7393 0.00044
7394 0.00044
7395 0.00044
7396 0.00044
7397 0.00044
7398 0.00044
7399 0.00044
7400 0.00044
7401 0.00044
7402 0.00044
7403 0.00044
7404 0.00044
7405 0.00044
7406 0.00044
7407 0.00044
7408 0.00044
7409 0.00044
7410 0.00044
7411 0.00044
7412 0.00044
7413 0.00044
7414 0.00044
7415 0.00044
7416 0.00044
7417 0.00044
7418 0.00044
7419 0.00044
7420 0.00044
7421 0.00044
7422 0.00044
7423 0.00044
7424 0.00044
7425 0.00044
7426 0.00044
7427 0.00044
7428 0.00044
7429 0.00044
7430 0.00044
7431 0.00044
7432 0.00044
7433 0.00044
7434 0.00044
7435 0.00044
7436 0.00044
7437 0.00044
7438 0.00044
7439 0.00044
7440 0.00044
7441 0.00044
7442 0.00044
7443 0.00044
7444 0.00044
7445 0.00044
7446 0.00044
7447 0.00044
7448 0.00044
7449 0.00044
7450 0.00044
7451 0.00044
7452 0.00044
7453 0.00044
7454 0.00044
7455 0.00044
7456 0.00044
7457 0.00044
7458 0.00044
7459 0.00044
7460 0.00044
7461 0.00044
7462 0.00044
7463 0.00044
7464 0.00044
7465 0.00044
7466 0.00044
7467 0.00044
7468 0.00044
7469 0.00044
7470 0.00044
7471 0.00044
7472 0.00044
7473 0.00044
7474 0.00044
7475 0.00044
7476 0.00044
7477 0.00044
7478 0.00044
7479 0.00044
7480 0.00044
7481 0.00044
7482 0.00044
7483 0.00044
7484 0.00044
7485 0.00044
7486 0.00044
7487 0.00044
7488 0.00044
7489 0.00044
7490 0.00044
7491 0.00044
7492 0.00044
7493 0.00044
7494 0.00044
7495 0.00044
7496 0.00044
7497 0.00044
7498 0.00044
7499 0.00044
7500 0.00044
7501 0.00044
7502 0.00044
7503 0.00044
7504 0.00044
7505 0.00044
7506 0.00044
7507 0.00044
7508 0.00044
7509 0.00044
7510 0.00044
7511 0.00044
7512 0.00044
7513 0.00044
7514 0.00044
7515 0.00044
7516 0.00044
7517 0.00044
7518 0.00044
7519 0.00044
7520 0.00044
7521 0.00044
7522 0.00044
7523 0.00044
7524 0.00044
7525 0.00044
7526 0.00044
7527 0.00044
7528 0.00044
7529 0.00044
7530 0.00044
7531 0.00044
7532 0.00044
7533 0.00044
7534 0.00044
7535 0.00044
7536 0.00044
7537 0.00044
7538 0.00044
7539 0.00044
7540 0.00044
7541 0.00044
7542 0.00044
7543 0.00044
7544 0.00044
7545 0.00044
7546 0.00044
7547 0.00044
7548 0.00044
7549 0.00044
7550 0.00044
7551 0.00044
7552 0.00044
7553 0.00044
7554 0.00044
7555 0.00044
7556 0.00044
7557 0.00044
7558 0.00044
7559 0.00044
7560 0.00044
7561 0.00044
7562 0.00044
7563 0.00044
7564 0.00044
7565 0.00044
7566 0.00044
7567 0.00044
7568 0.00044
7569 0.00044
7570 0.00044
7571 0.00044
7572 0.00044
7573 0.00044
7574 0.00044
7575 0.00044
7576 0.00044
7577 0.00044
7578 0.00044
7579 0.00044
7580 0.00044
7581 0.00044
7582 0.00044
7583 0.00044
7584 0.00044
7585 0.00044
7586 0.00044
7587 0.00044
7588 0.00044
7589 0.00044
7590 0.00044
7591 0.00044
7592 0.00044
7593 0.00044
7594 0.00044
7595 0.00044
7596 0.00044
7597 0.00044
7598 0.00044
7599 0.00044
7600 0.00044
7601 0.00044
7602 0.00044
7603 0.00044
7604 0.00044
7605 0.00044
7606 0.00044
7607 0.00044
7608 0.00044
7609 0.00044
7610 0.00044
7611 0.00044
7612 0.00044
7613 0.00044
7614 0.00044
7615 0.00044
7616 0.00044
7617 0.00044
7618 0.00044
7619 0.00044
7620 0.00044
7621 0.00044
7622 0.00044
7623 0.00044
7624 0.00044
7625 0.00044
7626 0.00044
7627 0.00044
7628 0.00044
7629 0.00044
7630 0.00044
7631 0.00044
7632 0.00044
7633 0.00044
7634 0.00044
7635 0.00044
7636 0.00044
7637 0.00044
7638 0.00044
7639 0.00044
7640 0.00044
7641 0.00044
7642 0.00044
7643 0.00044
7644 0.00044
7645 0.00044
7646 0.00044
7647 0.00044
7648 0.00044
7649 0.00044
7650 0.00044
7651 0.00044
7652 0.00044
7653 0.00044
7654 0.00044
7655 0.00044
7656 0.00044
7657 0.00044
7658 0.00044
7659 0.00044
7660 0.00044
7661 0.00044
7662 0.00044
7663 0.00044
7664 0.00044
7665 0.00044
7666 0.00044
7667 0.00044
7668 0.00044
7669 0.00044
7670 0.00044
7671 0.00044
7672 0.00044
7673 0.00044
7674 0.00044
7675 0.00044
7676 0.00044
7677 0.00044
7678 0.00044
7679 0.00044
7680 0.00044
7681 0.00044
7682 0.00044
7683 0.00044
7684 0.00044
7685 0.00044
7686 0.00044
7687 0.00044
7688 0.00044
7689 0.00044
7690 0.00044
7691 0.00044
7692 0.00044
7693 0.00044
7694 0.00044
7695 0.00044
7696 0.00044
7697 0.00044
7698 0.00044
7699 0.00044
7700 0.00044
7701 0.00044
7702 0.00044
7703 0.00044
7704 0.00044
7705 0.00044
7706 0.00044
7707 0.00044
7708 0.00044
7709 0.00044
7710 0.00044
7711 0.00044
7712 0.00044
7713 0.00044
7714 0.00044
7715 0.00044
7716 0.00044
7717 0.00044
7718 0.00044
7719 0.00044
7720 0.00044
7721 0.00044
7722 0.00044
7723 0.00044
7724 0.00044
7725 0.00044
7726 0.00044
7727 0.00044
7728 0.00044
7729 0.00044
7730 0.00044
7731 0.00044
7732 0.00044
7733 0.00044
7734 0.00044
7735 0.00044
7736 0.00044
7737 0.00044
7738 0.00044
7739 0.00044
7740 0.00044
7741 0.00044
7742 0.00044
7743 0.00044
7744 0.00044
7745 0.00044
7746 0.00044
7747 0.00044
7748 0.00044
7749 0.00044
7750 0.00044
7751 0.00044
7752 0.00044
7753 0.00044
7754 0.00044
7755 0.00044
7756 0.00044
7757 0.00044
7758 0.00044
7759 0.00044
7760 0.00044
7761 0.00044
7762 0.00044
7763 0.00044
7764 0.00044
7765 0.00044
7766 0.00044
7767 0.00044
7768 0.00044
7769 0.00044
7770 0.00044
7771 0.00044
7772 0.00044
7773 0.00044
7774 0.00044
7775 0.00044
7776 0.00044
7777 0.00044
7778 0.00044
7779 0.00044
7780 0.00044
7781 0.00044
7782 0.00044
7783 0.00044
7784 0.00044
7785 0.00044
7786 0.00044
7787 0.00044
7788 0.00044
7789 0.00044
7790 0.00044
7791 0.00044
7792 0.00044
7793 0.00044
7794 0.00044
7795 0.00044
7796 0.00044
7797 0.00044
7798 0.00044
7799 0.00044
7800 0.00044
7801 0.00044
7802 0.00044
7803 0.00044
7804 0.00044
7805 0.00044
7806 0.00044
7807 0.00044
7808 0.00044
7809 0.00044
7810 0.00044
7811 0.00044
7812 0.00044
7813 0.00044
7814 0.00044
7815 0.00044
7816 0.00044
7817 0.00044
7818 0.00044
7819 0.00044
7820 0.00044
7821 0.00044
7822 0.00044
7823 0.00044
7824 0.00044
7825 0.00044
7826 0.00044
7827 0.00044
7828 0.00044
7829 0.00044
7830 0.00044
7831 0.00044
7832 0.00044
7833 0.00044
7834 0.00044
7835 0.00044
7836 0.00044
7837 0.00044
7838 0.00044
7839 0.00044
7840 0.00044
7841 0.00044
7842 0.00044
7843 0.00044
7844 0.00044
7845 0.00044
7846 0.00044
7847 0.00044
7848 0.00044
7849 0.00044
7850 0.00044
7851 0.00044
7852 0.00044
7853 0.00044
7854 0.00044
7855 0.00044
7856 0.00044
7857 0.00044
7858 0.00044
7859 0.00044
7860 0.00044
7861 0.00044
7862 0.00044
7863 0.00044
7864 0.00044
7865 0.00044
7866 0.00044
7867 0.00044
7868 0.00044
7869 0.00044
7870 0.00044
7871 0.00044
7872 0.00044
7873 0.00044
7874 0.00044
7875 0.00044
7876 0.00044
7877 0.00044
7878 0.00044
7879 0.00044
7880 0.00044
7881 0.00044
7882 0.00044
7883 0.00044
7884 0.00044
7885 0.00044
7886 0.00044
7887 0.00044
7888 0.00044
7889 0.00044
7890 0.00044
7891 0.00044
7892 0.00044
7893 0.00044
7894 0.00044
7895 0.00044
7896 0.00044
7897 0.00044
7898 0.00044
7899 0.00044
7900 0.00044
7901 0.00044
7902 0.00044
7903 0.00044
7904 0.00044
7905 0.00044
7906 0.00044
7907 0.00044
7908 0.00044
7909 0.00044
7910 0.00044
7911 0.00044
7912 0.00044
7913 0.00044
7914 0.00044
7915 0.00044
7916 0.00044
7917 0.00044
7918 0.00044
7919 0.00044
7920 0.00044
7921 0.00044
7922 0.00044
7923 0.00044
7924 0.00044
7925 0.00044
7926 0.00044
7927 0.00044
7928 0.00044
7929 0.00044
7930 0.00044
7931 0.00044
7932 0.00044
7933 0.00044
7934 0.00044
7935 0.00044
7936 0.00044
7937 0.00044
7938 0.00044
7939 0.00044
7940 0.00044
7941 0.00044
7942 0.00044
7943 0.00044
7944 0.00044
7945 0.00044
7946 0.00044
7947 0.00044
7948 0.00044
7949 0.00044
7950 0.00044
7951 0.00044
7952 0.00044
7953 0.00044
7954 0.00044
7955 0.00044
7956 0.00044
7957 0.00044
7958 0.00044
7959 0.00044
7960 0.00044
7961 0.00044
7962 0.00044
7963 0.00044
7964 0.00044
7965 0.00044
7966 0.00044
7967 0.00044
7968 0.00044
7969 0.00044
7970 0.00044
7971 0.00044
7972 0.00044
7973 0.00044
7974 0.00044
7975 0.00044
7976 0.00044
7977 0.00044
7978 0.00044
7979 0.00044
7980 0.00044
7981 0.00044
7982 0.00044
7983 0.00044
7984 0.00044
7985 0.00044
7986 0.00044
7987 0.00044
7988 0.00044
7989 0.00044
7990 0.00044
7991 0.00044
7992 0.00044
7993 0.00044
7994 0.00044
7995 0.00044
7996 0.00044
7997 0.00044
7998 0.00044
7999 0.00044
8000 0.00044
8001 0.00044
8002 0.00044
8003 0.00044
8004 0.00044
8005 0.00044
8006 0.00044
8007 0.00044
8008 0.00044
8009 0.00044
8010 0.00044
8011 0.00044
8012 0.00044
8013 0.00044
8014 0.00044
8015 0.00044
8016 0.00044
8017 0.00044
8018 0.00044
8019 0.00044
8020 0.00044
8021 0.00044
8022 0.00044
8023 0.00044
8024 0.00044
8025 0.00044
8026 0.00044
8027 0.00044
8028 0.00044
8029 0.00044
8030 0.00044
8031 0.00044
8032 0.00044
8033 0.00044
8034 0.00044
8035 0.00044
8036 0.00044
8037 0.00044
8038 0.00044
8039 0.00044
8040 0.00044
8041 0.00044
8042 0.00044
8043 0.00044
8044 0.00044
8045 0.00044
8046 0.00044
8047 0.00044
8048 0.00044
8049 0.00044
8050 0.00044
8051 0.00044
8052 0.00044
8053 0.00044
8054 0.00044
8055 0.00044
8056 0.00044
8057 0.00044
8058 0.00044
8059 0.00044
8060 0.00044
8061 0.00044
8062 0.00044
8063 0.00044
8064 0.00044
8065 0.00044
8066 0.00044
8067 0.00044
8068 0.00044
8069 0.00044
8070 0.00044
8071 0.00044
8072 0.00044
8073 0.00044
8074 0.00044
8075 0.00044
8076 0.00044
8077 0.00044
8078 0.00044
8079 0.00044
8080 0.00044
8081 0.00044
8082 0.00044
8083 0.00044
8084 0.00044
8085 0.00044
8086 0.00044
8087 0.00044
8088 0.00044
8089 0.00044
8090 0.00044
8091 0.00044
8092 0.00044
8093 0.00044
8094 0.00044
8095 0.00044
8096 0.00044
8097 0.00044
8098 0.00044
8099 0.00044
8100 0.00044
8101 0.00044
8102 0.00044
8103 0.00044
8104 0.00044
8105 0.00044
8106 0.00044
8107 0.00044
8108 0.00044
8109 0.00044
8110 0.00044
8111 0.00044
8112 0.00044
8113 0.00044
8114 0.00044
8115 0.00044
8116 0.00044
8117 0.00044
8118 0.00044
8119 0.00044
8120 0.00044
8121 0.00044
8122 0.00044
8123 0.00044
8124 0.00044
8125 0.00044
8126 0.00044
8127 0.00044
8128 0.00044
8129 0.00044
8130 0.00044
8131 0.00044
8132 0.00044
8133 0.00044
8134 0.00044
8135 0.00044
8136 0.00044
8137 0.00044
8138 0.00044
8139 0.00044
8140 0.00044
8141 0.00044
8142 0.00044
8143 0.00044
8144 0.00044
8145 0.00044
8146 0.00044
8147 0.00044
8148 0.00044
8149 0.00044
8150 0.00044
8151 0.00044
8152 0.00044
8153 0.00044
8154 0.00044
8155 0.00044
8156 0.00044
8157 0.00044
8158 0.00044
8159 0.00044
8160 0.00044
8161 0.00044
8162 0.00044
8163 0.00044
8164 0.00044
8165 0.00044
8166 0.00044
8167 0.00044
8168 0.00044
8169 0.00044
8170 0.00044
8171 0.00044
8172 0.00044
8173 0.00044
8174 0.00044
8175 0.00044
8176 0.00044
8177 0.00044
8178 0.00044
8179 0.00044
8180 0.00044
8181 0.00044
8182 0.00044
8183 0.00044
8184 0.00044
8185 0.00044
8186 0.00044
8187 0.00044
8188 0.00044
8189 0.00044
8190 0.00044
8191 0.00044
8192 0.00044
8193 0.00044
8194 0.00044
8195 0.00044
8196 0.00044
8197 0.00044
8198 0.00044
8199 0.00044
8200 0.00044
8201 0.00044
8202 0.00044
8203 0.00044
8204 0.00044
8205 0.00044
8206 0.00044
8207 0.00044
8208 0.00044
8209 0.00044
8210 0.00044
8211 0.00044
8212 0.00044
8213 0.00044
8214 0.00044
8215 0.00044
8216 0.00044
8217 0.00044
8218 0.00044
8219 0.00044
8220 0.00044
8221 0.00044
8222 0.00044
8223 0.00044
8224 0.00044
8225 0.00044
8226 0.00044
8227 0.00044
8228 0.00044
8229 0.00044
8230 0.00044
8231 0.00044
8232 0.00044
8233 0.00044
8234 0.00044
8235 0.00044
8236 0.00044
8237 0.00044
8238 0.00044
8239 0.00044
8240 0.00044
8241 0.00044
8242 0.00044
8243 0.00044
8244 0.00044
8245 0.00044
8246 0.00044
8247 0.00044
8248 0.00044
8249 0.00044
8250 0.00044
8251 0.00044
8252 0.00044
8253 0.00044
8254 0.00044
8255 0.00044
8256 0.00044
8257 0.00044
8258 0.00044
8259 0.00044
8260 0.00044
8261 0.00044
8262 0.00044
8263 0.00044
8264 0.00044
8265 0.00044
8266 0.00044
8267 0.00044
8268 0.00044
8269 0.00044
8270 0.00044
8271 0.00044
8272 0.00044
8273 0.00044
8274 0.00044
8275 0.00044
8276 0.00044
8277 0.00044
8278 0.00044
8279 0.00044
8280 0.00044
8281 0.00044
8282 0.00044
8283 0.00044
8284 0.00044
8285 0.00044
8286 0.00044
8287 0.00044
8288 0.00044
8289 0.00044
8290 0.00044
8291 0.00044
8292 0.00044
8293 0.00044
8294 0.00044
8295 0.00044
8296 0.00044
8297 0.00044
8298 0.00044
8299 0.00044
8300 0.00044
8301 0.00044
8302 0.00044
8303 0.00044
8304 0.00044
8305 0.00044
8306 0.00044
8307 0.00044
8308 0.00044
8309 0.00044
8310 0.00044
8311 0.00044
8312 0.00044
8313 0.00044
8314 0.00044
8315 0.00044
8316 0.00044
8317 0.00044
8318 0.00044
8319 0.00044
8320 0.00044
8321 0.00044
8322 0.00044
8323 0.00044
8324 0.00044
8325 0.00044
8326 0.00044
8327 0.00044
8328 0.00044
8329 0.00044
8330 0.00044
8331 0.00044
8332 0.00044
8333 0.00044
8334 0.00044
8335 0.00044
8336 0.00044
8337 0.00044
8338 0.00044
8339 0.00044
8340 0.00044
8341 0.00044
8342 0.00044
8343 0.00044
8344 0.00044
8345 0.00044
8346 0.00044
8347 0.00044
8348 0.00044
8349 0.00044
8350 0.00044
8351 0.00044
8352 0.00044
8353 0.00044
8354 0.00044
8355 0.00044
8356 0.00044
8357 0.00044
8358 0.00044
8359 0.00044
8360 0.00044
8361 0.00044
8362 0.00044
8363 0.00044
8364 0.00044
8365 0.00044
8366 0.00044
8367 0.00044
8368 0.00044
8369 0.00044
8370 0.00044
8371 0.00044
8372 0.00044
8373 0.00044
8374 0.00044
8375 0.00044
8376 0.00044
8377 0.00044
8378 0.00044
8379 0.00044
8380 0.00044
8381 0.00044
8382 0.00044
8383 0.00044
8384 0.00044
8385 0.00044
8386 0.00044
8387 0.00044
8388 0.00044
8389 0.00044
8390 0.00044
8391 0.00044
8392 0.00044
8393 0.00044
8394 0.00044
8395 0.00044
8396 0.00044
8397 0.00044
8398 0.00044
8399 0.00044
8400 0.00044
8401 0.00044
8402 0.00044
8403 0.00044
8404 0.00044
8405 0.00044
8406 0.00044
8407 0.00044
8408 0.00044
8409 0.00044
8410 0.00044
8411 0.00044
8412 0.00044
8413 0.00044
8414 0.00044
8415 0.00044
8416 0.00044
8417 0.00044
8418 0.00044
8419 0.00044
8420 0.00044
8421 0.00044
8422 0.00044
8423 0.00044
8424 0.00044
8425 0.00044
8426 0.00044
8427 0.00044
8428 0.00044
8429 0.00044
8430 0.00044
8431 0.00044
8432 0.00044
8433 0.00044
8434 0.00044
8435 0.00044
8436 0.00044
8437 0.00044
8438 0.00044
8439 0.00044
8440 0.00044
8441 0.00044
8442 0.00044
8443 0.00044
8444 0.00044
8445 0.00044
8446 0.00044
8447 0.00044
8448 0.00044
8449 0.00044
8450 0.00044
8451 0.00044
8452 0.00044
8453 0.00044
8454 0.00044
8455 0.00044
8456 0.00044
8457 0.00044
8458 0.00044
8459 0.00044
8460 0.00044
8461 0.00044
8462 0.00044
8463 0.00044
8464 0.00044
8465 0.00044
8466 0.00044
8467 0.00044
8468 0.00044
8469 0.00044
8470 0.00044
8471 0.00044
8472 0.00044
8473 0.00044
8474 0.00044
8475 0.00044
8476 0.00044
8477 0.00044
8478 0.00044
8479 0.00044
8480 0.00044
8481 0.00044
8482 0.00044
8483 0.00044
8484 0.00044
8485 0.00044
8486 0.00044
8487 0.00044
8488 0.00044
8489 0.00044
8490 0.00044
8491 0.00044
8492 0.00044
8493 0.00044
8494 0.00044
8495 0.00044
8496 0.00044
8497 0.00044
8498 0.00044
8499 0.00044
8500 0.00044
8501 0.00044
8502 0.00044
8503 0.00044
8504 0.00044
8505 0.00044
8506 0.00044
8507 0.00044
8508 0.00044
8509 0.00044
8510 0.00044
8511 0.00044
8512 0.00044
8513 0.00044
8514 0.00044
8515 0.00044
8516 0.00044
8517 0.00044
8518 0.00044
8519 0.00044
8520 0.00044
8521 0.00044
8522 0.00044
8523 0.00044
8524 0.00044
8525 0.00044
8526 0.00044
8527 0.00044
8528 0.00044
8529 0.00044
8530 0.00044
8531 0.00044
8532 0.00044
8533 0.00044
8534 0.00044
8535 0.00044
8536 0.00044
8537 0.00044
8538 0.00044
8539 0.00044
8540 0.00044
8541 0.00044
8542 0.00044
8543 0.00044
8544 0.00044
8545 0.00044
8546 0.00044
8547 0.00044
8548 0.00044
8549 0.00044
8550 0.00044
8551 0.00044
8552 0.00044
8553 0.00044
8554 0.00044
8555 0.00044
8556 0.00044
8557 0.00044
8558 0.00044
8559 0.00044
8560 0.00044
8561 0.00044
8562 0.00044
8563 0.00044
8564 0.00044
8565 0.00044
8566 0.00044
8567 0.00044
8568 0.00044
8569 0.00044
8570 0.00044
8571 0.00044
8572 0.00044
8573 0.00044
8574 0.00044
8575 0.00044
8576 0.00044
8577 0.00044
8578 0.00044
8579 0.00044
8580 0.00044
8581 0.00044
8582 0.00044
8583 0.00044
8584 0.00044
8585 0.00044
8586 0.00044
8587 0.00044
8588 0.00044
8589 0.00044
8590 0.00044
8591 0.00044
8592 0.00044
8593 0.00044
8594 0.00044
8595 0.00044
8596 0.00044
8597 0.00044
8598 0.00044
8599 0.00044
8600 0.00044
8601 0.00044
8602 0.00044
8603 0.00044
8604 0.00044
8605 0.00044
8606 0.00044
8607 0.00044
8608 0.00044
8609 0.00044
8610 0.00044
8611 0.00044
8612 0.00044
8613 0.00044
8614 0.00044
8615 0.00044
8616 0.00044
8617 0.00044
8618 0.00044
8619 0.00044
8620 0.00044
8621 0.00044
8622 0.00044
8623 0.00044
8624 0.00044
8625 0.00044
8626 0.00044
8627 0.00044
8628 0.00044
8629 0.00044
8630 0.00044
8631 0.00044
8632 0.00044
8633 0.00044
8634 0.00044
8635 0.00044
8636 0.00044
8637 0.00044
8638 0.00044
8639 0.00044
8640 0.00044
8641 0.00044
8642 0.00044
8643 0.00044
8644 0.00044
8645 0.00044
8646 0.00044
8647 0.00044
8648 0.00044
8649 0.00044
8650 0.00044
8651 0.00044
8652 0.00044
8653 0.00044
8654 0.00044
8655 0.00044
8656 0.00044
8657 0.00044
8658 0.00044
8659 0.00044
8660 0.00044
8661 0.00044
8662 0.00044
8663 0.00044
8664 0.00044
8665 0.00044
8666 0.00044
8667 0.00044
8668 0.00044
8669 0.00044
8670 0.00044
8671 0.00044
8672 0.00044
8673 0.00044
8674 0.00044
8675 0.00044
8676 0.00044
8677 0.00044
8678 0.00044
8679 0.00044
8680 0.00044
8681 0.00044
8682 0.00044
8683 0.00044
8684 0.00044
8685 0.00044
8686 0.00044
8687 0.00044
8688 0.00044
8689 0.00044
8690 0.00044
8691 0.00044
8692 0.00044
8693 0.00044
8694 0.00044
8695 0.00044
8696 0.00044
8697 0.00044
8698 0.00044
8699 0.00044
8700 0.00044
8701 0.00044
8702 0.00044
8703 0.00044
8704 0.00044
8705 0.00044
8706 0.00044
8707 0.00044
8708 0.00044
8709 0.00044
8710 0.00044
8711 0.00044
8712 0.00044
8713 0.00044
8714 0.00044
8715 0.00044
8716 0.00044
8717 0.00044
8718 0.00044
8719 0.00044
8720 0.00044
8721 0.00044
8722 0.00044
8723 0.00044
8724 0.00044
8725 0.00044
8726 0.00044
8727 0.00044
8728 0.00044
8729 0.00044
8730 0.00044
8731 0.00044
8732 0.00044
8733 0.00044
8734 0.00044
8735 0.00044
8736 0.00044
8737 0.00044
8738 0.00044
8739 0.00044
8740 0.00044
8741 0.00044
8742 0.00044
8743 0.00044
8744 0.00044
8745 0.00044
8746 0.00044
8747 0.00044
8748 0.00044
8749 0.00044
8750 0.00044
8751 0.00044
8752 0.00044
8753 0.00044
8754 0.00044
8755 0.00044
8756 0.00044
8757 0.00044
8758 0.00044
8759 0.00044
8760 0.00044
8761 0.00044
8762 0.00044
8763 0.00044
8764 0.00044
8765 0.00044
8766 0.00044
8767 0.00044
8768 0.00044
8769 0.00044
8770 0.00044
8771 0.00044
8772 0.00044
8773 0.00044
8774 0.00044
8775 0.00044
8776 0.00044
8777 0.00044
8778 0.00044
8779 0.00044
8780 0.00044
8781 0.00044
8782 0.00044
8783 0.00044
8784 0.00044
8785 0.00044
8786 0.00044
8787 0.00044
8788 0.00044
8789 0.00044
8790 0.00044
8791 0.00044
8792 0.00044
8793 0.00044
8794 0.00044
8795 0.00044
8796 0.00044
8797 0.00044
8798 0.00044
8799 0.00044
8800 0.00044
8801 0.00044
8802 0.00044
8803 0.00044
8804 0.00044
8805 0.00044
8806 0.00044
8807 0.00044
8808 0.00044
8809 0.00044
8810 0.00044
8811 0.00044
8812 0.00044
8813 0.00044
8814 0.00044
8815 0.00044
8816 0.00044
8817 0.00044
8818 0.00044
8819 0.00044
8820 0.00044
8821 0.00044
8822 0.00044
8823 0.00044
8824 0.00044
8825 0.00044
8826 0.00044
8827 0.00044
8828 0.00044
8829 0.00044
8830 0.00044
8831 0.00044
8832 0.00044
8833 0.00044
8834 0.00044
8835 0.00044
8836 0.00044
8837 0.00044
8838 0.00044
8839 0.00044
8840 0.00044
8841 0.00044
8842 0.00044
8843 0.00044
8844 0.00044
8845 0.00044
8846 0.00044
8847 0.00044
8848 0.00044
8849 0.00044
8850 0.00044
8851 0.00044
8852 0.00044
8853 0.00044
8854 0.00044
8855 0.00044
8856 0.00044
8857 0.00044
8858 0.00044
8859 0.00044
8860 0.00044
8861 0.00044
8862 0.00044
8863 0.00044
8864 0.00044
8865 0.00044
8866 0.00044
8867 0.00044
8868 0.00044
8869 0.00044
8870 0.00044
8871 0.00044
8872 0.00044
8873 0.00044
8874 0.00044
8875 0.00044
8876 0.00044
8877 0.00044
8878 0.00044
8879 0.00044
8880 0.00044
8881 0.00044
8882 0.00044
8883 0.00044
8884 0.00044
8885 0.00044
8886 0.00044
8887 0.00044
8888 0.00044
8889 0.00044
8890 0.00044
8891 0.00044
8892 0.00044
8893 0.00044
8894 0.00044
8895 0.00044
8896 0.00044
8897 0.00044
8898 0.00044
8899 0.00044
8900 0.00044
8901 0.00044
8902 0.00044
8903 0.00044
8904 0.00044
8905 0.00044
8906 0.00044
8907 0.00044
8908 0.00044
8909 0.00044
8910 0.00044
8911 0.00044
8912 0.00044
8913 0.00044
8914 0.00044
8915 0.00044
8916 0.00044
8917 0.00044
8918 0.00044
8919 0.00044
8920 0.00044
8921 0.00044
8922 0.00044
8923 0.00044
8924 0.00044
8925 0.00044
8926 0.00044
8927 0.00044
8928 0.00044
8929 0.00044
8930 0.00044
8931 0.00044
8932 0.00044
8933 0.00044
8934 0.00044
8935 0.00044
8936 0.00044
8937 0.00044
8938 0.00044
8939 0.00044
8940 0.00044
8941 0.00044
8942 0.00044
8943 0.00044
8944 0.00044
8945 0.00044
8946 0.00044
8947 0.00044
8948 0.00044
8949 0.00044
8950 0.00044
8951 0.00044
8952 0.00044
8953 0.00044
8954 0.00044
8955 0.00044
8956 0.00044
8957 0.00044
8958 0.00044
8959 0.00044
8960 0.00044
8961 0.00044
8962 0.00044
8963 0.00044
8964 0.00044
8965 0.00044
8966 0.00044
8967 0.00044
8968 0.00044
8969 0.00044
8970 0.00044
8971 0.00044
8972 0.00044
8973 0.00044
8974 0.00044
8975 0.00044
8976 0.00044
8977 0.00044
8978 0.00044
8979 0.00044
8980 0.00044
8981 0.00044
8982 0.00044
8983 0.00044
8984 0.00044
8985 0.00044
8986 0.00044
8987 0.00044
8988 0.00044
8989 0.00044
8990 0.00044
8991 0.00044
8992 0.00044
8993 0.00044
8994 0.00044
8995 0.00044
8996 0.00044
8997 0.00044
8998 0.00044
8999 0.00044
9000 0.00044
9001 0.00044
9002 0.00044
9003 0.00044
9004 0.00044
9005 0.00044
9006 0.00044
9007 0.00044
9008 0.00044
9009 0.00044
9010 0.00044
9011 0.00044
9012 0.00044
9013 0.00044
9014 0.00044
9015 0.00044
9016 0.00044
9017 0.00044
9018 0.00044
9019 0.00044
9020 0.00044
9021 0.00044
9022 0.00044
9023 0.00044
9024 0.00044
9025 0.00044
9026 0.00044
9027 0.00044
9028 0.00044
9029 0.00044
9030 0.00044
9031 0.00044
9032 0.00044
9033 0.00044
9034 0.00044
9035 0.00044
9036 0.00044
9037 0.00044
9038 0.00044
9039 0.00044
9040 0.00044
9041 0.00044
9042 0.00044
9043 0.00044
9044 0.00044
9045 0.00044
9046 0.00044
9047 0.00044
9048 0.00044
9049 0.00044
9050 0.00044
9051 0.00044
9052 0.00044
9053 0.00044
9054 0.00044
9055 0.00044
9056 0.00044
9057 0.00044
9058 0.00044
9059 0.00044
9060 0.00044
9061 0.00044
9062 0.00044
9063 0.00044
9064 0.00044
9065 0.00044
9066 0.00044
9067 0.00044
9068 0.00044
9069 0.00044
9070 0.00044
9071 0.00044
9072 0.00044
9073 0.00044
9074 0.00044
9075 0.00044
9076 0.00044
9077 0.00044
9078 0.00044
9079 0.00044
9080 0.00044
9081 0.00044
9082 0.00044
9083 0.00044
9084 0.00044
9085 0.00044
9086 0.00044
9087 0.00044
9088 0.00044
9089 0.00044
9090 0.00044
9091 0.00044
9092 0.00044
9093 0.00044
9094 0.00044
9095 0.00044
9096 0.00044
9097 0.00044
9098 0.00044
9099 0.00044
9100 0.00044
9101 0.00044
9102 0.00044
9103 0.00044
9104 0.00044
9105 0.00044
9106 0.00044
9107 0.00044
9108 0.00044
9109 0.00044
9110 0.00044
9111 0.00044
9112 0.00044
9113 0.00044
9114 0.00044
9115 0.00044
9116 0.00044
9117 0.00044
9118 0.00044
9119 0.00044
9120 0.00044
9121 0.00044
9122 0.00044
9123 0.00044
9124 0.00044
9125 0.00044
9126 0.00044
9127 0.00044
9128 0.00044
9129 0.00044
9130 0.00044
9131 0.00044
9132 0.00044
9133 0.00044
9134 0.00044
9135 0.00044
9136 0.00044
9137 0.00044
9138 0.00044
9139 0.00044
9140 0.00044
9141 0.00044
9142 0.00044
9143 0.00044
9144 0.00044
9145 0.00044
9146 0.00044
9147 0.00044
9148 0.00044
9149 0.00044
9150 0.00044
9151 0.00044
9152 0.00044
9153 0.00044
9154 0.00044
9155 0.00044
9156 0.00044
9157 0.00044
9158 0.00044
9159 0.00044
9160 0.00044
9161 0.00044
9162 0.00044
9163 0.00044
9164 0.00044
9165 0.00044
9166 0.00044
9167 0.00044
9168 0.00044
9169 0.00044
9170 0.00044
9171 0.00044
9172 0.00044
9173 0.00044
9174 0.00044
9175 0.00044
9176 0.00044
9177 0.00044
9178 0.00044
9179 0.00044
9180 0.00044
9181 0.00044
9182 0.00044
9183 0.00044
9184 0.00044
9185 0.00044
9186 0.00044
9187 0.00044
9188 0.00044
9189 0.00044
9190 0.00044
9191 0.00044
9192 0.00044
9193 0.00044
9194 0.00044
9195 0.00044
9196 0.00044
9197 0.00044
9198 0.00044
9199 0.00044
9200 0.00044
9201 0.00044
9202 0.00044
9203 0.00044
9204 0.00044
9205 0.00044
9206 0.00044
9207 0.00044
9208 0.00044
9209 0.00044
9210 0.00044
9211 0.00044
9212 0.00044
9213 0.00044
9214 0.00044
9215 0.00044
9216 0.00044
9217 0.00044
9218 0.00044
9219 0.00044
9220 0.00044
9221 0.00044
9222 0.00044
9223 0.00044
9224 0.00044
9225 0.00044
9226 0.00044
9227 0.00044
9228 0.00044
9229 0.00044
9230 0.00044
9231 0.00044
9232 0.00044
9233 0.00044
9234 0.00044
9235 0.00044
9236 0.00044
9237 0.00044
9238 0.00044
9239 0.00044
9240 0.00044
9241 0.00044
9242 0.00044
9243 0.00044
9244 0.00044
9245 0.00044
9246 0.00044
9247 0.00044
9248 0.00044
9249 0.00044
9250 0.00044
9251 0.00044
9252 0.00044
9253 0.00044
9254 0.00044
9255 0.00044
9256 0.00044
9257 0.00044
9258 0.00044
9259 0.00044
9260 0.00044
9261 0.00044
9262 0.00044
9263 0.00044
9264 0.00044
9265 0.00044
9266 0.00044
9267 0.00044
9268 0.00044
9269 0.00044
9270 0.00044
9271 0.00044
9272 0.00044
9273 0.00044
9274 0.00044
9275 0.00044
9276 0.00044
9277 0.00044
9278 0.00044
9279 0.00044
9280 0.00044
9281 0.00044
9282 0.00044
9283 0.00044
9284 0.00044
9285 0.00044
9286 0.00044
9287 0.00044
9288 0.00044
9289 0.00044
9290 0.00044
9291 0.00044
9292 0.00044
9293 0.00044
9294 0.00044
9295 0.00044
9296 0.00044
9297 0.00044
9298 0.00044
9299 0.00044
9300 0.00044
9301 0.00044
9302 0.00044
9303 0.00044
9304 0.00044
9305 0.00044
9306 0.00044
9307 0.00044
9308 0.00044
9309 0.00044
9310 0.00044
9311 0.00044
9312 0.00044
9313 0.00044
9314 0.00044
9315 0.00044
9316 0.00044
9317 0.00044
9318 0.00044
9319 0.00044
9320 0.00044
9321 0.00044
9322 0.00044
9323 0.00044
9324 0.00044
9325 0.00044
9326 0.00044
9327 0.00044
9328 0.00044
9329 0.00044
9330 0.00044
9331 0.00044
9332 0.00044
9333 0.00044
9334 0.00044
9335 0.00044
9336 0.00044
9337 0.00044
9338 0.00044
9339 0.00044
9340 0.00044
9341 0.00044
9342 0.00044
9343 0.00044
9344 0.00044
9345 0.00044
9346 0.00044
9347 0.00044
9348 0.00044
9349 0.00044
9350 0.00044
9351 0.00044
9352 0.00044
9353 0.00044
9354 0.00044
9355 0.00044
9356 0.00044
9357 0.00044
9358 0.00044
9359 0.00044
9360 0.00044
9361 0.00044
9362 0.00044
9363 0.00044
9364 0.00044
9365 0.00044
9366 0.00044
9367 0.00044
9368 0.00044
9369 0.00044
9370 0.00044
9371 0.00044
9372 0.00044
9373 0.00044
9374 0.00044
9375 0.00044
9376 0.00044
9377 0.00044
9378 0.00044
9379 0.00044
9380 0.00044
9381 0.00044
9382 0.00044
9383 0.00044
9384 0.00044
9385 0.00044
9386 0.00044
9387 0.00044
9388 0.00044
9389 0.00044
9390 0.00044
9391 0.00044
9392 0.00044
9393 0.00044
9394 0.00044
9395 0.00044
9396 0.00044
9397 0.00044
9398 0.00044
9399 0.00044
9400 0.00044
9401 0.00044
9402 0.00044
9403 0.00044
9404 0.00044
9405 0.00044
9406 0.00044
9407 0.00044
9408 0.00044
9409 0.00044
9410 0.00044
9411 0.00044
9412 0.00044
9413 0.00044
9414 0.00044
9415 0.00044
9416 0.00044
9417 0.00044
9418 0.00044
9419 0.00044
9420 0.00044
9421 0.00044
9422 0.00044
9423 0.00044
9424 0.00044
9425 0.00044
9426 0.00044
9427 0.00044
9428 0.00044
9429 0.00044
9430 0.00044
9431 0.00044
9432 0.00044
9433 0.00044
9434 0.00044
9435 0.00044
9436 0.00044
9437 0.00044
9438 0.00044
9439 0.00044
9440 0.00044
9441 0.00044
9442 0.00044
9443 0.00044
9444 0.00044
9445 0.00044
9446 0.00044
9447 0.00044
9448 0.00044
9449 0.00044
9450 0.00044
9451 0.00044
9452 0.00044
9453 0.00044
9454 0.00044
9455 0.00044
9456 0.00044
9457 0.00044
9458 0.00044
9459 0.00044
9460 0.00044
9461 0.00044
9462 0.00044
9463 0.00044
9464 0.00044
9465 0.00044
9466 0.00044
9467 0.00044
9468 0.00044
9469 0.00044
9470 0.00044
9471 0.00044
9472 0.00044
9473 0.00044
9474 0.00044
9475 0.00044
9476 0.00044
9477 0.00044
9478 0.00044
9479 0.00044
9480 0.00044
9481 0.00044
9482 0.00044
9483 0.00044
9484 0.00044
9485 0.00044
9486 0.00044
9487 0.00044
9488 0.00044
9489 0.00044
9490 0.00044
9491 0.00044
9492 0.00044
9493 0.00044
9494 0.00044
9495 0.00044
9496 0.00044
9497 0.00044
9498 0.00044
9499 0.00044
9500 0.00044
9501 0.00044
9502 0.00044
9503 0.00044
9504 0.00044
9505 0.00044
9506 0.00044
9507 0.00044
9508 0.00044
9509 0.00044
9510 0.00044
9511 0.00044
9512 0.00044
9513 0.00044
9514 0.00044
9515 0.00044
9516 0.00044
9517 0.00044
9518 0.00044
9519 0.00044
9520 0.00044
9521 0.00044
9522 0.00044
9523 0.00044
9524 0.00044
9525 0.00044
9526 0.00044
9527 0.00044
9528 0.00044
9529 0.00044
9530 0.00044
9531 0.00044
9532 0.00044
9533 0.00044
9534 0.00044
9535 0.00044
9536 0.00044
9537 0.00044
9538 0.00044
9539 0.00044
9540 0.00044
9541 0.00044
9542 0.00044
9543 0.00044
9544 0.00044
9545 0.00044
9546 0.00044
9547 0.00044
9548 0.00044
9549 0.00044
9550 0.00044
9551 0.00044
9552 0.00044
9553 0.00044
9554 0.00044
9555 0.00044
9556 0.00044
9557 0.00044
9558 0.00044
9559 0.00044
9560 0.00044
9561 0.00044
9562 0.00044
9563 0.00044
9564 0.00044
9565 0.00044
9566 0.00044
9567 0.00044
9568 0.00044
9569 0.00044
9570 0.00044
9571 0.00044
9572 0.00044
9573 0.00044
9574 0.00044
9575 0.00044
9576 0.00044
9577 0.00044
9578 0.00044
9579 0.00044
9580 0.00044
9581 0.00044
9582 0.00044
9583 0.00044
9584 0.00044
9585 0.00044
9586 0.00044
9587 0.00044
9588 0.00044
9589 0.00044
9590 0.00044
9591 0.00044
9592 0.00044
9593 0.00044
9594 0.00044
9595 0.00044
9596 0.00044
9597 0.00044
9598 0.00044
9599 0.00044
9600 0.00044
9601 0.00044
9602 0.00044
9603 0.00044
9604 0.00044
9605 0.00044
9606 0.00044
9607 0.00044
9608 0.00044
9609 0.00044
9610 0.00044
9611 0.00044
9612 0.00044
9613 0.00044
9614 0.00044
9615 0.00044
9616 0.00044
9617 0.00044
9618 0.00044
9619 0.00044
9620 0.00044
9621 0.00044
9622 0.00044
9623 0.00044
9624 0.00044
9625 0.00044
9626 0.00044
9627 0.00044
9628 0.00044
9629 0.00044
9630 0.00044
9631 0.00044
9632 0.00044
9633 0.00044
9634 0.00044
9635 0.00044
9636 0.00044
9637 0.00044
9638 0.00044
9639 0.00044
9640 0.00044
9641 0.00044
9642 0.00044
9643 0.00044
9644 0.00044
9645 0.00044
9646 0.00044
9647 0.00044
9648 0.00044
9649 0.00044
9650 0.00044
9651 0.00044
9652 0.00044
9653 0.00044
9654 0.00044
9655 0.00044
9656 0.00044
9657 0.00044
9658 0.00044
9659 0.00044
9660 0.00044
9661 0.00044
9662 0.00044
9663 0.00044
9664 0.00044
9665 0.00044
9666 0.00044
9667 0.00044
9668 0.00044
9669 0.00044
9670 0.00044
9671 0.00044
9672 0.00044
9673 0.00044
9674 0.00044
9675 0.00044
9676 0.00044
9677 0.00044
9678 0.00044
9679 0.00044
9680 0.00044
9681 0.00044
9682 0.00044
9683 0.00044
9684 0.00044
9685 0.00044
9686 0.00044
9687 0.00044
9688 0.00044
9689 0.00044
9690 0.00044
9691 0.00044
9692 0.00044
9693 0.00044
9694 0.00044
9695 0.00044
9696 0.00044
9697 0.00044
9698 0.00044
9699 0.00044
9700 0.00044
9701 0.00044
9702 0.00044
9703 0.00044
9704 0.00044
9705 0.00044
9706 0.00044
9707 0.00044
9708 0.00044
9709 0.00044
9710 0.00044
9711 0.00044
9712 0.00044
9713 0.00044
9714 0.00044
9715 0.00044
9716 0.00044
9717 0.00044
9718 0.00044
9719 0.00044
9720 0.00044
9721 0.00044
9722 0.00044
9723 0.00044
9724 0.00044
9725 0.00044
9726 0.00044
9727 0.00044
9728 0.00044
9729 0.00044
9730 0.00044
9731 0.00044
9732 0.00044
9733 0.00044
9734 0.00044
9735 0.00044
9736 0.00044
9737 0.00044
9738 0.00044
9739 0.00044
9740 0.00044
9741 0.00044
9742 0.00044
9743 0.00044
9744 0.00044
9745 0.00044
9746 0.00044
9747 0.00044
9748 0.00044
9749 0.00044
9750 0.00044
9751 0.00044
9752 0.00044
9753 0.00044
9754 0.00044
9755 0.00044
9756 0.00044
9757 0.00044
9758 0.00044
9759 0.00044
9760 0.00044
9761 0.00044
9762 0.00044
9763 0.00044
9764 0.00044
9765 0.00044
9766 0.00044
9767 0.00044
9768 0.00044
9769 0.00044
9770 0.00044
9771 0.00044
9772 0.00044
9773 0.00044
9774 0.00044
9775 0.00044
9776 0.00044
9777 0.00044
9778 0.00044
9779 0.00044
9780 0.00044
9781 0.00044
9782 0.00044
9783 0.00044
9784 0.00044
9785 0.00044
9786 0.00044
9787 0.00044
9788 0.00044
9789 0.00044
9790 0.00044
9791 0.00044
9792 0.00044
9793 0.00044
9794 0.00044
9795 0.00044
9796 0.00044
9797 0.00044
9798 0.00044
9799 0.00044
9800 0.00044
9801 0.00044
9802 0.00044
9803 0.00044
9804 0.00044
9805 0.00044
9806 0.00044
9807 0.00044
9808 0.00044
9809 0.00044
9810 0.00044
9811 0.00044
9812 0.00044
9813 0.00044
9814 0.00044
9815 0.00044
9816 0.00044
9817 0.00044
9818 0.00044
9819 0.00044
9820 0.00044
9821 0.00044
9822 0.00044
9823 0.00044
9824 0.00044
9825 0.00044
9826 0.00044
9827 0.00044
9828 0.00044
9829 0.00044
9830 0.00044
9831 0.00044
9832 0.00044
9833 0.00044
9834 0.00044
9835 0.00044
9836 0.00044
9837 0.00044
9838 0.00044
9839 0.00044
9840 0.00044
9841 0.00044
9842 0.00044
9843 0.00044
9844 0.00044
9845 0.00044
9846 0.00044
9847 0.00044
9848 0.00044
9849 0.00044
9850 0.00044
9851 0.00044
9852 0.00044
9853 0.00044
9854 0.00044
9855 0.00044
9856 0.00044
9857 0.00044
9858 0.00044
9859 0.00044
9860 0.00044
9861 0.00044
9862 0.00044
9863 0.00044
9864 0.00044
9865 0.00044
9866 0.00044
9867 0.00044
9868 0.00044
9869 0.00044
9870 0.00044
9871 0.00044
9872 0.00044
9873 0.00044
9874 0.00044
9875 0.00044
9876 0.00044
9877 0.00044
9878 0.00044
9879 0.00044
9880 0.00044
9881 0.00044
9882 0.00044
9883 0.00044
9884 0.00044
9885 0.00044
9886 0.00044
9887 0.00044
9888 0.00044
9889 0.00044
9890 0.00044
9891 0.00044
9892 0.00044
9893 0.00044
9894 0.00044
9895 0.00044
9896 0.00044
9897 0.00044
9898 0.00044
9899 0.00044
9900 0.00044
9901 0.00044
9902 0.00044
9903 0.00044
9904 0.00044
9905 0.00044
9906 0.00044
9907 0.00044
9908 0.00044
9909 0.00044
9910 0.00044
9911 0.00044
9912 0.00044
9913 0.00044
9914 0.00044
9915 0.00044
9916 0.00044
9917 0.00044
9918 0.00044
9919 0.00044
9920 0.00044
9921 0.00044
9922 0.00044
9923 0.00044
9924 0.00044
9925 0.00044
9926 0.00044
9927 0.00044
9928 0.00044
9929 0.00044
9930 0.00044
9931 0.00044
9932 0.00044
9933 0.00044
9934 0.00044
9935 0.00044
9936 0.00044
9937 0.00044
9938 0.00044
9939 0.00044
9940 0.00044
9941 0.00044
9942 0.00044
9943 0.00044
9944 0.00044
9945 0.00044
9946 0.00044
9947 0.00044
9948 0.00044
9949 0.00044
9950 0.00044
9951 0.00044
9952 0.00044
9953 0.00044
9954 0.00044
9955 0.00044
9956 0.00044
9957 0.00044
9958 0.00044
9959 0.00044
9960 0.00044
9961 0.00044
9962 0.00044
9963 0.00044
9964 0.00044
9965 0.00044
9966 0.00044
9967 0.00044
9968 0.00044
9969 0.00044
9970 0.00044
9971 0.00044
9972 0.00044
9973 0.00044
9974 0.00044
9975 0.00044
9976 0.00044
9977 0.00044
9978 0.00044
9979 0.00044
9980 0.00044
9981 0.00044
9982 0.00044
9983 0.00044
9984 0.00044
9985 0.00044
9986 0.00044
9987 0.00044
9988 0.00044
9989 0.00044
9990 0.00044
9991 0.00044
9992 0.00044
9993 0.00044
9994 0.00044
9995 0.00044
9996 0.00044
9997 0.00044
9998 0.00044
9999 0.00044
10000 0.00044
10001 0.00044
10002 0.00044
10003 0.00044
10004 0.00044
10005 0.00044
10006 0.00044
10007 0.00044
10008 0.00044
10009 0.00044
10010 0.00044
10011 0.00044
10012 0.00044
10013 0.00044
10014 0.00044
10015 0.00044
10016 0.00044
10017 0.00044
10018 0.00044
10019 0.00044
10020 0.00044
10021 0.00044
10022 0.00044
10023 0.00044
10024 0.00044
10025 0.00044
10026 0.00044
10027 0.00044
10028 0.00044
10029 0.00044
10030 0.00044
10031 0.00044
10032 0.00044
10033 0.00044
10034 0.00044
10035 0.00044
10036 0.00044
10037 0.00044
10038 0.00044
10039 0.00044
10040 0.00044
10041 0.00044
10042 0.00044
10043 0.00044
10044 0.00044
10045 0.00044
10046 0.00044
10047 0.00044
10048 0.00044
10049 0.00044
10050 0.00044
10051 0.00044
10052 0.00044
10053 0.00044
10054 0.00044
10055 0.00044
10056 0.00044
10057 0.00044
10058 0.00044
10059 0.00044
10060 0.00044
10061 0.00044
10062 0.00044
10063 0.00044
10064 0.00044
10065 0.00044
10066 0.00044
10067 0.00044
10068 0.00044
10069 0.00044
10070 0.00044
10071 0.00044
10072 0.00044
10073 0.00044
10074 0.00044
10075 0.00044
10076 0.00044
10077 0.00044
10078 0.00044
10079 0.00044
10080 0.00044
10081 0.00044
10082 0.00044
10083 0.00044
10084 0.00044
10085 0.00044
10086 0.00044
10087 0.00044
10088 0.00044
10089 0.00044
10090 0.00044
10091 0.00044
10092 0.00044
10093 0.00044
10094 0.00044
10095 0.00044
10096 0.00044
10097 0.00044
10098 0.00044
10099 0.00044
10100 0.00044
10101 0.00044
10102 0.00044
10103 0.00044
10104 0.00044
10105 0.00044
10106 0.00044
10107 0.00044
10108 0.00044
10109 0.00044
10110 0.00044
10111 0.00044
10112 0.00044
10113 0.00044
10114 0.00044
10115 0.00044
10116 0.00044
10117 0.00044
10118 0.00044
10119 0.00044
10120 0.00044
10121 0.00044
10122 0.00044
10123 0.00044
10124 0.00044
10125 0.00044
10126 0.00044
10127 0.00044
10128 0.00044
10129 0.00044
10130 0.00044
10131 0.00044
10132 0.00044
10133 0.00044
10134 0.00044
10135 0.00044
10136 0.00044
10137 0.00044
10138 0.00044
10139 0.00044
10140 0.00044
10141 0.00044
10142 0.00044
10143 0.00044
10144 0.00044
10145 0.00044
10146 0.00044
10147 0.00044
10148 0.00044
10149 0.00044
10150 0.00044
10151 0.00044
10152 0.00044
10153 0.00044
10154 0.00044
10155 0.00044
10156 0.00044
10157 0.00044
10158 0.00044
10159 0.00044
10160 0.00044
10161 0.00044
10162 0.00044
10163 0.00044
10164 0.00044
10165 0.00044
10166 0.00044
10167 0.00044
10168 0.00044
10169 0.00044
10170 0.00044
10171 0.00044
10172 0.00044
10173 0.00044
10174 0.00044
10175 0.00044
10176 0.00044
10177 0.00044
10178 0.00044
10179 0.00044
10180 0.00044
10181 0.00044
10182 0.00044
10183 0.00044
10184 0.00044
10185 0.00044
10186 0.00044
10187 0.00044
10188 0.00044
10189 0.00044
10190 0.00044
10191 0.00044
10192 0.00044
10193 0.00044
10194 0.00044
10195 0.00044
10196 0.00044
10197 0.00044
10198 0.00044
10199 0.00044
10200 0.00044
10201 0.00044
10202 0.00044
10203 0.00044
10204 0.00044
10205 0.00044
10206 0.00044
10207 0.00044
10208 0.00044
10209 0.00044
10210 0.00044
10211 0.00044
10212 0.00044
10213 0.00044
10214 0.00044
10215 0.00044
10216 0.00044
10217 0.00044
10218 0.00044
10219 0.00044
10220 0.00044
10221 0.00044
10222 0.00044
10223 0.00044
10224 0.00044
10225 0.00044
10226 0.00044
10227 0.00044
10228 0.00044
10229 0.00044
10230 0.00044
10231 0.00044
10232 0.00044
10233 0.00044
10234 0.00044
10235 0.00044
10236 0.00044
10237 0.00044
10238 0.00044
10239 0.00044
10240 0.00044
10241 0.00044
10242 0.00044
10243 0.00044
10244 0.00044
10245 0.00049
10246 0.0005
10247 0.00062
10248 0.00062
10249 0.00064
10250 0.00064
10251 0.00064
10252 0.00064
10253 0.00064
10254 0.00064
10255 0.00064
10256 0.00064
10257 0.00064
10258 0.00064
10259 0.00064
10260 0.00064
10261 0.00064
10262 0.00064
10263 0.00064
10264 0.00064
10265 0.00064
10266 0.00064
10267 0.00064
10268 0.00064
10269 0.00064
10270 0.00064
10271 0.00064
10272 0.00064
10273 0.00064
10274 0.00064
10275 0.00064
10276 0.00064
10277 0.00064
10278 0.00064
10279 0.00064
10280 0.00064
10281 0.00064
10282 0.00064
10283 0.00064
10284 0.00064
10285 0.00064
10286 0.00064
10287 0.00064
10288 0.00064
10289 0.00064
10290 0.00064
10291 0.00064
10292 0.00064
10293 0.00064
10294 0.00064
10295 0.00064
10296 0.00064
10297 0.00064
10298 0.00064
10299 0.00064
10300 0.00064
10301 0.00064
10302 0.00064
10303 0.00064
10304 0.00064
10305 0.00064
10306 0.00064
10307 0.00064
10308 0.00064
10309 0.00064
10310 0.00064
10311 0.00064
10312 0.00064
10313 0.00064
10314 0.00064
10315 0.00064
10316 0.00064
10317 0.00064
10318 0.00064
10319 0.00064
10320 0.00064
10321 0.00064
10322 0.00064
10323 0.00064
10324 0.00064
10325 0.00064
10326 0.00064
10327 0.00064
10328 0.00064
10329 0.00064
10330 0.00064
10331 0.00064
10332 0.00064
10333 0.00064
10334 0.00064
10335 0.00064
10336 0.00064
10337 0.00064
10338 0.00064
10339 0.00064
10340 0.00064
10341 0.00064
10342 0.00064
10343 0.00064
10344 0.00064
10345 0.00064
10346 0.00064
10347 0.00064
10348 0.00064
10349 0.00064
10350 0.00064
10351 0.00064
10352 0.00064
10353 0.00064
10354 0.00064
10355 0.00064
10356 0.00064
10357 0.00064
10358 0.00064
10359 0.00064
10360 0.00064
10361 0.00064
10362 0.00064
10363 0.00064
10364 0.00064
10365 0.00064
10366 0.00064
10367 0.00064
10368 0.00064
10369 0.00064
10370 0.00064
10371 0.00064
10372 0.00064
10373 0.00064
10374 0.00064
10375 0.00064
10376 0.00064
10377 0.00064
10378 0.00064
10379 0.00064
10380 0.00064
10381 0.00064
10382 0.00064
10383 0.00064
10384 0.00064
10385 0.00064
10386 0.00064
10387 0.00064
10388 0.00064
10389 0.00064
10390 0.00064
10391 0.00064
10392 0.00064
10393 0.00064
10394 0.00064
10395 0.00064
10396 0.00064
10397 0.00064
10398 0.00064
10399 0.00064
10400 0.00064
10401 0.00064
10402 0.00064
10403 0.00064
10404 0.00064
10405 0.00064
10406 0.00064
10407 0.00064
10408 0.00064
10409 0.00064
10410 0.00064
10411 0.00064
10412 0.00064
10413 0.00064
10414 0.00064
10415 0.00064
10416 0.00064
10417 0.00064
10418 0.00064
10419 0.00064
10420 0.00064
10421 0.00064
10422 0.00064
10423 0.00064
10424 0.00064
10425 0.00064
10426 0.00064
10427 0.00064
10428 0.00064
10429 0.00064
10430 0.00064
10431 0.00064
10432 0.00064
10433 0.00064
10434 0.00064
10435 0.00064
10436 0.00064
10437 0.00064
10438 0.00064
10439 0.00064
10440 0.00064
10441 0.00064
10442 0.00064
10443 0.00064
10444 0.00064
10445 0.00064
10446 0.00064
10447 0.00064
10448 0.00064
10449 0.00064
10450 0.00064
10451 0.00064
10452 0.00064
10453 0.00064
10454 0.00064
10455 0.00064
10456 0.00064
10457 0.00064
10458 0.00064
10459 0.00064
10460 0.00064
10461 0.00064
10462 0.00064
10463 0.00064
10464 0.00064
10465 0.00064
10466 0.00064
10467 0.00064
10468 0.00064
10469 0.00064
10470 0.00064
10471 0.00064
10472 0.00064
10473 0.00064
10474 0.00064
10475 0.00064
10476 0.00064
10477 0.00064
10478 0.00064
10479 0.00064
10480 0.00064
10481 0.00064
10482 0.00064
10483 0.00064
10484 0.00064
10485 0.00064
10486 0.00064
10487 0.00064
10488 0.00064
10489 0.00064
10490 0.00064
10491 0.00064
10492 0.00064
10493 0.00064
10494 0.00064
10495 0.00064
10496 0.00064
10497 0.00064
10498 0.00064
10499 0.00064
10500 0.00064
10501 0.00064
10502 0.00064
10503 0.00064
10504 0.00064
10505 0.00064
10506 0.00064
10507 0.00064
10508 0.00064
10509 0.00064
10510 0.00064
10511 0.00064
10512 0.00064
10513 0.00064
10514 0.00064
10515 0.00064
10516 0.00064
10517 0.00064
10518 0.00064
10519 0.00064
10520 0.00064
10521 0.00064
10522 0.00064
10523 0.00064
10524 0.00064
10525 0.00064
10526 0.00064
10527 0.00064
10528 0.00064
10529 0.00064
10530 0.00064
10531 0.00064
10532 0.00064
10533 0.00064
10534 0.00064
10535 0.00064
10536 0.00064
10537 0.00064
10538 0.00064
10539 0.00064
10540 0.00064
10541 0.00064
10542 0.00064
10543 0.00064
10544 0.00064
10545 0.00064
10546 0.00064
10547 0.00064
10548 0.00064
10549 0.00064
10550 0.00064
10551 0.00064
10552 0.00064
10553 0.00064
10554 0.00064
10555 0.00064
10556 0.00064
10557 0.00064
10558 0.00064
10559 0.00064
10560 0.00064
10561 0.00064
10562 0.00064
10563 0.00064
10564 0.00064
10565 0.00064
10566 0.00064
10567 0.00064
10568 0.00064
10569 0.00064
10570 0.00064
10571 0.00064
10572 0.00064
10573 0.00064
10574 0.00064
10575 0.00064
10576 0.00064
10577 0.00064
10578 0.00064
10579 0.00064
10580 0.00064
10581 0.00064
10582 0.00064
10583 0.00064
10584 0.00064
10585 0.00064
10586 0.00064
10587 0.00064
10588 0.00064
10589 0.00064
10590 0.00064
10591 0.00064
10592 0.00064
10593 0.00064
10594 0.00064
10595 0.00064
10596 0.00064
10597 0.00064
10598 0.00064
10599 0.00064
10600 0.00064
10601 0.00064
10602 0.00064
10603 0.00064
10604 0.00064
10605 0.00064
10606 0.00064
10607 0.00064
10608 0.00064
10609 0.00064
10610 0.00064
10611 0.00064
10612 0.00064
10613 0.00064
10614 0.00064
10615 0.00064
10616 0.00064
10617 0.00064
10618 0.00064
10619 0.00064
10620 0.00064
10621 0.00064
10622 0.00064
10623 0.00064
10624 0.00064
10625 0.00064
10626 0.00064
10627 0.00064
10628 0.00064
10629 0.00064
10630 0.00064
10631 0.00064
10632 0.00064
10633 0.00064
10634 0.00064
10635 0.00064
10636 0.00064
10637 0.00064
10638 0.00064
10639 0.00064
10640 0.00064
10641 0.00064
10642 0.00064
10643 0.00064
10644 0.00064
10645 0.00064
10646 0.00064
10647 0.00064
10648 0.00064
10649 0.00064
10650 0.00064
10651 0.00064
10652 0.00064
10653 0.00064
10654 0.00064
10655 0.00064
10656 0.00064
10657 0.00064
10658 0.00064
10659 0.00064
10660 0.00064
10661 0.00064
10662 0.00064
10663 0.00064
10664 0.00064
10665 0.00064
10666 0.00064
10667 0.00064
10668 0.00064
10669 0.00064
10670 0.00064
10671 0.00064
10672 0.00064
10673 0.00064
10674 0.00064
10675 0.00064
10676 0.00064
10677 0.00064
10678 0.00064
10679 0.00064
10680 0.00064
10681 0.00064
10682 0.00064
10683 0.00064
10684 0.00064
10685 0.00064
10686 0.00064
10687 0.00064
10688 0.00064
10689 0.00064
10690 0.00064
10691 0.00064
10692 0.00064
10693 0.00064
10694 0.00064
10695 0.00064
10696 0.00064
10697 0.00064
10698 0.00064
10699 0.00064
10700 0.00064
10701 0.00064
10702 0.00064
10703 0.00064
10704 0.00064
10705 0.00064
10706 0.00064
10707 0.00064
10708 0.00064
10709 0.00064
10710 0.00064
10711 0.00064
10712 0.00064
10713 0.00064
10714 0.00064
10715 0.00064
10716 0.00064
10717 0.00064
10718 0.00064
10719 0.00064
10720 0.00064
10721 0.00064
10722 0.00064
10723 0.00064
10724 0.00064
10725 0.00064
10726 0.00064
10727 0.00064
10728 0.00064
10729 0.00064
10730 0.00064
10731 0.00064
10732 0.00064
10733 0.00064
10734 0.00064
10735 0.00064
10736 0.00064
10737 0.00064
10738 0.00064
10739 0.00064
10740 0.00064
10741 0.00064
10742 0.00064
10743 0.00064
10744 0.00064
10745 0.00064
10746 0.00064
10747 0.00064
10748 0.00064
10749 0.00064
10750 0.00064
10751 0.00064
10752 0.00064
10753 0.00064
10754 0.00064
10755 0.00064
10756 0.00064
10757 0.00064
10758 0.00064
10759 0.00064
10760 0.00064
10761 0.00064
10762 0.00064
10763 0.00064
10764 0.00064
10765 0.00064
10766 0.00064
10767 0.00064
10768 0.00064
10769 0.00064
10770 0.00064
10771 0.00064
10772 0.00064
10773 0.00064
10774 0.00064
10775 0.00064
10776 0.00064
10777 0.00064
10778 0.00064
10779 0.00064
10780 0.00064
10781 0.00064
10782 0.00064
10783 0.00064
10784 0.00064
10785 0.00064
10786 0.00064
10787 0.00064
10788 0.00064
10789 0.00064
10790 0.00064
10791 0.00064
10792 0.00064
10793 0.00064
10794 0.00064
10795 0.00064
10796 0.00064
10797 0.00064
10798 0.00064
10799 0.00064
10800 0.00064
10801 0.00064
10802 0.00064
10803 0.00064
10804 0.00064
10805 0.00064
10806 0.00064
10807 0.00064
10808 0.00064
10809 0.00064
10810 0.00064
10811 0.00064
10812 0.00064
10813 0.00064
10814 0.00064
10815 0.00064
10816 0.00064
10817 0.00064
10818 0.00064
10819 0.00064
10820 0.00064
10821 0.00064
10822 0.00064
10823 0.00064
10824 0.00064
10825 0.00064
10826 0.00064
10827 0.00064
10828 0.00064
10829 0.00064
10830 0.00064
10831 0.00064
10832 0.00064
10833 0.00064
10834 0.00064
10835 0.00064
10836 0.00064
10837 0.00064
10838 0.00064
10839 0.00064
10840 0.00064
10841 0.00064
10842 0.00064
10843 0.00064
10844 0.00064
10845 0.00064
10846 0.00064
10847 0.00064
10848 0.00064
10849 0.00064
10850 0.00064
10851 0.00064
10852 0.00064
10853 0.00064
10854 0.00064
10855 0.00064
10856 0.00064
10857 0.00064
10858 0.00064
10859 0.00064
10860 0.00064
10861 0.00064
10862 0.00064
10863 0.00064
10864 0.00064
10865 0.00064
10866 0.00064
10867 0.00064
10868 0.00064
10869 0.00064
10870 0.00064
10871 0.00064
10872 0.00064
10873 0.00064
10874 0.00064
10875 0.00064
10876 0.00064
10877 0.00064
10878 0.00064
10879 0.00064
10880 0.00064
10881 0.00064
10882 0.00064
10883 0.00064
10884 0.00064
10885 0.00064
10886 0.00064
10887 0.00064
10888 0.00064
10889 0.00064
10890 0.00064
10891 0.00064
10892 0.00064
10893 0.00064
10894 0.00064
10895 0.00064
10896 0.00064
10897 0.00064
10898 0.00064
10899 0.00064
10900 0.00064
10901 0.00064
10902 0.00064
10903 0.00064
10904 0.00064
10905 0.00064
10906 0.00064
10907 0.00064
10908 0.00064
10909 0.00064
10910 0.00064
10911 0.00064
10912 0.00064
10913 0.00064
10914 0.00064
10915 0.00064
10916 0.00064
10917 0.00064
10918 0.00064
10919 0.00064
10920 0.00064
10921 0.00064
10922 0.00064
10923 0.00064
10924 0.00064
10925 0.00064
10926 0.00064
10927 0.00064
10928 0.00064
10929 0.00064
10930 0.00064
10931 0.00064
10932 0.00064
10933 0.00064
10934 0.00064
10935 0.00064
10936 0.00064
10937 0.00064
10938 0.00064
10939 0.00064
10940 0.00064
10941 0.00064
10942 0.00064
10943 0.00064
10944 0.00064
10945 0.00064
10946 0.00064
10947 0.00064
10948 0.00064
10949 0.00064
10950 0.00064
10951 0.00064
10952 0.00064
10953 0.00064
10954 0.00064
10955 0.00064
10956 0.00064
10957 0.00064
10958 0.00064
10959 0.00064
10960 0.00064
10961 0.00064
10962 0.00064
10963 0.00064
10964 0.00064
10965 0.00064
10966 0.00064
10967 0.00064
10968 0.00064
10969 0.00064
10970 0.00064
10971 0.00064
10972 0.00064
10973 0.00064
10974 0.00064
10975 0.00064
10976 0.00064
10977 0.00064
10978 0.00064
10979 0.00064
10980 0.00064
10981 0.00064
10982 0.00064
10983 0.00064
10984 0.00064
10985 0.00064
10986 0.00064
10987 0.00064
10988 0.00064
10989 0.00064
10990 0.00064
10991 0.00064
10992 0.00064
10993 0.00064
10994 0.00064
10995 0.00064
10996 0.00064
10997 0.00064
10998 0.00064
10999 0.00064
11000 0.00064
11001 0.00064
11002 0.00064
11003 0.00064
11004 0.00064
11005 0.00064
11006 0.00064
11007 0.00064
11008 0.00064
11009 0.00064
11010 0.00064
11011 0.00064
11012 0.00064
11013 0.00064
11014 0.00064
11015 0.00064
11016 0.00064
11017 0.00064
11018 0.00064
11019 0.00064
11020 0.00064
11021 0.00064
11022 0.00064
11023 0.00064
11024 0.00064
11025 0.00064
11026 0.00064
11027 0.00064
11028 0.00064
11029 0.00064
11030 0.00064
11031 0.00064
11032 0.00064
11033 0.00064
11034 0.00064
11035 0.00064
11036 0.00064
11037 0.00064
11038 0.00064
11039 0.00064
11040 0.00064
11041 0.00064
11042 0.00064
11043 0.00064
11044 0.00064
11045 0.00064
11046 0.00064
11047 0.00064
11048 0.00064
11049 0.00064
11050 0.00064
11051 0.00064
11052 0.00064
11053 0.00064
11054 0.00064
11055 0.00064
11056 0.00064
11057 0.00064
11058 0.00064
11059 0.00064
11060 0.00064
11061 0.00064
11062 0.00064
11063 0.00064
11064 0.00064
11065 0.00064
11066 0.00064
11067 0.00064
11068 0.00064
11069 0.00064
11070 0.00064
11071 0.00064
11072 0.00064
11073 0.00064
11074 0.00064
11075 0.00064
11076 0.00064
11077 0.00064
11078 0.00064
11079 0.00064
11080 0.00064
11081 0.00064
11082 0.00064
11083 0.00064
11084 0.00064
11085 0.00064
11086 0.00064
11087 0.00064
11088 0.00064
11089 0.00064
11090 0.00064
11091 0.00064
11092 0.00064
11093 0.00064
11094 0.00064
11095 0.00064
11096 0.00064
11097 0.00064
11098 0.00064
11099 0.00064
11100 0.00064
11101 0.00064
11102 0.00064
11103 0.00064
11104 0.00064
11105 0.00064
11106 0.00064
11107 0.00064
11108 0.00064
11109 0.00064
11110 0.00064
11111 0.00064
11112 0.00064
11113 0.00064
11114 0.00064
11115 0.00064
11116 0.00064
11117 0.00064
11118 0.00064
11119 0.00064
11120 0.00064
11121 0.00064
11122 0.00064
11123 0.00064
11124 0.00064
11125 0.00064
11126 0.00064
11127 0.00064
11128 0.00064
11129 0.00064
11130 0.00064
11131 0.00064
11132 0.00064
11133 0.00064
11134 0.00064
11135 0.00064
11136 0.00064
11137 0.00064
11138 0.00064
11139 0.00064
11140 0.00064
11141 0.00064
11142 0.00064
11143 0.00064
11144 0.00064
11145 0.00064
11146 0.00064
11147 0.00064
11148 0.00064
11149 0.00064
11150 0.00064
11151 0.00064
11152 0.00064
11153 0.00064
11154 0.00064
11155 0.00064
11156 0.00064
11157 0.00064
11158 0.00064
11159 0.00064
11160 0.00064
11161 0.00064
11162 0.00064
11163 0.00064
11164 0.00064
11165 0.00064
11166 0.00064
11167 0.00064
11168 0.00064
11169 0.00064
11170 0.00064
11171 0.00064
11172 0.00064
11173 0.00064
11174 0.00064
11175 0.00064
11176 0.00064
11177 0.00064
11178 0.00064
11179 0.00064
11180 0.00064
11181 0.00064
11182 0.00064
11183 0.00064
11184 0.00064
11185 0.00064
11186 0.00064
11187 0.00064
11188 0.00064
11189 0.00064
11190 0.00064
11191 0.00064
11192 0.00064
11193 0.00064
11194 0.00064
11195 0.00064
11196 0.00064
11197 0.00064
11198 0.00064
11199 0.00064
11200 0.00064
11201 0.00064
11202 0.00064
11203 0.00064
11204 0.00064
11205 0.00064
11206 0.00064
11207 0.00064
11208 0.00064
11209 0.00064
11210 0.00064
11211 0.00064
11212 0.00064
11213 0.00064
11214 0.00064
11215 0.00064
11216 0.00064
11217 0.00064
11218 0.00064
11219 0.00064
11220 0.00064
11221 0.00064
11222 0.00064
11223 0.00064
11224 0.00064
11225 0.00064
11226 0.00064
11227 0.00064
11228 0.00064
11229 0.00064
11230 0.00064
11231 0.00064
11232 0.00064
11233 0.00064
11234 0.00064
11235 0.00064
11236 0.00064
11237 0.00064
11238 0.00064
11239 0.00064
11240 0.00064
11241 0.00064
11242 0.00064
11243 0.00064
11244 0.00064
11245 0.00064
11246 0.00064
11247 0.00064
11248 0.00064
11249 0.00064
11250 0.00064
11251 0.00064
11252 0.00064
11253 0.00064
11254 0.00064
11255 0.00064
11256 0.00064
11257 0.00064
11258 0.00064
11259 0.00064
11260 0.00064
11261 0.00064
11262 0.00064
11263 0.00064
11264 0.00064
11265 0.00064
11266 0.00064
11267 0.00064
11268 0.00064
11269 0.00064
11270 0.00064
11271 0.00064
11272 0.00064
11273 0.00064
11274 0.00064
11275 0.00064
11276 0.00064
11277 0.00064
11278 0.00064
11279 0.00064
11280 0.00064
11281 0.00064
11282 0.00064
11283 0.00064
11284 0.00064
11285 0.00064
11286 0.00064
11287 0.00064
11288 0.00064
11289 0.00064
11290 0.00064
11291 0.00064
11292 0.00064
11293 0.00064
11294 0.00064
11295 0.00064
11296 0.00064
11297 0.00064
11298 0.00064
11299 0.00064
11300 0.00064
11301 0.00064
11302 0.00064
11303 0.00064
11304 0.00064
11305 0.00064
11306 0.00064
11307 0.00064
11308 0.00064
11309 0.00064
11310 0.00064
11311 0.00064
11312 0.00064
11313 0.00064
11314 0.00064
11315 0.00064
11316 0.00064
11317 0.00064
11318 0.00064
11319 0.00064
11320 0.00064
11321 0.00064
11322 0.00064
11323 0.00064
11324 0.00064
11325 0.00064
11326 0.00064
11327 0.00064
11328 0.00064
11329 0.00064
11330 0.00064
11331 0.00064
11332 0.00064
11333 0.00064
11334 0.00064
11335 0.00064
11336 0.00064
11337 0.00064
11338 0.00064
11339 0.00064
11340 0.00064
11341 0.00064
11342 0.00064
11343 0.00064
11344 0.00064
11345 0.00064
11346 0.00064
11347 0.00064
11348 0.00064
11349 0.00064
11350 0.00064
11351 0.00064
11352 0.00064
11353 0.00064
11354 0.00064
11355 0.00064
11356 0.00064
11357 0.00064
11358 0.00064
11359 0.00064
11360 0.00064
11361 0.00064
11362 0.00064
11363 0.00064
11364 0.00064
11365 0.00064
11366 0.00064
11367 0.00064
11368 0.00064
11369 0.00064
11370 0.00064
11371 0.00064
11372 0.00064
11373 0.00064
11374 0.00064
11375 0.00064
11376 0.00064
11377 0.00064
11378 0.00064
11379 0.00064
11380 0.00064
11381 0.00064
11382 0.00064
11383 0.00064
11384 0.00064
11385 0.00064
11386 0.00064
11387 0.00064
11388 0.00064
11389 0.00064
11390 0.00064
11391 0.00064
11392 0.00064
11393 0.00064
11394 0.00064
11395 0.00064
11396 0.00064
11397 0.00064
11398 0.00064
11399 0.00064
11400 0.00064
11401 0.00064
11402 0.00064
11403 0.00064
11404 0.00064
11405 0.00064
11406 0.00064
11407 0.00064
11408 0.00064
11409 0.00064
11410 0.00064
11411 0.00064
11412 0.00064
11413 0.00064
11414 0.00064
11415 0.00064
11416 0.00064
11417 0.00064
11418 0.00064
11419 0.00064
11420 0.00064
11421 0.00064
11422 0.00064
11423 0.00064
11424 0.00064
11425 0.00064
11426 0.00064
11427 0.00064
11428 0.00064
11429 0.00064
11430 0.00064
11431 0.00064
11432 0.00064
11433 0.00064
11434 0.00064
11435 0.00064
11436 0.00064
11437 0.00064
11438 0.00064
11439 0.00064
11440 0.00064
11441 0.00064
11442 0.00064
11443 0.00064
11444 0.00064
11445 0.00064
11446 0.00064
11447 0.00064
11448 0.00064
11449 0.00064
11450 0.00064
11451 0.00064
11452 0.00064
11453 0.00064
11454 0.00064
11455 0.00064
11456 0.00064
11457 0.00064
11458 0.00064
11459 0.00064
11460 0.00064
11461 0.00064
11462 0.00064
11463 0.00064
11464 0.00064
11465 0.00064
11466 0.00064
11467 0.00064
11468 0.00064
11469 0.00064
11470 0.00064
11471 0.00064
11472 0.00064
11473 0.00064
11474 0.00064
11475 0.00064
11476 0.00064
11477 0.00064
11478 0.00064
11479 0.00064
11480 0.00064
11481 0.00064
11482 0.00064
11483 0.00064
11484 0.00064
11485 0.00064
11486 0.00064
11487 0.00064
11488 0.00064
11489 0.00064
11490 0.00064
11491 0.00064
11492 0.00064
11493 0.00064
11494 0.00064
11495 0.00064
11496 0.00064
11497 0.00064
11498 0.00064
11499 0.00064
11500 0.00064
11501 0.00064
11502 0.00064
11503 0.00064
11504 0.00064
11505 0.00064
11506 0.00064
11507 0.00064
11508 0.00064
11509 0.00064
11510 0.00064
11511 0.00064
11512 0.00064
11513 0.00064
11514 0.00064
11515 0.00064
11516 0.00064
11517 0.00064
11518 0.00064
11519 0.00064
11520 0.00064
11521 0.00064
11522 0.00064
11523 0.00064
11524 0.00064
11525 0.00064
11526 0.00064
11527 0.00064
11528 0.00064
11529 0.00064
11530 0.00064
11531 0.00064
11532 0.00064
11533 0.00064
11534 0.00064
11535 0.00064
11536 0.00064
11537 0.00064
11538 0.00064
11539 0.00064
11540 0.00064
11541 0.00064
11542 0.00064
11543 0.00064
11544 0.00064
11545 0.00064
11546 0.00064
11547 0.00064
11548 0.00064
11549 0.00064
11550 0.00064
11551 0.00064
11552 0.00064
11553 0.00064
11554 0.00064
11555 0.00064
11556 0.00064
11557 0.00064
11558 0.00064
11559 0.00064
11560 0.00064
11561 0.00064
11562 0.00064
11563 0.00064
11564 0.00064
11565 0.00064
11566 0.00064
11567 0.00064
11568 0.00064
11569 0.00064
11570 0.00064
11571 0.00064
11572 0.00064
11573 0.00064
11574 0.00064
11575 0.00064
11576 0.00064
11577 0.00064
11578 0.00064
11579 0.00064
11580 0.00064
11581 0.00064
11582 0.00064
11583 0.00064
11584 0.00064
11585 0.00064
11586 0.00064
11587 0.00064
11588 0.00064
11589 0.00064
11590 0.00064
11591 0.00064
11592 0.00064
11593 0.00064
11594 0.00064
11595 0.00064
11596 0.00064
11597 0.00064
11598 0.00064
11599 0.00064
11600 0.00064
11601 0.00064
11602 0.00064
11603 0.00064
11604 0.00064
11605 0.00064
11606 0.00064
11607 0.00064
11608 0.00064
11609 0.00064
11610 0.00064
11611 0.00064
11612 0.00064
11613 0.00064
11614 0.00064
11615 0.00064
11616 0.00064
11617 0.00064
11618 0.00064
11619 0.00064
11620 0.00064
11621 0.00064
11622 0.00064
11623 0.00064
11624 0.00064
11625 0.00064
11626 0.00064
11627 0.00064
11628 0.00064
11629 0.00064
11630 0.00064
11631 0.00064
11632 0.00064
11633 0.00064
11634 0.00064
11635 0.00064
11636 0.00064
11637 0.00064
11638 0.00064
11639 0.00064
11640 0.00064
11641 0.00064
11642 0.00064
11643 0.00064
11644 0.00064
11645 0.00064
11646 0.00064
11647 0.00064
11648 0.00064
11649 0.00064
11650 0.00064
11651 0.00064
11652 0.00064
11653 0.00064
11654 0.00064
11655 0.00064
11656 0.00064
11657 0.00064
11658 0.00064
11659 0.00064
11660 0.00064
11661 0.00064
11662 0.00064
11663 0.00064
11664 0.00064
11665 0.00064
11666 0.00064
11667 0.00064
11668 0.00064
11669 0.00064
11670 0.00064
11671 0.00064
11672 0.00064
11673 0.00064
11674 0.00064
11675 0.00064
11676 0.00064
11677 0.00064
11678 0.00064
11679 0.00064
11680 0.00064
11681 0.00064
11682 0.00064
11683 0.00064
11684 0.00064
11685 0.00064
11686 0.00064
11687 0.00064
11688 0.00064
11689 0.00064
11690 0.00064
11691 0.00064
11692 0.00064
11693 0.00064
11694 0.00064
11695 0.00064
11696 0.00064
11697 0.00064
11698 0.00064
11699 0.00064
11700 0.00064
11701 0.00064
11702 0.00064
11703 0.00064
11704 0.00064
11705 0.00064
11706 0.00064
11707 0.00064
11708 0.00064
11709 0.00064
11710 0.00064
11711 0.00064
11712 0.00064
11713 0.00064
11714 0.00064
11715 0.00064
11716 0.00064
11717 0.00064
11718 0.00064
11719 0.00064
11720 0.00064
11721 0.00064
11722 0.00064
11723 0.00064
11724 0.00064
11725 0.00064
11726 0.00064
11727 0.00064
11728 0.00064
11729 0.00064
11730 0.00064
11731 0.00064
11732 0.00064
11733 0.00064
11734 0.00064
11735 0.00064
11736 0.00064
11737 0.00064
11738 0.00064
11739 0.00064
11740 0.00064
11741 0.00064
11742 0.00064
11743 0.00064
11744 0.00064
11745 0.00064
11746 0.00064
11747 0.00064
11748 0.00064
11749 0.00064
11750 0.00064
11751 0.00064
11752 0.00064
11753 0.00064
11754 0.00064
11755 0.00064
11756 0.00064
11757 0.00064
11758 0.00064
11759 0.00064
11760 0.00064
11761 0.00064
11762 0.00064
11763 0.00064
11764 0.00064
11765 0.00064
11766 0.00064
11767 0.00064
11768 0.00064
11769 0.00064
11770 0.00064
11771 0.00064
11772 0.00064
11773 0.00064
11774 0.00064
11775 0.00064
11776 0.00064
11777 0.00064
11778 0.00064
11779 0.00064
11780 0.00064
11781 0.00064
11782 0.00064
11783 0.00064
11784 0.00064
11785 0.00064
11786 0.00064
11787 0.00064
11788 0.00064
11789 0.00064
11790 0.00064
11791 0.00064
11792 0.00064
11793 0.00064
11794 0.00064
11795 0.00064
11796 0.00064
11797 0.00064
11798 0.00064
11799 0.00064
11800 0.00064
11801 0.00064
11802 0.00064
11803 0.00064
11804 0.00064
11805 0.00064
11806 0.00064
11807 0.00064
11808 0.00064
11809 0.00064
11810 0.00064
11811 0.00064
11812 0.00064
11813 0.00064
11814 0.00064
11815 0.00064
11816 0.00064
11817 0.00064
11818 0.00064
11819 0.00064
11820 0.00064
11821 0.00064
11822 0.00064
11823 0.00064
11824 0.00064
11825 0.00064
11826 0.00064
11827 0.00064
11828 0.00064
11829 0.00064
11830 0.00064
11831 0.00064
11832 0.00064
11833 0.00064
11834 0.00064
11835 0.00064
11836 0.00064
11837 0.00064
11838 0.00064
11839 0.00064
11840 0.00064
11841 0.00064
11842 0.00064
11843 0.00064
11844 0.00064
11845 0.00064
11846 0.00064
11847 0.00064
11848 0.00064
11849 0.00064
11850 0.00064
11851 0.00064
11852 0.00064
11853 0.00064
11854 0.00064
11855 0.00064
11856 0.00064
11857 0.00064
11858 0.00064
11859 0.00064
11860 0.00064
11861 0.00064
11862 0.00064
11863 0.00064
11864 0.00064
11865 0.00064
11866 0.00064
11867 0.00064
11868 0.00064
11869 0.00064
11870 0.00064
11871 0.00064
11872 0.00064
11873 0.00064
11874 0.00064
11875 0.00064
11876 0.00064
11877 0.00064
11878 0.00064
11879 0.00064
11880 0.00064
11881 0.00064
11882 0.00064
11883 0.00064
11884 0.00064
11885 0.00064
11886 0.00064
11887 0.00064
11888 0.00064
11889 0.00064
11890 0.00064
11891 0.00064
11892 0.00064
11893 0.00064
11894 0.00064
11895 0.00064
11896 0.00064
11897 0.00064
11898 0.00064
11899 0.00064
11900 0.00064
11901 0.00064
11902 0.00064
11903 0.00064
11904 0.00064
11905 0.00064
11906 0.00064
11907 0.00064
11908 0.00064
11909 0.00064
11910 0.00064
11911 0.00064
11912 0.00064
11913 0.00064
11914 0.00064
11915 0.00064
11916 0.00064
11917 0.00064
11918 0.00064
11919 0.00064
11920 0.00064
11921 0.00064
11922 0.00064
11923 0.00064
11924 0.00064
11925 0.00064
11926 0.00064
11927 0.00064
11928 0.00064
11929 0.00064
11930 0.00064
11931 0.00064
11932 0.00064
11933 0.00064
11934 0.00064
11935 0.00064
11936 0.00064
11937 0.00064
11938 0.00064
11939 0.00064
11940 0.00064
11941 0.00064
11942 0.00064
11943 0.00064
11944 0.00064
11945 0.00064
11946 0.00064
11947 0.00064
11948 0.00064
11949 0.00064
11950 0.00064
11951 0.00064
11952 0.00064
11953 0.00064
11954 0.00064
11955 0.00064
11956 0.00064
11957 0.00064
11958 0.00064
11959 0.00064
11960 0.00064
11961 0.00064
11962 0.00064
11963 0.00064
11964 0.00064
11965 0.00064
11966 0.00064
11967 0.00064
11968 0.00064
11969 0.00064
11970 0.00064
11971 0.00064
11972 0.00064
11973 0.00064
11974 0.00064
11975 0.00064
11976 0.00064
11977 0.00064
11978 0.00064
11979 0.00064
11980 0.00064
11981 0.00064
11982 0.00064
11983 0.00064
11984 0.00064
11985 0.00064
11986 0.00064
11987 0.00064
11988 0.00064
11989 0.00064
11990 0.00064
11991 0.00064
11992 0.00064
11993 0.00064
11994 0.00064
11995 0.00064
11996 0.00064
11997 0.00064
11998 0.00064
11999 0.00064
12000 0.00064
12001 0.00064
12002 0.00064
12003 0.00064
12004 0.00064
12005 0.00064
12006 0.00064
12007 0.00064
12008 0.00064
12009 0.00064
12010 0.00064
12011 0.00064
12012 0.00064
12013 0.00064
12014 0.00064
12015 0.00064
12016 0.00064
12017 0.00064
12018 0.00064
12019 0.00064
12020 0.00064
12021 0.00064
12022 0.00064
12023 0.00064
12024 0.00064
12025 0.00064
12026 0.00064
12027 0.00064
12028 0.00064
12029 0.00064
12030 0.00064
12031 0.00064
12032 0.00064
12033 0.00064
12034 0.00064
12035 0.00064
12036 0.00064
12037 0.00064
12038 0.00064
12039 0.00064
12040 0.00064
12041 0.00064
12042 0.00064
12043 0.00064
12044 0.00064
12045 0.00064
12046 0.00064
12047 0.00064
12048 0.00064
12049 0.00064
12050 0.00064
12051 0.00064
12052 0.00064
12053 0.00064
12054 0.00064
12055 0.00064
12056 0.00064
12057 0.00064
12058 0.00064
12059 0.00064
12060 0.00064
12061 0.00064
12062 0.00064
12063 0.00064
12064 0.00064
12065 0.00064
12066 0.00064
12067 0.00064
12068 0.00064
12069 0.00064
12070 0.00064
12071 0.00064
12072 0.00064
12073 0.00064
12074 0.00064
12075 0.00064
12076 0.00064
12077 0.00064
12078 0.00064
12079 0.00064
12080 0.00064
12081 0.00064
12082 0.00064
12083 0.00064
12084 0.00064
12085 0.00064
12086 0.00064
12087 0.00064
12088 0.00064
12089 0.00064
12090 0.00064
12091 0.00064
12092 0.00064
12093 0.00064
12094 0.00064
12095 0.00064
12096 0.00064
12097 0.00064
12098 0.00064
12099 0.00064
12100 0.00064
12101 0.00064
12102 0.00064
12103 0.00064
12104 0.00064
12105 0.00064
12106 0.00064
12107 0.00064
12108 0.00064
12109 0.00064
12110 0.00064
12111 0.00064
12112 0.00064
12113 0.00064
12114 0.00064
12115 0.00064
12116 0.00064
12117 0.00064
12118 0.00064
12119 0.00064
12120 0.00064
12121 0.00064
12122 0.00064
12123 0.00064
12124 0.00064
12125 0.00064
12126 0.00064
12127 0.00064
12128 0.00064
12129 0.00064
12130 0.00064
12131 0.00064
12132 0.00064
12133 0.00064
12134 0.00064
12135 0.00064
12136 0.00064
12137 0.00064
12138 0.00064
12139 0.00064
12140 0.00064
12141 0.00064
12142 0.00064
12143 0.00064
12144 0.00064
12145 0.00064
12146 0.00064
12147 0.00064
12148 0.00064
12149 0.00064
12150 0.00064
12151 0.00064
12152 0.00064
12153 0.00064
12154 0.00064
12155 0.00064
12156 0.00064
12157 0.00064
12158 0.00064
12159 0.00064
12160 0.00064
12161 0.00064
12162 0.00064
12163 0.00064
12164 0.00064
12165 0.00064
12166 0.00064
12167 0.00064
12168 0.00064
12169 0.00064
12170 0.00064
12171 0.00064
12172 0.00064
12173 0.00064
12174 0.00064
12175 0.00064
12176 0.00064
12177 0.00064
12178 0.00064
12179 0.00064
12180 0.00064
12181 0.00064
12182 0.00064
12183 0.00064
12184 0.00064
12185 0.00064
12186 0.00064
12187 0.00064
12188 0.00064
12189 0.00064
12190 0.00064
12191 0.00064
12192 0.00064
12193 0.00064
12194 0.00064
12195 0.00064
12196 0.00064
12197 0.00064
12198 0.00064
12199 0.00064
12200 0.00064
12201 0.00064
12202 0.00064
12203 0.00064
12204 0.00064
12205 0.00064
12206 0.00064
12207 0.00064
12208 0.00064
12209 0.00064
12210 0.00064
12211 0.00064
12212 0.00064
12213 0.00064
12214 0.00064
12215 0.00064
12216 0.00064
12217 0.00064
12218 0.00064
12219 0.00064
12220 0.00064
12221 0.00064
12222 0.00064
12223 0.00064
12224 0.00064
12225 0.00064
12226 0.00064
12227 0.00064
12228 0.00064
12229 0.00064
12230 0.00064
12231 0.00064
12232 0.00064
12233 0.00064
12234 0.00064
12235 0.00064
12236 0.00064
12237 0.00064
12238 0.00064
12239 0.00064
12240 0.00064
12241 0.00064
12242 0.00064
12243 0.00064
12244 0.00064
12245 0.00064
12246 0.00064
12247 0.00064
12248 0.00064
12249 0.00064
12250 0.00064
12251 0.00064
12252 0.00064
12253 0.00064
12254 0.00064
12255 0.00064
12256 0.00064
12257 0.00064
12258 0.00064
12259 0.00064
12260 0.00064
12261 0.00064
12262 0.00064
12263 0.00064
12264 0.00064
12265 0.00064
12266 0.00064
12267 0.00064
12268 0.00064
12269 0.00064
12270 0.00064
12271 0.00064
12272 0.00064
12273 0.00064
12274 0.00064
12275 0.00064
12276 0.00064
12277 0.00064
12278 0.00064
12279 0.00064
12280 0.00064
12281 0.00064
12282 0.00064
12283 0.00064
12284 0.00064
12285 0.00064
12286 0.00064
12287 0.00064
12288 0.00064
12289 0.00064
12290 0.00064
12291 0.00064
12292 0.00064
12293 0.00064
12294 0.00064
12295 0.00064
12296 0.00064
12297 0.00064
12298 0.00064
12299 0.00064
12300 0.00064
12301 0.00064
12302 0.00064
12303 0.00064
12304 0.00064
12305 0.00064
12306 0.00064
12307 0.00064
12308 0.00064
12309 0.00064
12310 0.00064
12311 0.00064
12312 0.00064
12313 0.00064
12314 0.00064
12315 0.00064
12316 0.00064
12317 0.00064
12318 0.00064
12319 0.00064
12320 0.00064
12321 0.00064
12322 0.00064
12323 0.00064
12324 0.00064
12325 0.00064
12326 0.00064
12327 0.00064
12328 0.00064
12329 0.00064
12330 0.00064
12331 0.00064
12332 0.00064
12333 0.00064
12334 0.00064
12335 0.00064
12336 0.00064
12337 0.00064
12338 0.00064
12339 0.00064
12340 0.00064
12341 0.00064
12342 0.00064
12343 0.00064
12344 0.00064
12345 0.00064
12346 0.00064
12347 0.00064
12348 0.00064
12349 0.00064
12350 0.00064
12351 0.00064
12352 0.00064
12353 0.00064
12354 0.00064
12355 0.00064
12356 0.00064
12357 0.00064
12358 0.00064
12359 0.00064
12360 0.00064
12361 0.00064
12362 0.00064
12363 0.00064
12364 0.00064
12365 0.00064
12366 0.00064
12367 0.00064
12368 0.00064
12369 0.00064
12370 0.00064
12371 0.00064
12372 0.00064
12373 0.00064
12374 0.00064
12375 0.00064
12376 0.00064
12377 0.00064
12378 0.00064
12379 0.00064
12380 0.00064
12381 0.00064
12382 0.00064
12383 0.00064
12384 0.00064
12385 0.00064
12386 0.00064
12387 0.00064
12388 0.00064
12389 0.00064
12390 0.00064
12391 0.00064
12392 0.00064
12393 0.00064
12394 0.00064
12395 0.00064
12396 0.00064
12397 0.00064
12398 0.00064
12399 0.00064
12400 0.00064
12401 0.00064
12402 0.00064
12403 0.00064
12404 0.00064
12405 0.00064
12406 0.00064
12407 0.00064
12408 0.00064
12409 0.00064
12410 0.00064
12411 0.00064
12412 0.00064
12413 0.00064
12414 0.00064
12415 0.00064
12416 0.00064
12417 0.00064
12418 0.00064
12419 0.00064
12420 0.00064
12421 0.00064
12422 0.00064
12423 0.00064
12424 0.00064
12425 0.00064
12426 0.00064
12427 0.00064
12428 0.00064
12429 0.00064
12430 0.00064
12431 0.00064
12432 0.00064
12433 0.00064
12434 0.00064
12435 0.00064
12436 0.00064
12437 0.00064
12438 0.00064
12439 0.00064
12440 0.00064
12441 0.00064
12442 0.00064
12443 0.00064
12444 0.00064
12445 0.00064
12446 0.00064
12447 0.00064
12448 0.00064
12449 0.00064
12450 0.00064
12451 0.00064
12452 0.00064
12453 0.00064
12454 0.00064
12455 0.00064
12456 0.00064
12457 0.00064
12458 0.00064
12459 0.00064
12460 0.00064
12461 0.00064
12462 0.00064
12463 0.00064
12464 0.00064
12465 0.00064
12466 0.00064
12467 0.00064
12468 0.00064
12469 0.00064
12470 0.00064
12471 0.00064
12472 0.00064
12473 0.00064
12474 0.00064
12475 0.00064
12476 0.00064
12477 0.00064
12478 0.00064
12479 0.00064
12480 0.00064
12481 0.00064
12482 0.00064
12483 0.00064
12484 0.00064
12485 0.00064
12486 0.00064
12487 0.00064
12488 0.00064
12489 0.00064
12490 0.00064
12491 0.00064
12492 0.00064
12493 0.00064
12494 0.00064
12495 0.00064
12496 0.00064
12497 0.00064
12498 0.00064
12499 0.00064
12500 0.00064
12501 0.00064
12502 0.00064
12503 0.00064
12504 0.00064
12505 0.00064
12506 0.00064
12507 0.00064
12508 0.00064
12509 0.00064
12510 0.00064
12511 0.00064
12512 0.00064
12513 0.00064
12514 0.00064
12515 0.00064
12516 0.00064
12517 0.00064
12518 0.00064
12519 0.00064
12520 0.00064
12521 0.00064
12522 0.00064
12523 0.00064
12524 0.00064
12525 0.00064
12526 0.00064
12527 0.00064
12528 0.00064
12529 0.00064
12530 0.00064
12531 0.00064
12532 0.00064
12533 0.00064
12534 0.00064
12535 0.00064
12536 0.00064
12537 0.00064
12538 0.00064
12539 0.00064
12540 0.00064
12541 0.00064
12542 0.00064
12543 0.00064
12544 0.00064
12545 0.00064
12546 0.00064
12547 0.00064
12548 0.00064
12549 0.00064
12550 0.00064
12551 0.00064
12552 0.00064
12553 0.00064
12554 0.00064
12555 0.00064
12556 0.00064
12557 0.00064
12558 0.00064
12559 0.00064
12560 0.00064
12561 0.00064
12562 0.00064
12563 0.00064
12564 0.00064
12565 0.00064
12566 0.00064
12567 0.00064
12568 0.00064
12569 0.00064
12570 0.00064
12571 0.00064
12572 0.00064
12573 0.00064
12574 0.00064
12575 0.00064
12576 0.00064
12577 0.00064
12578 0.00064
12579 0.00064
12580 0.00064
12581 0.00064
12582 0.00064
12583 0.00064
12584 0.00064
12585 0.00064
12586 0.00064
12587 0.00064
12588 0.00064
12589 0.00064
12590 0.00064
12591 0.00064
12592 0.00064
12593 0.00064
12594 0.00064
12595 0.00064
12596 0.00064
12597 0.00064
12598 0.00064
12599 0.00064
12600 0.00064
12601 0.00064
12602 0.00064
12603 0.00064
12604 0.00064
12605 0.00064
12606 0.00064
12607 0.00064
12608 0.00064
12609 0.00064
12610 0.00064
12611 0.00064
12612 0.00064
12613 0.00064
12614 0.00064
12615 0.00064
12616 0.00064
12617 0.00064
12618 0.00064
12619 0.00064
12620 0.00064
12621 0.00064
12622 0.00064
12623 0.00064
12624 0.00064
12625 0.00064
12626 0.00064
12627 0.00064
12628 0.00064
12629 0.00064
12630 0.00064
12631 0.00064
12632 0.00064
12633 0.00064
12634 0.00064
12635 0.00064
12636 0.00064
12637 0.00064
12638 0.00064
12639 0.00064
12640 0.00064
12641 0.00064
12642 0.00064
12643 0.00064
12644 0.00064
12645 0.00064
12646 0.00064
12647 0.00064
12648 0.00064
12649 0.00064
12650 0.00064
12651 0.00064
12652 0.00064
12653 0.00064
12654 0.00064
12655 0.00064
12656 0.00064
12657 0.00064
12658 0.00064
12659 0.00064
12660 0.00064
12661 0.00064
12662 0.00064
12663 0.00064
12664 0.00064
12665 0.00064
12666 0.00064
12667 0.00064
12668 0.00064
12669 0.00064
12670 0.00064
12671 0.00064
12672 0.00064
12673 0.00064
12674 0.00064
12675 0.00064
12676 0.00064
12677 0.00064
12678 0.00064
12679 0.00064
12680 0.00064
12681 0.00064
12682 0.00064
12683 0.00064
12684 0.00064
12685 0.00064
12686 0.00064
12687 0.00064
12688 0.00064
12689 0.00064
12690 0.00064
12691 0.00064
12692 0.00064
12693 0.00064
12694 0.00064
12695 0.00064
12696 0.00064
12697 0.00064
12698 0.00064
12699 0.00064
12700 0.00064
12701 0.00064
12702 0.00064
12703 0.00064
12704 0.00064
12705 0.00064
12706 0.00064
12707 0.00064
12708 0.00064
12709 0.00064
12710 0.00064
12711 0.00064
12712 0.00064
12713 0.00064
12714 0.00064
12715 0.00064
12716 0.00064
12717 0.00064
12718 0.00064
12719 0.00064
12720 0.00064
12721 0.00064
12722 0.00064
12723 0.00064
12724 0.00064
12725 0.00064
12726 0.00064
12727 0.00064
12728 0.00064
12729 0.00064
12730 0.00064
12731 0.00064
12732 0.00064
12733 0.00064
12734 0.00064
12735 0.00064
12736 0.00064
12737 0.00064
12738 0.00064
12739 0.00064
12740 0.00064
12741 0.00064
12742 0.00064
12743 0.00064
12744 0.00064
12745 0.00064
12746 0.00064
12747 0.00064
12748 0.00064
12749 0.00064
12750 0.00064
12751 0.00064
12752 0.00064
12753 0.00064
12754 0.00064
12755 0.00064
12756 0.00064
12757 0.00064
12758 0.00064
12759 0.00064
12760 0.00064
12761 0.00064
12762 0.00064
12763 0.00064
12764 0.00064
12765 0.00064
12766 0.00064
12767 0.00064
12768 0.00064
12769 0.00064
12770 0.00064
12771 0.00064
12772 0.00064
12773 0.00064
12774 0.00064
12775 0.00064
12776 0.00064
12777 0.00064
12778 0.00064
12779 0.00064
12780 0.00064
12781 0.00064
12782 0.00064
12783 0.00064
12784 0.00064
12785 0.00064
12786 0.00064
12787 0.00064
12788 0.00064
12789 0.00064
12790 0.00064
12791 0.00064
12792 0.00064
12793 0.00064
12794 0.00064
12795 0.00064
12796 0.00064
12797 0.00064
12798 0.00064
12799 0.00064
12800 0.00064
12801 0.00064
12802 0.00064
12803 0.00064
12804 0.00064
12805 0.00064
12806 0.00064
12807 0.00064
12808 0.00064
12809 0.00064
12810 0.00064
12811 0.00064
12812 0.00064
12813 0.00064
12814 0.00064
12815 0.00064
12816 0.00064
12817 0.00064
12818 0.00064
12819 0.00064
12820 0.00064
12821 0.00064
12822 0.00064
12823 0.00064
12824 0.00064
12825 0.00064
12826 0.00064
12827 0.00064
12828 0.00064
12829 0.00064
12830 0.00064
12831 0.00064
12832 0.00064
12833 0.00064
12834 0.00064
12835 0.00064
12836 0.00064
12837 0.00064
12838 0.00064
12839 0.00064
12840 0.00064
12841 0.00064
12842 0.00064
12843 0.00064
12844 0.00064
12845 0.00064
12846 0.00064
12847 0.00064
12848 0.00064
12849 0.00064
12850 0.00064
12851 0.00064
12852 0.00064
12853 0.00064
12854 0.00064
12855 0.00064
12856 0.00064
12857 0.00064
12858 0.00064
12859 0.00064
12860 0.00064
12861 0.00064
12862 0.00064
12863 0.00064
12864 0.00064
12865 0.00064
12866 0.00064
12867 0.00064
12868 0.00064
12869 0.00064
12870 0.00064
12871 0.00064
12872 0.00064
12873 0.00064
12874 0.00064
12875 0.00064
12876 0.00064
12877 0.00064
12878 0.00064
12879 0.00064
12880 0.00064
12881 0.00064
12882 0.00064
12883 0.00064
12884 0.00064
12885 0.00064
12886 0.00064
12887 0.00064
12888 0.00064
12889 0.00064
12890 0.00064
12891 0.00064
12892 0.00064
12893 0.00064
12894 0.00064
12895 0.00064
12896 0.00064
12897 0.00064
12898 0.00064
12899 0.00064
12900 0.00064
12901 0.00064
12902 0.00064
12903 0.00064
12904 0.00064
12905 0.00064
12906 0.00064
12907 0.00064
12908 0.00064
12909 0.00064
12910 0.00064
12911 0.00064
12912 0.00064
12913 0.00064
12914 0.00064
12915 0.00064
12916 0.00064
12917 0.00064
12918 0.00064
12919 0.00064
12920 0.00064
12921 0.00064
12922 0.00064
12923 0.00064
12924 0.00064
12925 0.00064
12926 0.00064
12927 0.00064
12928 0.00064
12929 0.00064
12930 0.00064
12931 0.00064
12932 0.00064
12933 0.00064
12934 0.00064
12935 0.00064
12936 0.00064
12937 0.00064
12938 0.00064
12939 0.00064
12940 0.00064
12941 0.00064
12942 0.00064
12943 0.00064
12944 0.00064
12945 0.00064
12946 0.00064
12947 0.00064
12948 0.00064
12949 0.00064
12950 0.00064
12951 0.00064
12952 0.00064
12953 0.00064
12954 0.00064
12955 0.00064
12956 0.00064
12957 0.00064
12958 0.00064
12959 0.00064
12960 0.00064
12961 0.00064
12962 0.00064
12963 0.00064
12964 0.00064
12965 0.00064
12966 0.00064
12967 0.00064
12968 0.00064
12969 0.00064
12970 0.00064
12971 0.00064
12972 0.00064
12973 0.00064
12974 0.00064
12975 0.00064
12976 0.00064
12977 0.00064
12978 0.00064
12979 0.00064
12980 0.00064
12981 0.00064
12982 0.00064
12983 0.00064
12984 0.00064
12985 0.00064
12986 0.00064
12987 0.00064
12988 0.00064
12989 0.00064
12990 0.00064
12991 0.00064
12992 0.00064
12993 0.00064
12994 0.00064
12995 0.00064
12996 0.00064
12997 0.00064
12998 0.00064
12999 0.00064
13000 0.00064
13001 0.00064
13002 0.00064
13003 0.00064
13004 0.00064
13005 0.00064
13006 0.00064
13007 0.00064
13008 0.00064
13009 0.00064
13010 0.00064
13011 0.00064
13012 0.00064
13013 0.00064
13014 0.00064
13015 0.00064
13016 0.00064
13017 0.00064
13018 0.00064
13019 0.00064
13020 0.00064
13021 0.00064
13022 0.00064
13023 0.00064
13024 0.00064
13025 0.00064
13026 0.00064
13027 0.00064
13028 0.00064
13029 0.00064
13030 0.00064
13031 0.00064
13032 0.00064
13033 0.00064
13034 0.00064
13035 0.00064
13036 0.00064
13037 0.00064
13038 0.00064
13039 0.00064
13040 0.00064
13041 0.00064
13042 0.00064
13043 0.00064
13044 0.00064
13045 0.00064
13046 0.00064
13047 0.00064
13048 0.00064
13049 0.00064
13050 0.00064
13051 0.00064
13052 0.00064
13053 0.00064
13054 0.00064
13055 0.00064
13056 0.00064
13057 0.00064
13058 0.00064
13059 0.00064
13060 0.00064
13061 0.00064
13062 0.00064
13063 0.00064
13064 0.00064
13065 0.00064
13066 0.00064
13067 0.00064
13068 0.00064
13069 0.00064
13070 0.00064
13071 0.00064
13072 0.00064
13073 0.00064
13074 0.00064
13075 0.00064
13076 0.00064
13077 0.00064
13078 0.00064
13079 0.00064
13080 0.00064
13081 0.00064
13082 0.00064
13083 0.00064
13084 0.00064
13085 0.00064
13086 0.00064
13087 0.00064
13088 0.00064
13089 0.00064
13090 0.00064
13091 0.00064
13092 0.00064
13093 0.00064
13094 0.00064
13095 0.00064
13096 0.00064
13097 0.00064
13098 0.00064
13099 0.00064
13100 0.00064
13101 0.00064
13102 0.00064
13103 0.00064
13104 0.00064
13105 0.00064
13106 0.00064
13107 0.00064
13108 0.00064
13109 0.00064
13110 0.00064
13111 0.00064
13112 0.00064
13113 0.00064
13114 0.00064
13115 0.00064
13116 0.00064
13117 0.00064
13118 0.00064
13119 0.00064
13120 0.00064
13121 0.00064
13122 0.00064
13123 0.00064
13124 0.00064
13125 0.00064
13126 0.00064
13127 0.00064
13128 0.00064
13129 0.00064
13130 0.00064
13131 0.00064
13132 0.00064
13133 0.00064
13134 0.00064
13135 0.00064
13136 0.00064
13137 0.00064
13138 0.00064
13139 0.00064
13140 0.00064
13141 0.00064
13142 0.00064
13143 0.00064
13144 0.00064
13145 0.00064
13146 0.00064
13147 0.00064
13148 0.00064
13149 0.00064
13150 0.00064
13151 0.00064
13152 0.00064
13153 0.00064
13154 0.00064
13155 0.00064
13156 0.00064
13157 0.00064
13158 0.00064
13159 0.00064
13160 0.00064
13161 0.00064
13162 0.00064
13163 0.00064
13164 0.00064
13165 0.00064
13166 0.00064
13167 0.00064
13168 0.00064
13169 0.00064
13170 0.00064
13171 0.00064
13172 0.00064
13173 0.00064
13174 0.00064
13175 0.00064
13176 0.00064
13177 0.00064
13178 0.00064
13179 0.00064
13180 0.00064
13181 0.00064
13182 0.00064
13183 0.00064
13184 0.00064
13185 0.00064
13186 0.00064
13187 0.00064
13188 0.00064
13189 0.00064
13190 0.00064
13191 0.00064
13192 0.00064
13193 0.00064
13194 0.00064
13195 0.00064
13196 0.00064
13197 0.00064
13198 0.00064
13199 0.00064
13200 0.00064
13201 0.00064
13202 0.00064
13203 0.00064
13204 0.00064
13205 0.00064
13206 0.00064
13207 0.00064
13208 0.00064
13209 0.00064
13210 0.00064
13211 0.00064
13212 0.00064
13213 0.00064
13214 0.00064
13215 0.00064
13216 0.00064
13217 0.00064
13218 0.00064
13219 0.00064
13220 0.00064
13221 0.00064
13222 0.00064
13223 0.00064
13224 0.00064
13225 0.00064
13226 0.00064
13227 0.00064
13228 0.00064
13229 0.00064
13230 0.00064
13231 0.00064
13232 0.00064
13233 0.00064
13234 0.00064
13235 0.00064
13236 0.00064
13237 0.00064
13238 0.00064
13239 0.00064
13240 0.00064
13241 0.00064
13242 0.00064
13243 0.00064
13244 0.00064
13245 0.00064
13246 0.00064
13247 0.00064
13248 0.00064
13249 0.00064
13250 0.00064
13251 0.00064
13252 0.00064
13253 0.00064
13254 0.00064
13255 0.00064
13256 0.00064
13257 0.00064
13258 0.00064
13259 0.00064
13260 0.00064
13261 0.00064
13262 0.00064
13263 0.00064
13264 0.00064
13265 0.00064
13266 0.00064
13267 0.00064
13268 0.00064
13269 0.00064
13270 0.00064
13271 0.00064
13272 0.00064
13273 0.00064
13274 0.00064
13275 0.00064
13276 0.00064
13277 0.00064
13278 0.00064
13279 0.00064
13280 0.00064
13281 0.00064
13282 0.00064
13283 0.00064
13284 0.00064
13285 0.00064
13286 0.00064
13287 0.00064
13288 0.00064
13289 0.00064
13290 0.00064
13291 0.00064
13292 0.00064
13293 0.00064
13294 0.00064
13295 0.00064
13296 0.00064
13297 0.00064
13298 0.00064
13299 0.00064
13300 0.00064
13301 0.00064
13302 0.00064
13303 0.00064
13304 0.00064
13305 0.00064
13306 0.00064
13307 0.00064
13308 0.00064
13309 0.00064
13310 0.00064
13311 0.00064
13312 0.00064
13313 0.00064
13314 0.00064
13315 0.00064
13316 0.00064
13317 0.00064
13318 0.00064
13319 0.00064
13320 0.00064
13321 0.00064
13322 0.00064
13323 0.00064
13324 0.00064
13325 0.00064
13326 0.00064
13327 0.00064
13328 0.00064
13329 0.00064
13330 0.00064
13331 0.00064
13332 0.00064
13333 0.00064
13334 0.00064
13335 0.00064
13336 0.00064
13337 0.00064
13338 0.00064
13339 0.00064
13340 0.00064
13341 0.00064
13342 0.00064
13343 0.00064
13344 0.00064
13345 0.00064
13346 0.00064
13347 0.00064
13348 0.00064
13349 0.00064
13350 0.00064
13351 0.00064
13352 0.00064
13353 0.00064
13354 0.00064
13355 0.00064
13356 0.00064
13357 0.00064
13358 0.00064
13359 0.00064
13360 0.00064
13361 0.00064
13362 0.00064
13363 0.00064
13364 0.00064
13365 0.00064
13366 0.00064
13367 0.00064
13368 0.00064
13369 0.00064
13370 0.00064
13371 0.00064
13372 0.00064
13373 0.00064
13374 0.00064
13375 0.00064
13376 0.00064
13377 0.00064
13378 0.00064
13379 0.00064
13380 0.00064
13381 0.00064
13382 0.00064
13383 0.00064
13384 0.00064
13385 0.00064
13386 0.00064
13387 0.00064
13388 0.00064
13389 0.00064
13390 0.00064
13391 0.00064
13392 0.00064
13393 0.00064
13394 0.00064
13395 0.00064
13396 0.00064
13397 0.00064
13398 0.00064
13399 0.00064
13400 0.00064
13401 0.00064
13402 0.00064
13403 0.00064
13404 0.00064
13405 0.00064
13406 0.00064
13407 0.00064
13408 0.00064
13409 0.00064
13410 0.00064
13411 0.00064
13412 0.00064
13413 0.00064
13414 0.00064
13415 0.00064
13416 0.00064
13417 0.00064
13418 0.00064
13419 0.00064
13420 0.00064
13421 0.00064
13422 0.00064
13423 0.00064
13424 0.00064
13425 0.00064
13426 0.00064
13427 0.00064
13428 0.00064
13429 0.00064
13430 0.00064
13431 0.00064
13432 0.00064
13433 0.00064
13434 0.00064
13435 0.00064
13436 0.00064
13437 0.00064
13438 0.00064
13439 0.00064
13440 0.00064
13441 0.00064
13442 0.00064
13443 0.00064
13444 0.00064
13445 0.00064
13446 0.00064
13447 0.00064
13448 0.00064
13449 0.00064
13450 0.00064
13451 0.00064
13452 0.00064
13453 0.00064
13454 0.00064
13455 0.00064
13456 0.00064
13457 0.00064
13458 0.00064
13459 0.00064
13460 0.00064
13461 0.00064
13462 0.00064
13463 0.00064
13464 0.00064
13465 0.00064
13466 0.00064
13467 0.00064
13468 0.00064
13469 0.00064
13470 0.00064
13471 0.00064
13472 0.00064
13473 0.00064
13474 0.00064
13475 0.00064
13476 0.00064
13477 0.00064
13478 0.00064
13479 0.00064
13480 0.00064
13481 0.00064
13482 0.00064
13483 0.00064
13484 0.00064
13485 0.00064
13486 0.00064
13487 0.00064
13488 0.00064
13489 0.00064
13490 0.00064
13491 0.00064
13492 0.00064
13493 0.00064
13494 0.00064
13495 0.00064
13496 0.00064
13497 0.00064
13498 0.00064
13499 0.00064
13500 0.00064
13501 0.00064
13502 0.00064
13503 0.00064
13504 0.00064
13505 0.00064
13506 0.00064
13507 0.00064
13508 0.00064
13509 0.00064
13510 0.00064
13511 0.00064
13512 0.00064
13513 0.00064
13514 0.00064
13515 0.00064
13516 0.00064
13517 0.00064
13518 0.00064
13519 0.00064
13520 0.00064
13521 0.00064
13522 0.00064
13523 0.00064
13524 0.00064
13525 0.00064
13526 0.00064
13527 0.00064
13528 0.00064
13529 0.00064
13530 0.00064
13531 0.00064
13532 0.00064
13533 0.00064
13534 0.00064
13535 0.00064
13536 0.00064
13537 0.00064
13538 0.00064
13539 0.00064
13540 0.00064
13541 0.00064
13542 0.00064
13543 0.00064
13544 0.00064
13545 0.00064
13546 0.00064
13547 0.00064
13548 0.00064
13549 0.00064
13550 0.00064
13551 0.00064
13552 0.00064
13553 0.00064
13554 0.00064
13555 0.00064
13556 0.00064
13557 0.00064
13558 0.00064
13559 0.00064
13560 0.00064
13561 0.00064
13562 0.00064
13563 0.00064
13564 0.00064
13565 0.00064
13566 0.00064
13567 0.00064
13568 0.00064
13569 0.00064
13570 0.00064
13571 0.00064
13572 0.00064
13573 0.00064
13574 0.00064
13575 0.00064
13576 0.00064
13577 0.00064
13578 0.00064
13579 0.00064
13580 0.00064
13581 0.00064
13582 0.00064
13583 0.00064
13584 0.00064
13585 0.00064
13586 0.00064
13587 0.00064
13588 0.00064
13589 0.00064
13590 0.00064
13591 0.00064
13592 0.00064
13593 0.00064
13594 0.00064
13595 0.00064
13596 0.00064
13597 0.00064
13598 0.00064
13599 0.00064
13600 0.00064
13601 0.00064
13602 0.00064
13603 0.00064
13604 0.00064
13605 0.00064
13606 0.00064
13607 0.00064
13608 0.00064
13609 0.00064
13610 0.00064
13611 0.00064
13612 0.00064
13613 0.00064
13614 0.00064
13615 0.00064
13616 0.00064
13617 0.00064
13618 0.00064
13619 0.00064
13620 0.00064
13621 0.00064
13622 0.00064
13623 0.00064
13624 0.00064
13625 0.00064
13626 0.00064
13627 0.00064
13628 0.00064
13629 0.00064
13630 0.00064
13631 0.00064
13632 0.00064
13633 0.00064
13634 0.00064
13635 0.00064
13636 0.00064
13637 0.00064
13638 0.00064
13639 0.00064
13640 0.00064
13641 0.00064
13642 0.00064
13643 0.00064
13644 0.00064
13645 0.00064
13646 0.00064
13647 0.00064
13648 0.00064
13649 0.00064
13650 0.00064
13651 0.00064
13652 0.00064
13653 0.00064
13654 0.00064
13655 0.00064
13656 0.00064
13657 0.00064
13658 0.00064
13659 0.00064
13660 0.00064
13661 0.00064
13662 0.00064
13663 0.00064
13664 0.00064
13665 0.00064
13666 0.00064
13667 0.00064
13668 0.00064
13669 0.00064
13670 0.00064
13671 0.00064
13672 0.00064
13673 0.00064
13674 0.00064
13675 0.00064
13676 0.00064
13677 0.00064
13678 0.00064
13679 0.00064
13680 0.00064
13681 0.00064
13682 0.00064
13683 0.00064
13684 0.00064
13685 0.00064
13686 0.00064
13687 0.00064
13688 0.00064
13689 0.00064
13690 0.00064
13691 0.00064
13692 0.00064
13693 0.00064
13694 0.00064
13695 0.00064
13696 0.00064
13697 0.00064
13698 0.00064
13699 0.00064
13700 0.00064
13701 0.00064
13702 0.00064
13703 0.00064
13704 0.00064
13705 0.00064
13706 0.00064
13707 0.00064
13708 0.00064
13709 0.00064
13710 0.00064
13711 0.00064
13712 0.00064
13713 0.00064
13714 0.00064
13715 0.00064
13716 0.00064
13717 0.00064
13718 0.00064
13719 0.00064
13720 0.00064
13721 0.00064
13722 0.00064
13723 0.00064
13724 0.00064
13725 0.00064
13726 0.00064
13727 0.00064
13728 0.00064
13729 0.00064
13730 0.00064
13731 0.00064
13732 0.00064
13733 0.00064
13734 0.00064
13735 0.00064
13736 0.00064
13737 0.00064
13738 0.00064
13739 0.00064
13740 0.00064
13741 0.00064
13742 0.00064
13743 0.00064
13744 0.00064
13745 0.00064
13746 0.00064
13747 0.00064
13748 0.00064
13749 0.00064
13750 0.00064
13751 0.00064
13752 0.00064
13753 0.00064
13754 0.00064
13755 0.00064
13756 0.00064
13757 0.00064
13758 0.00064
13759 0.00064
13760 0.00064
13761 0.00064
13762 0.00064
13763 0.00064
13764 0.00064
13765 0.00064
13766 0.00064
13767 0.00064
13768 0.00064
13769 0.00064
13770 0.00064
13771 0.00064
13772 0.00064
13773 0.00064
13774 0.00064
13775 0.00064
13776 0.00064
13777 0.00064
13778 0.00064
13779 0.00064
13780 0.00064
13781 0.00064
13782 0.00064
13783 0.00064
13784 0.00064
13785 0.00064
13786 0.00064
13787 0.00064
13788 0.00064
13789 0.00064
13790 0.00064
13791 0.00064
13792 0.00064
13793 0.00064
13794 0.00064
13795 0.00064
13796 0.00064
13797 0.00064
13798 0.00064
13799 0.00064
13800 0.00064
13801 0.00064
13802 0.00064
13803 0.00064
13804 0.00064
13805 0.00064
13806 0.00064
13807 0.00064
13808 0.00064
13809 0.00064
13810 0.00064
13811 0.00064
13812 0.00064
13813 0.00064
13814 0.00064
13815 0.00064
13816 0.00064
13817 0.00064
13818 0.00064
13819 0.00064
13820 0.00064
13821 0.00064
13822 0.00064
13823 0.00064
13824 0.00064
13825 0.00064
13826 0.00064
13827 0.00064
13828 0.00064
13829 0.00064
13830 0.00064
13831 0.00064
13832 0.00064
13833 0.00064
13834 0.00064
13835 0.00064
13836 0.00064
13837 0.00064
13838 0.00064
13839 0.00064
13840 0.00064
13841 0.00064
13842 0.00064
13843 0.00064
13844 0.00064
13845 0.00064
13846 0.00064
13847 0.00064
13848 0.00064
13849 0.00064
13850 0.00064
13851 0.00064
13852 0.00064
13853 0.00064
13854 0.00064
13855 0.00064
13856 0.00064
13857 0.00064
13858 0.00064
13859 0.00064
13860 0.00064
13861 0.00064
13862 0.00064
13863 0.00064
13864 0.00064
13865 0.00064
13866 0.00064
13867 0.00064
13868 0.00064
13869 0.00064
13870 0.00064
13871 0.00064
13872 0.00064
13873 0.00064
13874 0.00064
13875 0.00064
13876 0.00064
13877 0.00064
13878 0.00064
13879 0.00064
13880 0.00064
13881 0.00064
13882 0.00064
13883 0.00064
13884 0.00064
13885 0.00064
13886 0.00064
13887 0.00064
13888 0.00064
13889 0.00064
13890 0.00064
13891 0.00064
13892 0.00064
13893 0.00064
13894 0.00064
13895 0.00064
13896 0.00064
13897 0.00064
13898 0.00064
13899 0.00064
13900 0.00064
13901 0.00064
13902 0.00064
13903 0.00064
13904 0.00064
13905 0.00064
13906 0.00064
13907 0.00064
13908 0.00064
13909 0.00064
13910 0.00064
13911 0.00064
13912 0.00064
13913 0.00064
13914 0.00064
13915 0.00064
13916 0.00064
13917 0.00064
13918 0.00064
13919 0.00064
13920 0.00064
13921 0.00064
13922 0.00064
13923 0.00064
13924 0.00064
13925 0.00064
13926 0.00064
13927 0.00064
13928 0.00064
13929 0.00064
13930 0.00064
13931 0.00064
13932 0.00064
13933 0.00064
13934 0.00064
13935 0.00064
13936 0.00064
13937 0.00064
13938 0.00064
13939 0.00064
13940 0.00064
13941 0.00064
13942 0.00064
13943 0.00064
13944 0.00064
13945 0.00064
13946 0.00064
13947 0.00064
13948 0.00064
13949 0.00064
13950 0.00064
13951 0.00064
13952 0.00064
13953 0.00064
13954 0.00064
13955 0.00064
13956 0.00064
13957 0.00064
13958 0.00064
13959 0.00064
13960 0.00064
13961 0.00064
13962 0.00064
13963 0.00064
13964 0.00064
13965 0.00064
13966 0.00064
13967 0.00064
13968 0.00064
13969 0.00064
13970 0.00064
13971 0.00064
13972 0.00064
13973 0.00064
13974 0.00064
13975 0.00064
13976 0.00064
13977 0.00064
13978 0.00064
13979 0.00064
13980 0.00064
13981 0.00064
13982 0.00066
13983 0.00066
13984 0.00066
13985 0.00066
13986 0.00066
13987 0.00066
13988 0.00066
13989 0.00066
13990 0.00066
13991 0.00066
13992 0.00066
13993 0.00066
13994 0.00066
13995 0.00066
13996 0.00066
13997 0.00066
13998 0.00066
13999 0.00066
14000 0.00066
14001 0.00066
14002 0.00066
14003 0.00066
14004 0.00066
14005 0.00066
14006 0.00066
14007 0.00066
14008 0.00066
14009 0.00066
14010 0.00066
14011 0.00066
14012 0.00066
14013 0.00066
14014 0.00066
14015 0.00066
14016 0.00066
14017 0.00066
14018 0.00066
14019 0.00066
14020 0.00066
14021 0.00066
14022 0.00066
14023 0.00066
14024 0.00066
14025 0.00066
14026 0.00066
14027 0.00066
14028 0.00066
14029 0.00066
14030 0.00066
14031 0.00066
14032 0.00066
14033 0.00066
14034 0.00066
14035 0.00066
14036 0.00066
14037 0.00066
14038 0.00066
14039 0.00066
14040 0.00066
14041 0.00066
14042 0.00066
14043 0.00066
14044 0.00066
14045 0.00066
14046 0.00066
14047 0.00066
14048 0.00066
14049 0.00066
14050 0.00066
14051 0.00066
14052 0.00066
14053 0.00066
14054 0.00066
14055 0.00066
14056 0.00066
14057 0.00066
14058 0.00066
14059 0.00066
14060 0.00066
14061 0.00066
14062 0.00066
14063 0.00066
14064 0.00066
14065 0.00066
14066 0.00066
14067 0.00066
14068 0.00066
14069 0.00066
14070 0.00066
14071 0.00066
14072 0.00066
14073 0.00066
14074 0.00066
14075 0.00066
14076 0.00066
14077 0.00066
14078 0.00066
14079 0.00066
14080 0.00066
14081 0.00066
14082 0.00066
14083 0.00066
14084 0.00066
14085 0.00066
14086 0.00066
14087 0.00066
14088 0.00066
14089 0.00066
14090 0.00066
14091 0.00066
14092 0.00066
14093 0.00066
14094 0.00066
14095 0.00066
14096 0.00066
14097 0.00066
14098 0.00066
14099 0.00066
14100 0.00066
14101 0.00066
14102 0.00066
14103 0.00066
14104 0.00066
14105 0.00066
14106 0.00066
14107 0.00066
14108 0.00066
14109 0.00066
14110 0.00066
14111 0.00066
14112 0.00066
14113 0.00066
14114 0.00066
14115 0.00066
14116 0.00066
14117 0.00066
14118 0.00066
14119 0.00066
14120 0.00066
14121 0.00066
14122 0.00066
14123 0.00066
14124 0.00066
14125 0.00066
14126 0.00066
14127 0.00066
14128 0.00066
14129 0.00066
14130 0.00066
14131 0.00066
14132 0.00066
14133 0.00066
14134 0.00066
14135 0.00066
14136 0.00066
14137 0.00066
14138 0.00066
14139 0.00066
14140 0.00066
14141 0.00066
14142 0.00066
14143 0.00066
14144 0.00066
14145 0.00066
14146 0.00066
14147 0.00066
14148 0.00066
14149 0.00066
14150 0.00066
14151 0.00066
14152 0.00066
14153 0.00066
14154 0.00066
14155 0.00066
14156 0.00066
14157 0.00066
14158 0.00066
14159 0.00066
14160 0.00066
14161 0.00066
14162 0.00066
14163 0.00066
14164 0.00066
14165 0.00066
14166 0.00066
14167 0.00066
14168 0.00066
14169 0.00066
14170 0.00066
14171 0.00066
14172 0.00066
14173 0.00066
14174 0.00066
14175 0.00066
14176 0.00066
14177 0.00066
14178 0.00066
14179 0.00066
14180 0.00066
14181 0.00066
14182 0.00066
14183 0.00066
14184 0.00066
14185 0.00066
14186 0.00066
14187 0.00066
14188 0.00066
14189 0.00066
14190 0.00066
14191 0.00066
14192 0.00066
14193 0.00066
14194 0.00066
14195 0.00066
14196 0.00066
14197 0.00066
14198 0.00066
14199 0.00066
14200 0.00066
14201 0.00066
14202 0.00066
14203 0.00066
14204 0.00066
14205 0.00066
14206 0.00066
14207 0.00066
14208 0.00066
14209 0.00066
14210 0.00066
14211 0.00066
14212 0.00066
14213 0.00066
14214 0.00066
14215 0.00066
14216 0.00066
14217 0.00066
14218 0.00066
14219 0.00066
14220 0.00066
14221 0.00066
14222 0.00066
14223 0.00066
14224 0.00066
14225 0.00066
14226 0.00066
14227 0.00066
14228 0.00066
14229 0.00066
14230 0.00066
14231 0.00066
14232 0.00066
14233 0.00066
14234 0.00066
14235 0.00066
14236 0.00066
14237 0.00066
14238 0.00066
14239 0.00066
14240 0.00066
14241 0.00066
14242 0.00066
14243 0.00066
14244 0.00066
14245 0.00066
14246 0.00066
14247 0.00066
14248 0.00066
14249 0.00066
14250 0.00066
14251 0.00066
14252 0.00066
14253 0.00066
14254 0.00066
14255 0.00066
14256 0.00066
14257 0.00066
14258 0.00066
14259 0.00066
14260 0.00066
14261 0.00066
14262 0.00066
14263 0.00066
14264 0.00066
14265 0.00066
14266 0.00066
14267 0.00066
14268 0.00066
14269 0.00066
14270 0.00066
14271 0.00066
14272 0.00066
14273 0.00066
14274 0.00066
14275 0.00066
14276 0.00066
14277 0.00066
14278 0.00066
14279 0.00066
14280 0.00066
14281 0.00066
14282 0.00066
14283 0.00066
14284 0.00066
14285 0.00066
14286 0.00066
14287 0.00066
14288 0.00066
14289 0.00066
14290 0.00066
14291 0.00066
14292 0.00066
14293 0.00066
14294 0.00066
14295 0.00066
14296 0.00066
14297 0.00066
14298 0.00066
14299 0.00066
14300 0.00066
14301 0.00066
14302 0.00066
14303 0.00066
14304 0.00066
14305 0.00066
14306 0.00066
14307 0.00066
14308 0.00066
14309 0.00066
14310 0.00066
14311 0.00066
14312 0.00066
14313 0.00066
14314 0.00066
14315 0.00066
14316 0.00066
14317 0.00066
14318 0.00066
14319 0.00066
14320 0.00066
14321 0.00066
14322 0.00066
14323 0.00066
14324 0.00066
14325 0.00066
14326 0.00066
14327 0.00066
14328 0.00066
14329 0.00066
14330 0.00066
14331 0.00066
14332 0.00066
14333 0.00066
14334 0.00066
14335 0.00066
14336 0.00066
14337 0.00066
14338 0.00066
14339 0.00066
14340 0.00066
14341 0.00066
14342 0.00066
14343 0.00066
14344 0.00066
14345 0.00066
14346 0.00066
14347 0.00066
14348 0.00066
14349 0.00066
14350 0.00066
14351 0.00066
14352 0.00066
14353 0.00066
14354 0.00066
14355 0.00066
14356 0.00066
14357 0.00066
14358 0.00066
14359 0.00066
14360 0.00066
14361 0.00066
14362 0.00066
14363 0.00066
14364 0.00066
14365 0.00066
14366 0.00066
14367 0.00066
14368 0.00066
14369 0.00066
14370 0.00066
14371 0.00066
14372 0.00066
14373 0.00066
14374 0.00066
14375 0.00066
14376 0.00066
14377 0.00066
14378 0.00066
14379 0.00066
14380 0.00066
14381 0.00066
14382 0.00066
14383 0.00066
14384 0.00066
14385 0.00066
14386 0.00066
14387 0.00066
14388 0.00066
14389 0.00066
14390 0.00066
14391 0.00066
14392 0.00066
14393 0.00066
14394 0.00066
14395 0.00066
14396 0.00066
14397 0.00066
14398 0.00066
14399 0.00066
14400 0.00066
14401 0.00066
14402 0.00066
14403 0.00066
14404 0.00066
14405 0.00066
14406 0.00066
14407 0.00066
14408 0.00066
14409 0.00066
14410 0.00066
14411 0.00066
14412 0.00066
14413 0.00066
14414 0.00066
14415 0.00066
14416 0.00066
14417 0.00066
14418 0.00066
14419 0.00066
14420 0.00066
14421 0.00066
14422 0.00066
14423 0.00066
14424 0.00066
14425 0.00066
14426 0.00066
14427 0.00066
14428 0.00066
14429 0.00066
14430 0.00066
14431 0.00066
14432 0.00066
14433 0.00066
14434 0.00066
14435 0.00066
14436 0.00066
14437 0.00066
14438 0.00066
14439 0.00066
14440 0.00066
14441 0.00066
14442 0.00066
14443 0.00066
14444 0.00066
14445 0.00066
14446 0.00066
14447 0.00066
14448 0.00066
14449 0.00066
14450 0.00066
14451 0.00066
14452 0.00066
14453 0.00066
14454 0.00066
14455 0.00066
14456 0.00066
14457 0.00066
14458 0.00066
14459 0.00066
14460 0.00066
14461 0.00066
14462 0.00066
14463 0.00066
14464 0.00066
14465 0.00066
14466 0.00066
14467 0.00066
14468 0.00066
14469 0.00066
14470 0.00066
14471 0.00066
14472 0.00066
14473 0.00066
14474 0.00066
14475 0.00066
14476 0.00066
14477 0.00066
14478 0.00066
14479 0.00066
14480 0.00066
14481 0.00066
14482 0.00066
14483 0.00066
14484 0.00066
14485 0.00066
14486 0.00066
14487 0.00066
14488 0.00066
14489 0.00066
14490 0.00066
14491 0.00066
14492 0.00066
14493 0.00066
14494 0.00066
14495 0.00066
14496 0.00066
14497 0.00066
14498 0.00066
14499 0.00066
14500 0.00066
14501 0.00066
14502 0.00066
14503 0.00066
14504 0.00066
14505 0.00066
14506 0.00066
14507 0.00066
14508 0.00066
14509 0.00066
14510 0.00066
14511 0.00066
14512 0.00066
14513 0.00066
14514 0.00066
14515 0.00066
14516 0.00066
14517 0.00066
14518 0.00066
14519 0.00066
14520 0.00066
14521 0.00066
14522 0.00066
14523 0.00066
14524 0.00066
14525 0.00066
14526 0.00066
14527 0.00066
14528 0.00066
14529 0.00066
14530 0.00066
14531 0.00066
14532 0.00066
14533 0.00066
14534 0.00066
14535 0.00066
14536 0.00066
14537 0.00066
14538 0.00066
14539 0.00066
14540 0.00066
14541 0.00066
14542 0.00066
14543 0.00066
14544 0.00066
14545 0.00066
14546 0.00066
14547 0.00066
14548 0.00066
14549 0.00066
14550 0.00066
14551 0.00066
14552 0.00066
14553 0.00066
14554 0.00066
14555 0.00066
14556 0.00066
14557 0.00066
14558 0.00066
14559 0.00066
14560 0.00066
14561 0.00066
14562 0.00066
14563 0.00066
14564 0.00066
14565 0.00066
14566 0.00066
14567 0.00066
14568 0.00066
14569 0.00066
14570 0.00066
14571 0.00066
14572 0.00066
14573 0.00066
14574 0.00066
14575 0.00066
14576 0.00066
14577 0.00066
14578 0.00066
14579 0.00066
14580 0.00066
14581 0.00066
14582 0.00066
14583 0.00066
14584 0.00066
14585 0.00066
14586 0.00066
14587 0.00066
14588 0.00066
14589 0.00066
14590 0.00066
14591 0.00066
14592 0.00066
14593 0.00066
14594 0.00066
14595 0.00066
14596 0.00066
14597 0.00066
14598 0.00066
14599 0.00066
14600 0.00066
14601 0.00066
14602 0.00066
14603 0.00066
14604 0.00066
14605 0.00066
14606 0.00066
14607 0.00066
14608 0.00066
14609 0.00066
14610 0.00066
14611 0.00066
14612 0.00066
14613 0.00066
14614 0.00066
14615 0.00066
14616 0.00066
14617 0.00066
14618 0.00066
14619 0.00066
14620 0.00066
14621 0.00066
14622 0.00066
14623 0.00066
14624 0.00066
14625 0.00066
14626 0.00066
14627 0.00066
14628 0.00066
14629 0.00066
14630 0.00066
14631 0.00066
14632 0.00066
14633 0.00066
14634 0.00066
14635 0.00066
14636 0.00066
14637 0.00066
14638 0.00066
14639 0.00066
14640 0.00066
14641 0.00066
14642 0.00066
14643 0.00066
14644 0.00066
14645 0.00066
14646 0.00066
14647 0.00066
14648 0.00066
14649 0.00066
14650 0.00066
14651 0.00066
14652 0.00066
14653 0.00066
14654 0.00066
14655 0.00066
14656 0.00066
14657 0.00066
14658 0.00066
14659 0.00066
14660 0.00066
14661 0.00066
14662 0.00066
14663 0.00066
14664 0.00066
14665 0.00066
14666 0.00066
14667 0.00066
14668 0.00066
14669 0.00066
14670 0.00066
14671 0.00066
14672 0.00066
14673 0.00066
14674 0.00066
14675 0.00066
14676 0.00066
14677 0.00066
14678 0.00066
14679 0.00066
14680 0.00066
14681 0.00066
14682 0.00066
14683 0.00066
14684 0.00066
14685 0.00066
14686 0.00066
14687 0.00066
14688 0.00066
14689 0.00066
14690 0.00066
14691 0.00066
14692 0.00066
14693 0.00066
14694 0.00066
14695 0.00066
14696 0.00066
14697 0.00066
14698 0.00066
14699 0.00066
14700 0.00066
14701 0.00066
14702 0.00066
14703 0.00066
14704 0.00066
14705 0.00066
14706 0.00066
14707 0.00066
14708 0.00066
14709 0.00066
14710 0.00066
14711 0.00066
14712 0.00066
14713 0.00066
14714 0.00066
14715 0.00066
14716 0.00066
14717 0.00066
14718 0.00066
14719 0.00066
14720 0.00066
14721 0.00066
14722 0.00066
14723 0.00066
14724 0.00066
14725 0.00066
14726 0.00066
14727 0.00066
14728 0.00066
14729 0.00066
14730 0.00066
14731 0.00066
14732 0.00066
14733 0.00066
14734 0.00066
14735 0.00066
14736 0.00066
14737 0.00066
14738 0.00066
14739 0.00066
14740 0.00066
14741 0.00066
14742 0.00066
14743 0.00066
14744 0.00066
14745 0.00066
14746 0.00066
14747 0.00066
14748 0.00066
14749 0.00066
14750 0.00066
14751 0.00066
14752 0.00066
14753 0.00066
14754 0.00066
14755 0.00066
14756 0.00066
14757 0.00066
14758 0.00066
14759 0.00066
14760 0.00066
14761 0.00066
14762 0.00066
14763 0.00066
14764 0.00066
14765 0.00066
14766 0.00066
14767 0.00066
14768 0.00066
14769 0.00066
14770 0.00066
14771 0.00066
14772 0.00066
14773 0.00066
14774 0.00066
14775 0.00066
14776 0.00066
14777 0.00066
14778 0.00066
14779 0.00066
14780 0.00066
14781 0.00066
14782 0.00066
14783 0.00066
14784 0.00066
14785 0.00066
14786 0.00066
14787 0.00066
14788 0.00066
14789 0.00066
14790 0.00066
14791 0.00066
14792 0.00066
14793 0.00066
14794 0.00066
14795 0.00066
14796 0.00066
14797 0.00066
14798 0.00066
14799 0.00066
14800 0.00066
14801 0.00066
14802 0.00066
14803 0.00066
14804 0.00066
14805 0.00066
14806 0.00066
14807 0.00066
14808 0.00066
14809 0.00066
14810 0.00066
14811 0.00066
14812 0.00066
14813 0.00066
14814 0.00066
14815 0.00066
14816 0.00066
14817 0.00066
14818 0.00066
14819 0.00066
14820 0.00066
14821 0.00066
14822 0.00066
14823 0.00066
14824 0.00066
14825 0.00066
14826 0.00066
14827 0.00066
14828 0.00066
14829 0.00066
14830 0.00066
14831 0.00066
14832 0.00066
14833 0.00066
14834 0.00066
14835 0.00066
14836 0.00066
14837 0.00066
14838 0.00066
14839 0.00066
14840 0.00066
14841 0.00066
14842 0.00066
14843 0.00066
14844 0.00066
14845 0.00066
14846 0.00066
14847 0.00066
14848 0.00066
14849 0.00066
14850 0.00066
14851 0.00066
14852 0.00066
14853 0.00066
14854 0.00066
14855 0.00066
14856 0.00066
14857 0.00066
14858 0.00066
14859 0.00066
14860 0.00066
14861 0.00066
14862 0.00066
14863 0.00066
14864 0.00066
14865 0.00066
14866 0.00066
14867 0.00066
14868 0.00066
14869 0.00066
14870 0.00066
14871 0.00066
14872 0.00066
14873 0.00066
14874 0.00066
14875 0.00066
14876 0.00066
14877 0.00066
14878 0.00066
14879 0.00066
14880 0.00066
14881 0.00066
14882 0.00066
14883 0.00066
14884 0.00066
14885 0.00066
14886 0.00066
14887 0.00066
14888 0.00066
14889 0.00066
14890 0.00066
14891 0.00066
14892 0.00066
14893 0.00066
14894 0.00066
14895 0.00066
14896 0.00066
14897 0.00066
14898 0.00066
14899 0.00066
14900 0.00066
14901 0.00066
14902 0.00066
14903 0.00066
14904 0.00066
14905 0.00066
14906 0.00066
14907 0.00066
14908 0.00066
14909 0.00066
14910 0.00066
14911 0.00066
14912 0.00066
14913 0.00066
14914 0.00066
14915 0.00066
14916 0.00066
14917 0.00066
14918 0.00066
14919 0.00066
14920 0.00066
14921 0.00066
14922 0.00066
14923 0.00066
14924 0.00066
14925 0.00066
14926 0.00066
14927 0.00066
14928 0.00066
14929 0.00066
14930 0.00066
14931 0.00066
14932 0.00066
14933 0.00066
14934 0.00066
14935 0.00066
14936 0.00066
14937 0.00066
14938 0.00066
14939 0.00066
14940 0.00066
14941 0.00066
14942 0.00066
14943 0.00066
14944 0.00066
14945 0.00066
14946 0.00066
14947 0.00066
14948 0.00066
14949 0.00066
14950 0.00066
14951 0.00066
14952 0.00066
14953 0.00066
14954 0.00066
14955 0.00066
14956 0.00066
14957 0.00066
14958 0.00066
14959 0.00066
14960 0.00066
14961 0.00066
14962 0.00066
14963 0.00066
14964 0.00066
14965 0.00066
14966 0.00066
14967 0.00066
14968 0.00066
14969 0.00066
14970 0.00066
14971 0.00066
14972 0.00066
14973 0.00066
14974 0.00066
14975 0.00066
14976 0.00066
14977 0.00066
14978 0.00066
14979 0.00066
14980 0.00066
14981 0.00066
14982 0.00066
14983 0.00066
14984 0.00066
14985 0.00066
14986 0.00066
14987 0.00066
14988 0.00066
14989 0.00066
14990 0.00066
14991 0.00066
14992 0.00066
14993 0.00066
14994 0.00066
14995 0.00066
14996 0.00066
14997 0.00066
14998 0.00066
14999 0.00066
15000 0.00066
15001 0.00066
15002 0.00066
15003 0.00066
15004 0.00066
15005 0.00066
15006 0.00066
15007 0.00066
15008 0.00066
15009 0.00066
15010 0.00066
15011 0.00066
15012 0.00066
15013 0.00066
15014 0.00066
15015 0.00066
15016 0.00066
15017 0.00066
15018 0.00066
15019 0.00066
15020 0.00066
15021 0.00066
15022 0.00066
15023 0.00066
15024 0.00066
15025 0.00066
15026 0.00066
15027 0.00066
15028 0.00066
15029 0.00066
15030 0.00066
15031 0.00066
15032 0.00066
15033 0.00066
15034 0.00066
15035 0.00066
15036 0.00066
15037 0.00066
15038 0.00066
15039 0.00066
15040 0.00066
15041 0.00066
15042 0.00066
15043 0.00066
15044 0.00066
15045 0.00066
15046 0.00066
15047 0.00066
15048 0.00066
15049 0.00066
15050 0.00066
15051 0.00066
15052 0.00066
15053 0.00066
15054 0.00066
15055 0.00066
15056 0.00066
15057 0.00066
15058 0.00066
15059 0.00066
15060 0.00066
15061 0.00066
15062 0.00066
15063 0.00066
15064 0.00066
15065 0.00066
15066 0.00066
15067 0.00066
15068 0.00066
15069 0.00066
15070 0.00066
15071 0.00066
15072 0.00066
15073 0.00066
15074 0.00066
15075 0.00066
15076 0.00066
15077 0.00066
15078 0.00066
15079 0.00066
15080 0.00066
15081 0.00066
15082 0.00066
15083 0.00066
15084 0.00066
15085 0.00066
15086 0.00066
15087 0.00066
15088 0.00066
15089 0.00066
15090 0.00066
15091 0.00066
15092 0.00066
15093 0.00066
15094 0.00066
15095 0.00066
15096 0.00066
15097 0.00066
15098 0.00066
15099 0.00066
15100 0.00066
15101 0.00066
15102 0.00066
15103 0.00066
15104 0.00066
15105 0.00066
15106 0.00066
15107 0.00066
15108 0.00066
15109 0.00066
15110 0.00066
15111 0.00066
15112 0.00066
15113 0.00066
15114 0.00066
15115 0.00066
15116 0.00066
15117 0.00066
15118 0.00066
15119 0.00066
15120 0.00066
15121 0.00066
15122 0.00066
15123 0.00066
15124 0.00066
15125 0.00066
15126 0.00066
15127 0.00066
15128 0.00066
15129 0.00066
15130 0.00066
15131 0.00066
15132 0.00066
15133 0.00066
15134 0.00066
15135 0.00066
15136 0.00066
15137 0.00066
15138 0.00066
15139 0.00066
15140 0.00066
15141 0.00066
15142 0.00066
15143 0.00066
15144 0.00066
15145 0.00066
15146 0.00066
15147 0.00066
15148 0.00066
15149 0.00066
15150 0.00066
15151 0.00066
15152 0.00066
15153 0.00066
15154 0.00066
15155 0.00066
15156 0.00066
15157 0.00066
15158 0.00066
15159 0.00066
15160 0.00066
15161 0.00066
15162 0.00066
15163 0.00066
15164 0.00066
15165 0.00066
15166 0.00066
15167 0.00066
15168 0.00066
15169 0.00066
15170 0.00066
15171 0.00066
15172 0.00066
15173 0.00066
15174 0.00066
15175 0.00066
15176 0.00066
15177 0.00066
15178 0.00066
15179 0.00066
15180 0.00066
15181 0.00066
15182 0.00066
15183 0.00066
15184 0.00066
15185 0.00066
15186 0.00066
15187 0.00066
15188 0.00066
15189 0.00066
15190 0.00066
15191 0.00066
15192 0.00066
15193 0.00066
15194 0.00066
15195 0.00066
15196 0.00066
15197 0.00066
15198 0.00066
15199 0.00066
15200 0.00066
15201 0.00066
15202 0.00066
15203 0.00066
15204 0.00066
15205 0.00066
15206 0.00066
15207 0.00066
15208 0.00066
15209 0.00066
15210 0.00066
15211 0.00066
15212 0.00066
15213 0.00066
15214 0.00066
15215 0.00066
15216 0.00066
15217 0.00066
15218 0.00066
15219 0.00066
15220 0.00066
15221 0.00066
15222 0.00066
15223 0.00066
15224 0.00066
15225 0.00066
15226 0.00066
15227 0.00066
15228 0.00066
15229 0.00066
15230 0.00066
15231 0.00066
15232 0.00066
15233 0.00066
15234 0.00066
15235 0.00066
15236 0.00066
15237 0.00066
15238 0.00066
15239 0.00066
15240 0.00066
15241 0.00066
15242 0.00066
15243 0.00066
15244 0.00066
15245 0.00066
15246 0.00066
15247 0.00066
15248 0.00066
15249 0.00066
15250 0.00066
15251 0.00066
15252 0.00066
15253 0.00066
15254 0.00066
15255 0.00066
15256 0.00066
15257 0.00066
15258 0.00066
15259 0.00066
15260 0.00066
15261 0.00066
15262 0.00066
15263 0.00066
15264 0.00066
15265 0.00066
15266 0.00066
15267 0.00066
15268 0.00066
15269 0.00066
15270 0.00066
15271 0.00066
15272 0.00066
15273 0.00066
15274 0.00066
15275 0.00066
15276 0.00066
15277 0.00066
15278 0.00066
15279 0.00066
15280 0.00066
15281 0.00066
15282 0.00066
15283 0.00066
15284 0.00066
15285 0.00066
15286 0.00066
15287 0.00066
15288 0.00066
15289 0.00066
15290 0.00066
15291 0.00066
15292 0.00066
15293 0.00066
15294 0.00066
15295 0.00066
15296 0.00066
15297 0.00066
15298 0.00066
15299 0.00066
15300 0.00066
15301 0.00066
15302 0.00066
15303 0.00066
15304 0.00066
15305 0.00066
15306 0.00066
15307 0.00066
15308 0.00066
15309 0.00066
15310 0.00066
15311 0.00066
15312 0.00066
15313 0.00066
15314 0.00066
15315 0.00066
15316 0.00066
15317 0.00066
15318 0.00066
15319 0.00066
15320 0.00066
15321 0.00066
15322 0.00066
15323 0.00066
15324 0.00066
15325 0.00066
15326 0.00066
15327 0.00066
15328 0.00066
15329 0.00066
15330 0.00066
15331 0.00066
15332 0.00066
15333 0.00066
15334 0.00066
15335 0.00066
15336 0.00066
15337 0.00066
15338 0.00066
15339 0.00066
15340 0.00066
15341 0.00066
15342 0.00066
15343 0.00066
15344 0.00066
15345 0.00066
15346 0.00066
15347 0.00066
15348 0.00066
15349 0.00066
15350 0.00066
15351 0.00066
15352 0.00066
15353 0.00066
15354 0.00066
15355 0.00066
15356 0.00066
15357 0.00066
15358 0.00066
15359 0.00066
15360 0.00066
15361 0.00066
15362 0.00066
15363 0.00066
15364 0.00066
15365 0.00066
15366 0.00066
15367 0.00066
15368 0.00066
15369 0.00066
15370 0.00066
15371 0.00066
15372 0.00066
15373 0.00066
15374 0.00066
15375 0.00066
15376 0.00066
15377 0.00066
15378 0.00066
15379 0.00066
15380 0.00066
15381 0.00066
15382 0.00066
15383 0.00066
15384 0.00066
15385 0.00066
15386 0.00066
15387 0.00066
15388 0.00066
15389 0.00066
15390 0.00066
15391 0.00066
15392 0.00066
15393 0.00066
15394 0.00066
15395 0.00066
15396 0.00066
15397 0.00066
15398 0.00066
15399 0.00066
15400 0.00066
15401 0.00066
15402 0.00066
15403 0.00066
15404 0.00066
15405 0.00066
15406 0.00066
15407 0.00066
15408 0.00066
15409 0.00066
15410 0.00066
15411 0.00066
15412 0.00066
15413 0.00066
15414 0.00066
15415 0.00066
15416 0.00066
15417 0.00066
15418 0.00066
15419 0.00066
15420 0.00066
15421 0.00066
15422 0.00066
15423 0.00066
15424 0.00066
15425 0.00066
15426 0.00066
15427 0.00066
15428 0.00066
15429 0.00066
15430 0.00066
15431 0.00066
15432 0.00066
15433 0.00066
15434 0.00066
15435 0.00066
15436 0.00066
15437 0.00066
15438 0.00066
15439 0.00066
15440 0.00066
15441 0.00066
15442 0.00066
15443 0.00066
15444 0.00066
15445 0.00066
15446 0.00066
15447 0.00066
15448 0.00066
15449 0.00066
15450 0.00066
15451 0.00066
15452 0.00066
15453 0.00066
15454 0.00066
15455 0.00066
15456 0.00066
15457 0.00066
15458 0.00066
15459 0.00066
15460 0.00066
15461 0.00066
15462 0.00066
15463 0.00066
15464 0.00066
15465 0.00066
15466 0.00066
15467 0.00066
15468 0.00066
15469 0.00066
15470 0.00066
15471 0.00066
15472 0.00066
15473 0.00066
15474 0.00066
15475 0.00066
15476 0.00066
15477 0.00066
15478 0.00066
15479 0.00066
15480 0.00066
15481 0.00066
15482 0.00066
15483 0.00066
15484 0.00066
15485 0.00066
15486 0.00066
15487 0.00066
15488 0.00066
15489 0.00066
15490 0.00066
15491 0.00066
15492 0.00066
15493 0.00066
15494 0.00066
15495 0.00066
15496 0.00066
15497 0.00066
15498 0.00066
15499 0.00066
15500 0.00066
15501 0.00066
15502 0.00066
15503 0.00066
15504 0.00066
15505 0.00066
15506 0.00066
15507 0.00066
15508 0.00066
15509 0.00066
15510 0.00066
15511 0.00066
15512 0.00066
15513 0.00066
15514 0.00066
15515 0.00066
15516 0.00066
15517 0.00066
15518 0.00066
15519 0.00066
15520 0.00066
15521 0.00066
15522 0.00066
15523 0.00066
15524 0.00066
15525 0.00066
15526 0.00066
15527 0.00066
15528 0.00066
15529 0.00066
15530 0.00066
15531 0.00066
15532 0.00066
15533 0.00066
15534 0.00066
15535 0.00066
15536 0.00066
15537 0.00066
15538 0.00066
15539 0.00066
15540 0.00066
15541 0.00066
15542 0.00066
15543 0.00066
15544 0.00066
15545 0.00066
15546 0.00066
15547 0.00066
15548 0.00066
15549 0.00066
15550 0.00066
15551 0.00066
15552 0.00066
15553 0.00066
15554 0.00066
15555 0.00066
15556 0.00066
15557 0.00066
15558 0.00066
15559 0.00066
15560 0.00066
15561 0.00066
15562 0.00066
15563 0.00066
15564 0.00066
15565 0.00066
15566 0.00066
15567 0.00066
15568 0.00066
15569 0.00066
15570 0.00066
15571 0.00066
15572 0.00066
15573 0.00066
15574 0.00066
15575 0.00066
15576 0.00066
15577 0.00066
15578 0.00066
15579 0.00066
15580 0.00066
15581 0.00066
15582 0.00066
15583 0.00066
15584 0.00066
15585 0.00066
15586 0.00066
15587 0.00066
15588 0.00066
15589 0.00066
15590 0.00066
15591 0.00066
15592 0.00066
15593 0.00066
15594 0.00066
15595 0.00066
15596 0.00066
15597 0.00066
15598 0.00066
15599 0.00066
15600 0.00066
15601 0.00066
15602 0.00066
15603 0.00066
15604 0.00066
15605 0.00066
15606 0.00066
15607 0.00066
15608 0.00066
15609 0.00066
15610 0.00066
15611 0.00066
15612 0.00066
15613 0.00066
15614 0.00066
15615 0.00066
15616 0.00066
15617 0.00066
15618 0.00066
15619 0.00066
15620 0.00066
15621 0.00066
15622 0.00066
15623 0.00066
15624 0.00066
15625 0.00066
15626 0.00066
15627 0.00066
15628 0.00066
15629 0.00066
15630 0.00066
15631 0.00066
15632 0.00066
15633 0.00066
15634 0.00066
15635 0.00066
15636 0.00066
15637 0.00066
15638 0.00066
15639 0.00066
15640 0.00066
15641 0.00066
15642 0.00066
15643 0.00066
15644 0.00066
15645 0.00066
15646 0.00066
15647 0.00066
15648 0.00066
15649 0.00066
15650 0.00066
15651 0.00066
15652 0.00066
15653 0.00066
15654 0.00066
15655 0.00066
15656 0.00066
15657 0.00066
15658 0.00066
15659 0.00066
15660 0.00066
15661 0.00066
15662 0.00066
15663 0.00066
15664 0.00066
15665 0.00066
15666 0.00066
15667 0.00066
15668 0.00066
15669 0.00066
15670 0.00066
15671 0.00066
15672 0.00066
15673 0.00066
15674 0.00066
15675 0.00066
15676 0.00066
15677 0.00066
15678 0.00066
15679 0.00066
15680 0.00066
15681 0.00066
15682 0.00066
15683 0.00066
15684 0.00066
15685 0.00066
15686 0.00066
15687 0.00066
15688 0.00066
15689 0.00066
15690 0.00066
15691 0.00066
15692 0.00066
15693 0.00066
15694 0.00066
15695 0.00066
15696 0.00066
15697 0.00066
15698 0.00066
15699 0.00066
15700 0.00066
15701 0.00066
15702 0.00066
15703 0.00066
15704 0.00066
15705 0.00066
15706 0.00066
15707 0.00066
15708 0.00066
15709 0.00066
15710 0.00066
15711 0.00066
15712 0.00066
15713 0.00066
15714 0.00066
15715 0.00066
15716 0.00066
15717 0.00066
15718 0.00066
15719 0.00066
15720 0.00066
15721 0.00066
15722 0.00066
15723 0.00066
15724 0.00066
15725 0.00066
15726 0.00066
15727 0.00066
15728 0.00066
15729 0.00066
15730 0.00066
15731 0.00066
15732 0.00066
15733 0.00066
15734 0.00066
15735 0.00066
15736 0.00066
15737 0.00066
15738 0.00066
15739 0.00066
15740 0.00066
15741 0.00066
15742 0.00066
15743 0.00066
15744 0.00066
15745 0.00066
15746 0.00066
15747 0.00066
15748 0.00066
15749 0.00066
15750 0.00066
15751 0.00066
15752 0.00066
15753 0.00066
15754 0.00066
15755 0.00066
15756 0.00066
15757 0.00066
15758 0.00066
15759 0.00066
15760 0.00066
15761 0.00066
15762 0.00066
15763 0.00066
15764 0.00066
15765 0.00066
15766 0.00066
15767 0.00066
15768 0.00066
15769 0.00066
15770 0.00066
15771 0.00066
15772 0.00066
15773 0.00066
15774 0.00066
15775 0.00066
15776 0.00066
15777 0.00066
15778 0.00066
15779 0.00066
15780 0.00066
15781 0.00066
15782 0.00066
15783 0.00066
15784 0.00066
15785 0.00066
15786 0.00066
15787 0.00066
15788 0.00066
15789 0.00066
15790 0.00066
15791 0.00066
15792 0.00066
15793 0.00066
15794 0.00066
15795 0.00066
15796 0.00066
15797 0.00066
15798 0.00066
15799 0.00066
15800 0.00066
15801 0.00066
15802 0.00066
15803 0.00066
15804 0.00066
15805 0.00066
15806 0.00066
15807 0.00066
15808 0.00066
15809 0.00066
15810 0.00066
15811 0.00066
15812 0.00066
15813 0.00066
15814 0.00066
15815 0.00066
15816 0.00066
15817 0.00066
15818 0.00066
15819 0.00066
15820 0.00066
15821 0.00066
15822 0.00066
15823 0.00066
15824 0.00066
15825 0.00066
15826 0.00066
15827 0.00066
15828 0.00066
15829 0.00066
15830 0.00066
15831 0.00066
15832 0.00066
15833 0.00066
15834 0.00066
15835 0.00066
15836 0.00066
15837 0.00066
15838 0.00066
15839 0.00066
15840 0.00066
15841 0.00066
15842 0.00066
15843 0.00066
15844 0.00066
15845 0.00066
15846 0.00066
15847 0.00066
15848 0.00066
15849 0.00066
15850 0.00066
15851 0.00066
15852 0.00066
15853 0.00066
15854 0.00066
15855 0.00066
15856 0.00066
15857 0.00066
15858 0.00066
15859 0.00066
15860 0.00066
15861 0.00066
15862 0.00066
15863 0.00066
15864 0.00066
15865 0.00066
15866 0.00066
15867 0.00066
15868 0.00066
15869 0.00066
15870 0.00066
15871 0.00066
15872 0.00066
15873 0.00066
15874 0.00066
15875 0.00066
15876 0.00066
15877 0.00066
15878 0.00066
15879 0.00066
15880 0.00066
15881 0.00066
15882 0.00066
15883 0.00066
15884 0.00066
15885 0.00066
15886 0.00066
15887 0.00066
15888 0.00066
15889 0.00066
15890 0.00066
15891 0.00066
15892 0.00066
15893 0.00066
15894 0.00066
15895 0.00066
15896 0.00066
15897 0.00066
15898 0.00066
15899 0.00066
15900 0.00066
15901 0.00066
15902 0.00066
15903 0.00066
15904 0.00066
15905 0.00066
15906 0.00066
15907 0.00066
15908 0.00066
15909 0.00066
15910 0.00066
15911 0.00066
15912 0.00066
15913 0.00066
15914 0.00066
15915 0.00066
15916 0.00066
15917 0.00066
15918 0.00066
15919 0.00066
15920 0.00066
15921 0.00066
15922 0.00066
15923 0.00066
15924 0.00066
15925 0.00066
15926 0.00066
15927 0.00066
15928 0.00066
15929 0.00066
15930 0.00066
15931 0.00066
15932 0.00066
15933 0.00066
15934 0.00066
15935 0.00066
15936 0.00066
15937 0.00066
15938 0.00066
15939 0.00066
15940 0.00066
15941 0.00066
15942 0.00066
15943 0.00066
15944 0.00066
15945 0.00066
15946 0.00066
15947 0.00066
15948 0.00066
15949 0.00066
15950 0.00066
15951 0.00066
15952 0.00066
15953 0.00066
15954 0.00066
15955 0.00066
15956 0.00066
15957 0.00066
15958 0.00066
15959 0.00066
15960 0.00066
15961 0.00066
15962 0.00066
15963 0.00066
15964 0.00066
15965 0.00066
15966 0.00066
15967 0.00066
15968 0.00066
15969 0.00066
15970 0.00066
15971 0.00066
15972 0.00066
15973 0.00066
15974 0.00066
15975 0.00066
15976 0.00066
15977 0.00066
15978 0.00066
15979 0.00066
15980 0.00066
15981 0.00066
15982 0.00066
15983 0.00066
15984 0.00066
15985 0.00066
15986 0.00066
15987 0.00066
15988 0.00066
15989 0.00066
15990 0.00066
15991 0.00066
15992 0.00066
15993 0.00066
15994 0.00066
15995 0.00066
15996 0.00066
15997 0.00066
15998 0.00066
15999 0.00066
16000 0.00066
16001 0.00066
16002 0.00066
16003 0.00066
16004 0.00066
16005 0.00066
16006 0.00066
16007 0.00066
16008 0.00066
16009 0.00066
16010 0.00066
16011 0.00066
16012 0.00066
16013 0.00066
16014 0.00066
16015 0.00066
16016 0.00066
16017 0.00066
16018 0.00066
16019 0.00066
16020 0.00066
16021 0.00066
16022 0.00066
16023 0.00066
16024 0.00066
16025 0.00066
16026 0.00066
16027 0.00066
16028 0.00066
16029 0.00066
16030 0.00066
16031 0.00066
16032 0.00066
16033 0.00066
16034 0.00066
16035 0.00066
16036 0.00066
16037 0.00066
16038 0.00066
16039 0.00066
16040 0.00066
16041 0.00066
16042 0.00066
16043 0.00066
16044 0.00066
16045 0.00066
16046 0.00066
16047 0.00066
16048 0.00066
16049 0.00066
16050 0.00066
16051 0.00066
16052 0.00066
16053 0.00066
16054 0.00066
16055 0.00066
16056 0.00066
16057 0.00066
16058 0.00066
16059 0.00066
16060 0.00066
16061 0.00066
16062 0.00066
16063 0.00066
16064 0.00066
16065 0.00066
16066 0.00066
16067 0.00066
16068 0.00066
16069 0.00066
16070 0.00066
16071 0.00066
16072 0.00066
16073 0.00066
16074 0.00066
16075 0.00066
16076 0.00066
16077 0.00066
16078 0.00066
16079 0.00066
16080 0.00066
16081 0.00066
16082 0.00066
16083 0.00066
16084 0.00066
16085 0.00066
16086 0.00066
16087 0.00066
16088 0.00066
16089 0.00066
16090 0.00066
16091 0.00066
16092 0.00066
16093 0.00066
16094 0.00066
16095 0.00066
16096 0.00066
16097 0.00066
16098 0.00066
16099 0.00066
16100 0.00066
16101 0.00066
16102 0.00066
16103 0.00066
16104 0.00066
16105 0.00066
16106 0.00066
16107 0.00066
16108 0.00066
16109 0.00066
16110 0.00066
16111 0.00066
16112 0.00066
16113 0.00066
16114 0.00066
16115 0.00066
16116 0.00066
16117 0.00066
16118 0.00066
16119 0.00066
16120 0.00066
16121 0.00066
16122 0.00066
16123 0.00066
16124 0.00066
16125 0.00066
16126 0.00066
16127 0.00066
16128 0.00066
16129 0.00066
16130 0.00066
16131 0.00066
16132 0.00066
16133 0.00066
16134 0.00066
16135 0.00066
16136 0.00066
16137 0.00066
16138 0.00066
16139 0.00066
16140 0.00066
16141 0.00066
16142 0.00066
16143 0.00066
16144 0.00066
16145 0.00066
16146 0.00066
16147 0.00066
16148 0.00066
16149 0.00066
16150 0.00066
16151 0.00066
16152 0.00066
16153 0.00066
16154 0.00066
16155 0.00066
16156 0.00066
16157 0.00066
16158 0.00066
16159 0.00066
16160 0.00066
16161 0.00066
16162 0.00066
16163 0.00066
16164 0.00066
16165 0.00066
16166 0.00066
16167 0.00066
16168 0.00066
16169 0.00066
16170 0.00066
16171 0.00066
16172 0.00066
16173 0.00066
16174 0.00066
16175 0.00066
16176 0.00066
16177 0.00066
16178 0.00066
16179 0.00066
16180 0.00066
16181 0.00066
16182 0.00066
16183 0.00066
16184 0.00066
16185 0.00066
16186 0.00066
16187 0.00066
16188 0.00066
16189 0.00066
16190 0.00066
16191 0.00066
16192 0.00066
16193 0.00066
16194 0.00066
16195 0.00066
16196 0.00066
16197 0.00066
16198 0.00066
16199 0.00066
16200 0.00066
16201 0.00066
16202 0.00066
16203 0.00066
16204 0.00066
16205 0.00066
16206 0.00066
16207 0.00066
16208 0.00066
16209 0.00066
16210 0.00066
16211 0.00066
16212 0.00066
16213 0.00066
16214 0.00066
16215 0.00066
16216 0.00066
16217 0.00066
16218 0.00066
16219 0.00066
16220 0.00066
16221 0.00066
16222 0.00066
16223 0.00066
16224 0.00066
16225 0.00066
16226 0.00066
16227 0.00066
16228 0.00066
16229 0.00066
16230 0.00066
16231 0.00066
16232 0.00066
16233 0.00066
16234 0.00066
16235 0.00066
16236 0.00066
16237 0.00066
16238 0.00066
16239 0.00066
16240 0.00066
16241 0.00066
16242 0.00066
16243 0.00066
16244 0.00066
16245 0.00066
16246 0.00066
16247 0.00066
16248 0.00066
16249 0.00066
16250 0.00066
16251 0.00066
16252 0.00066
16253 0.00066
16254 0.00066
16255 0.00066
16256 0.00066
16257 0.00066
16258 0.00066
16259 0.00066
16260 0.00066
16261 0.00066
16262 0.00066
16263 0.00066
16264 0.00066
16265 0.00066
16266 0.00066
16267 0.00066
16268 0.00066
16269 0.00066
16270 0.00066
16271 0.00066
16272 0.00066
16273 0.00066
16274 0.00066
16275 0.00066
16276 0.00066
16277 0.00066
16278 0.00066
16279 0.00066
16280 0.00066
16281 0.00066
16282 0.00066
16283 0.00066
16284 0.00066
16285 0.00066
16286 0.00066
16287 0.00066
16288 0.00066
16289 0.00066
16290 0.00066
16291 0.00066
16292 0.00066
16293 0.00066
16294 0.00066
16295 0.00066
16296 0.00066
16297 0.00066
16298 0.00066
16299 0.00066
16300 0.00066
16301 0.00066
16302 0.00066
16303 0.00066
16304 0.00066
16305 0.00066
16306 0.00066
16307 0.00066
16308 0.00066
16309 0.00066
16310 0.00066
16311 0.00066
16312 0.00066
16313 0.00066
16314 0.00066
16315 0.00066
16316 0.00066
16317 0.00066
16318 0.00066
16319 0.00066
16320 0.00066
16321 0.00066
16322 0.00066
16323 0.00066
16324 0.00066
16325 0.00066
16326 0.00066
16327 0.00066
16328 0.00066
16329 0.00066
16330 0.00066
16331 0.00066
16332 0.00066
16333 0.00066
16334 0.00066
16335 0.00066
16336 0.00066
16337 0.00066
16338 0.00066
16339 0.00066
16340 0.00066
16341 0.00066
16342 0.00066
16343 0.00066
16344 0.00066
16345 0.00066
16346 0.00066
16347 0.00066
16348 0.00066
16349 0.00066
16350 0.00066
16351 0.00066
16352 0.00066
16353 0.00066
16354 0.00066
16355 0.00066
16356 0.00066
16357 0.00066
16358 0.00066
16359 0.00066
16360 0.00066
16361 0.00066
16362 0.00066
16363 0.00066
16364 0.00066
16365 0.00066
16366 0.00066
16367 0.00066
16368 0.00066
16369 0.00066
16370 0.00066
16371 0.00066
16372 0.00066
16373 0.00066
16374 0.00066
16375 0.00066
16376 0.00066
16377 0.00066
16378 0.00066
16379 0.00066
16380 0.00066
16381 0.00066
16382 0.00066
16383 0.00066
16384 0.00066
16385 0.00066
16386 0.00066
16387 0.00066
16388 0.00066
16389 0.00066
16390 0.00066
16391 0.00066
16392 0.00066
16393 0.00066
16394 0.00066
16395 0.00066
16396 0.00066
16397 0.00066
16398 0.00066
16399 0.00066
16400 0.00066
16401 0.00066
16402 0.00066
16403 0.00066
16404 0.00066
16405 0.00066
16406 0.00066
16407 0.00066
16408 0.00066
16409 0.00066
16410 0.00066
16411 0.00066
16412 0.00066
16413 0.00066
16414 0.00066
16415 0.00066
16416 0.00066
16417 0.00066
16418 0.00066
16419 0.00066
16420 0.00066
16421 0.00066
16422 0.00066
16423 0.00066
16424 0.00066
16425 0.00066
16426 0.00066
16427 0.00066
16428 0.00066
16429 0.00066
16430 0.00066
16431 0.00066
16432 0.00066
16433 0.00066
16434 0.00066
16435 0.00066
16436 0.00066
16437 0.00066
16438 0.00066
16439 0.00066
16440 0.00066
16441 0.00066
16442 0.00066
16443 0.00066
16444 0.00066
16445 0.00066
16446 0.00066
16447 0.00066
16448 0.00066
16449 0.00066
16450 0.00066
16451 0.00066
16452 0.00066
16453 0.00066
16454 0.00066
16455 0.00066
16456 0.00066
16457 0.00066
16458 0.00066
16459 0.00066
16460 0.00066
16461 0.00066
16462 0.00066
16463 0.00066
16464 0.00066
16465 0.00066
16466 0.00066
16467 0.00066
16468 0.00066
16469 0.00066
16470 0.00066
16471 0.00066
16472 0.00066
16473 0.00066
16474 0.00066
16475 0.00066
16476 0.00066
16477 0.00066
16478 0.00066
16479 0.00066
16480 0.00066
16481 0.00066
16482 0.00066
16483 0.00066
16484 0.00066
16485 0.00066
16486 0.00066
16487 0.00066
16488 0.00066
16489 0.00066
16490 0.00066
16491 0.00066
16492 0.00066
16493 0.00066
16494 0.00066
16495 0.00066
16496 0.00066
16497 0.00066
16498 0.00066
16499 0.00066
16500 0.00066
16501 0.00066
16502 0.00066
16503 0.00066
16504 0.00066
16505 0.00066
16506 0.00066
16507 0.00066
16508 0.00066
16509 0.00066
16510 0.00066
16511 0.00066
16512 0.00066
16513 0.00066
16514 0.00066
16515 0.00066
16516 0.00066
16517 0.00066
16518 0.00066
16519 0.00066
16520 0.00066
16521 0.00066
16522 0.00066
16523 0.00066
16524 0.00066
16525 0.00066
16526 0.00066
16527 0.00066
16528 0.00066
16529 0.00066
16530 0.00066
16531 0.00066
16532 0.00066
16533 0.00066
16534 0.00066
16535 0.00066
16536 0.00066
16537 0.00066
16538 0.00066
16539 0.00066
16540 0.00066
16541 0.00066
16542 0.00066
16543 0.00066
16544 0.00066
16545 0.00066
16546 0.00066
16547 0.00066
16548 0.00066
16549 0.00066
16550 0.00066
16551 0.00066
16552 0.00066
16553 0.00066
16554 0.00066
16555 0.00066
16556 0.00066
16557 0.00066
16558 0.00066
16559 0.00066
16560 0.00066
16561 0.00066
16562 0.00066
16563 0.00066
16564 0.00066
16565 0.00066
16566 0.00066
16567 0.00066
16568 0.00066
16569 0.00066
16570 0.00066
16571 0.00066
16572 0.00066
16573 0.00066
16574 0.00066
16575 0.00066
16576 0.00066
16577 0.00066
16578 0.00066
16579 0.00066
16580 0.00066
16581 0.00066
16582 0.00066
16583 0.00066
16584 0.00066
16585 0.00066
16586 0.00066
16587 0.00066
16588 0.00066
16589 0.00066
16590 0.00066
16591 0.00066
16592 0.00066
16593 0.00066
16594 0.00066
16595 0.00066
16596 0.00066
16597 0.00066
16598 0.00066
16599 0.00066
16600 0.00066
16601 0.00066
16602 0.00066
16603 0.00066
16604 0.00066
16605 0.00066
16606 0.00066
16607 0.00066
16608 0.00066
16609 0.00066
16610 0.00066
16611 0.00066
16612 0.00066
16613 0.00066
16614 0.00066
16615 0.00066
16616 0.00066
16617 0.00066
16618 0.00066
16619 0.00066
16620 0.00066
16621 0.00066
16622 0.00066
16623 0.00066
16624 0.00066
16625 0.00066
16626 0.00066
16627 0.00066
16628 0.00066
16629 0.00066
16630 0.00066
16631 0.00066
16632 0.00066
16633 0.00066
16634 0.00066
16635 0.00066
16636 0.00066
16637 0.00066
16638 0.00066
16639 0.00066
16640 0.00066
16641 0.00066
16642 0.00066
16643 0.00066
16644 0.00066
16645 0.00066
16646 0.00066
16647 0.00066
16648 0.00066
16649 0.00066
16650 0.00066
16651 0.00066
16652 0.00066
16653 0.00066
16654 0.00066
16655 0.00066
16656 0.00066
16657 0.00066
16658 0.00066
16659 0.00066
16660 0.00066
16661 0.00066
16662 0.00066
16663 0.00066
16664 0.00066
16665 0.00066
16666 0.00066
16667 0.00066
16668 0.00066
16669 0.00066
16670 0.00066
16671 0.00066
16672 0.00066
16673 0.00066
16674 0.00066
16675 0.00066
16676 0.00066
16677 0.00066
16678 0.00066
16679 0.00066
16680 0.00066
16681 0.00066
16682 0.00066
16683 0.00066
16684 0.00066
16685 0.00066
16686 0.00066
16687 0.00066
16688 0.00066
16689 0.00066
16690 0.00066
16691 0.00066
16692 0.00066
16693 0.00066
16694 0.00066
16695 0.00066
16696 0.00066
16697 0.00066
16698 0.00066
16699 0.00066
16700 0.00066
16701 0.00066
16702 0.00066
16703 0.00066
16704 0.00066
16705 0.00066
16706 0.00066
16707 0.00066
16708 0.00066
16709 0.00066
16710 0.00066
16711 0.00066
16712 0.00066
16713 0.00066
16714 0.00066
16715 0.00066
16716 0.00066
16717 0.00066
16718 0.00066
16719 0.00066
16720 0.00066
16721 0.00066
16722 0.00066
16723 0.00066
16724 0.00066
16725 0.00066
16726 0.00066
16727 0.00066
16728 0.00066
16729 0.00066
16730 0.00066
16731 0.00066
16732 0.00066
16733 0.00066
16734 0.00066
16735 0.00066
16736 0.00066
16737 0.00066
16738 0.00066
16739 0.00066
16740 0.00066
16741 0.00066
16742 0.00066
16743 0.00066
16744 0.00066
16745 0.00066
16746 0.00066
16747 0.00066
16748 0.00066
16749 0.00066
16750 0.00066
16751 0.00066
16752 0.00066
16753 0.00066
16754 0.00066
16755 0.00066
16756 0.00066
16757 0.00066
16758 0.00066
16759 0.00066
16760 0.00066
16761 0.00066
16762 0.00066
16763 0.00066
16764 0.00066
16765 0.00066
16766 0.00066
16767 0.00066
16768 0.00066
16769 0.00066
16770 0.00066
16771 0.00066
16772 0.00066
16773 0.00066
16774 0.00066
16775 0.00066
16776 0.00066
16777 0.00066
16778 0.00066
16779 0.00066
16780 0.00066
16781 0.00066
16782 0.00066
16783 0.00066
16784 0.00066
16785 0.00066
16786 0.00066
16787 0.00066
16788 0.00066
16789 0.00066
16790 0.00066
16791 0.00066
16792 0.00066
16793 0.00066
16794 0.00066
16795 0.00066
16796 0.00066
16797 0.00066
16798 0.00066
16799 0.00066
16800 0.00066
16801 0.00066
16802 0.00066
16803 0.00066
16804 0.00066
16805 0.00066
16806 0.00066
16807 0.00066
16808 0.00066
16809 0.00066
16810 0.00066
16811 0.00066
16812 0.00066
16813 0.00066
16814 0.00066
16815 0.00066
16816 0.00066
16817 0.00066
16818 0.00066
16819 0.00066
16820 0.00066
16821 0.00066
16822 0.00066
16823 0.00066
16824 0.00066
16825 0.00066
16826 0.00066
16827 0.00066
16828 0.00066
16829 0.00066
16830 0.00066
16831 0.00066
16832 0.00066
16833 0.00066
16834 0.00066
16835 0.00066
16836 0.00066
16837 0.00066
16838 0.00066
16839 0.00066
16840 0.00066
16841 0.00066
16842 0.00066
16843 0.00066
16844 0.00066
16845 0.00066
16846 0.00066
16847 0.00066
16848 0.00066
16849 0.00066
16850 0.00066
16851 0.00066
16852 0.00066
16853 0.00066
16854 0.00066
16855 0.00066
16856 0.00066
16857 0.00066
16858 0.00066
16859 0.00066
16860 0.00066
16861 0.00066
16862 0.00066
16863 0.00066
16864 0.00066
16865 0.00066
16866 0.00066
16867 0.00066
16868 0.00066
16869 0.00066
16870 0.00066
16871 0.00066
16872 0.00066
16873 0.00066
16874 0.00066
16875 0.00066
16876 0.00066
16877 0.00066
16878 0.00066
16879 0.00066
16880 0.00066
16881 0.00066
16882 0.00066
16883 0.00066
16884 0.00066
16885 0.00066
16886 0.00066
16887 0.00066
16888 0.00066
16889 0.00066
16890 0.00066
16891 0.00066
16892 0.00066
16893 0.00066
16894 0.00066
16895 0.00066
16896 0.00066
16897 0.00066
16898 0.00066
16899 0.00066
16900 0.00066
16901 0.00066
16902 0.00066
16903 0.00066
16904 0.00066
16905 0.00066
16906 0.00066
16907 0.00066
16908 0.00066
16909 0.00066
16910 0.00066
16911 0.00066
16912 0.00066
16913 0.00066
16914 0.00066
16915 0.00066
16916 0.00066
16917 0.00066
16918 0.00066
16919 0.00066
16920 0.00066
16921 0.00066
16922 0.00066
16923 0.00066
16924 0.00066
16925 0.00066
16926 0.00066
16927 0.00066
16928 0.00066
16929 0.00066
16930 0.00066
16931 0.00066
16932 0.00066
16933 0.00066
16934 0.00066
16935 0.00066
16936 0.00066
16937 0.00066
16938 0.00066
16939 0.00066
16940 0.00066
16941 0.00066
16942 0.00066
16943 0.00066
16944 0.00066
16945 0.00066
16946 0.00066
16947 0.00066
16948 0.00066
16949 0.00066
16950 0.00066
16951 0.00066
16952 0.00066
16953 0.00066
16954 0.00066
16955 0.00066
16956 0.00066
16957 0.00066
16958 0.00066
16959 0.00066
16960 0.00066
16961 0.00066
16962 0.00066
16963 0.00066
16964 0.00066
16965 0.00066
16966 0.00066
16967 0.00066
16968 0.00066
16969 0.00066
16970 0.00066
16971 0.00066
16972 0.00066
16973 0.00066
16974 0.00066
16975 0.00066
16976 0.00066
16977 0.00066
16978 0.00066
16979 0.00066
16980 0.00066
16981 0.00066
16982 0.00066
16983 0.00066
16984 0.00066
16985 0.00066
16986 0.00066
16987 0.00066
16988 0.00066
16989 0.00066
16990 0.00066
16991 0.00066
16992 0.00066
16993 0.00066
16994 0.00066
16995 0.00066
16996 0.00066
16997 0.00066
16998 0.00066
16999 0.00066
17000 0.00066
17001 0.00066
17002 0.00066
17003 0.00066
17004 0.00066
17005 0.00066
17006 0.00066
17007 0.00066
17008 0.00066
17009 0.00066
17010 0.00066
17011 0.00066
17012 0.00066
17013 0.00066
17014 0.00066
17015 0.00066
17016 0.00066
17017 0.00066
17018 0.00066
17019 0.00066
17020 0.00066
17021 0.00066
17022 0.00066
17023 0.00066
17024 0.00066
17025 0.00066
17026 0.00066
17027 0.00066
17028 0.00066
17029 0.00066
17030 0.00066
17031 0.00066
17032 0.00066
17033 0.00066
17034 0.00066
17035 0.00066
17036 0.00066
17037 0.00066
17038 0.00066
17039 0.00066
17040 0.00066
17041 0.00066
17042 0.00066
17043 0.00066
17044 0.00066
17045 0.00066
17046 0.00066
17047 0.00066
17048 0.00066
17049 0.00066
17050 0.00066
17051 0.00066
17052 0.00066
17053 0.00066
17054 0.00066
17055 0.00066
17056 0.00066
17057 0.00066
17058 0.00066
17059 0.00066
17060 0.00066
17061 0.00066
17062 0.00066
17063 0.00066
17064 0.00066
17065 0.00066
17066 0.00066
17067 0.00066
17068 0.00066
17069 0.00066
17070 0.00066
17071 0.00066
17072 0.00066
17073 0.00066
17074 0.00066
17075 0.00066
17076 0.00066
17077 0.00066
17078 0.00066
17079 0.00066
17080 0.00066
17081 0.00066
17082 0.00066
17083 0.00066
17084 0.00066
17085 0.00066
17086 0.00066
17087 0.00066
17088 0.00066
17089 0.00066
17090 0.00066
17091 0.00066
17092 0.00066
17093 0.00066
17094 0.00066
17095 0.00066
17096 0.00066
17097 0.00066
17098 0.00066
17099 0.00066
17100 0.00066
17101 0.00066
17102 0.00066
17103 0.00066
17104 0.00066
17105 0.00066
17106 0.00066
17107 0.00066
17108 0.00066
17109 0.00066
17110 0.00066
17111 0.00066
17112 0.00066
17113 0.00066
17114 0.00066
17115 0.00066
17116 0.00066
17117 0.00066
17118 0.00066
17119 0.00066
17120 0.00066
17121 0.00066
17122 0.00066
17123 0.00066
17124 0.00066
17125 0.00066
17126 0.00066
17127 0.00066
17128 0.00066
17129 0.00066
17130 0.00066
17131 0.00066
17132 0.00066
17133 0.00066
17134 0.00066
17135 0.00066
17136 0.00066
17137 0.00066
17138 0.00066
17139 0.00066
17140 0.00066
17141 0.00066
17142 0.00066
17143 0.00066
17144 0.00066
17145 0.00066
17146 0.00066
17147 0.00066
17148 0.00066
17149 0.00066
17150 0.00066
17151 0.00066
17152 0.00066
17153 0.00066
17154 0.00066
17155 0.00066
17156 0.00066
17157 0.00066
17158 0.00066
17159 0.00066
17160 0.00066
17161 0.00066
17162 0.00066
17163 0.00066
17164 0.00066
17165 0.00066
17166 0.00066
17167 0.00066
17168 0.00066
17169 0.00066
17170 0.00066
17171 0.00066
17172 0.00066
17173 0.00066
17174 0.00066
17175 0.00066
17176 0.00066
17177 0.00066
17178 0.00066
17179 0.00066
17180 0.00066
17181 0.00066
17182 0.00066
17183 0.00066
17184 0.00066
17185 0.00066
17186 0.00066
17187 0.00066
17188 0.00066
17189 0.00066
17190 0.00066
17191 0.00066
17192 0.00066
17193 0.00066
17194 0.00066
17195 0.00066
17196 0.00066
17197 0.00066
17198 0.00066
17199 0.00066
17200 0.00066
17201 0.00066
17202 0.00066
17203 0.00066
17204 0.00066
17205 0.00066
17206 0.00066
17207 0.00066
17208 0.00066
17209 0.00066
17210 0.00066
17211 0.00066
17212 0.00066
17213 0.00066
17214 0.00066
17215 0.00066
17216 0.00066
17217 0.00066
17218 0.00066
17219 0.00066
17220 0.00066
17221 0.00066
17222 0.00066
17223 0.00066
17224 0.00066
17225 0.00066
17226 0.00066
17227 0.00066
17228 0.00066
17229 0.00066
17230 0.00066
17231 0.00066
17232 0.00066
17233 0.00066
17234 0.00066
17235 0.00066
17236 0.00066
17237 0.00066
17238 0.00066
17239 0.00066
17240 0.00066
17241 0.00066
17242 0.00066
17243 0.00066
17244 0.00066
17245 0.00066
17246 0.00066
17247 0.00066
17248 0.00066
17249 0.00066
17250 0.00066
17251 0.00066
17252 0.00066
17253 0.00066
17254 0.00066
17255 0.00066
17256 0.00066
17257 0.00066
17258 0.00066
17259 0.00066
17260 0.00066
17261 0.00066
17262 0.00066
17263 0.00066
17264 0.00066
17265 0.00066
17266 0.00066
17267 0.00066
17268 0.00066
17269 0.00066
17270 0.00066
17271 0.00066
17272 0.00066
17273 0.00066
17274 0.00066
17275 0.00066
17276 0.00066
17277 0.00066
17278 0.00066
17279 0.00066
17280 0.00066
17281 0.00066
17282 0.00066
17283 0.00066
17284 0.00066
17285 0.00066
17286 0.00066
17287 0.00066
17288 0.00066
17289 0.00066
17290 0.00066
17291 0.00066
17292 0.00066
17293 0.00066
17294 0.00066
17295 0.00066
17296 0.00066
17297 0.00066
17298 0.00066
17299 0.00066
17300 0.00066
17301 0.00066
17302 0.00066
17303 0.00066
17304 0.00066
17305 0.00066
17306 0.00066
17307 0.00066
17308 0.00066
17309 0.00066
17310 0.00066
17311 0.00066
17312 0.00066
17313 0.00066
17314 0.00066
17315 0.00066
17316 0.00066
17317 0.00066
17318 0.00066
17319 0.00066
17320 0.00066
17321 0.00066
17322 0.00066
17323 0.00066
17324 0.00066
17325 0.00066
17326 0.00066
17327 0.00066
17328 0.00066
17329 0.00066
17330 0.00066
17331 0.00066
17332 0.00066
17333 0.00066
17334 0.00066
17335 0.00066
17336 0.00066
17337 0.00066
17338 0.00066
17339 0.00066
17340 0.00066
17341 0.00066
17342 0.00066
17343 0.00066
17344 0.00066
17345 0.00066
17346 0.00066
17347 0.00066
17348 0.00066
17349 0.00066
17350 0.00066
17351 0.00066
17352 0.00066
17353 0.00066
17354 0.00066
17355 0.00066
17356 0.00066
17357 0.00066
17358 0.00066
17359 0.00066
17360 0.00066
17361 0.00066
17362 0.00066
17363 0.00066
17364 0.00066
17365 0.00066
17366 0.00066
17367 0.00066
17368 0.00066
17369 0.00066
17370 0.00066
17371 0.00066
17372 0.00066
17373 0.00066
17374 0.00066
17375 0.00066
17376 0.00066
17377 0.00066
17378 0.00066
17379 0.00066
17380 0.00066
17381 0.00066
17382 0.00066
17383 0.00066
17384 0.00066
17385 0.00066
17386 0.00066
17387 0.00066
17388 0.00066
17389 0.00066
17390 0.00066
17391 0.00066
17392 0.00066
17393 0.00066
17394 0.00066
17395 0.00066
17396 0.00066
17397 0.00066
17398 0.00066
17399 0.00066
17400 0.00066
17401 0.00066
17402 0.00066
17403 0.00066
17404 0.00066
17405 0.00066
17406 0.00066
17407 0.00066
17408 0.00066
17409 0.00066
17410 0.00066
17411 0.00066
17412 0.00066
17413 0.00066
17414 0.00066
17415 0.00066
17416 0.00066
17417 0.00066
17418 0.00066
17419 0.00066
17420 0.00066
17421 0.00066
17422 0.00066
17423 0.00066
17424 0.00066
17425 0.00066
17426 0.00066
17427 0.00066
17428 0.00066
17429 0.00066
17430 0.00066
17431 0.00066
17432 0.00066
17433 0.00066
17434 0.00066
17435 0.00066
17436 0.00066
17437 0.00066
17438 0.00066
17439 0.00066
17440 0.00066
17441 0.00066
17442 0.00066
17443 0.00066
17444 0.00066
17445 0.00066
17446 0.00066
17447 0.00066
17448 0.00066
17449 0.00066
17450 0.00066
17451 0.00066
17452 0.00066
17453 0.00066
17454 0.00066
17455 0.00066
17456 0.00066
17457 0.00066
17458 0.00066
17459 0.00066
17460 0.00066
17461 0.00066
17462 0.00066
17463 0.00066
17464 0.00066
17465 0.00066
17466 0.00066
17467 0.00066
17468 0.00066
17469 0.00066
17470 0.00066
17471 0.00066
17472 0.00066
17473 0.00066
17474 0.00066
17475 0.00066
17476 0.00066
17477 0.00066
17478 0.00066
17479 0.00066
17480 0.00066
17481 0.00066
17482 0.00066
17483 0.00066
17484 0.00066
17485 0.00066
17486 0.00066
17487 0.00066
17488 0.00066
17489 0.00066
17490 0.00066
17491 0.00066
17492 0.00066
17493 0.00066
17494 0.00066
17495 0.00066
17496 0.00066
17497 0.00066
17498 0.00066
17499 0.00066
17500 0.00066
17501 0.00066
17502 0.00066
17503 0.00066
17504 0.00066
17505 0.00066
17506 0.00066
17507 0.00066
17508 0.00066
17509 0.00066
17510 0.00066
17511 0.00066
17512 0.00066
17513 0.00066
17514 0.00066
17515 0.00066
17516 0.00066
17517 0.00066
17518 0.00066
17519 0.00066
17520 0.00066
17521 0.00072
17522 0.00081
17523 0.00084
17524 0.00085
17525 0.00085
17526 0.00085
17527 0.00085
17528 0.00085
17529 0.00085
17530 0.00085
17531 0.00085
17532 0.00085
17533 0.00085
17534 0.00085
17535 0.00085
17536 0.00085
17537 0.00085
17538 0.00085
17539 0.00085
17540 0.00085
17541 0.00085
17542 0.00085
17543 0.00085
17544 0.00085
17545 0.00085
17546 0.00085
17547 0.00085
17548 0.00085
17549 0.00085
17550 0.00085
17551 0.00085
17552 0.00085
17553 0.00085
17554 0.00085
17555 0.00085
17556 0.00085
17557 0.00085
17558 0.00085
17559 0.00085
17560 0.00085
17561 0.00085
17562 0.00085
17563 0.00085
17564 0.00085
17565 0.00085
17566 0.00085
17567 0.00085
17568 0.00085
17569 0.00085
17570 0.00085
17571 0.00085
17572 0.00085
17573 0.00085
17574 0.00085
17575 0.00085
17576 0.00085
17577 0.00085
17578 0.00085
17579 0.00085
17580 0.00085
17581 0.00085
17582 0.00085
17583 0.00085
17584 0.00085
17585 0.00085
17586 0.00085
17587 0.00085
17588 0.00085
17589 0.00085
17590 0.00085
17591 0.00085
17592 0.00085
17593 0.00085
17594 0.00085
17595 0.00085
17596 0.00085
17597 0.00085
17598 0.00085
17599 0.00085
17600 0.00085
17601 0.00085
17602 0.00085
17603 0.00085
17604 0.00085
17605 0.00085
17606 0.00085
17607 0.00085
17608 0.00085
17609 0.00085
17610 0.00085
17611 0.00085
17612 0.00085
17613 0.00085
17614 0.00085
17615 0.00085
17616 0.00085
17617 0.00085
17618 0.00085
17619 0.00085
17620 0.00085
17621 0.00085
17622 0.00085
17623 0.00085
17624 0.00085
17625 0.00085
17626 0.00085
17627 0.00085
17628 0.00085
17629 0.00085
17630 0.00085
17631 0.00085
17632 0.00085
17633 0.00085
17634 0.00085
17635 0.00085
17636 0.00085
17637 0.00085
17638 0.00085
17639 0.00085
17640 0.00085
17641 0.00085
17642 0.00085
17643 0.00085
17644 0.00085
17645 0.00085
17646 0.00085
17647 0.00085
17648 0.00085
17649 0.00085
17650 0.00085
17651 0.00085
17652 0.00085
17653 0.00085
17654 0.00085
17655 0.00085
17656 0.00085
17657 0.00085
17658 0.00085
17659 0.00085
17660 0.00085
17661 0.00085
17662 0.00085
17663 0.00085
17664 0.00085
17665 0.00085
17666 0.00085
17667 0.00085
17668 0.00085
17669 0.00085
17670 0.00085
17671 0.00085
17672 0.00085
17673 0.00085
17674 0.00085
17675 0.00085
17676 0.00085
17677 0.00085
17678 0.00085
17679 0.00085
17680 0.00085
17681 0.00085
17682 0.00085
17683 0.00085
17684 0.00085
17685 0.00085
17686 0.00085
17687 0.00085
17688 0.00085
17689 0.00085
17690 0.00085
17691 0.00085
17692 0.00085
17693 0.00085
17694 0.00085
17695 0.00085
17696 0.00085
17697 0.00085
17698 0.00085
17699 0.00085
17700 0.00085
17701 0.00085
17702 0.00085
17703 0.00085
17704 0.00085
17705 0.00085
17706 0.00085
17707 0.00085
17708 0.00085
17709 0.00085
17710 0.00085
17711 0.00085
17712 0.00085
17713 0.00085
17714 0.00085
17715 0.00085
17716 0.00085
17717 0.00085
17718 0.00085
17719 0.00085
17720 0.00085
17721 0.00085
17722 0.00085
17723 0.00085
17724 0.00085
17725 0.00085
17726 0.00085
17727 0.00085
17728 0.00085
17729 0.00085
17730 0.00085
17731 0.00085
17732 0.00085
17733 0.00085
17734 0.00085
17735 0.00085
17736 0.00085
17737 0.00085
17738 0.00085
17739 0.00085
17740 0.00085
17741 0.00085
17742 0.00085
17743 0.00085
17744 0.00085
17745 0.00085
17746 0.00085
17747 0.00085
17748 0.00085
17749 0.00085
17750 0.00085
17751 0.00085
17752 0.00085
17753 0.00085
17754 0.00085
17755 0.00085
17756 0.00085
17757 0.00085
17758 0.00085
17759 0.00085
17760 0.00085
17761 0.00085
17762 0.00085
17763 0.00085
17764 0.00085
17765 0.00085
17766 0.00085
17767 0.00085
17768 0.00085
17769 0.00085
17770 0.00085
17771 0.00085
17772 0.00085
17773 0.00085
17774 0.00085
17775 0.00085
17776 0.00085
17777 0.00085
17778 0.00085
17779 0.00085
17780 0.00085
17781 0.00085
17782 0.00085
17783 0.00085
17784 0.00085
17785 0.00085
17786 0.00085
17787 0.00085
17788 0.00085
17789 0.00085
17790 0.00085
17791 0.00085
17792 0.00085
17793 0.00085
17794 0.00085
17795 0.00085
17796 0.00085
17797 0.00085
17798 0.00085
17799 0.00085
17800 0.00085
17801 0.00085
17802 0.00085
17803 0.00085
17804 0.00085
17805 0.00085
17806 0.00085
17807 0.00085
17808 0.00085
17809 0.00085
17810 0.00085
17811 0.00085
17812 0.00085
17813 0.00085
17814 0.00085
17815 0.00085
17816 0.00085
17817 0.00085
17818 0.00085
17819 0.00085
17820 0.00085
17821 0.00085
17822 0.00085
17823 0.00085
17824 0.00085
17825 0.00085
17826 0.00085
17827 0.00085
17828 0.00085
17829 0.00085
17830 0.00085
17831 0.00085
17832 0.00085
17833 0.00085
17834 0.00085
17835 0.00085
17836 0.00085
17837 0.00085
17838 0.00085
17839 0.00085
17840 0.00085
17841 0.00085
17842 0.00085
17843 0.00085
17844 0.00085
17845 0.00085
17846 0.00085
17847 0.00085
17848 0.00085
17849 0.00085
17850 0.00085
17851 0.00085
17852 0.00085
17853 0.00085
17854 0.00085
17855 0.00085
17856 0.00085
17857 0.00085
17858 0.00085
17859 0.00085
17860 0.00085
17861 0.00085
17862 0.00085
17863 0.00085
17864 0.00085
17865 0.00085
17866 0.00085
17867 0.00085
17868 0.00085
17869 0.00085
17870 0.00085
17871 0.00085
17872 0.00085
17873 0.00085
17874 0.00085
17875 0.00085
17876 0.00085
17877 0.00085
17878 0.00085
17879 0.00085
17880 0.00085
17881 0.00085
17882 0.00085
17883 0.00085
17884 0.00085
17885 0.00085
17886 0.00085
17887 0.00085
17888 0.00085
17889 0.00085
17890 0.00085
17891 0.00085
17892 0.00085
17893 0.00085
17894 0.00085
17895 0.00085
17896 0.00085
17897 0.00085
17898 0.00085
17899 0.00085
17900 0.00085
17901 0.00085
17902 0.00085
17903 0.00085
17904 0.00085
17905 0.00085
17906 0.00085
17907 0.00085
17908 0.00085
17909 0.00085
17910 0.00085
17911 0.00085
17912 0.00085
17913 0.00085
17914 0.00085
17915 0.00085
17916 0.00085
17917 0.00085
17918 0.00085
17919 0.00085
17920 0.00085
17921 0.00085
17922 0.00085
17923 0.00085
17924 0.00085
17925 0.00085
17926 0.00085
17927 0.00085
17928 0.00085
17929 0.00085
17930 0.00085
17931 0.00085
17932 0.00085
17933 0.00085
17934 0.00085
17935 0.00085
17936 0.00085
17937 0.00085
17938 0.00085
17939 0.00085
17940 0.00085
17941 0.00085
17942 0.00085
17943 0.00085
17944 0.00085
17945 0.00085
17946 0.00085
17947 0.00085
17948 0.00085
17949 0.00085
17950 0.00085
17951 0.00085
17952 0.00085
17953 0.00085
17954 0.00085
17955 0.00085
17956 0.00085
17957 0.00085
17958 0.00085
17959 0.00085
17960 0.00085
17961 0.00085
17962 0.00085
17963 0.00085
17964 0.00085
17965 0.00085
17966 0.00085
17967 0.00085
17968 0.00085
17969 0.00085
17970 0.00085
17971 0.00085
17972 0.00085
17973 0.00085
17974 0.00085
17975 0.00085
17976 0.00085
17977 0.00085
17978 0.00085
17979 0.00085
17980 0.00085
17981 0.00085
17982 0.00085
17983 0.00085
17984 0.00085
17985 0.00085
17986 0.00085
17987 0.00085
17988 0.00085
17989 0.00085
17990 0.00085
17991 0.00085
17992 0.00085
17993 0.00085
17994 0.00085
17995 0.00085
17996 0.00085
17997 0.00085
17998 0.00085
17999 0.00085
18000 0.00085
18001 0.00085
18002 0.00085
18003 0.00085
18004 0.00085
18005 0.00085
18006 0.00085
18007 0.00085
18008 0.00085
18009 0.00085
18010 0.00085
18011 0.00085
18012 0.00085
18013 0.00085
18014 0.00085
18015 0.00085
18016 0.00085
18017 0.00085
18018 0.00085
18019 0.00085
18020 0.00085
18021 0.00085
18022 0.00085
18023 0.00085
18024 0.00085
18025 0.00085
18026 0.00085
18027 0.00085
18028 0.00085
18029 0.00085
18030 0.00085
18031 0.00085
18032 0.00085
18033 0.00085
18034 0.00085
18035 0.00085
18036 0.00085
18037 0.00085
18038 0.00085
18039 0.00085
18040 0.00085
18041 0.00085
18042 0.00085
18043 0.00085
18044 0.00085
18045 0.00085
18046 0.00085
18047 0.00085
18048 0.00085
18049 0.00085
18050 0.00085
18051 0.00085
18052 0.00085
18053 0.00085
18054 0.00085
18055 0.00085
18056 0.00085
18057 0.00085
18058 0.00085
18059 0.00085
18060 0.00085
18061 0.00085
18062 0.00085
18063 0.00085
18064 0.00085
18065 0.00085
18066 0.00085
18067 0.00085
18068 0.00085
18069 0.00085
18070 0.00085
18071 0.00085
18072 0.00085
18073 0.00085
18074 0.00085
18075 0.00085
18076 0.00085
18077 0.00085
18078 0.00085
18079 0.00085
18080 0.00085
18081 0.00085
18082 0.00085
18083 0.00085
18084 0.00085
18085 0.00085
18086 0.00085
18087 0.00085
18088 0.00085
18089 0.00085
18090 0.00085
18091 0.00085
18092 0.00085
18093 0.00085
18094 0.00085
18095 0.00085
18096 0.00085
18097 0.00085
18098 0.00085
18099 0.00085
18100 0.00085
18101 0.00085
18102 0.00085
18103 0.00085
18104 0.00085
18105 0.00085
18106 0.00085
18107 0.00085
18108 0.00085
18109 0.00085
18110 0.00085
18111 0.00085
18112 0.00085
18113 0.00085
18114 0.00085
18115 0.00085
18116 0.00085
18117 0.00085
18118 0.00085
18119 0.00085
18120 0.00085
18121 0.00085
18122 0.00085
18123 0.00085
18124 0.00085
18125 0.00085
18126 0.00085
18127 0.00085
18128 0.00085
18129 0.00085
18130 0.00085
18131 0.00085
18132 0.00085
18133 0.00085
18134 0.00085
18135 0.00085
18136 0.00085
18137 0.00085
18138 0.00085
18139 0.00085
18140 0.00085
18141 0.00085
18142 0.00085
18143 0.00085
18144 0.00085
18145 0.00085
18146 0.00085
18147 0.00085
18148 0.00085
18149 0.00085
18150 0.00085
18151 0.00085
18152 0.00085
18153 0.00085
18154 0.00085
18155 0.00085
18156 0.00085
18157 0.00085
18158 0.00085
18159 0.00085
18160 0.00085
18161 0.00085
18162 0.00085
18163 0.00085
18164 0.00085
18165 0.00085
18166 0.00085
18167 0.00085
18168 0.00085
18169 0.00085
18170 0.00085
18171 0.00085
18172 0.00085
18173 0.00085
18174 0.00085
18175 0.00085
18176 0.00085
18177 0.00085
18178 0.00085
18179 0.00085
18180 0.00085
18181 0.00085
18182 0.00085
18183 0.00085
18184 0.00085
18185 0.00085
18186 0.00085
18187 0.00085
18188 0.00085
18189 0.00085
18190 0.00085
18191 0.00085
18192 0.00085
18193 0.00085
18194 0.00085
18195 0.00085
18196 0.00085
18197 0.00085
18198 0.00085
18199 0.00085
18200 0.00085
18201 0.00085
18202 0.00085
18203 0.00085
18204 0.00085
18205 0.00085
18206 0.00085
18207 0.00085
18208 0.00085
18209 0.00085
18210 0.00085
18211 0.00085
18212 0.00085
18213 0.00085
18214 0.00085
18215 0.00085
18216 0.00085
18217 0.00085
18218 0.00085
18219 0.00085
18220 0.00085
18221 0.00085
18222 0.00085
18223 0.00085
18224 0.00085
18225 0.00085
18226 0.00085
18227 0.00085
18228 0.00085
18229 0.00085
18230 0.00085
18231 0.00085
18232 0.00085
18233 0.00085
18234 0.00085
18235 0.00085
18236 0.00085
18237 0.00085
18238 0.00085
18239 0.00085
18240 0.00085
18241 0.00085
18242 0.00085
18243 0.00085
18244 0.00085
18245 0.00085
18246 0.00085
18247 0.00085
18248 0.00085
18249 0.00085
18250 0.00085
18251 0.00085
18252 0.00085
18253 0.00085
18254 0.00085
18255 0.00085
18256 0.00085
18257 0.00085
18258 0.00085
18259 0.00085
18260 0.00085
18261 0.00085
18262 0.00085
18263 0.00085
18264 0.00085
18265 0.00085
18266 0.00085
18267 0.00085
18268 0.00085
18269 0.00085
18270 0.00085
18271 0.00085
18272 0.00085
18273 0.00085
18274 0.00085
18275 0.00085
18276 0.00085
18277 0.00085
18278 0.00085
18279 0.00085
18280 0.00085
18281 0.00085
18282 0.00085
18283 0.00085
18284 0.00085
18285 0.00085
18286 0.00085
18287 0.00085
18288 0.00085
18289 0.00085
18290 0.00085
18291 0.00085
18292 0.00085
18293 0.00085
18294 0.00085
18295 0.00085
18296 0.00085
18297 0.00085
18298 0.00085
18299 0.00085
18300 0.00085
18301 0.00085
18302 0.00085
18303 0.00085
18304 0.00085
18305 0.00085
18306 0.00085
18307 0.00085
18308 0.00085
18309 0.00085
18310 0.00085
18311 0.00085
18312 0.00085
18313 0.00085
18314 0.00085
18315 0.00085
18316 0.00085
18317 0.00085
18318 0.00085
18319 0.00085
18320 0.00085
18321 0.00085
18322 0.00085
18323 0.00085
18324 0.00085
18325 0.00085
18326 0.00085
18327 0.00085
18328 0.00085
18329 0.00085
18330 0.00085
18331 0.00085
18332 0.00085
18333 0.00085
18334 0.00085
18335 0.00085
18336 0.00085
18337 0.00085
18338 0.00085
18339 0.00085
18340 0.00085
18341 0.00085
18342 0.00085
18343 0.00085
18344 0.00085
18345 0.00085
18346 0.00085
18347 0.00085
18348 0.00085
18349 0.00085
18350 0.00085
18351 0.00085
18352 0.00085
18353 0.00085
18354 0.00085
18355 0.00085
18356 0.00085
18357 0.00085
18358 0.00085
18359 0.00085
18360 0.00085
18361 0.00085
18362 0.00085
18363 0.00085
18364 0.00085
18365 0.00085
18366 0.00085
18367 0.00085
18368 0.00085
18369 0.00085
18370 0.00085
18371 0.00085
18372 0.00085
18373 0.00085
18374 0.00085
18375 0.00085
18376 0.00085
18377 0.00085
18378 0.00085
18379 0.00085
18380 0.00085
18381 0.00085
18382 0.00085
18383 0.00085
18384 0.00085
18385 0.00085
18386 0.00085
18387 0.00085
18388 0.00085
18389 0.00085
18390 0.00085
18391 0.00085
18392 0.00085
18393 0.00085
18394 0.00085
18395 0.00085
18396 0.00085
18397 0.00085
18398 0.00085
18399 0.00085
18400 0.00085
18401 0.00085
18402 0.00085
18403 0.00085
18404 0.00085
18405 0.00085
18406 0.00085
18407 0.00085
18408 0.00085
18409 0.00085
18410 0.00085
18411 0.00085
18412 0.00085
18413 0.00085
18414 0.00085
18415 0.00085
18416 0.00085
18417 0.00085
18418 0.00085
18419 0.00085
18420 0.00085
18421 0.00085
18422 0.00085
18423 0.00085
18424 0.00085
18425 0.00085
18426 0.00085
18427 0.00085
18428 0.00085
18429 0.00085
18430 0.00085
18431 0.00085
18432 0.00085
18433 0.00085
18434 0.00085
18435 0.00085
18436 0.00085
18437 0.00085
18438 0.00085
18439 0.00085
18440 0.00085
18441 0.00085
18442 0.00085
18443 0.00085
18444 0.00085
18445 0.00085
18446 0.00085
18447 0.00085
18448 0.00085
18449 0.00085
18450 0.00085
18451 0.00085
18452 0.00085
18453 0.00085
18454 0.00085
18455 0.00085
18456 0.00085
18457 0.00085
18458 0.00085
18459 0.00085
18460 0.00085
18461 0.00085
18462 0.00085
18463 0.00085
18464 0.00085
18465 0.00085
18466 0.00085
18467 0.00085
18468 0.00085
18469 0.00085
18470 0.00085
18471 0.00085
18472 0.00085
18473 0.00085
18474 0.00085
18475 0.00085
18476 0.00085
18477 0.00085
18478 0.00085
18479 0.00085
18480 0.00085
18481 0.00085
18482 0.00085
18483 0.00085
18484 0.00085
18485 0.00085
18486 0.00085
18487 0.00085
18488 0.00085
18489 0.00085
18490 0.00085
18491 0.00085
18492 0.00085
18493 0.00085
18494 0.00085
18495 0.00085
18496 0.00085
18497 0.00085
18498 0.00085
18499 0.00085
18500 0.00085
18501 0.00085
18502 0.00085
18503 0.00085
18504 0.00085
18505 0.00085
18506 0.00085
18507 0.00085
18508 0.00085
18509 0.00085
18510 0.00085
18511 0.00085
18512 0.00085
18513 0.00085
18514 0.00085
18515 0.00085
18516 0.00085
18517 0.00085
18518 0.00085
18519 0.00085
18520 0.00085
18521 0.00085
18522 0.00085
18523 0.00085
18524 0.00085
18525 0.00085
18526 0.00085
18527 0.00085
18528 0.00085
18529 0.00085
18530 0.00085
18531 0.00085
18532 0.00085
18533 0.00085
18534 0.00085
18535 0.00085
18536 0.00085
18537 0.00085
18538 0.00085
18539 0.00085
18540 0.00085
18541 0.00085
18542 0.00085
18543 0.00085
18544 0.00085
18545 0.00085
18546 0.00085
18547 0.00085
18548 0.00085
18549 0.00085
18550 0.00085
18551 0.00085
18552 0.00085
18553 0.00085
18554 0.00085
18555 0.00085
18556 0.00085
18557 0.00085
18558 0.00085
18559 0.00085
18560 0.00085
18561 0.00085
18562 0.00085
18563 0.00085
18564 0.00085
18565 0.00085
18566 0.00085
18567 0.00085
18568 0.00085
18569 0.00085
18570 0.00085
18571 0.00085
18572 0.00085
18573 0.00085
18574 0.00085
18575 0.00085
18576 0.00085
18577 0.00085
18578 0.00085
18579 0.00085
18580 0.00085
18581 0.00085
18582 0.00085
18583 0.00085
18584 0.00085
18585 0.00085
18586 0.00085
18587 0.00085
18588 0.00085
18589 0.00085
18590 0.00085
18591 0.00085
18592 0.00085
18593 0.00085
18594 0.00085
18595 0.00085
18596 0.00085
18597 0.00085
18598 0.00085
18599 0.00085
18600 0.00085
18601 0.00085
18602 0.00085
18603 0.00085
18604 0.00085
18605 0.00085
18606 0.00085
18607 0.00085
18608 0.00085
18609 0.00085
18610 0.00085
18611 0.00085
18612 0.00085
18613 0.00085
18614 0.00085
18615 0.00085
18616 0.00085
18617 0.00085
18618 0.00085
18619 0.00085
18620 0.00085
18621 0.00085
18622 0.00085
18623 0.00085
18624 0.00085
18625 0.00085
18626 0.00085
18627 0.00085
18628 0.00085
18629 0.00085
18630 0.00085
18631 0.00085
18632 0.00085
18633 0.00085
18634 0.00085
18635 0.00085
18636 0.00085
18637 0.00085
18638 0.00085
18639 0.00085
18640 0.00085
18641 0.00085
18642 0.00085
18643 0.00085
18644 0.00085
18645 0.00085
18646 0.00085
18647 0.00085
18648 0.00085
18649 0.00085
18650 0.00085
18651 0.00085
18652 0.00085
18653 0.00085
18654 0.00085
18655 0.00085
18656 0.00085
18657 0.00085
18658 0.00085
18659 0.00085
18660 0.00085
18661 0.00085
18662 0.00085
18663 0.00085
18664 0.00085
18665 0.00085
18666 0.00085
18667 0.00085
18668 0.00085
18669 0.00085
18670 0.00085
18671 0.00085
18672 0.00085
18673 0.00085
18674 0.00085
18675 0.00085
18676 0.00085
18677 0.00085
18678 0.00085
18679 0.00085
18680 0.00085
18681 0.00085
18682 0.00085
18683 0.00085
18684 0.00085
18685 0.00085
18686 0.00085
18687 0.00085
18688 0.00085
18689 0.00085
18690 0.00085
18691 0.00085
18692 0.00085
18693 0.00085
18694 0.00085
18695 0.00085
18696 0.00085
18697 0.00085
18698 0.00085
18699 0.00085
18700 0.00085
18701 0.00085
18702 0.00085
18703 0.00085
18704 0.00085
18705 0.00085
18706 0.00085
18707 0.00085
18708 0.00085
18709 0.00085
18710 0.00085
18711 0.00085
18712 0.00085
18713 0.00085
18714 0.00085
18715 0.00085
18716 0.00085
18717 0.00085
18718 0.00085
18719 0.00085
18720 0.00085
18721 0.00085
18722 0.00085
18723 0.00085
18724 0.00085
18725 0.00085
18726 0.00085
18727 0.00085
18728 0.00085
18729 0.00085
18730 0.00085
18731 0.00085
18732 0.00085
18733 0.00085
18734 0.00085
18735 0.00085
18736 0.00085
18737 0.00085
18738 0.00085
18739 0.00085
18740 0.00085
18741 0.00085
18742 0.00085
18743 0.00085
18744 0.00085
18745 0.00085
18746 0.00085
18747 0.00085
18748 0.00085
18749 0.00085
18750 0.00085
18751 0.00085
18752 0.00085
18753 0.00085
18754 0.00085
18755 0.00085
18756 0.00085
18757 0.00085
18758 0.00085
18759 0.00085
18760 0.00085
18761 0.00085
18762 0.00085
18763 0.00085
18764 0.00085
18765 0.00085
18766 0.00085
18767 0.00085
18768 0.00085
18769 0.00085
18770 0.00085
18771 0.00085
18772 0.00085
18773 0.00085
18774 0.00085
18775 0.00085
18776 0.00085
18777 0.00085
18778 0.00085
18779 0.00085
18780 0.00085
18781 0.00085
18782 0.00085
18783 0.00085
18784 0.00085
18785 0.00085
18786 0.00085
18787 0.00085
18788 0.00085
18789 0.00085
18790 0.00085
18791 0.00085
18792 0.00085
18793 0.00085
18794 0.00085
18795 0.00085
18796 0.00085
18797 0.00085
18798 0.00085
18799 0.00085
18800 0.00085
18801 0.00085
18802 0.00085
18803 0.00085
18804 0.00085
18805 0.00085
18806 0.00085
18807 0.00085
18808 0.00085
18809 0.00085
18810 0.00085
18811 0.00085
18812 0.00085
18813 0.00085
18814 0.00085
18815 0.00085
18816 0.00085
18817 0.00085
18818 0.00085
18819 0.00085
18820 0.00085
18821 0.00085
18822 0.00085
18823 0.00085
18824 0.00085
18825 0.00085
18826 0.00085
18827 0.00085
18828 0.00085
18829 0.00085
18830 0.00085
18831 0.00085
18832 0.00085
18833 0.00085
18834 0.00085
18835 0.00085
18836 0.00085
18837 0.00085
18838 0.00085
18839 0.00085
18840 0.00085
18841 0.00085
18842 0.00085
18843 0.00085
18844 0.00085
18845 0.00085
18846 0.00085
18847 0.00085
18848 0.00085
18849 0.00085
18850 0.00085
18851 0.00085
18852 0.00085
18853 0.00085
18854 0.00085
18855 0.00085
18856 0.00085
18857 0.00085
18858 0.00085
18859 0.00085
18860 0.00085
18861 0.00085
18862 0.00085
18863 0.00085
18864 0.00085
18865 0.00085
18866 0.00085
18867 0.00085
18868 0.00085
18869 0.00085
18870 0.00085
18871 0.00085
18872 0.00085
18873 0.00085
18874 0.00085
18875 0.00085
18876 0.00085
18877 0.00085
18878 0.00085
18879 0.00085
18880 0.00085
18881 0.00085
18882 0.00085
18883 0.00085
18884 0.00085
18885 0.00085
18886 0.00085
18887 0.00085
18888 0.00085
18889 0.00085
18890 0.00085
18891 0.00085
18892 0.00085
18893 0.00085
18894 0.00085
18895 0.00085
18896 0.00085
18897 0.00085
18898 0.00085
18899 0.00085
18900 0.00085
18901 0.00085
18902 0.00085
18903 0.00085
18904 0.00085
18905 0.00085
18906 0.00085
18907 0.00085
18908 0.00085
18909 0.00085
18910 0.00085
18911 0.00085
18912 0.00085
18913 0.00085
18914 0.00085
18915 0.00085
18916 0.00085
18917 0.00085
18918 0.00085
18919 0.00085
18920 0.00085
18921 0.00085
18922 0.00085
18923 0.00085
18924 0.00085
18925 0.00085
18926 0.00085
18927 0.00085
18928 0.00085
18929 0.00085
18930 0.00085
18931 0.00085
18932 0.00085
18933 0.00085
18934 0.00085
18935 0.00085
18936 0.00085
18937 0.00085
18938 0.00085
18939 0.00085
18940 0.00085
18941 0.00085
18942 0.00085
18943 0.00085
18944 0.00085
18945 0.00085
18946 0.00085
18947 0.00085
18948 0.00085
18949 0.00085
18950 0.00085
18951 0.00085
18952 0.00085
18953 0.00085
18954 0.00085
18955 0.00085
18956 0.00085
18957 0.00085
18958 0.00085
18959 0.00085
18960 0.00085
18961 0.00085
18962 0.00085
18963 0.00085
18964 0.00085
18965 0.00085
18966 0.00085
18967 0.00085
18968 0.00085
18969 0.00085
18970 0.00085
18971 0.00085
18972 0.00085
18973 0.00085
18974 0.00085
18975 0.00085
18976 0.00085
18977 0.00085
18978 0.00085
18979 0.00085
18980 0.00085
18981 0.00085
18982 0.00085
18983 0.00085
18984 0.00085
18985 0.00085
18986 0.00085
18987 0.00085
18988 0.00085
18989 0.00085
18990 0.00085
18991 0.00085
18992 0.00085
18993 0.00085
18994 0.00085
18995 0.00085
18996 0.00085
18997 0.00085
18998 0.00085
18999 0.00085
19000 0.00085
19001 0.00085
19002 0.00085
19003 0.00085
19004 0.00085
19005 0.00085
19006 0.00085
19007 0.00085
19008 0.00085
19009 0.00085
19010 0.00085
19011 0.00085
19012 0.00085
19013 0.00085
19014 0.00085
19015 0.00085
19016 0.00085
19017 0.00085
19018 0.00085
19019 0.00085
19020 0.00085
19021 0.00085
19022 0.00085
19023 0.00085
19024 0.00085
19025 0.00085
19026 0.00085
19027 0.00085
19028 0.00085
19029 0.00085
19030 0.00085
19031 0.00085
19032 0.00085
19033 0.00085
19034 0.00085
19035 0.00085
19036 0.00085
19037 0.00085
19038 0.00085
19039 0.00085
19040 0.00085
19041 0.00085
19042 0.00085
19043 0.00085
19044 0.00085
19045 0.00085
19046 0.00085
19047 0.00085
19048 0.00085
19049 0.00085
19050 0.00085
19051 0.00085
19052 0.00085
19053 0.00085
19054 0.00085
19055 0.00085
19056 0.00085
19057 0.00085
19058 0.00085
19059 0.00085
19060 0.00085
19061 0.00085
19062 0.00085
19063 0.00085
19064 0.00085
19065 0.00085
19066 0.00085
19067 0.00085
19068 0.00085
19069 0.00085
19070 0.00085
19071 0.00085
19072 0.00085
19073 0.00085
19074 0.00085
19075 0.00085
19076 0.00085
19077 0.00085
19078 0.00085
19079 0.00085
19080 0.00085
19081 0.00085
19082 0.00085
19083 0.00085
19084 0.00085
19085 0.00085
19086 0.00085
19087 0.00085
19088 0.00085
19089 0.00085
19090 0.00085
19091 0.00085
19092 0.00085
19093 0.00085
19094 0.00085
19095 0.00085
19096 0.00085
19097 0.00085
19098 0.00085
19099 0.00085
19100 0.00085
19101 0.00085
19102 0.00085
19103 0.00085
19104 0.00085
19105 0.00085
19106 0.00085
19107 0.00085
19108 0.00085
19109 0.00085
19110 0.00085
19111 0.00085
19112 0.00085
19113 0.00085
19114 0.00085
19115 0.00085
19116 0.00085
19117 0.00085
19118 0.00085
19119 0.00085
19120 0.00085
19121 0.00085
19122 0.00085
19123 0.00085
19124 0.00085
19125 0.00085
19126 0.00085
19127 0.00085
19128 0.00085
19129 0.00085
19130 0.00085
19131 0.00085
19132 0.00085
19133 0.00085
19134 0.00085
19135 0.00085
19136 0.00085
19137 0.00085
19138 0.00085
19139 0.00085
19140 0.00085
19141 0.00085
19142 0.00085
19143 0.00085
19144 0.00085
19145 0.00085
19146 0.00085
19147 0.00085
19148 0.00085
19149 0.00085
19150 0.00085
19151 0.00085
19152 0.00085
19153 0.00085
19154 0.00085
19155 0.00085
19156 0.00085
19157 0.00085
19158 0.00085
19159 0.00085
19160 0.00085
19161 0.00085
19162 0.00085
19163 0.00085
19164 0.00085
19165 0.00085
19166 0.00085
19167 0.00085
19168 0.00085
19169 0.00085
19170 0.00085
19171 0.00085
19172 0.00085
19173 0.00085
19174 0.00085
19175 0.00085
19176 0.00085
19177 0.00085
19178 0.00085
19179 0.00085
19180 0.00085
19181 0.00085
19182 0.00085
19183 0.00085
19184 0.00085
19185 0.00085
19186 0.00085
19187 0.00085
19188 0.00085
19189 0.00085
19190 0.00085
19191 0.00085
19192 0.00085
19193 0.00085
19194 0.00085
19195 0.00085
19196 0.00085
19197 0.00085
19198 0.00085
19199 0.00085
19200 0.00085
19201 0.00085
19202 0.00085
19203 0.00085
19204 0.00085
19205 0.00085
19206 0.00085
19207 0.00085
19208 0.00085
19209 0.00085
19210 0.00085
19211 0.00085
19212 0.00085
19213 0.00085
19214 0.00085
19215 0.00085
19216 0.00085
19217 0.00085
19218 0.00085
19219 0.00085
19220 0.00085
19221 0.00085
19222 0.00085
19223 0.00085
19224 0.00085
19225 0.00085
19226 0.00085
19227 0.00085
19228 0.00085
19229 0.00085
19230 0.00085
19231 0.00085
19232 0.00085
19233 0.00085
19234 0.00085
19235 0.00085
19236 0.00085
19237 0.00085
19238 0.00085
19239 0.00085
19240 0.00085
19241 0.00085
19242 0.00085
19243 0.00085
19244 0.00085
19245 0.00085
19246 0.00085
19247 0.00085
19248 0.00085
19249 0.00085
19250 0.00085
19251 0.00085
19252 0.00085
19253 0.00085
19254 0.00085
19255 0.00085
19256 0.00085
19257 0.00085
19258 0.00085
19259 0.00085
19260 0.00085
19261 0.00085
19262 0.00085
19263 0.00085
19264 0.00085
19265 0.00085
19266 0.00085
19267 0.00085
19268 0.00085
19269 0.00085
19270 0.00085
19271 0.00085
19272 0.00085
19273 0.00085
19274 0.00085
19275 0.00085
19276 0.00085
19277 0.00085
19278 0.00085
19279 0.00085
19280 0.00085
19281 0.00085
19282 0.00085
19283 0.00085
19284 0.00085
19285 0.00085
19286 0.00085
19287 0.00085
19288 0.00085
19289 0.00085
19290 0.00085
19291 0.00085
19292 0.00085
19293 0.00085
19294 0.00085
19295 0.00085
19296 0.00085
19297 0.00085
19298 0.00085
19299 0.00085
19300 0.00085
19301 0.00085
19302 0.00085
19303 0.00085
19304 0.00085
19305 0.00085
19306 0.00085
19307 0.00085
19308 0.00085
19309 0.00085
19310 0.00085
19311 0.00085
19312 0.00085
19313 0.00085
19314 0.00085
19315 0.00085
19316 0.00085
19317 0.00085
19318 0.00085
19319 0.00085
19320 0.00085
19321 0.00085
19322 0.00085
19323 0.00085
19324 0.00085
19325 0.00085
19326 0.00085
19327 0.00085
19328 0.00085
19329 0.00085
19330 0.00085
19331 0.00085
19332 0.00085
19333 0.00085
19334 0.00085
19335 0.00085
19336 0.00085
19337 0.00085
19338 0.00085
19339 0.00085
19340 0.00085
19341 0.00085
19342 0.00085
19343 0.00085
19344 0.00085
19345 0.00085
19346 0.00085
19347 0.00085
19348 0.00085
19349 0.00085
19350 0.00085
19351 0.00085
19352 0.00085
19353 0.00085
19354 0.00085
19355 0.00085
19356 0.00085
19357 0.00085
19358 0.00085
19359 0.00085
19360 0.00085
19361 0.00085
19362 0.00085
19363 0.00085
19364 0.00085
19365 0.00085
19366 0.00085
19367 0.00085
19368 0.00085
19369 0.00085
19370 0.00085
19371 0.00085
19372 0.00085
19373 0.00085
19374 0.00085
19375 0.00085
19376 0.00085
19377 0.00085
19378 0.00085
19379 0.00085
19380 0.00085
19381 0.00085
19382 0.00085
19383 0.00085
19384 0.00085
19385 0.00085
19386 0.00085
19387 0.00085
19388 0.00085
19389 0.00085
19390 0.00085
19391 0.00085
19392 0.00085
19393 0.00085
19394 0.00085
19395 0.00085
19396 0.00085
19397 0.00085
19398 0.00085
19399 0.00085
19400 0.00085
19401 0.00085
19402 0.00085
19403 0.00085
19404 0.00085
19405 0.00085
19406 0.00085
19407 0.00085
19408 0.00085
19409 0.00085
19410 0.00085
19411 0.00085
19412 0.00085
19413 0.00085
19414 0.00085
19415 0.00085
19416 0.00085
19417 0.00085
19418 0.00085
19419 0.00085
19420 0.00085
19421 0.00085
19422 0.00085
19423 0.00085
19424 0.00085
19425 0.00085
19426 0.00085
19427 0.00085
19428 0.00085
19429 0.00085
19430 0.00085
19431 0.00085
19432 0.00085
19433 0.00085
19434 0.00085
19435 0.00085
19436 0.00085
19437 0.00085
19438 0.00085
19439 0.00085
19440 0.00085
19441 0.00085
19442 0.00085
19443 0.00085
19444 0.00085
19445 0.00085
19446 0.00085
19447 0.00085
19448 0.00085
19449 0.00085
19450 0.00085
19451 0.00085
19452 0.00085
19453 0.00085
19454 0.00085
19455 0.00085
19456 0.00085
19457 0.00085
19458 0.00085
19459 0.00085
19460 0.00085
19461 0.00085
19462 0.00085
19463 0.00085
19464 0.00085
19465 0.00085
19466 0.00085
19467 0.00085
19468 0.00085
19469 0.00085
19470 0.00085
19471 0.00085
19472 0.00085
19473 0.00085
19474 0.00085
19475 0.00085
19476 0.00085
19477 0.00085
19478 0.00085
19479 0.00085
19480 0.00085
19481 0.00085
19482 0.00085
19483 0.00085
19484 0.00085
19485 0.00085
19486 0.00085
19487 0.00085
19488 0.00085
19489 0.00085
19490 0.00085
19491 0.00085
19492 0.00085
19493 0.00085
19494 0.00085
19495 0.00085
19496 0.00085
19497 0.00085
19498 0.00085
19499 0.00085
19500 0.00085
19501 0.00085
19502 0.00085
19503 0.00085
19504 0.00085
19505 0.00085
19506 0.00085
19507 0.00085
19508 0.00085
19509 0.00085
19510 0.00085
19511 0.00085
19512 0.00085
19513 0.00085
19514 0.00085
19515 0.00085
19516 0.00085
19517 0.00085
19518 0.00085
19519 0.00085
19520 0.00085
19521 0.00085
19522 0.00085
19523 0.00085
19524 0.00085
19525 0.00085
19526 0.00085
19527 0.00085
19528 0.00085
19529 0.00085
19530 0.00085
19531 0.00085
19532 0.00085
19533 0.00085
19534 0.00085
19535 0.00085
19536 0.00085
19537 0.00085
19538 0.00085
19539 0.00085
19540 0.00085
19541 0.00085
19542 0.00085
19543 0.00085
19544 0.00085
19545 0.00085
19546 0.00085
19547 0.00085
19548 0.00085
19549 0.00085
19550 0.00085
19551 0.00085
19552 0.00085
19553 0.00085
19554 0.00085
19555 0.00085
19556 0.00085
19557 0.00085
19558 0.00085
19559 0.00085
19560 0.00085
19561 0.00085
19562 0.00085
19563 0.00085
19564 0.00085
19565 0.00085
19566 0.00085
19567 0.00085
19568 0.00085
19569 0.00085
19570 0.00085
19571 0.00085
19572 0.00085
19573 0.00085
19574 0.00085
19575 0.00085
19576 0.00085
19577 0.00085
19578 0.00085
19579 0.00085
19580 0.00085
19581 0.00085
19582 0.00085
19583 0.00085
19584 0.00085
19585 0.00085
19586 0.00085
19587 0.00085
19588 0.00085
19589 0.00085
19590 0.00085
19591 0.00085
19592 0.00085
19593 0.00085
19594 0.00085
19595 0.00085
19596 0.00085
19597 0.00085
19598 0.00085
19599 0.00085
19600 0.00085
19601 0.00085
19602 0.00085
19603 0.00085
19604 0.00085
19605 0.00085
19606 0.00085
19607 0.00085
19608 0.00085
19609 0.00085
19610 0.00085
19611 0.00085
19612 0.00085
19613 0.00085
19614 0.00085
19615 0.00085
19616 0.00085
19617 0.00085
19618 0.00085
19619 0.00085
19620 0.00085
19621 0.00085
19622 0.00085
19623 0.00085
19624 0.00085
19625 0.00085
19626 0.00085
19627 0.00085
19628 0.00085
19629 0.00085
19630 0.00085
19631 0.00085
19632 0.00085
19633 0.00085
19634 0.00085
19635 0.00085
19636 0.00085
19637 0.00085
19638 0.00085
19639 0.00085
19640 0.00085
19641 0.00085
19642 0.00085
19643 0.00085
19644 0.00085
19645 0.00085
19646 0.00085
19647 0.00085
19648 0.00085
19649 0.00085
19650 0.00085
19651 0.00085
19652 0.00085
19653 0.00085
19654 0.00085
19655 0.00085
19656 0.00085
19657 0.00085
19658 0.00085
19659 0.00085
19660 0.00085
19661 0.00085
19662 0.00085
19663 0.00085
19664 0.00085
19665 0.00085
19666 0.00085
19667 0.00085
19668 0.00085
19669 0.00085
19670 0.00085
19671 0.00085
19672 0.00085
19673 0.00085
19674 0.00085
19675 0.00085
19676 0.00085
19677 0.00085
19678 0.00085
19679 0.00085
19680 0.00085
19681 0.00085
19682 0.00085
19683 0.00085
19684 0.00085
19685 0.00085
19686 0.00085
19687 0.00085
19688 0.00085
19689 0.00085
19690 0.00085
19691 0.00085
19692 0.00085
19693 0.00085
19694 0.00085
19695 0.00085
19696 0.00085
19697 0.00085
19698 0.00085
19699 0.00085
19700 0.00085
19701 0.00085
19702 0.00085
19703 0.00085
19704 0.00085
19705 0.00085
19706 0.00085
19707 0.00085
19708 0.00085
19709 0.00085
19710 0.00085
19711 0.00085
19712 0.00085
19713 0.00085
19714 0.00085
19715 0.00085
19716 0.00085
19717 0.00085
19718 0.00085
19719 0.00085
19720 0.00085
19721 0.00085
19722 0.00085
19723 0.00085
19724 0.00085
19725 0.00085
19726 0.00085
19727 0.00085
19728 0.00085
19729 0.00085
19730 0.00085
19731 0.00085
19732 0.00085
19733 0.00085
19734 0.00085
19735 0.00085
19736 0.00085
19737 0.00085
19738 0.00085
19739 0.00085
19740 0.00085
19741 0.00085
19742 0.00085
19743 0.00085
19744 0.00085
19745 0.00085
19746 0.00085
19747 0.00085
19748 0.00085
19749 0.00085
19750 0.00085
19751 0.00085
19752 0.00085
19753 0.00085
19754 0.00085
19755 0.00085
19756 0.00085
19757 0.00085
19758 0.00085
19759 0.00085
19760 0.00085
19761 0.00085
19762 0.00085
19763 0.00085
19764 0.00085
19765 0.00085
19766 0.00085
19767 0.00085
19768 0.00085
19769 0.00085
19770 0.00085
19771 0.00085
19772 0.00085
19773 0.00085
19774 0.00085
19775 0.00085
19776 0.00085
19777 0.00085
19778 0.00085
19779 0.00085
19780 0.00085
19781 0.00085
19782 0.00085
19783 0.00085
19784 0.00085
19785 0.00085
19786 0.00085
19787 0.00085
19788 0.00085
19789 0.00085
19790 0.00085
19791 0.00085
19792 0.00085
19793 0.00085
19794 0.00085
19795 0.00085
19796 0.00085
19797 0.00085
19798 0.00085
19799 0.00085
19800 0.00085
19801 0.00085
19802 0.00085
19803 0.00085
19804 0.00085
19805 0.00085
19806 0.00085
19807 0.00085
19808 0.00085
19809 0.00085
19810 0.00085
19811 0.00085
19812 0.00085
19813 0.00085
19814 0.00085
19815 0.00085
19816 0.00085
19817 0.00085
19818 0.00085
19819 0.00085
19820 0.00085
19821 0.00085
19822 0.00085
19823 0.00085
19824 0.00085
19825 0.00085
19826 0.00085
19827 0.00085
19828 0.00085
19829 0.00085
19830 0.00085
19831 0.00085
19832 0.00085
19833 0.00085
19834 0.00085
19835 0.00085
19836 0.00085
19837 0.00085
19838 0.00085
19839 0.00085
19840 0.00085
19841 0.00085
19842 0.00085
19843 0.00085
19844 0.00085
19845 0.00085
19846 0.00085
19847 0.00085
19848 0.00085
19849 0.00085
19850 0.00085
19851 0.00085
19852 0.00085
19853 0.00085
19854 0.00085
19855 0.00085
19856 0.00085
19857 0.00085
19858 0.00085
19859 0.00085
19860 0.00085
19861 0.00085
19862 0.00085
19863 0.00085
19864 0.00085
19865 0.00085
19866 0.00085
19867 0.00085
19868 0.00085
19869 0.00085
19870 0.00085
19871 0.00085
19872 0.00085
19873 0.00085
19874 0.00085
19875 0.00085
19876 0.00085
19877 0.00085
19878 0.00085
19879 0.00085
19880 0.00085
19881 0.00085
19882 0.00085
19883 0.00085
19884 0.00085
19885 0.00085
19886 0.00085
19887 0.00085
19888 0.00085
19889 0.00085
19890 0.00085
19891 0.00085
19892 0.00085
19893 0.00085
19894 0.00085
19895 0.00085
19896 0.00085
19897 0.00085
19898 0.00085
19899 0.00085
19900 0.00085
19901 0.00085
19902 0.00085
19903 0.00085
19904 0.00085
19905 0.00085
19906 0.00085
19907 0.00085
19908 0.00085
19909 0.00085
19910 0.00085
19911 0.00085
19912 0.00085
19913 0.00085
19914 0.00085
19915 0.00085
19916 0.00085
19917 0.00085
19918 0.00085
19919 0.00085
19920 0.00085
19921 0.00085
19922 0.00085
19923 0.00085
19924 0.00085
19925 0.00085
19926 0.00085
19927 0.00085
19928 0.00085
19929 0.00085
19930 0.00085
19931 0.00085
19932 0.00085
19933 0.00085
19934 0.00085
19935 0.00085
19936 0.00085
19937 0.00085
19938 0.00085
19939 0.00085
19940 0.00085
19941 0.00085
19942 0.00085
19943 0.00085
19944 0.00085
19945 0.00085
19946 0.00085
19947 0.00085
19948 0.00085
19949 0.00085
19950 0.00085
19951 0.00085
19952 0.00085
19953 0.00085
19954 0.00085
19955 0.00085
19956 0.00085
19957 0.00085
19958 0.00085
19959 0.00085
19960 0.00085
19961 0.00085
19962 0.00085
19963 0.00085
19964 0.00085
19965 0.00085
19966 0.00085
19967 0.00085
19968 0.00085
19969 0.00085
19970 0.00085
19971 0.00085
19972 0.00085
19973 0.00085
19974 0.00085
19975 0.00085
19976 0.00085
19977 0.00085
19978 0.00085
19979 0.00085
19980 0.00085
19981 0.00085
19982 0.00085
19983 0.00085
19984 0.00085
19985 0.00085
19986 0.00085
19987 0.00085
19988 0.00085
19989 0.00085
19990 0.00085
19991 0.00085
19992 0.00085
19993 0.00085
19994 0.00085
19995 0.00085
19996 0.00085
19997 0.00085
19998 0.00085
19999 0.00085
20000 0.00085
20001 0.00085
20002 0.00085
20003 0.00085
20004 0.00085
20005 0.00085
20006 0.00085
20007 0.00085
20008 0.00085
20009 0.00085
20010 0.00085
20011 0.00085
20012 0.00085
20013 0.00085
20014 0.00085
20015 0.00085
20016 0.00085
20017 0.00085
20018 0.00085
20019 0.00085
20020 0.00085
20021 0.00085
20022 0.00085
20023 0.00085
20024 0.00085
20025 0.00085
20026 0.00085
20027 0.00085
20028 0.00085
20029 0.00085
20030 0.00085
20031 0.00085
20032 0.00085
20033 0.00085
20034 0.00085
20035 0.00085
20036 0.00085
20037 0.00085
20038 0.00085
20039 0.00085
20040 0.00085
20041 0.00085
20042 0.00085
20043 0.00085
20044 0.00085
20045 0.00085
20046 0.00085
20047 0.00085
20048 0.00085
20049 0.00085
20050 0.00085
20051 0.00085
20052 0.00085
20053 0.00085
20054 0.00085
20055 0.00085
20056 0.00085
20057 0.00085
20058 0.00085
20059 0.00085
20060 0.00085
20061 0.00085
20062 0.00085
20063 0.00085
20064 0.00085
20065 0.00085
20066 0.00085
20067 0.00085
20068 0.00085
20069 0.00085
20070 0.00085
20071 0.00085
20072 0.00085
20073 0.00085
20074 0.00085
20075 0.00085
20076 0.00085
20077 0.00085
20078 0.00085
20079 0.00085
20080 0.00085
20081 0.00085
20082 0.00085
20083 0.00085
20084 0.00085
20085 0.00085
20086 0.00085
20087 0.00085
20088 0.00085
20089 0.00085
20090 0.00085
20091 0.00085
20092 0.00085
20093 0.00085
20094 0.00085
20095 0.00085
20096 0.00085
20097 0.00085
20098 0.00085
20099 0.00085
20100 0.00085
20101 0.00085
20102 0.00085
20103 0.00085
20104 0.00085
20105 0.00085
20106 0.00085
20107 0.00085
20108 0.00085
20109 0.00085
20110 0.00085
20111 0.00085
20112 0.00085
20113 0.00085
20114 0.00085
20115 0.00085
20116 0.00085
20117 0.00085
20118 0.00085
20119 0.00085
20120 0.00085
20121 0.00085
20122 0.00085
20123 0.00085
20124 0.00085
20125 0.00085
20126 0.00085
20127 0.00085
20128 0.00085
20129 0.00085
20130 0.00085
20131 0.00085
20132 0.00085
20133 0.00085
20134 0.00085
20135 0.00085
20136 0.00085
20137 0.00085
20138 0.00085
20139 0.00085
20140 0.00085
20141 0.00085
20142 0.00085
20143 0.00085
20144 0.00085
20145 0.00085
20146 0.00085
20147 0.00085
20148 0.00085
20149 0.00085
20150 0.00085
20151 0.00085
20152 0.00085
20153 0.00085
20154 0.00085
20155 0.00085
20156 0.00085
20157 0.00085
20158 0.00085
20159 0.00085
20160 0.00085
20161 0.00085
20162 0.00085
20163 0.00085
20164 0.00085
20165 0.00085
20166 0.00085
20167 0.00085
20168 0.00085
20169 0.00085
20170 0.00085
20171 0.00085
20172 0.00085
20173 0.00085
20174 0.00085
20175 0.00085
20176 0.00085
20177 0.00085
20178 0.00085
20179 0.00085
20180 0.00085
20181 0.00085
20182 0.00085
20183 0.00085
20184 0.00085
20185 0.00085
20186 0.00085
20187 0.00085
20188 0.00085
20189 0.00085
20190 0.00085
20191 0.00085
20192 0.00085
20193 0.00085
20194 0.00085
20195 0.00085
20196 0.00085
20197 0.00085
20198 0.00085
20199 0.00085
20200 0.00085
20201 0.00085
20202 0.00085
20203 0.00085
20204 0.00085
20205 0.00085
20206 0.00085
20207 0.00085
20208 0.00085
20209 0.00085
20210 0.00085
20211 0.00085
20212 0.00085
20213 0.00085
20214 0.00085
20215 0.00085
20216 0.00085
20217 0.00085
20218 0.00085
20219 0.00085
20220 0.00085
20221 0.00085
20222 0.00085
20223 0.00085
20224 0.00085
20225 0.00085
20226 0.00085
20227 0.00085
20228 0.00085
20229 0.00085
20230 0.00085
20231 0.00085
20232 0.00085
20233 0.00085
20234 0.00085
20235 0.00085
20236 0.00085
20237 0.00085
20238 0.00085
20239 0.00085
20240 0.00085
20241 0.00085
20242 0.00085
20243 0.00085
20244 0.00085
20245 0.00085
20246 0.00085
20247 0.00085
20248 0.00085
20249 0.00085
20250 0.00085
20251 0.00085
20252 0.00085
20253 0.00085
20254 0.00085
20255 0.00085
20256 0.00085
20257 0.00085
20258 0.00085
20259 0.00085
20260 0.00085
20261 0.00085
20262 0.00085
20263 0.00085
20264 0.00085
20265 0.00085
20266 0.00085
20267 0.00085
20268 0.00085
20269 0.00085
20270 0.00085
20271 0.00085
20272 0.00085
20273 0.00085
20274 0.00085
20275 0.00085
20276 0.00085
20277 0.00085
20278 0.00085
20279 0.00085
20280 0.00085
20281 0.00085
20282 0.00085
20283 0.00085
20284 0.00085
20285 0.00085
20286 0.00085
20287 0.00085
20288 0.00085
20289 0.00085
20290 0.00085
20291 0.00085
20292 0.00085
20293 0.00085
20294 0.00085
20295 0.00085
20296 0.00085
20297 0.00085
20298 0.00085
20299 0.00085
20300 0.00085
20301 0.00085
20302 0.00085
20303 0.00085
20304 0.00085
20305 0.00085
20306 0.00085
20307 0.00085
20308 0.00085
20309 0.00085
20310 0.00085
20311 0.00085
20312 0.00085
20313 0.00085
20314 0.00085
20315 0.00085
20316 0.00085
20317 0.00085
20318 0.00085
20319 0.00085
20320 0.00085
20321 0.00085
20322 0.00085
20323 0.00085
20324 0.00085
20325 0.00085
20326 0.00085
20327 0.00085
20328 0.00085
20329 0.00085
20330 0.00085
20331 0.00085
20332 0.00085
20333 0.00085
20334 0.00085
20335 0.00085
20336 0.00085
20337 0.00085
20338 0.00085
20339 0.00085
20340 0.00085
20341 0.00085
20342 0.00085
20343 0.00085
20344 0.00085
20345 0.00085
20346 0.00085
20347 0.00085
20348 0.00085
20349 0.00085
20350 0.00085
20351 0.00085
20352 0.00085
20353 0.00085
20354 0.00085
20355 0.00085
20356 0.00085
20357 0.00085
20358 0.00085
20359 0.00085
20360 0.00085
20361 0.00085
20362 0.00085
20363 0.00085
20364 0.00085
20365 0.00085
20366 0.00085
20367 0.00085
20368 0.00085
20369 0.00085
20370 0.00085
20371 0.00085
20372 0.00085
20373 0.00085
20374 0.00085
20375 0.00085
20376 0.00085
20377 0.00085
20378 0.00085
20379 0.00085
20380 0.00085
20381 0.00085
20382 0.00085
20383 0.00085
20384 0.00085
20385 0.00085
20386 0.00085
20387 0.00085
20388 0.00085
20389 0.00085
20390 0.00085
20391 0.00085
20392 0.00085
20393 0.00085
20394 0.00085
20395 0.00085
20396 0.00085
20397 0.00085
20398 0.00085
20399 0.00085
20400 0.00085
20401 0.00085
20402 0.00085
20403 0.00085
20404 0.00085
20405 0.00085
20406 0.00085
20407 0.00085
20408 0.00085
20409 0.00085
20410 0.00085
20411 0.00085
20412 0.00085
20413 0.00085
20414 0.00085
20415 0.00085
20416 0.00085
20417 0.00085
20418 0.00085
20419 0.00085
20420 0.00085
20421 0.00085
20422 0.00085
20423 0.00085
20424 0.00085
20425 0.00085
20426 0.00085
20427 0.00085
20428 0.00085
20429 0.00085
20430 0.00085
20431 0.00085
20432 0.00085
20433 0.00085
20434 0.00085
20435 0.00085
20436 0.00085
20437 0.00085
20438 0.00085
20439 0.00085
20440 0.00085
20441 0.00085
20442 0.00085
20443 0.00085
20444 0.00085
20445 0.00085
20446 0.00085
20447 0.00085
20448 0.00085
20449 0.00085
20450 0.00085
20451 0.00085
20452 0.00085
20453 0.00085
20454 0.00085
20455 0.00085
20456 0.00085
20457 0.00085
20458 0.00085
20459 0.00085
20460 0.00085
20461 0.00085
20462 0.00085
20463 0.00085
20464 0.00085
20465 0.00085
20466 0.00085
20467 0.00085
20468 0.00085
20469 0.00085
20470 0.00085
20471 0.00085
20472 0.00085
20473 0.00085
20474 0.00085
20475 0.00085
20476 0.00085
20477 0.00085
20478 0.00085
20479 0.00085
20480 0.00085
20481 0.00085
20482 0.00085
20483 0.00085
20484 0.00085
20485 0.00085
20486 0.00085
20487 0.00085
20488 0.00085
20489 0.00085
20490 0.00085
20491 0.00085
20492 0.00085
20493 0.00085
20494 0.00085
20495 0.00085
20496 0.00085
20497 0.00085
20498 0.00085
20499 0.00085
20500 0.00085
20501 0.00085
20502 0.00085
20503 0.00085
20504 0.00085
20505 0.00085
20506 0.00085
20507 0.00085
20508 0.00085
20509 0.00085
20510 0.00085
20511 0.00085
20512 0.00085
20513 0.00085
20514 0.00085
20515 0.00085
20516 0.00085
20517 0.00085
20518 0.00085
20519 0.00085
20520 0.00085
20521 0.00085
20522 0.00085
20523 0.00085
20524 0.00085
20525 0.00085
20526 0.00085
20527 0.00085
20528 0.00085
20529 0.00085
20530 0.00085
20531 0.00085
20532 0.00085
20533 0.00085
20534 0.00085
20535 0.00085
20536 0.00085
20537 0.00085
20538 0.00085
20539 0.00085
20540 0.00085
20541 0.00085
20542 0.00085
20543 0.00085
20544 0.00085
20545 0.00085
20546 0.00085
20547 0.00085
20548 0.00085
20549 0.00085
20550 0.00085
20551 0.00085
20552 0.00085
20553 0.00085
20554 0.00085
20555 0.00085
20556 0.00085
20557 0.00085
20558 0.00085
20559 0.00085
20560 0.00085
20561 0.00085
20562 0.00085
20563 0.00085
20564 0.00085
20565 0.00085
20566 0.00085
20567 0.00085
20568 0.00085
20569 0.00085
20570 0.00085
20571 0.00085
20572 0.00085
20573 0.00085
20574 0.00085
20575 0.00085
20576 0.00085
20577 0.00085
20578 0.00085
20579 0.00085
20580 0.00085
20581 0.00085
20582 0.00085
20583 0.00085
20584 0.00085
20585 0.00085
20586 0.00085
20587 0.00085
20588 0.00085
20589 0.00085
20590 0.00085
20591 0.00085
20592 0.00085
20593 0.00085
20594 0.00085
20595 0.00085
20596 0.00085
20597 0.00085
20598 0.00085
20599 0.00085
20600 0.00085
20601 0.00085
20602 0.00085
20603 0.00085
20604 0.00085
20605 0.00085
20606 0.00085
20607 0.00085
20608 0.00085
20609 0.00085
20610 0.00085
20611 0.00085
20612 0.00085
20613 0.00085
20614 0.00085
20615 0.00085
20616 0.00085
20617 0.00085
20618 0.00085
20619 0.00085
20620 0.00085
20621 0.00085
20622 0.00085
20623 0.00085
20624 0.00085
20625 0.00085
20626 0.00085
20627 0.00085
20628 0.00085
20629 0.00085
20630 0.00085
20631 0.00085
20632 0.00085
20633 0.00085
20634 0.00085
20635 0.00085
20636 0.00085
20637 0.00085
20638 0.00085
20639 0.00085
20640 0.00085
20641 0.00085
20642 0.00085
20643 0.00085
20644 0.00085
20645 0.00085
20646 0.00085
20647 0.00085
20648 0.00085
20649 0.00085
20650 0.00085
20651 0.00085
20652 0.00085
20653 0.00085
20654 0.00085
20655 0.00085
20656 0.00085
20657 0.00085
20658 0.00085
20659 0.00085
20660 0.00085
20661 0.00085
20662 0.00085
20663 0.00085
20664 0.00085
20665 0.00085
20666 0.00085
20667 0.00085
20668 0.00085
20669 0.00085
20670 0.00085
20671 0.00085
20672 0.00085
20673 0.00085
20674 0.00085
20675 0.00085
20676 0.00085
20677 0.00085
20678 0.00085
20679 0.00085
20680 0.00085
20681 0.00085
20682 0.00085
20683 0.00085
20684 0.00085
20685 0.00085
20686 0.00085
20687 0.00085
20688 0.00085
20689 0.00085
20690 0.00085
20691 0.00085
20692 0.00085
20693 0.00085
20694 0.00085
20695 0.00085
20696 0.00085
20697 0.00085
20698 0.00085
20699 0.00085
20700 0.00085
20701 0.00085
20702 0.00085
20703 0.00085
20704 0.00085
20705 0.00085
20706 0.00085
20707 0.00085
20708 0.00085
20709 0.00085
20710 0.00085
20711 0.00085
20712 0.00085
20713 0.00085
20714 0.00085
20715 0.00085
20716 0.00085
20717 0.00085
20718 0.00085
20719 0.00085
20720 0.00085
20721 0.00085
20722 0.00085
20723 0.00085
20724 0.00085
20725 0.00085
20726 0.00085
20727 0.00085
20728 0.00085
20729 0.00085
20730 0.00085
20731 0.00085
20732 0.00085
20733 0.00085
20734 0.00085
20735 0.00085
20736 0.00085
20737 0.00085
20738 0.00085
20739 0.00085
20740 0.00085
20741 0.00085
20742 0.00085
20743 0.00085
20744 0.00085
20745 0.00085
20746 0.00085
20747 0.00085
20748 0.00085
20749 0.00085
20750 0.00085
20751 0.00085
20752 0.00085
20753 0.00085
20754 0.00085
20755 0.00085
20756 0.00085
20757 0.00085
20758 0.00085
20759 0.00085
20760 0.00085
20761 0.00085
20762 0.00085
20763 0.00085
20764 0.00085
20765 0.00085
20766 0.00085
20767 0.00085
20768 0.00085
20769 0.00085
20770 0.00085
20771 0.00085
20772 0.00085
20773 0.00085
20774 0.00085
20775 0.00085
20776 0.00085
20777 0.00085
20778 0.00085
20779 0.00085
20780 0.00085
20781 0.00085
20782 0.00085
20783 0.00085
20784 0.00085
20785 0.00085
20786 0.00085
20787 0.00085
20788 0.00085
20789 0.00085
20790 0.00085
20791 0.00085
20792 0.00085
20793 0.00085
20794 0.00085
20795 0.00085
20796 0.00085
20797 0.00085
20798 0.00085
20799 0.00085
20800 0.00085
20801 0.00085
20802 0.00085
20803 0.00085
20804 0.00085
20805 0.00085
20806 0.00085
20807 0.00085
20808 0.00085
20809 0.00085
20810 0.00085
20811 0.00085
20812 0.00085
20813 0.00085
20814 0.00085
20815 0.00085
20816 0.00085
20817 0.00085
20818 0.00085
20819 0.00085
20820 0.00085
20821 0.00085
20822 0.00085
20823 0.00085
20824 0.00085
20825 0.00085
20826 0.00085
20827 0.00085
20828 0.00085
20829 0.00085
20830 0.00085
20831 0.00085
20832 0.00085
20833 0.00085
20834 0.00085
20835 0.00085
20836 0.00085
20837 0.00085
20838 0.00085
20839 0.00085
20840 0.00085
20841 0.00085
20842 0.00085
20843 0.00085
20844 0.00085
20845 0.00085
20846 0.00085
20847 0.00085
20848 0.00085
20849 0.00085
20850 0.00085
20851 0.00085
20852 0.00085
20853 0.00085
20854 0.00085
20855 0.00085
20856 0.00085
20857 0.00085
20858 0.00085
20859 0.00085
20860 0.00085
20861 0.00085
20862 0.00085
20863 0.00085
20864 0.00085
20865 0.00085
20866 0.00085
20867 0.00085
20868 0.00085
20869 0.00085
20870 0.00085
20871 0.00085
20872 0.00085
20873 0.00085
20874 0.00085
20875 0.00085
20876 0.00085
20877 0.00085
20878 0.00085
20879 0.00085
20880 0.00085
20881 0.00085
20882 0.00085
20883 0.00085
20884 0.00085
20885 0.00085
20886 0.00085
20887 0.00085
20888 0.00085
20889 0.00085
20890 0.00085
20891 0.00085
20892 0.00085
20893 0.00085
20894 0.00085
20895 0.00085
20896 0.00085
20897 0.00085
20898 0.00085
20899 0.00085
20900 0.00085
20901 0.00085
20902 0.00085
20903 0.00085
20904 0.00085
20905 0.00085
20906 0.00085
20907 0.00085
20908 0.00085
20909 0.00085
20910 0.00085
20911 0.00085
20912 0.00085
20913 0.00085
20914 0.00085
20915 0.00085
20916 0.00085
20917 0.00085
20918 0.00085
20919 0.00085
20920 0.00085
20921 0.00085
20922 0.00085
20923 0.00085
20924 0.00085
20925 0.00085
20926 0.00085
20927 0.00085
20928 0.00085
20929 0.00085
20930 0.00085
20931 0.00085
20932 0.00085
20933 0.00085
20934 0.00085
20935 0.00085
20936 0.00085
20937 0.00085
20938 0.00085
20939 0.00085
20940 0.00085
20941 0.00085
20942 0.00085
20943 0.00085
20944 0.00085
20945 0.00085
20946 0.00085
20947 0.00085
20948 0.00085
20949 0.00085
20950 0.00085
20951 0.00085
20952 0.00085
20953 0.00085
20954 0.00085
20955 0.00085
20956 0.00085
20957 0.00085
20958 0.00085
20959 0.00085
20960 0.00085
20961 0.00085
20962 0.00085
20963 0.00085
20964 0.00085
20965 0.00085
20966 0.00085
20967 0.00085
20968 0.00085
20969 0.00085
20970 0.00085
20971 0.00085
20972 0.00085
20973 0.00085
20974 0.00085
20975 0.00085
20976 0.00085
20977 0.00085
20978 0.00085
20979 0.00085
20980 0.00085
20981 0.00085
20982 0.00085
20983 0.00085
20984 0.00085
20985 0.00085
20986 0.00085
20987 0.00085
20988 0.00085
20989 0.00085
20990 0.00085
20991 0.00085
20992 0.00085
20993 0.00085
20994 0.00085
20995 0.00085
20996 0.00085
20997 0.00085
20998 0.00085
20999 0.00085
21000 0.00085
21001 0.00085
21002 0.00085
21003 0.00085
21004 0.00085
21005 0.00085
21006 0.00085
21007 0.00085
21008 0.00085
21009 0.00085
21010 0.00085
21011 0.00085
21012 0.00085
21013 0.00085
21014 0.00085
21015 0.00085
21016 0.00085
21017 0.00085
21018 0.00085
21019 0.00085
21020 0.00085
21021 0.00085
21022 0.00085
21023 0.00085
21024 0.00085
21025 0.00085
21026 0.00085
21027 0.00085
21028 0.00085
21029 0.00085
21030 0.00085
21031 0.00085
21032 0.00085
21033 0.00085
21034 0.00085
21035 0.00085
21036 0.00085
21037 0.00085
21038 0.00085
21039 0.00085
21040 0.00085
21041 0.00085
21042 0.00085
21043 0.00085
21044 0.00085
21045 0.00085
21046 0.00085
21047 0.00085
21048 0.00085
21049 0.00085
21050 0.00085
21051 0.00085
21052 0.00085
21053 0.00085
21054 0.00085
21055 0.00085
21056 0.00085
21057 0.00085
21058 0.00085
21059 0.00085
21060 0.00085
21061 0.00085
21062 0.00085
21063 0.00085
21064 0.00085
21065 0.00085
21066 0.00085
21067 0.00085
21068 0.00085
21069 0.00085
21070 0.00085
21071 0.00085
21072 0.00085
21073 0.00085
21074 0.00085
21075 0.00085
21076 0.00085
21077 0.00085
21078 0.00085
21079 0.00085
21080 0.00085
21081 0.00085
21082 0.00085
21083 0.00085
21084 0.00085
21085 0.00085
21086 0.00085
21087 0.00085
21088 0.00085
21089 0.00085
21090 0.00085
21091 0.00085
21092 0.00085
21093 0.00085
21094 0.00085
21095 0.00085
21096 0.00085
21097 0.00085
21098 0.00085
21099 0.00085
21100 0.00085
21101 0.00085
21102 0.00085
21103 0.00085
21104 0.00085
21105 0.00085
21106 0.00085
21107 0.00085
21108 0.00085
21109 0.00085
21110 0.00085
21111 0.00085
21112 0.00085
21113 0.00085
21114 0.00085
21115 0.00085
21116 0.00085
21117 0.00085
21118 0.00085
21119 0.00085
21120 0.00085
21121 0.00085
21122 0.00085
21123 0.00085
21124 0.00085
21125 0.00085
21126 0.00085
21127 0.00085
21128 0.00085
21129 0.00085
21130 0.00085
21131 0.00085
21132 0.00085
21133 0.00085
21134 0.00085
21135 0.00085
21136 0.00085
21137 0.00085
21138 0.00085
21139 0.00085
21140 0.00085
21141 0.00085
21142 0.00085
21143 0.00085
21144 0.00085
21145 0.00085
21146 0.00085
21147 0.00085
21148 0.00085
21149 0.00085
21150 0.00085
21151 0.00085
21152 0.00085
21153 0.00085
21154 0.00085
21155 0.00085
21156 0.00085
21157 0.00085
21158 0.00085
21159 0.00085
21160 0.00085
21161 0.00085
21162 0.00085
21163 0.00085
21164 0.00085
21165 0.00085
21166 0.00085
21167 0.00085
21168 0.00085
21169 0.00085
21170 0.00085
21171 0.00085
21172 0.00085
21173 0.00085
21174 0.00085
21175 0.00085
21176 0.00085
21177 0.00085
21178 0.00085
21179 0.00085
21180 0.00085
21181 0.00085
21182 0.00085
21183 0.00085
21184 0.00085
21185 0.00085
21186 0.00085
21187 0.00085
21188 0.00085
21189 0.00085
21190 0.00085
21191 0.00085
21192 0.00085
21193 0.00085
21194 0.00085
21195 0.00085
21196 0.00085
21197 0.00085
21198 0.00085
21199 0.00085
21200 0.00085
21201 0.00085
21202 0.00085
21203 0.00085
21204 0.00085
21205 0.00085
21206 0.00085
21207 0.00085
21208 0.00085
21209 0.00085
21210 0.00085
21211 0.00085
21212 0.00085
21213 0.00085
21214 0.00085
21215 0.00085
21216 0.00085
21217 0.00085
21218 0.00085
21219 0.00085
21220 0.00085
21221 0.00085
21222 0.00085
21223 0.00085
21224 0.00085
21225 0.00085
21226 0.00085
21227 0.00085
21228 0.00085
21229 0.00085
21230 0.00085
21231 0.00085
21232 0.00085
21233 0.00085
21234 0.00085
21235 0.00085
21236 0.00085
21237 0.00085
21238 0.00085
21239 0.00085
21240 0.00085
21241 0.00085
21242 0.00085
21243 0.00085
21244 0.00085
21245 0.00085
21246 0.00085
21247 0.00085
21248 0.00085
21249 0.00085
21250 0.00085
21251 0.00085
21252 0.00085
21253 0.00085
21254 0.00085
21255 0.00085
21256 0.00085
21257 0.00085
21258 0.00085
21259 0.00085
21260 0.00085
21261 0.00085
21262 0.00085
21263 0.00085
21264 0.00085
21265 0.00085
21266 0.00085
21267 0.00085
21268 0.00085
21269 0.00085
21270 0.00085
21271 0.00085
21272 0.00085
21273 0.00085
21274 0.00085
21275 0.00085
21276 0.00085
21277 0.00085
21278 0.00085
21279 0.00085
21280 0.00085
21281 0.00085
21282 0.00085
21283 0.00085
21284 0.00085
21285 0.00085
21286 0.00085
21287 0.00085
21288 0.00085
21289 0.00085
21290 0.00085
21291 0.00085
21292 0.00085
21293 0.00085
21294 0.00085
21295 0.00085
21296 0.00085
21297 0.00085
21298 0.00085
21299 0.00085
21300 0.00085
21301 0.00085
21302 0.00085
21303 0.00085
21304 0.00085
21305 0.00085
21306 0.00085
21307 0.00085
21308 0.00085
21309 0.00085
21310 0.00085
21311 0.00085
21312 0.00085
21313 0.00085
21314 0.00085
21315 0.00085
21316 0.00085
21317 0.00085
21318 0.00085
21319 0.00085
21320 0.00085
21321 0.00085
21322 0.00085
21323 0.00085
21324 0.00085
21325 0.00085
21326 0.00085
21327 0.00085
21328 0.00085
21329 0.00085
21330 0.00085
21331 0.00085
21332 0.00085
21333 0.00085
21334 0.00085
21335 0.00085
21336 0.00085
21337 0.00085
21338 0.00085
21339 0.00085
21340 0.00085
21341 0.00085
21342 0.00085
21343 0.00085
21344 0.00085
21345 0.00085
21346 0.00085
21347 0.00085
21348 0.00085
21349 0.00085
21350 0.00085
21351 0.00085
21352 0.00085
21353 0.00085
21354 0.00085
21355 0.00085
21356 0.00085
21357 0.00085
21358 0.00085
21359 0.00085
21360 0.00085
21361 0.00085
21362 0.00085
21363 0.00085
21364 0.00085
21365 0.00085
21366 0.00085
21367 0.00085
21368 0.00085
21369 0.00085
21370 0.00085
21371 0.00085
21372 0.00085
21373 0.00085
21374 0.00085
21375 0.00085
21376 0.00085
21377 0.00085
21378 0.00085
21379 0.00085
21380 0.00085
21381 0.00085
21382 0.00085
21383 0.00085
21384 0.00085
21385 0.00085
21386 0.00085
21387 0.00085
21388 0.00085
21389 0.00085
21390 0.00085
21391 0.00085
21392 0.00085
21393 0.00085
21394 0.00085
21395 0.00085
21396 0.00085
21397 0.00085
21398 0.00085
21399 0.00085
21400 0.00085
21401 0.00085
21402 0.00085
21403 0.00085
21404 0.00085
21405 0.00085
21406 0.00085
21407 0.00085
21408 0.00085
21409 0.00085
21410 0.00085
21411 0.00085
21412 0.00085
21413 0.00085
21414 0.00085
21415 0.00085
21416 0.00085
21417 0.00085
21418 0.00085
21419 0.00085
21420 0.00085
21421 0.00085
21422 0.00085
21423 0.00085
21424 0.00085
21425 0.00085
21426 0.00085
21427 0.00085
21428 0.00085
21429 0.00085
21430 0.00085
21431 0.00085
21432 0.00085
21433 0.00085
21434 0.00085
21435 0.00085
21436 0.00085
21437 0.00085
21438 0.00085
21439 0.00085
21440 0.00085
21441 0.00085
21442 0.00085
21443 0.00085
21444 0.00085
21445 0.00085
21446 0.00085
21447 0.00085
21448 0.00085
21449 0.00085
21450 0.00085
21451 0.00085
21452 0.00085
21453 0.00085
21454 0.00085
21455 0.00085
21456 0.00085
21457 0.00085
21458 0.00085
21459 0.00085
21460 0.00085
21461 0.00085
21462 0.00085
21463 0.00085
21464 0.00085
21465 0.00085
21466 0.00085
21467 0.00085
21468 0.00085
21469 0.00085
21470 0.00085
21471 0.00085
21472 0.00085
21473 0.00085
21474 0.00085
21475 0.00085
21476 0.00085
21477 0.00085
21478 0.00085
21479 0.00085
21480 0.00085
21481 0.00085
21482 0.00085
21483 0.00085
21484 0.00085
21485 0.00085
21486 0.00085
21487 0.00085
21488 0.00085
21489 0.00085
21490 0.00085
21491 0.00085
21492 0.00085
21493 0.00085
21494 0.00085
21495 0.00085
21496 0.00085
21497 0.00085
21498 0.00085
21499 0.00085
21500 0.00085
21501 0.00085
21502 0.00085
21503 0.00085
21504 0.00085
21505 0.00085
21506 0.00085
21507 0.00085
21508 0.00085
21509 0.00085
21510 0.00085
21511 0.00085
21512 0.00085
21513 0.00085
21514 0.00085
21515 0.00085
21516 0.00085
21517 0.00085
21518 0.00085
21519 0.00085
21520 0.00085
21521 0.00085
21522 0.00085
21523 0.00085
21524 0.00085
21525 0.00085
21526 0.00085
21527 0.00085
21528 0.00085
21529 0.00085
21530 0.00085
21531 0.00085
21532 0.00085
21533 0.00085
21534 0.00085
21535 0.00085
21536 0.00085
21537 0.00085
21538 0.00085
21539 0.00085
21540 0.00085
21541 0.00085
21542 0.00085
21543 0.00085
21544 0.00085
21545 0.00085
21546 0.00085
21547 0.00085
21548 0.00085
21549 0.00085
21550 0.00085
21551 0.00085
21552 0.00085
21553 0.00085
21554 0.00085
21555 0.00085
21556 0.00085
21557 0.00085
21558 0.00085
21559 0.00085
21560 0.00085
21561 0.00085
21562 0.00085
21563 0.00085
21564 0.00085
21565 0.00085
21566 0.00085
21567 0.00085
21568 0.00085
21569 0.00085
21570 0.00085
21571 0.00085
21572 0.00085
21573 0.00085
21574 0.00085
21575 0.00085
21576 0.00085
21577 0.00085
21578 0.00085
21579 0.00085
21580 0.00085
21581 0.00085
21582 0.00085
21583 0.00085
21584 0.00085
21585 0.00085
21586 0.00085
21587 0.00085
21588 0.00085
21589 0.00085
21590 0.00085
21591 0.00085
21592 0.00085
21593 0.00085
21594 0.00085
21595 0.00085
21596 0.00085
21597 0.00085
21598 0.00085
21599 0.00085
21600 0.00085
21601 0.00085
21602 0.00085
21603 0.00085
21604 0.00085
21605 0.00085
21606 0.00085
21607 0.00085
21608 0.00085
21609 0.00085
21610 0.00085
21611 0.00085
21612 0.00085
21613 0.00085
21614 0.00085
21615 0.00085
21616 0.00085
21617 0.00085
21618 0.00085
21619 0.00085
21620 0.00085
21621 0.00085
21622 0.00085
21623 0.00085
21624 0.00085
21625 0.00085
21626 0.00085
21627 0.00085
21628 0.00085
21629 0.00085
21630 0.00085
21631 0.00085
21632 0.00085
21633 0.00085
21634 0.00085
21635 0.00085
21636 0.00085
21637 0.00085
21638 0.00085
21639 0.00085
21640 0.00085
21641 0.00085
21642 0.00085
21643 0.00085
21644 0.00085
21645 0.00085
21646 0.00085
21647 0.00085
21648 0.00085
21649 0.00085
21650 0.00085
21651 0.00085
21652 0.00085
21653 0.00085
21654 0.00085
21655 0.00085
21656 0.00085
21657 0.00085
21658 0.00085
21659 0.00085
21660 0.00085
21661 0.00085
21662 0.00085
21663 0.00085
21664 0.00085
21665 0.00085
21666 0.00085
21667 0.00085
21668 0.00085
21669 0.00085
21670 0.00085
21671 0.00085
21672 0.00085
21673 0.00085
21674 0.00085
21675 0.00085
21676 0.00085
21677 0.00085
21678 0.00085
21679 0.00085
21680 0.00085
21681 0.00085
21682 0.00085
21683 0.00085
21684 0.00085
21685 0.00085
21686 0.00085
21687 0.00085
21688 0.00085
21689 0.00085
21690 0.00085
21691 0.00085
21692 0.00085
21693 0.00085
21694 0.00085
21695 0.00085
21696 0.00085
21697 0.00085
21698 0.00085
21699 0.00085
21700 0.00085
21701 0.00085
21702 0.00085
21703 0.00085
21704 0.00085
21705 0.00085
21706 0.00085
21707 0.00085
21708 0.00085
21709 0.00085
21710 0.00085
21711 0.00085
21712 0.00085
21713 0.00085
21714 0.00085
21715 0.00085
21716 0.00085
21717 0.00085
21718 0.00085
21719 0.00085
21720 0.00085
21721 0.00085
21722 0.00085
21723 0.00085
21724 0.00085
21725 0.00085
21726 0.00085
21727 0.00085
21728 0.00085
21729 0.00085
21730 0.00085
21731 0.00085
21732 0.00085
21733 0.00085
21734 0.00085
21735 0.00085
21736 0.00085
21737 0.00085
21738 0.00085
21739 0.00085
21740 0.00085
21741 0.00085
21742 0.00085
21743 0.00085
21744 0.00085
21745 0.00085
21746 0.00085
21747 0.00085
21748 0.00085
21749 0.00085
21750 0.00085
21751 0.00085
21752 0.00085
21753 0.00085
21754 0.00085
21755 0.00085
21756 0.00085
21757 0.00085
21758 0.00085
21759 0.00085
21760 0.00085
21761 0.00085
21762 0.00085
21763 0.00085
21764 0.00085
21765 0.00085
21766 0.00085
21767 0.00085
21768 0.00085
21769 0.00085
21770 0.00085
21771 0.00085
21772 0.00085
21773 0.00085
21774 0.00085
21775 0.00085
21776 0.00085
21777 0.00085
21778 0.00085
21779 0.00085
21780 0.00085
21781 0.00085
21782 0.00085
21783 0.00085
21784 0.00085
21785 0.00085
21786 0.00085
21787 0.00085
21788 0.00085
21789 0.00085
21790 0.00085
21791 0.00085
21792 0.00085
21793 0.00085
21794 0.00085
21795 0.00085
21796 0.00085
21797 0.00085
21798 0.00085
21799 0.00085
21800 0.00085
21801 0.00085
21802 0.00085
21803 0.00085
21804 0.00085
21805 0.00085
21806 0.00085
21807 0.00085
21808 0.00085
21809 0.00085
21810 0.00085
21811 0.00085
21812 0.00085
21813 0.00085
21814 0.00085
21815 0.00085
21816 0.00085
21817 0.00085
21818 0.00085
21819 0.00085
21820 0.00085
21821 0.00085
21822 0.00085
21823 0.00085
21824 0.00085
21825 0.00085
21826 0.00085
21827 0.00085
21828 0.00085
21829 0.00085
21830 0.00085
21831 0.00085
21832 0.00085
21833 0.00085
21834 0.00085
21835 0.00085
21836 0.00085
21837 0.00085
21838 0.00085
21839 0.00085
21840 0.00085
21841 0.00085
21842 0.00085
21843 0.00085
21844 0.00085
21845 0.00085
21846 0.00085
21847 0.00085
21848 0.00085
21849 0.00085
21850 0.00085
21851 0.00085
21852 0.00085
21853 0.00085
21854 0.00085
21855 0.00085
21856 0.00085
21857 0.00085
21858 0.00085
21859 0.00085
21860 0.00085
21861 0.00085
21862 0.00085
21863 0.00085
21864 0.00085
21865 0.00085
21866 0.00085
21867 0.00085
21868 0.00085
21869 0.00085
21870 0.00085
21871 0.00085
21872 0.00085
21873 0.00085
21874 0.00085
21875 0.00085
21876 0.00085
21877 0.00085
21878 0.00085
21879 0.00085
21880 0.00085
21881 0.00085
21882 0.00085
21883 0.00085
21884 0.00085
21885 0.00085
21886 0.00085
21887 0.00085
21888 0.00085
21889 0.00085
21890 0.00085
21891 0.00085
21892 0.00085
21893 0.00085
21894 0.00085
21895 0.00085
21896 0.00085
21897 0.00085
21898 0.00085
21899 0.00085
21900 0.00085
21901 0.00085
21902 0.00085
21903 0.00085
21904 0.00085
21905 0.00085
21906 0.00085
21907 0.00085
21908 0.00085
21909 0.00085
21910 0.00085
21911 0.00085
21912 0.00085
21913 0.00085
21914 0.00085
21915 0.00085
21916 0.00085
21917 0.00085
21918 0.00085
21919 0.00085
21920 0.00085
21921 0.00085
21922 0.00085
21923 0.00085
21924 0.00085
21925 0.00085
21926 0.00085
21927 0.00085
21928 0.00085
21929 0.00085
21930 0.00085
21931 0.00085
21932 0.00085
21933 0.00085
21934 0.00085
21935 0.00085
21936 0.00085
21937 0.00085
21938 0.00085
21939 0.00085
21940 0.00085
21941 0.00085
21942 0.00085
21943 0.00085
21944 0.00085
21945 0.00085
21946 0.00085
21947 0.00085
21948 0.00085
21949 0.00085
21950 0.00085
21951 0.00085
21952 0.00085
21953 0.00085
21954 0.00085
21955 0.00085
21956 0.00085
21957 0.00085
21958 0.00085
21959 0.00085
21960 0.00085
21961 0.00085
21962 0.00085
21963 0.00085
21964 0.00085
21965 0.00085
21966 0.00085
21967 0.00085
21968 0.00085
21969 0.00085
21970 0.00085
21971 0.00085
21972 0.00085
21973 0.00085
21974 0.00085
21975 0.00085
21976 0.00085
21977 0.00085
21978 0.00085
21979 0.00085
21980 0.00085
21981 0.00085
21982 0.00085
21983 0.00085
21984 0.00085
21985 0.00085
21986 0.00085
21987 0.00085
21988 0.00085
21989 0.00085
21990 0.00085
21991 0.00085
21992 0.00085
21993 0.00085
21994 0.00085
21995 0.00085
21996 0.00085
21997 0.00085
21998 0.00085
21999 0.00085
22000 0.00085
22001 0.00085
22002 0.00085
22003 0.00085
22004 0.00085
22005 0.00085
22006 0.00085
22007 0.00085
22008 0.00085
22009 0.00085
22010 0.00085
22011 0.00085
22012 0.00085
22013 0.00085
22014 0.00085
22015 0.00085
22016 0.00085
22017 0.00085
22018 0.00085
22019 0.00085
22020 0.00085
22021 0.00085
22022 0.00085
22023 0.00085
22024 0.00085
22025 0.00085
22026 0.00085
22027 0.00085
22028 0.00085
22029 0.00085
22030 0.00085
22031 0.00085
22032 0.00085
22033 0.00085
22034 0.00085
22035 0.00085
22036 0.00085
22037 0.00085
22038 0.00085
22039 0.00085
22040 0.00085
22041 0.00085
22042 0.00085
22043 0.00085
22044 0.00085
22045 0.00085
22046 0.00085
22047 0.00085
22048 0.00085
22049 0.00085
22050 0.00085
22051 0.00085
22052 0.00085
22053 0.00085
22054 0.00085
22055 0.00085
22056 0.00085
22057 0.00085
22058 0.00085
22059 0.00085
22060 0.00085
22061 0.00085
22062 0.00085
22063 0.00085
22064 0.00085
22065 0.00085
22066 0.00085
22067 0.00085
22068 0.00085
22069 0.00085
22070 0.00085
22071 0.00085
22072 0.00085
22073 0.00085
22074 0.00085
22075 0.00085
22076 0.00085
22077 0.00085
22078 0.00085
22079 0.00085
22080 0.00085
22081 0.00085
22082 0.00085
22083 0.00085
22084 0.00085
22085 0.00085
22086 0.00085
22087 0.00085
22088 0.00085
22089 0.00085
22090 0.00085
22091 0.00085
22092 0.00085
22093 0.00085
22094 0.00085
22095 0.00085
22096 0.00085
22097 0.00085
22098 0.00085
22099 0.00085
22100 0.00085
22101 0.00085
22102 0.00085
22103 0.00085
22104 0.00085
22105 0.00085
22106 0.00085
22107 0.00085
22108 0.00085
22109 0.00085
22110 0.00085
22111 0.00085
22112 0.00085
22113 0.00085
22114 0.00085
22115 0.00085
22116 0.00085
22117 0.00085
22118 0.00085
22119 0.00085
22120 0.00085
22121 0.00085
22122 0.00085
22123 0.00085
22124 0.00085
22125 0.00085
22126 0.00085
22127 0.00085
22128 0.00085
22129 0.00085
22130 0.00085
22131 0.00085
22132 0.00085
22133 0.00085
22134 0.00085
22135 0.00085
22136 0.00085
22137 0.00085
22138 0.00085
22139 0.00085
22140 0.00085
22141 0.00085
22142 0.00085
22143 0.00085
22144 0.00085
22145 0.00085
22146 0.00085
22147 0.00085
22148 0.00085
22149 0.00085
22150 0.00085
22151 0.00085
22152 0.00085
22153 0.00085
22154 0.00085
22155 0.00085
22156 0.00085
22157 0.00085
22158 0.00085
22159 0.00085
22160 0.00085
22161 0.00085
22162 0.00085
22163 0.00085
22164 0.00085
22165 0.00085
22166 0.00085
22167 0.00085
22168 0.00085
22169 0.00085
22170 0.00085
22171 0.00085
22172 0.00085
22173 0.00085
22174 0.00085
22175 0.00085
22176 0.00085
22177 0.00085
22178 0.00085
22179 0.00085
22180 0.00085
22181 0.00085
22182 0.00085
22183 0.00085
22184 0.00085
22185 0.00085
22186 0.00085
22187 0.00085
22188 0.00085
22189 0.00085
22190 0.00085
22191 0.00085
22192 0.00085
22193 0.00085
22194 0.00085
22195 0.00085
22196 0.00085
22197 0.00085
22198 0.00085
22199 0.00085
22200 0.00085
22201 0.00085
22202 0.00085
22203 0.00085
22204 0.00085
22205 0.00085
22206 0.00085
22207 0.00085
22208 0.00085
22209 0.00085
22210 0.00085
22211 0.00085
22212 0.00085
22213 0.00085
22214 0.00085
22215 0.00085
22216 0.00085
22217 0.00085
22218 0.00085
22219 0.00085
22220 0.00085
22221 0.00085
22222 0.00085
22223 0.00085
22224 0.00085
22225 0.00085
22226 0.00085
22227 0.00085
22228 0.00085
22229 0.00085
22230 0.00085
22231 0.00085
22232 0.00085
22233 0.00085
22234 0.00085
22235 0.00085
22236 0.00085
22237 0.00085
22238 0.00085
22239 0.00085
22240 0.00085
22241 0.00085
22242 0.00085
22243 0.00085
22244 0.00085
22245 0.00085
22246 0.00085
22247 0.00085
22248 0.00085
22249 0.00085
22250 0.00085
22251 0.00085
22252 0.00085
22253 0.00085
22254 0.00085
22255 0.00085
22256 0.00085
22257 0.00085
22258 0.00085
22259 0.00085
22260 0.00085
22261 0.00085
22262 0.00085
22263 0.00085
22264 0.00085
22265 0.00085
22266 0.00085
22267 0.00085
22268 0.00085
22269 0.00085
22270 0.00085
22271 0.00085
22272 0.00085
22273 0.00085
22274 0.00085
22275 0.00085
22276 0.00085
22277 0.00085
22278 0.00085
22279 0.00085
22280 0.00085
22281 0.00085
22282 0.00085
22283 0.00085
22284 0.00085
22285 0.00085
22286 0.00085
22287 0.00085
22288 0.00085
22289 0.00085
22290 0.00085
22291 0.00085
22292 0.00085
22293 0.00085
22294 0.00085
22295 0.00085
22296 0.00085
22297 0.00085
22298 0.00085
22299 0.00085
22300 0.00085
22301 0.00085
22302 0.00085
22303 0.00085
22304 0.00085
22305 0.00085
22306 0.00085
22307 0.00085
22308 0.00085
22309 0.00085
22310 0.00085
22311 0.00085
22312 0.00085
22313 0.00085
22314 0.00085
22315 0.00085
22316 0.00085
22317 0.00085
22318 0.00085
22319 0.00085
22320 0.00085
22321 0.00085
22322 0.00085
22323 0.00085
22324 0.00085
22325 0.00085
22326 0.00085
22327 0.00085
22328 0.00085
22329 0.00085
22330 0.00085
22331 0.00085
22332 0.00085
22333 0.00085
22334 0.00085
22335 0.00085
22336 0.00085
22337 0.00085
22338 0.00085
22339 0.00085
22340 0.00085
22341 0.00085
22342 0.00085
22343 0.00085
22344 0.00085
22345 0.00085
22346 0.00085
22347 0.00085
22348 0.00085
22349 0.00085
22350 0.00085
22351 0.00085
22352 0.00085
22353 0.00085
22354 0.00085
22355 0.00085
22356 0.00085
22357 0.00085
22358 0.00085
22359 0.00085
22360 0.00085
22361 0.00085
22362 0.00085
22363 0.00085
22364 0.00085
22365 0.00085
22366 0.00085
22367 0.00085
22368 0.00085
22369 0.00085
22370 0.00085
22371 0.00085
22372 0.00085
22373 0.00085
22374 0.00085
22375 0.00085
22376 0.00085
22377 0.00085
22378 0.00085
22379 0.00085
22380 0.00085
22381 0.00085
22382 0.00085
22383 0.00085
22384 0.00085
22385 0.00085
22386 0.00085
22387 0.00085
22388 0.00085
22389 0.00085
22390 0.00085
22391 0.00085
22392 0.00085
22393 0.00085
22394 0.00085
22395 0.00085
22396 0.00085
22397 0.00085
22398 0.00085
22399 0.00085
22400 0.00085
22401 0.00085
22402 0.00085
22403 0.00085
22404 0.00085
22405 0.00085
22406 0.00085
22407 0.00085
22408 0.00085
22409 0.00085
22410 0.00085
22411 0.00085
22412 0.00085
22413 0.00085
22414 0.00085
22415 0.00085
22416 0.00085
22417 0.00085
22418 0.00085
22419 0.00085
22420 0.00085
22421 0.00085
22422 0.00085
22423 0.00085
22424 0.00085
22425 0.00085
22426 0.00085
22427 0.00085
22428 0.00085
22429 0.00085
22430 0.00085
22431 0.00085
22432 0.00085
22433 0.00085
22434 0.00085
22435 0.00085
22436 0.00085
22437 0.00085
22438 0.00085
22439 0.00085
22440 0.00085
22441 0.00085
22442 0.00085
22443 0.00085
22444 0.00085
22445 0.00085
22446 0.00085
22447 0.00085
22448 0.00085
22449 0.00085
22450 0.00085
22451 0.00085
22452 0.00085
22453 0.00085
22454 0.00085
22455 0.00085
22456 0.00085
22457 0.00085
22458 0.00085
22459 0.00085
22460 0.00085
22461 0.00085
22462 0.00085
22463 0.00085
22464 0.00085
22465 0.00085
22466 0.00085
22467 0.00085
22468 0.00085
22469 0.00085
22470 0.00085
22471 0.00085
22472 0.00085
22473 0.00085
22474 0.00085
22475 0.00085
22476 0.00085
22477 0.00085
22478 0.00085
22479 0.00085
22480 0.00085
22481 0.00085
22482 0.00085
22483 0.00085
22484 0.00085
22485 0.00085
22486 0.00085
22487 0.00085
22488 0.00085
22489 0.00085
22490 0.00085
22491 0.00085
22492 0.00085
22493 0.00085
22494 0.00085
22495 0.00085
22496 0.00085
22497 0.00085
22498 0.00085
22499 0.00085
22500 0.00085
22501 0.00085
22502 0.00085
22503 0.00085
22504 0.00085
22505 0.00085
22506 0.00085
22507 0.00085
22508 0.00085
22509 0.00085
22510 0.00085
22511 0.00085
22512 0.00085
22513 0.00085
22514 0.00085
22515 0.00085
22516 0.00085
22517 0.00085
22518 0.00085
22519 0.00085
22520 0.00085
22521 0.00085
22522 0.00085
22523 0.00085
22524 0.00085
22525 0.00085
22526 0.00085
22527 0.00085
22528 0.00085
22529 0.00085
22530 0.00085
22531 0.00085
22532 0.00085
22533 0.00085
22534 0.00085
22535 0.00085
22536 0.00085
22537 0.00085
22538 0.00085
22539 0.00085
22540 0.00085
22541 0.00085
22542 0.00085
22543 0.00085
22544 0.00085
22545 0.00085
22546 0.00085
22547 0.00085
22548 0.00085
22549 0.00085
22550 0.00085
22551 0.00085
22552 0.00085
22553 0.00085
22554 0.00085
22555 0.00085
22556 0.00085
22557 0.00085
22558 0.00085
22559 0.00085
22560 0.00085
22561 0.00085
22562 0.00085
22563 0.00085
22564 0.00085
22565 0.00085
22566 0.00085
22567 0.00085
22568 0.00085
22569 0.00085
22570 0.00085
22571 0.00085
22572 0.00085
22573 0.00085
22574 0.00085
22575 0.00085
22576 0.00085
22577 0.00085
22578 0.00085
22579 0.00085
22580 0.00085
22581 0.00085
22582 0.00085
22583 0.00085
22584 0.00085
22585 0.00085
22586 0.00085
22587 0.00085
22588 0.00085
22589 0.00085
22590 0.00085
22591 0.00085
22592 0.00085
22593 0.00085
22594 0.00085
22595 0.00085
22596 0.00085
22597 0.00085
22598 0.00085
22599 0.00085
22600 0.00085
22601 0.00085
22602 0.00085
22603 0.00085
22604 0.00085
22605 0.00085
22606 0.00085
22607 0.00085
22608 0.00085
22609 0.00085
22610 0.00085
22611 0.00085
22612 0.00085
22613 0.00085
22614 0.00085
22615 0.00085
22616 0.00085
22617 0.00085
22618 0.00085
22619 0.00085
22620 0.00085
22621 0.00085
22622 0.00085
22623 0.00085
22624 0.00085
22625 0.00085
22626 0.00085
22627 0.00085
22628 0.00085
22629 0.00085
22630 0.00085
22631 0.00085
22632 0.00085
22633 0.00085
22634 0.00085
22635 0.00085
22636 0.00085
22637 0.00085
22638 0.00085
22639 0.00085
22640 0.00085
22641 0.00085
22642 0.00085
22643 0.00085
22644 0.00085
22645 0.00085
22646 0.00085
22647 0.00085
22648 0.00085
22649 0.00085
22650 0.00085
22651 0.00085
22652 0.00085
22653 0.00085
22654 0.00085
22655 0.00085
22656 0.00085
22657 0.00085
22658 0.00085
22659 0.00085
22660 0.00085
22661 0.00085
22662 0.00085
22663 0.00085
22664 0.00085
22665 0.00085
22666 0.00085
22667 0.00085
22668 0.00085
22669 0.00085
22670 0.00085
22671 0.00085
22672 0.00085
22673 0.00085
22674 0.00085
22675 0.00085
22676 0.00085
22677 0.00085
22678 0.00085
22679 0.00085
22680 0.00085
22681 0.00085
22682 0.00085
22683 0.00085
22684 0.00085
22685 0.00085
22686 0.00085
22687 0.00085
22688 0.00085
22689 0.00085
22690 0.00085
22691 0.00085
22692 0.00085
22693 0.00085
22694 0.00085
22695 0.00085
22696 0.00085
22697 0.00085
22698 0.00085
22699 0.00085
22700 0.00085
22701 0.00085
22702 0.00085
22703 0.00085
22704 0.00085
22705 0.00085
22706 0.00085
22707 0.00085
22708 0.00085
22709 0.00085
22710 0.00085
22711 0.00085
22712 0.00085
22713 0.00085
22714 0.00085
22715 0.00085
22716 0.00085
22717 0.00085
22718 0.00085
22719 0.00085
22720 0.00085
22721 0.00085
22722 0.00085
22723 0.00085
22724 0.00085
22725 0.00085
22726 0.00085
22727 0.00085
22728 0.00085
22729 0.00085
22730 0.00085
22731 0.00085
22732 0.00085
22733 0.00085
22734 0.00085
22735 0.00085
22736 0.00085
22737 0.00085
22738 0.00085
22739 0.00085
22740 0.00085
22741 0.00085
22742 0.00085
22743 0.00085
22744 0.00085
22745 0.00085
22746 0.00085
22747 0.00085
22748 0.00085
22749 0.00085
22750 0.00085
22751 0.00085
22752 0.00085
22753 0.00085
22754 0.00085
22755 0.00085
22756 0.00085
22757 0.00085
22758 0.00085
22759 0.00085
22760 0.00085
22761 0.00085
22762 0.00085
22763 0.00085
22764 0.00085
22765 0.00085
22766 0.00085
22767 0.00085
22768 0.00085
22769 0.00085
22770 0.00085
22771 0.00085
22772 0.00085
22773 0.00085
22774 0.00085
22775 0.00085
22776 0.00085
22777 0.00085
22778 0.00085
22779 0.00085
22780 0.00085
22781 0.00085
22782 0.00085
22783 0.00085
22784 0.00085
22785 0.00085
22786 0.00085
22787 0.00085
22788 0.00085
22789 0.00085
22790 0.00085
22791 0.00085
22792 0.00085
22793 0.00085
22794 0.00085
22795 0.00085
22796 0.00085
22797 0.00085
22798 0.00085
22799 0.00085
22800 0.00085
22801 0.00085
22802 0.00085
22803 0.00085
22804 0.00085
22805 0.00085
22806 0.00085
22807 0.00085
22808 0.00085
22809 0.00085
22810 0.00085
22811 0.00085
22812 0.00085
22813 0.00085
22814 0.00085
22815 0.00085
22816 0.00085
22817 0.00085
22818 0.00085
22819 0.00085
22820 0.00085
22821 0.00085
22822 0.00085
22823 0.00085
22824 0.00085
22825 0.00085
22826 0.00085
22827 0.00085
22828 0.00085
22829 0.00085
22830 0.00085
22831 0.00085
22832 0.00085
22833 0.00085
22834 0.00085
22835 0.00085
22836 0.00085
22837 0.00085
22838 0.00085
22839 0.00085
22840 0.00085
22841 0.00085
22842 0.00085
22843 0.00085
22844 0.00085
22845 0.00085
22846 0.00085
22847 0.00085
22848 0.00085
22849 0.00085
22850 0.00085
22851 0.00085
22852 0.00085
22853 0.00085
22854 0.00085
22855 0.00085
22856 0.00085
22857 0.00085
22858 0.00085
22859 0.00085
22860 0.00085
22861 0.00085
22862 0.00085
22863 0.00085
22864 0.00085
22865 0.00085
22866 0.00085
22867 0.00085
22868 0.00085
22869 0.00085
22870 0.00085
22871 0.00085
22872 0.00085
22873 0.00085
22874 0.00085
22875 0.00085
22876 0.00085
22877 0.00085
22878 0.00085
22879 0.00085
22880 0.00085
22881 0.00085
22882 0.00085
22883 0.00085
22884 0.00085
22885 0.00085
22886 0.00085
22887 0.00085
22888 0.00085
22889 0.00085
22890 0.00085
22891 0.00085
22892 0.00085
22893 0.00085
22894 0.00085
22895 0.00085
22896 0.00085
22897 0.00085
22898 0.00085
22899 0.00085
22900 0.00085
22901 0.00085
22902 0.00085
22903 0.00085
22904 0.00085
22905 0.00085
22906 0.00085
22907 0.00085
22908 0.00085
22909 0.00085
22910 0.00085
22911 0.00088
22912 0.0009
22913 0.0009
22914 0.0009
22915 0.0009
22916 0.0009
22917 0.0009
22918 0.0009
22919 0.0009
22920 0.0009
22921 0.0009
22922 0.0009
22923 0.0009
22924 0.0009
22925 0.0009
22926 0.0009
22927 0.0009
22928 0.0009
22929 0.0009
22930 0.0009
22931 0.0009
22932 0.0009
22933 0.0009
22934 0.0009
22935 0.0009
22936 0.0009
22937 0.0009
22938 0.0009
22939 0.0009
22940 0.0009
22941 0.0009
22942 0.0009
22943 0.0009
22944 0.0009
22945 0.0009
22946 0.0009
22947 0.0009
22948 0.0009
22949 0.0009
22950 0.0009
22951 0.0009
22952 0.0009
22953 0.0009
22954 0.0009
22955 0.0009
22956 0.0009
22957 0.0009
22958 0.0009
22959 0.0009
22960 0.0009
22961 0.0009
22962 0.0009
22963 0.0009
22964 0.0009
22965 0.0009
22966 0.0009
22967 0.0009
22968 0.0009
22969 0.0009
22970 0.0009
22971 0.0009
22972 0.0009
22973 0.0009
22974 0.0009
22975 0.0009
22976 0.0009
22977 0.0009
22978 0.0009
22979 0.0009
22980 0.0009
22981 0.0009
22982 0.0009
22983 0.0009
22984 0.0009
22985 0.0009
22986 0.0009
22987 0.0009
22988 0.0009
22989 0.0009
22990 0.0009
22991 0.0009
22992 0.0009
22993 0.0009
22994 0.0009
22995 0.0009
22996 0.0009
22997 0.0009
22998 0.0009
22999 0.0009
23000 0.0009
23001 0.0009
23002 0.0009
23003 0.0009
23004 0.0009
23005 0.0009
23006 0.0009
23007 0.0009
23008 0.0009
23009 0.0009
23010 0.0009
23011 0.0009
23012 0.0009
23013 0.0009
23014 0.0009
23015 0.0009
23016 0.0009
23017 0.0009
23018 0.0009
23019 0.0009
23020 0.0009
23021 0.0009
23022 0.0009
23023 0.0009
23024 0.0009
23025 0.0009
23026 0.0009
23027 0.0009
23028 0.0009
23029 0.0009
23030 0.0009
23031 0.0009
23032 0.0009
23033 0.0009
23034 0.0009
23035 0.0009
23036 0.0009
23037 0.0009
23038 0.0009
23039 0.0009
23040 0.0009
23041 0.0009
23042 0.0009
23043 0.0009
23044 0.0009
23045 0.0009
23046 0.0009
23047 0.0009
23048 0.0009
23049 0.0009
23050 0.0009
23051 0.0009
23052 0.0009
23053 0.0009
23054 0.0009
23055 0.0009
23056 0.0009
23057 0.0009
23058 0.0009
23059 0.0009
23060 0.0009
23061 0.0009
23062 0.0009
23063 0.0009
23064 0.0009
23065 0.0009
23066 0.0009
23067 0.0009
23068 0.0009
23069 0.0009
23070 0.0009
23071 0.0009
23072 0.0009
23073 0.0009
23074 0.0009
23075 0.0009
23076 0.0009
23077 0.0009
23078 0.0009
23079 0.0009
23080 0.0009
23081 0.0009
23082 0.0009
23083 0.0009
23084 0.0009
23085 0.0009
23086 0.0009
23087 0.0009
23088 0.0009
23089 0.0009
23090 0.0009
23091 0.0009
23092 0.0009
23093 0.0009
23094 0.0009
23095 0.0009
23096 0.0009
23097 0.0009
23098 0.0009
23099 0.0009
23100 0.0009
23101 0.0009
23102 0.0009
23103 0.0009
23104 0.0009
23105 0.0009
23106 0.0009
23107 0.0009
23108 0.0009
23109 0.0009
23110 0.0009
23111 0.0009
23112 0.0009
23113 0.0009
23114 0.0009
23115 0.0009
23116 0.0009
23117 0.0009
23118 0.0009
23119 0.0009
23120 0.0009
23121 0.0009
23122 0.0009
23123 0.0009
23124 0.0009
23125 0.0009
23126 0.0009
23127 0.0009
23128 0.0009
23129 0.0009
23130 0.0009
23131 0.0009
23132 0.0009
23133 0.0009
23134 0.0009
23135 0.0009
23136 0.0009
23137 0.0009
23138 0.0009
23139 0.0009
23140 0.0009
23141 0.0009
23142 0.0009
23143 0.0009
23144 0.0009
23145 0.0009
23146 0.0009
23147 0.0009
23148 0.0009
23149 0.0009
23150 0.0009
23151 0.0009
23152 0.0009
23153 0.0009
23154 0.0009
23155 0.0009
23156 0.0009
23157 0.0009
23158 0.0009
23159 0.0009
23160 0.0009
23161 0.0009
23162 0.0009
23163 0.0009
23164 0.0009
23165 0.0009
23166 0.0009
23167 0.0009
23168 0.0009
23169 0.0009
23170 0.0009
23171 0.0009
23172 0.0009
23173 0.0009
23174 0.0009
23175 0.0009
23176 0.0009
23177 0.0009
23178 0.0009
23179 0.0009
23180 0.0009
23181 0.0009
23182 0.0009
23183 0.0009
23184 0.0009
23185 0.0009
23186 0.0009
23187 0.0009
23188 0.0009
23189 0.0009
23190 0.0009
23191 0.0009
23192 0.0009
23193 0.0009
23194 0.0009
23195 0.0009
23196 0.0009
23197 0.0009
23198 0.0009
23199 0.0009
23200 0.0009
23201 0.0009
23202 0.0009
23203 0.0009
23204 0.0009
23205 0.0009
23206 0.0009
23207 0.0009
23208 0.0009
23209 0.0009
23210 0.0009
23211 0.0009
23212 0.0009
23213 0.0009
23214 0.0009
23215 0.0009
23216 0.0009
23217 0.0009
23218 0.0009
23219 0.0009
23220 0.0009
23221 0.0009
23222 0.0009
23223 0.0009
23224 0.0009
23225 0.0009
23226 0.0009
23227 0.0009
23228 0.0009
23229 0.0009
23230 0.0009
23231 0.0009
23232 0.0009
23233 0.0009
23234 0.0009
23235 0.0009
23236 0.0009
23237 0.0009
23238 0.0009
23239 0.0009
23240 0.0009
23241 0.0009
23242 0.0009
23243 0.0009
23244 0.0009
23245 0.0009
23246 0.0009
23247 0.0009
23248 0.0009
23249 0.0009
23250 0.0009
23251 0.0009
23252 0.0009
23253 0.0009
23254 0.0009
23255 0.0009
23256 0.0009
23257 0.0009
23258 0.0009
23259 0.0009
23260 0.0009
23261 0.0009
23262 0.0009
23263 0.0009
23264 0.0009
23265 0.0009
23266 0.0009
23267 0.0009
23268 0.0009
23269 0.0009
23270 0.0009
23271 0.0009
23272 0.0009
23273 0.0009
23274 0.0009
23275 0.0009
23276 0.0009
23277 0.0009
23278 0.0009
23279 0.0009
23280 0.0009
23281 0.0009
23282 0.0009
23283 0.0009
23284 0.0009
23285 0.0009
23286 0.0009
23287 0.0009
23288 0.0009
23289 0.0009
23290 0.0009
23291 0.0009
23292 0.0009
23293 0.0009
23294 0.0009
23295 0.0009
23296 0.0009
23297 0.0009
23298 0.0009
23299 0.0009
23300 0.0009
23301 0.0009
23302 0.0009
23303 0.0009
23304 0.0009
23305 0.0009
23306 0.0009
23307 0.0009
23308 0.0009
23309 0.0009
23310 0.0009
23311 0.0009
23312 0.0009
23313 0.0009
23314 0.0009
23315 0.0009
23316 0.0009
23317 0.0009
23318 0.0009
23319 0.0009
23320 0.0009
23321 0.0009
23322 0.0009
23323 0.0009
23324 0.0009
23325 0.0009
23326 0.0009
23327 0.0009
23328 0.0009
23329 0.0009
23330 0.0009
23331 0.0009
23332 0.0009
23333 0.0009
23334 0.0009
23335 0.0009
23336 0.0009
23337 0.0009
23338 0.0009
23339 0.0009
23340 0.0009
23341 0.0009
23342 0.0009
23343 0.0009
23344 0.0009
23345 0.0009
23346 0.0009
23347 0.0009
23348 0.0009
23349 0.0009
23350 0.0009
23351 0.0009
23352 0.0009
23353 0.0009
23354 0.0009
23355 0.0009
23356 0.0009
23357 0.0009
23358 0.0009
23359 0.0009
23360 0.0009
23361 0.0009
23362 0.0009
23363 0.0009
23364 0.0009
23365 0.0009
23366 0.0009
23367 0.0009
23368 0.0009
23369 0.0009
23370 0.0009
23371 0.0009
23372 0.0009
23373 0.0009
23374 0.0009
23375 0.0009
23376 0.0009
23377 0.0009
23378 0.0009
23379 0.0009
23380 0.0009
23381 0.0009
23382 0.0009
23383 0.0009
23384 0.0009
23385 0.0009
23386 0.0009
23387 0.0009
23388 0.0009
23389 0.0009
23390 0.0009
23391 0.0009
23392 0.0009
23393 0.0009
23394 0.0009
23395 0.0009
23396 0.0009
23397 0.0009
23398 0.0009
23399 0.0009
23400 0.0009
23401 0.0009
23402 0.0009
23403 0.0009
23404 0.0009
23405 0.0009
23406 0.0009
23407 0.0009
23408 0.0009
23409 0.0009
23410 0.0009
23411 0.0009
23412 0.0009
23413 0.0009
23414 0.0009
23415 0.0009
23416 0.0009
23417 0.0009
23418 0.0009
23419 0.0009
23420 0.0009
23421 0.0009
23422 0.0009
23423 0.0009
23424 0.0009
23425 0.0009
23426 0.0009
23427 0.0009
23428 0.0009
23429 0.0009
23430 0.0009
23431 0.0009
23432 0.0009
23433 0.0009
23434 0.0009
23435 0.0009
23436 0.0009
23437 0.0009
23438 0.0009
23439 0.0009
23440 0.0009
23441 0.0009
23442 0.0009
23443 0.0009
23444 0.0009
23445 0.0009
23446 0.0009
23447 0.0009
23448 0.0009
23449 0.0009
23450 0.0009
23451 0.0009
23452 0.0009
23453 0.0009
23454 0.0009
23455 0.0009
23456 0.0009
23457 0.0009
23458 0.0009
23459 0.0009
23460 0.0009
23461 0.0009
23462 0.0009
23463 0.0009
23464 0.0009
23465 0.0009
23466 0.0009
23467 0.0009
23468 0.0009
23469 0.0009
23470 0.0009
23471 0.0009
23472 0.0009
23473 0.0009
23474 0.0009
23475 0.0009
23476 0.0009
23477 0.0009
23478 0.0009
23479 0.0009
23480 0.0009
23481 0.0009
23482 0.0009
23483 0.0009
23484 0.0009
23485 0.0009
23486 0.0009
23487 0.0009
23488 0.0009
23489 0.0009
23490 0.0009
23491 0.0009
23492 0.0009
23493 0.0009
23494 0.0009
23495 0.0009
23496 0.0009
23497 0.0009
23498 0.0009
23499 0.0009
23500 0.0009
23501 0.0009
23502 0.0009
23503 0.0009
23504 0.0009
23505 0.0009
23506 0.0009
23507 0.0009
23508 0.0009
23509 0.0009
23510 0.0009
23511 0.0009
23512 0.0009
23513 0.0009
23514 0.0009
23515 0.0009
23516 0.0009
23517 0.0009
23518 0.0009
23519 0.0009
23520 0.0009
23521 0.0009
23522 0.0009
23523 0.0009
23524 0.0009
23525 0.0009
23526 0.0009
23527 0.0009
23528 0.0009
23529 0.0009
23530 0.0009
23531 0.0009
23532 0.0009
23533 0.0009
23534 0.0009
23535 0.0009
23536 0.0009
23537 0.0009
23538 0.0009
23539 0.0009
23540 0.0009
23541 0.0009
23542 0.0009
23543 0.0009
23544 0.0009
23545 0.0009
23546 0.0009
23547 0.0009
23548 0.0009
23549 0.0009
23550 0.0009
23551 0.0009
23552 0.0009
23553 0.0009
23554 0.0009
23555 0.0009
23556 0.0009
23557 0.0009
23558 0.0009
23559 0.0009
23560 0.0009
23561 0.0009
23562 0.0009
23563 0.0009
23564 0.0009
23565 0.0009
23566 0.0009
23567 0.0009
23568 0.0009
23569 0.0009
23570 0.0009
23571 0.0009
23572 0.0009
23573 0.0009
23574 0.0009
23575 0.0009
23576 0.0009
23577 0.0009
23578 0.0009
23579 0.0009
23580 0.0009
23581 0.0009
23582 0.0009
23583 0.0009
23584 0.0009
23585 0.0009
23586 0.0009
23587 0.0009
23588 0.0009
23589 0.0009
23590 0.0009
23591 0.0009
23592 0.0009
23593 0.0009
23594 0.0009
23595 0.0009
23596 0.0009
23597 0.0009
23598 0.0009
23599 0.0009
23600 0.0009
23601 0.0009
23602 0.0009
23603 0.0009
23604 0.0009
23605 0.0009
23606 0.0009
23607 0.0009
23608 0.0009
23609 0.0009
23610 0.0009
23611 0.0009
23612 0.0009
23613 0.0009
23614 0.0009
23615 0.0009
23616 0.0009
23617 0.0009
23618 0.0009
23619 0.0009
23620 0.0009
23621 0.0009
23622 0.0009
23623 0.0009
23624 0.0009
23625 0.0009
23626 0.0009
23627 0.0009
23628 0.0009
23629 0.0009
23630 0.0009
23631 0.0009
23632 0.0009
23633 0.0009
23634 0.0009
23635 0.0009
23636 0.0009
23637 0.0009
23638 0.0009
23639 0.0009
23640 0.0009
23641 0.0009
23642 0.0009
23643 0.0009
23644 0.0009
23645 0.0009
23646 0.0009
23647 0.0009
23648 0.0009
23649 0.0009
23650 0.0009
23651 0.0009
23652 0.0009
23653 0.0009
23654 0.0009
23655 0.0009
23656 0.0009
23657 0.0009
23658 0.0009
23659 0.0009
23660 0.0009
23661 0.0009
23662 0.0009
23663 0.0009
23664 0.0009
23665 0.0009
23666 0.0009
23667 0.0009
23668 0.0009
23669 0.0009
23670 0.0009
23671 0.0009
23672 0.0009
23673 0.0009
23674 0.0009
23675 0.0009
23676 0.0009
23677 0.0009
23678 0.0009
23679 0.0009
23680 0.0009
23681 0.0009
23682 0.0009
23683 0.0009
23684 0.0009
23685 0.0009
23686 0.0009
23687 0.0009
23688 0.0009
23689 0.0009
23690 0.0009
23691 0.0009
23692 0.0009
23693 0.0009
23694 0.0009
23695 0.0009
23696 0.0009
23697 0.0009
23698 0.0009
23699 0.0009
23700 0.0009
23701 0.0009
23702 0.0009
23703 0.0009
23704 0.0009
23705 0.0009
23706 0.0009
23707 0.0009
23708 0.0009
23709 0.0009
23710 0.0009
23711 0.0009
23712 0.0009
23713 0.0009
23714 0.0009
23715 0.0009
23716 0.0009
23717 0.0009
23718 0.0009
23719 0.0009
23720 0.0009
23721 0.0009
23722 0.0009
23723 0.0009
23724 0.0009
23725 0.0009
23726 0.0009
23727 0.0009
23728 0.0009
23729 0.0009
23730 0.0009
23731 0.0009
23732 0.0009
23733 0.0009
23734 0.0009
23735 0.0009
23736 0.0009
23737 0.0009
23738 0.0009
23739 0.0009
23740 0.0009
23741 0.0009
23742 0.0009
23743 0.0009
23744 0.0009
23745 0.0009
23746 0.0009
23747 0.0009
23748 0.0009
23749 0.0009
23750 0.0009
23751 0.0009
23752 0.0009
23753 0.0009
23754 0.0009
23755 0.0009
23756 0.0009
23757 0.0009
23758 0.0009
23759 0.0009
23760 0.0009
23761 0.0009
23762 0.0009
23763 0.0009
23764 0.0009
23765 0.0009
23766 0.0009
23767 0.0009
23768 0.0009
23769 0.0009
23770 0.0009
23771 0.0009
23772 0.0009
23773 0.0009
23774 0.0009
23775 0.0009
23776 0.0009
23777 0.0009
23778 0.0009
23779 0.0009
23780 0.0009
23781 0.0009
23782 0.0009
23783 0.0009
23784 0.0009
23785 0.0009
23786 0.0009
23787 0.0009
23788 0.0009
23789 0.0009
23790 0.0009
23791 0.0009
23792 0.0009
23793 0.0009
23794 0.0009
23795 0.0009
23796 0.0009
23797 0.0009
23798 0.0009
23799 0.0009
23800 0.0009
23801 0.0009
23802 0.0009
23803 0.0009
23804 0.0009
23805 0.0009
23806 0.0009
23807 0.0009
23808 0.0009
23809 0.0009
23810 0.0009
23811 0.0009
23812 0.0009
23813 0.0009
23814 0.0009
23815 0.0009
23816 0.0009
23817 0.0009
23818 0.0009
23819 0.0009
23820 0.0009
23821 0.0009
23822 0.0009
23823 0.0009
23824 0.0009
23825 0.0009
23826 0.0009
23827 0.0009
23828 0.0009
23829 0.0009
23830 0.0009
23831 0.0009
23832 0.0009
23833 0.0009
23834 0.0009
23835 0.0009
23836 0.0009
23837 0.0009
23838 0.0009
23839 0.0009
23840 0.0009
23841 0.0009
23842 0.0009
23843 0.0009
23844 0.0009
23845 0.0009
23846 0.0009
23847 0.0009
23848 0.0009
23849 0.0009
23850 0.0009
23851 0.0009
23852 0.0009
23853 0.0009
23854 0.0009
23855 0.0009
23856 0.0009
23857 0.0009
23858 0.0009
23859 0.0009
23860 0.0009
23861 0.0009
23862 0.0009
23863 0.0009
23864 0.0009
23865 0.0009
23866 0.0009
23867 0.0009
23868 0.0009
23869 0.0009
23870 0.0009
23871 0.0009
23872 0.0009
23873 0.0009
23874 0.0009
23875 0.0009
23876 0.0009
23877 0.0009
23878 0.0009
23879 0.0009
23880 0.0009
23881 0.0009
23882 0.0009
23883 0.0009
23884 0.0009
23885 0.0009
23886 0.0009
23887 0.0009
23888 0.0009
23889 0.0009
23890 0.0009
23891 0.0009
23892 0.0009
23893 0.0009
23894 0.0009
23895 0.0009
23896 0.0009
23897 0.0009
23898 0.0009
23899 0.0009
23900 0.0009
23901 0.0009
23902 0.0009
23903 0.0009
23904 0.0009
23905 0.0009
23906 0.0009
23907 0.0009
23908 0.0009
23909 0.0009
23910 0.0009
23911 0.0009
23912 0.0009
23913 0.0009
23914 0.0009
23915 0.0009
23916 0.0009
23917 0.0009
23918 0.0009
23919 0.0009
23920 0.0009
23921 0.0009
23922 0.0009
23923 0.0009
23924 0.0009
23925 0.0009
23926 0.0009
23927 0.0009
23928 0.0009
23929 0.0009
23930 0.0009
23931 0.0009
23932 0.0009
23933 0.0009
23934 0.0009
23935 0.0009
23936 0.0009
23937 0.0009
23938 0.0009
23939 0.0009
23940 0.0009
23941 0.0009
23942 0.0009
23943 0.0009
23944 0.0009
23945 0.0009
23946 0.0009
23947 0.0009
23948 0.0009
23949 0.0009
23950 0.0009
23951 0.0009
23952 0.0009
23953 0.0009
23954 0.0009
23955 0.0009
23956 0.0009
23957 0.0009
23958 0.0009
23959 0.0009
23960 0.0009
23961 0.0009
23962 0.0009
23963 0.0009
23964 0.0009
23965 0.0009
23966 0.0009
23967 0.0009
23968 0.0009
23969 0.0009
23970 0.0009
23971 0.0009
23972 0.0009
23973 0.0009
23974 0.0009
23975 0.0009
23976 0.0009
23977 0.0009
23978 0.0009
23979 0.0009
23980 0.0009
23981 0.0009
23982 0.0009
23983 0.0009
23984 0.0009
23985 0.0009
23986 0.0009
23987 0.0009
23988 0.0009
23989 0.0009
23990 0.0009
23991 0.0009
23992 0.0009
23993 0.0009
23994 0.0009
23995 0.0009
23996 0.0009
23997 0.0009
23998 0.0009
23999 0.0009
24000 0.0009
24001 0.0009
24002 0.0009
24003 0.0009
24004 0.0009
24005 0.0009
24006 0.0009
24007 0.0009
24008 0.0009
24009 0.0009
24010 0.0009
24011 0.0009
24012 0.0009
24013 0.0009
24014 0.0009
24015 0.0009
24016 0.0009
24017 0.0009
24018 0.0009
24019 0.0009
24020 0.0009
24021 0.0009
24022 0.0009
24023 0.0009
24024 0.0009
24025 0.0009
24026 0.0009
24027 0.0009
24028 0.0009
24029 0.0009
24030 0.0009
24031 0.0009
24032 0.0009
24033 0.0009
24034 0.0009
24035 0.0009
24036 0.0009
24037 0.0009
24038 0.0009
24039 0.0009
24040 0.0009
24041 0.0009
24042 0.0009
24043 0.0009
24044 0.0009
24045 0.0009
24046 0.0009
24047 0.0009
24048 0.0009
24049 0.0009
24050 0.0009
24051 0.0009
24052 0.0009
24053 0.0009
24054 0.0009
24055 0.0009
24056 0.0009
24057 0.0009
24058 0.0009
24059 0.0009
24060 0.0009
24061 0.0009
24062 0.0009
24063 0.0009
24064 0.0009
24065 0.0009
24066 0.0009
24067 0.0009
24068 0.0009
24069 0.0009
24070 0.0009
24071 0.0009
24072 0.0009
24073 0.0009
24074 0.0009
24075 0.0009
24076 0.0009
24077 0.0009
24078 0.0009
24079 0.0009
24080 0.0009
24081 0.0009
24082 0.0009
24083 0.0009
24084 0.0009
24085 0.0009
24086 0.0009
24087 0.0009
24088 0.0009
24089 0.0009
24090 0.0009
24091 0.0009
24092 0.0009
24093 0.0009
24094 0.0009
24095 0.0009
24096 0.0009
24097 0.0009
24098 0.0009
24099 0.0009
24100 0.0009
24101 0.0009
24102 0.0009
24103 0.0009
24104 0.0009
24105 0.0009
24106 0.0009
24107 0.0009
24108 0.0009
24109 0.0009
24110 0.0009
24111 0.0009
24112 0.0009
24113 0.0009
24114 0.0009
24115 0.0009
24116 0.0009
24117 0.0009
24118 0.0009
24119 0.0009
24120 0.0009
24121 0.0009
24122 0.0009
24123 0.0009
24124 0.0009
24125 0.0009
24126 0.0009
24127 0.0009
24128 0.0009
24129 0.0009
24130 0.0009
24131 0.0009
24132 0.0009
24133 0.0009
24134 0.0009
24135 0.0009
24136 0.0009
24137 0.0009
24138 0.0009
24139 0.0009
24140 0.0009
24141 0.0009
24142 0.0009
24143 0.0009
24144 0.0009
24145 0.0009
24146 0.0009
24147 0.0009
24148 0.0009
24149 0.0009
24150 0.0009
24151 0.0009
24152 0.0009
24153 0.0009
24154 0.0009
24155 0.0009
24156 0.0009
24157 0.0009
24158 0.0009
24159 0.0009
24160 0.0009
24161 0.0009
24162 0.0009
24163 0.0009
24164 0.0009
24165 0.0009
24166 0.0009
24167 0.0009
24168 0.0009
24169 0.0009
24170 0.0009
24171 0.0009
24172 0.0009
24173 0.0009
24174 0.0009
24175 0.0009
24176 0.0009
24177 0.0009
24178 0.0009
24179 0.0009
24180 0.0009
24181 0.0009
24182 0.0009
24183 0.0009
24184 0.0009
24185 0.0009
24186 0.0009
24187 0.0009
24188 0.0009
24189 0.0009
24190 0.0009
24191 0.0009
24192 0.0009
24193 0.0009
24194 0.0009
24195 0.0009
24196 0.0009
24197 0.0009
24198 0.0009
24199 0.0009
24200 0.0009
24201 0.0009
24202 0.0009
24203 0.0009
24204 0.0009
24205 0.0009
24206 0.0009
24207 0.0009
24208 0.0009
24209 0.0009
24210 0.0009
24211 0.0009
24212 0.0009
24213 0.0009
24214 0.0009
24215 0.0009
24216 0.0009
24217 0.0009
24218 0.0009
24219 0.0009
24220 0.0009
24221 0.0009
24222 0.0009
24223 0.0009
24224 0.0009
24225 0.0009
24226 0.0009
24227 0.0009
24228 0.0009
24229 0.0009
24230 0.0009
24231 0.0009
24232 0.0009
24233 0.0009
24234 0.0009
24235 0.0009
24236 0.0009
24237 0.0009
24238 0.0009
24239 0.0009
24240 0.0009
24241 0.0009
24242 0.0009
24243 0.0009
24244 0.0009
24245 0.0009
24246 0.0009
24247 0.0009
24248 0.0009
24249 0.0009
24250 0.0009
24251 0.0009
24252 0.0009
24253 0.0009
24254 0.0009
24255 0.0009
24256 0.0009
24257 0.0009
24258 0.0009
24259 0.0009
24260 0.0009
24261 0.0009
24262 0.0009
24263 0.0009
24264 0.0009
24265 0.0009
24266 0.0009
24267 0.0009
24268 0.0009
24269 0.0009
24270 0.0009
24271 0.0009
24272 0.0009
24273 0.0009
24274 0.0009
24275 0.0009
24276 0.0009
24277 0.0009
24278 0.0009
24279 0.0009
24280 0.0009
24281 0.0009
24282 0.0009
24283 0.0009
24284 0.0009
24285 0.0009
24286 0.0009
24287 0.0009
24288 0.0009
24289 0.0009
24290 0.0009
24291 0.0009
24292 0.0009
24293 0.0009
24294 0.0009
24295 0.0009
24296 0.0009
24297 0.0009
24298 0.0009
24299 0.0009
24300 0.0009
24301 0.0009
24302 0.0009
24303 0.0009
24304 0.0009
24305 0.0009
24306 0.0009
24307 0.0009
24308 0.0009
24309 0.0009
24310 0.0009
24311 0.0009
24312 0.0009
24313 0.0009
24314 0.0009
24315 0.0009
24316 0.0009
24317 0.0009
24318 0.0009
24319 0.0009
24320 0.0009
24321 0.0009
24322 0.0009
24323 0.0009
24324 0.0009
24325 0.0009
24326 0.0009
24327 0.0009
24328 0.0009
24329 0.0009
24330 0.0009
24331 0.0009
24332 0.0009
24333 0.0009
24334 0.0009
24335 0.0009
24336 0.0009
24337 0.0009
24338 0.0009
24339 0.0009
24340 0.0009
24341 0.0009
24342 0.0009
24343 0.0009
24344 0.0009
24345 0.0009
24346 0.0009
24347 0.0009
24348 0.0009
24349 0.0009
24350 0.0009
24351 0.0009
24352 0.0009
24353 0.0009
24354 0.0009
24355 0.0009
24356 0.0009
24357 0.0009
24358 0.0009
24359 0.0009
24360 0.0009
24361 0.0009
24362 0.0009
24363 0.0009
24364 0.0009
24365 0.0009
24366 0.0009
24367 0.0009
24368 0.0009
24369 0.0009
24370 0.0009
24371 0.0009
24372 0.0009
24373 0.0009
24374 0.0009
24375 0.0009
24376 0.0009
24377 0.0009
24378 0.0009
24379 0.0009
24380 0.0009
24381 0.0009
24382 0.0009
24383 0.0009
24384 0.0009
24385 0.0009
24386 0.0009
24387 0.0009
24388 0.0009
24389 0.0009
24390 0.0009
24391 0.0009
24392 0.0009
24393 0.0009
24394 0.0009
24395 0.0009
24396 0.0009
24397 0.0009
24398 0.0009
24399 0.0009
24400 0.0009
24401 0.0009
24402 0.0009
24403 0.0009
24404 0.0009
24405 0.0009
24406 0.0009
24407 0.0009
24408 0.0009
24409 0.0009
24410 0.0009
24411 0.0009
24412 0.0009
24413 0.0009
24414 0.0009
24415 0.0009
24416 0.0009
24417 0.0009
24418 0.0009
24419 0.0009
24420 0.0009
24421 0.0009
24422 0.0009
24423 0.0009
24424 0.0009
24425 0.0009
24426 0.0009
24427 0.0009
24428 0.0009
24429 0.0009
24430 0.0009
24431 0.0009
24432 0.0009
24433 0.0009
24434 0.0009
24435 0.0009
24436 0.0009
24437 0.0009
24438 0.0009
24439 0.0009
24440 0.0009
24441 0.0009
24442 0.0009
24443 0.0009
24444 0.0009
24445 0.0009
24446 0.0009
24447 0.0009
24448 0.0009
24449 0.0009
24450 0.0009
24451 0.0009
24452 0.0009
24453 0.0009
24454 0.0009
24455 0.0009
24456 0.0009
24457 0.0009
24458 0.0009
24459 0.0009
24460 0.0009
24461 0.0009
24462 0.0009
24463 0.0009
24464 0.0009
24465 0.0009
24466 0.0009
24467 0.0009
24468 0.0009
24469 0.0009
24470 0.0009
24471 0.0009
24472 0.0009
24473 0.0009
24474 0.0009
24475 0.0009
24476 0.0009
24477 0.0009
24478 0.0009
24479 0.0009
24480 0.0009
24481 0.0009
24482 0.0009
24483 0.0009
24484 0.0009
24485 0.0009
24486 0.0009
24487 0.0009
24488 0.0009
24489 0.0009
24490 0.0009
24491 0.0009
24492 0.0009
24493 0.0009
24494 0.0009
24495 0.0009
24496 0.0009
24497 0.0009
24498 0.0009
24499 0.0009
24500 0.0009
24501 0.0009
24502 0.0009
24503 0.0009
24504 0.0009
24505 0.0009
24506 0.0009
24507 0.0009
24508 0.0009
24509 0.0009
24510 0.0009
24511 0.0009
24512 0.0009
24513 0.0009
24514 0.0009
24515 0.0009
24516 0.0009
24517 0.0009
24518 0.0009
24519 0.0009
24520 0.0009
24521 0.0009
24522 0.0009
24523 0.0009
24524 0.0009
24525 0.0009
24526 0.0009
24527 0.0009
24528 0.0009
24529 0.0009
24530 0.0009
24531 0.0009
24532 0.0009
24533 0.0009
24534 0.0009
24535 0.0009
24536 0.0009
24537 0.0009
24538 0.0009
24539 0.0009
24540 0.0009
24541 0.0009
24542 0.0009
24543 0.0009
24544 0.0009
24545 0.0009
24546 0.0009
24547 0.0009
24548 0.0009
24549 0.0009
24550 0.0009
24551 0.0009
24552 0.0009
24553 0.0009
24554 0.0009
24555 0.0009
24556 0.0009
24557 0.0009
24558 0.0009
24559 0.0009
24560 0.0009
24561 0.0009
24562 0.0009
24563 0.0009
24564 0.0009
24565 0.0009
24566 0.0009
24567 0.0009
24568 0.0009
24569 0.0009
24570 0.0009
24571 0.0009
24572 0.0009
24573 0.0009
24574 0.0009
24575 0.0009
24576 0.0009
24577 0.0009
24578 0.0009
24579 0.0009
24580 0.0009
24581 0.0009
24582 0.0009
24583 0.0009
24584 0.0009
24585 0.0009
24586 0.0009
24587 0.0009
24588 0.0009
24589 0.0009
24590 0.0009
24591 0.0009
24592 0.0009
24593 0.0009
24594 0.0009
24595 0.0009
24596 0.0009
24597 0.0009
24598 0.0009
24599 0.0009
24600 0.0009
24601 0.0009
24602 0.0009
24603 0.0009
24604 0.0009
24605 0.0009
24606 0.0009
24607 0.0009
24608 0.0009
24609 0.0009
24610 0.0009
24611 0.0009
24612 0.0009
24613 0.0009
24614 0.0009
24615 0.0009
24616 0.0009
24617 0.0009
24618 0.0009
24619 0.0009
24620 0.0009
24621 0.0009
24622 0.0009
24623 0.0009
24624 0.0009
24625 0.0009
24626 0.0009
24627 0.0009
24628 0.0009
24629 0.0009
24630 0.0009
24631 0.0009
24632 0.0009
24633 0.0009
24634 0.0009
24635 0.0009
24636 0.0009
24637 0.0009
24638 0.0009
24639 0.0009
24640 0.0009
24641 0.0009
24642 0.0009
24643 0.0009
24644 0.0009
24645 0.0009
24646 0.0009
24647 0.0009
24648 0.0009
24649 0.0009
24650 0.0009
24651 0.0009
24652 0.0009
24653 0.0009
24654 0.0009
24655 0.0009
24656 0.0009
24657 0.0009
24658 0.0009
24659 0.0009
24660 0.0009
24661 0.0009
24662 0.0009
24663 0.0009
24664 0.0009
24665 0.0009
24666 0.0009
24667 0.0009
24668 0.0009
24669 0.0009
24670 0.0009
24671 0.0009
24672 0.0009
24673 0.0009
24674 0.0009
24675 0.0009
24676 0.0009
24677 0.0009
24678 0.0009
24679 0.0009
24680 0.0009
24681 0.0009
24682 0.0009
24683 0.0009
24684 0.0009
24685 0.0009
24686 0.0009
24687 0.0009
24688 0.0009
24689 0.0009
24690 0.0009
24691 0.0009
24692 0.0009
24693 0.0009
24694 0.0009
24695 0.0009
24696 0.0009
24697 0.0009
24698 0.0009
24699 0.0009
24700 0.0009
24701 0.0009
24702 0.0009
24703 0.0009
24704 0.0009
24705 0.0009
24706 0.0009
24707 0.0009
24708 0.0009
24709 0.0009
24710 0.0009
24711 0.0009
24712 0.0009
24713 0.0009
24714 0.0009
24715 0.0009
24716 0.0009
24717 0.0009
24718 0.0009
24719 0.0009
24720 0.0009
24721 0.0009
24722 0.0009
24723 0.0009
24724 0.0009
24725 0.0009
24726 0.0009
24727 0.0009
24728 0.0009
24729 0.0009
24730 0.0009
24731 0.0009
24732 0.0009
24733 0.00093
24734 0.00093
24735 0.00093
24736 0.00093
24737 0.00093
24738 0.00093
24739 0.00093
24740 0.00093
24741 0.00093
24742 0.00093
24743 0.00093
24744 0.00093
24745 0.00093
24746 0.00093
24747 0.00093
24748 0.00093
24749 0.00093
24750 0.00093
24751 0.00093
24752 0.00093
24753 0.00093
24754 0.00093
24755 0.00093
24756 0.00093
24757 0.00093
24758 0.00093
24759 0.00093
24760 0.00093
24761 0.00093
24762 0.00093
24763 0.00093
24764 0.00093
24765 0.00093
24766 0.00093
24767 0.00093
24768 0.00093
24769 0.00093
24770 0.00093
24771 0.00093
24772 0.00093
24773 0.00093
24774 0.00093
24775 0.00093
24776 0.00093
24777 0.00093
24778 0.00093
24779 0.00093
24780 0.00093
24781 0.00093
24782 0.00093
24783 0.00093
24784 0.00093
24785 0.00093
24786 0.00093
24787 0.00093
24788 0.00093
24789 0.00093
24790 0.00093
24791 0.00093
24792 0.00093
24793 0.00093
24794 0.00093
24795 0.00093
24796 0.00093
24797 0.00093
24798 0.00093
24799 0.00093
24800 0.00093
24801 0.00093
24802 0.00093
24803 0.00093
24804 0.00093
24805 0.00093
24806 0.00093
24807 0.00093
24808 0.00093
24809 0.00093
24810 0.00093
24811 0.00093
24812 0.00093
24813 0.00093
24814 0.00093
24815 0.00093
24816 0.00093
24817 0.00093
24818 0.00093
24819 0.00093
24820 0.00093
24821 0.00093
24822 0.00093
24823 0.00093
24824 0.00093
24825 0.00093
24826 0.00093
24827 0.00093
24828 0.00093
24829 0.00093
24830 0.00093
24831 0.00093
24832 0.00093
24833 0.00093
24834 0.00093
24835 0.00093
24836 0.00093
24837 0.00093
24838 0.00093
24839 0.00093
24840 0.00093
24841 0.00093
24842 0.00093
24843 0.00093
24844 0.00093
24845 0.00093
24846 0.00093
24847 0.00093
24848 0.00093
24849 0.00093
24850 0.00093
24851 0.00093
24852 0.00093
24853 0.00093
24854 0.00093
24855 0.00093
24856 0.00093
24857 0.00093
24858 0.00093
24859 0.00093
24860 0.00093
24861 0.00093
24862 0.00093
24863 0.00093
24864 0.00093
24865 0.00093
24866 0.00093
24867 0.00093
24868 0.00093
24869 0.00093
24870 0.00093
24871 0.00093
24872 0.00093
24873 0.00093
24874 0.00093
24875 0.00093
24876 0.00093
24877 0.00093
24878 0.00093
24879 0.00093
24880 0.00093
24881 0.00093
24882 0.00093
24883 0.00093
24884 0.00093
24885 0.00093
24886 0.00093
24887 0.00093
24888 0.00093
24889 0.00093
24890 0.00093
24891 0.00093
24892 0.00093
24893 0.00093
24894 0.00093
24895 0.00093
24896 0.00093
24897 0.00093
24898 0.00093
24899 0.00093
24900 0.00093
24901 0.00093
24902 0.00093
24903 0.00093
24904 0.00093
24905 0.00093
24906 0.00093
24907 0.00093
24908 0.00093
24909 0.00093
24910 0.00093
24911 0.00093
24912 0.00093
24913 0.00093
24914 0.00093
24915 0.00093
24916 0.00093
24917 0.00093
24918 0.00093
24919 0.00093
24920 0.00093
24921 0.00093
24922 0.00093
24923 0.00093
24924 0.00093
24925 0.00093
24926 0.00093
24927 0.00093
24928 0.00093
24929 0.00093
24930 0.00093
24931 0.00093
24932 0.00093
24933 0.00093
24934 0.00093
24935 0.00093
24936 0.00093
24937 0.00093
24938 0.00093
24939 0.00093
24940 0.00093
24941 0.00093
24942 0.00093
24943 0.00093
24944 0.00093
24945 0.00093
24946 0.00093
24947 0.00093
24948 0.00093
24949 0.00093
24950 0.00093
24951 0.00093
24952 0.00093
24953 0.00093
24954 0.00093
24955 0.00093
24956 0.00093
24957 0.00093
24958 0.00093
24959 0.00093
24960 0.00093
24961 0.00093
24962 0.00093
24963 0.00093
24964 0.00093
24965 0.00093
24966 0.00093
24967 0.00093
24968 0.00093
24969 0.00093
24970 0.00093
24971 0.00093
24972 0.00093
24973 0.00093
24974 0.00093
24975 0.00093
24976 0.00093
24977 0.00093
24978 0.00093
24979 0.00093
24980 0.00093
24981 0.00093
24982 0.00093
24983 0.00093
24984 0.00093
24985 0.00093
24986 0.00093
24987 0.00093
24988 0.00093
24989 0.00093
24990 0.00093
24991 0.00093
24992 0.00093
24993 0.00093
24994 0.00093
24995 0.00093
24996 0.00093
24997 0.00093
24998 0.00093
24999 0.00093
25000 0.00093
25001 0.00093
25002 0.00093
25003 0.00093
25004 0.00093
25005 0.00093
25006 0.00093
25007 0.00093
25008 0.00093
25009 0.00093
25010 0.00093
25011 0.00093
25012 0.00093
25013 0.00093
25014 0.00093
25015 0.00093
25016 0.00093
25017 0.00093
25018 0.00093
25019 0.00093
25020 0.00093
25021 0.00093
25022 0.00093
25023 0.00093
25024 0.00093
25025 0.00093
25026 0.00093
25027 0.00093
25028 0.00093
25029 0.00093
25030 0.00093
25031 0.00093
25032 0.00093
25033 0.00093
25034 0.00093
25035 0.00093
25036 0.00093
25037 0.00093
25038 0.00093
25039 0.00093
25040 0.00093
25041 0.00093
25042 0.00093
25043 0.00093
25044 0.00093
25045 0.00093
25046 0.00093
25047 0.00093
25048 0.00093
25049 0.00093
25050 0.00093
25051 0.00093
25052 0.00093
25053 0.00093
25054 0.00093
25055 0.00093
25056 0.00093
25057 0.00093
25058 0.00093
25059 0.00093
25060 0.00093
25061 0.00093
25062 0.00093
25063 0.00093
25064 0.00093
25065 0.00093
25066 0.00093
25067 0.00093
25068 0.00093
25069 0.00093
25070 0.00093
25071 0.00093
25072 0.00093
25073 0.00093
25074 0.00093
25075 0.00093
25076 0.00093
25077 0.00093
25078 0.00093
25079 0.00093
25080 0.00093
25081 0.00093
25082 0.00093
25083 0.00093
25084 0.00093
25085 0.00093
25086 0.00093
25087 0.00093
25088 0.00093
25089 0.00093
25090 0.00093
25091 0.00093
25092 0.00093
25093 0.00093
25094 0.00093
25095 0.00093
25096 0.00093
25097 0.00093
25098 0.00093
25099 0.00093
25100 0.00093
25101 0.00093
25102 0.00093
25103 0.00093
25104 0.00093
25105 0.00093
25106 0.00093
25107 0.00093
25108 0.00093
25109 0.00093
25110 0.00093
25111 0.00093
25112 0.00093
25113 0.00093
25114 0.00093
25115 0.00093
25116 0.00093
25117 0.00093
25118 0.00093
25119 0.00093
25120 0.00093
25121 0.00093
25122 0.00093
25123 0.00093
25124 0.00093
25125 0.00093
25126 0.00093
25127 0.00093
25128 0.00093
25129 0.00093
25130 0.00093
25131 0.00093
25132 0.00093
25133 0.00093
25134 0.00093
25135 0.00093
25136 0.00093
25137 0.00093
25138 0.00093
25139 0.00093
25140 0.00093
25141 0.00093
25142 0.00093
25143 0.00093
25144 0.00093
25145 0.00093
25146 0.00093
25147 0.00093
25148 0.00093
25149 0.00093
25150 0.00093
25151 0.00093
25152 0.00093
25153 0.00093
25154 0.00093
25155 0.00093
25156 0.00093
25157 0.00093
25158 0.00093
25159 0.00093
25160 0.00093
25161 0.00093
25162 0.00093
25163 0.00093
25164 0.00093
25165 0.00093
25166 0.00093
25167 0.00093
25168 0.00093
25169 0.00093
25170 0.00093
25171 0.00093
25172 0.00093
25173 0.00093
25174 0.00093
25175 0.00093
25176 0.00093
25177 0.00093
25178 0.00093
25179 0.00093
25180 0.00093
25181 0.00093
25182 0.00093
25183 0.00093
25184 0.00093
25185 0.00093
25186 0.00093
25187 0.00093
25188 0.00093
25189 0.00093
25190 0.00093
25191 0.00093
25192 0.00093
25193 0.00093
25194 0.00093
25195 0.00093
25196 0.00093
25197 0.00093
25198 0.00093
25199 0.00093
25200 0.00093
25201 0.00093
25202 0.00093
25203 0.00093
25204 0.00093
25205 0.00093
25206 0.00093
25207 0.00093
25208 0.00093
25209 0.00093
25210 0.00093
25211 0.00093
25212 0.00093
25213 0.00093
25214 0.00093
25215 0.00093
25216 0.00093
25217 0.00093
25218 0.00093
25219 0.00093
25220 0.00093
25221 0.00093
25222 0.00093
25223 0.00093
25224 0.00093
25225 0.00093
25226 0.00093
25227 0.00093
25228 0.00093
25229 0.00093
25230 0.00093
25231 0.00093
25232 0.00093
25233 0.00093
25234 0.00093
25235 0.00093
25236 0.00093
25237 0.00093
25238 0.00093
25239 0.00093
25240 0.00093
25241 0.00093
25242 0.00093
25243 0.00093
25244 0.00093
25245 0.00093
25246 0.00093
25247 0.00093
25248 0.00093
25249 0.00093
25250 0.00093
25251 0.00093
25252 0.00093
25253 0.00093
25254 0.00093
25255 0.00093
25256 0.00093
25257 0.00093
25258 0.00093
25259 0.00093
25260 0.00093
25261 0.00093
25262 0.00093
25263 0.00093
25264 0.00093
25265 0.00093
25266 0.00093
25267 0.00093
25268 0.00093
25269 0.00093
25270 0.00093
25271 0.00093
25272 0.00093
25273 0.00093
25274 0.00093
25275 0.00093
25276 0.00093
25277 0.00093
25278 0.00093
25279 0.00093
25280 0.00093
25281 0.00093
25282 0.00093
25283 0.00093
25284 0.00093
25285 0.00093
25286 0.00093
25287 0.00093
25288 0.00093
25289 0.00093
25290 0.00093
25291 0.00093
25292 0.00093
25293 0.00093
25294 0.00093
25295 0.00093
25296 0.00093
25297 0.00093
25298 0.00093
25299 0.00093
25300 0.00093
25301 0.00093
25302 0.00093
25303 0.00093
25304 0.00093
25305 0.00093
25306 0.00093
25307 0.00093
25308 0.00093
25309 0.00093
25310 0.00093
25311 0.00093
25312 0.00093
25313 0.00093
25314 0.00093
25315 0.00093
25316 0.00093
25317 0.00093
25318 0.00093
25319 0.00093
25320 0.00093
25321 0.00093
25322 0.00093
25323 0.00093
25324 0.00093
25325 0.00093
25326 0.00093
25327 0.00093
25328 0.00093
25329 0.00093
25330 0.00093
25331 0.00093
25332 0.00093
25333 0.00093
25334 0.00093
25335 0.00093
25336 0.00093
25337 0.00093
25338 0.00093
25339 0.00093
25340 0.00093
25341 0.00093
25342 0.00093
25343 0.00093
25344 0.00093
25345 0.00093
25346 0.00093
25347 0.00093
25348 0.00093
25349 0.00093
25350 0.00093
25351 0.00093
25352 0.00093
25353 0.00093
25354 0.00093
25355 0.00093
25356 0.00093
25357 0.00093
25358 0.00093
25359 0.00093
25360 0.00093
25361 0.00093
25362 0.00093
25363 0.00093
25364 0.00093
25365 0.00093
25366 0.00093
25367 0.00093
25368 0.00093
25369 0.00093
25370 0.00093
25371 0.00093
25372 0.00093
25373 0.00093
25374 0.00093
25375 0.00093
25376 0.00093
25377 0.00093
25378 0.00093
25379 0.00093
25380 0.00093
25381 0.00093
25382 0.00093
25383 0.00093
25384 0.00093
25385 0.00093
25386 0.00093
25387 0.00093
25388 0.00093
25389 0.00093
25390 0.00093
25391 0.00093
25392 0.00093
25393 0.00093
25394 0.00093
25395 0.00093
25396 0.00093
25397 0.00093
25398 0.00093
25399 0.00093
25400 0.00093
25401 0.00093
25402 0.00093
25403 0.00093
25404 0.00093
25405 0.00093
25406 0.00093
25407 0.00093
25408 0.00093
25409 0.00093
25410 0.00093
25411 0.00093
25412 0.00093
25413 0.00093
25414 0.00093
25415 0.00093
25416 0.00093
25417 0.00093
25418 0.00093
25419 0.00093
25420 0.00093
25421 0.00093
25422 0.00093
25423 0.00093
25424 0.00093
25425 0.00093
25426 0.00093
25427 0.00093
25428 0.00093
25429 0.00093
25430 0.00093
25431 0.00093
25432 0.00093
25433 0.00093
25434 0.00093
25435 0.00093
25436 0.00093
25437 0.00093
25438 0.00093
25439 0.00093
25440 0.00093
25441 0.00093
25442 0.00093
25443 0.00093
25444 0.00093
25445 0.00093
25446 0.00093
25447 0.00093
25448 0.00093
25449 0.00093
25450 0.00093
25451 0.00093
25452 0.00093
25453 0.00093
25454 0.00093
25455 0.00093
25456 0.00093
25457 0.00093
25458 0.00093
25459 0.00093
25460 0.00093
25461 0.00093
25462 0.00093
25463 0.00093
25464 0.00093
25465 0.00093
25466 0.00093
25467 0.00093
25468 0.00093
25469 0.00093
25470 0.00093
25471 0.00093
25472 0.00093
25473 0.00093
25474 0.00093
25475 0.00093
25476 0.00093
25477 0.00093
25478 0.00093
25479 0.00093
25480 0.00093
25481 0.00093
25482 0.00093
25483 0.00093
25484 0.00093
25485 0.00093
25486 0.00093
25487 0.00093
25488 0.00093
25489 0.00093
25490 0.00093
25491 0.00093
25492 0.00093
25493 0.00093
25494 0.00093
25495 0.00093
25496 0.00093
25497 0.00093
25498 0.00093
25499 0.00093
25500 0.00093
25501 0.00093
25502 0.00093
25503 0.00093
25504 0.00093
25505 0.00093
25506 0.00093
25507 0.00093
25508 0.00093
25509 0.00093
25510 0.00093
25511 0.00093
25512 0.00093
25513 0.00093
25514 0.00093
25515 0.00093
25516 0.00093
25517 0.00093
25518 0.00093
25519 0.00093
25520 0.00093
25521 0.00093
25522 0.00093
25523 0.00093
25524 0.00093
25525 0.00093
25526 0.00093
25527 0.00093
25528 0.00093
25529 0.00093
25530 0.00093
25531 0.00093
25532 0.00093
25533 0.00093
25534 0.00093
25535 0.00093
25536 0.00093
25537 0.00093
25538 0.00093
25539 0.00093
25540 0.00093
25541 0.00093
25542 0.00093
25543 0.00093
25544 0.00093
25545 0.00093
25546 0.00093
25547 0.00093
25548 0.00093
25549 0.00093
25550 0.00093
25551 0.00093
25552 0.00093
25553 0.00093
25554 0.00093
25555 0.00093
25556 0.00093
25557 0.00093
25558 0.00093
25559 0.00093
25560 0.00093
25561 0.00093
25562 0.00093
25563 0.00093
25564 0.00093
25565 0.00093
25566 0.00093
25567 0.00093
25568 0.00093
25569 0.00093
25570 0.00093
25571 0.00093
25572 0.00093
25573 0.00093
25574 0.00093
25575 0.00093
25576 0.00093
25577 0.00093
25578 0.00093
25579 0.00093
25580 0.00093
25581 0.00093
25582 0.00093
25583 0.00093
25584 0.00093
25585 0.00093
25586 0.00093
25587 0.00093
25588 0.00093
25589 0.00093
25590 0.00093
25591 0.00093
25592 0.00093
25593 0.00093
25594 0.00093
25595 0.00093
25596 0.00093
25597 0.00093
25598 0.00093
25599 0.00093
25600 0.00093
25601 0.00093
25602 0.00093
25603 0.00093
25604 0.00093
25605 0.00093
25606 0.00093
25607 0.00093
25608 0.00093
25609 0.00093
25610 0.00093
25611 0.00093
25612 0.00093
25613 0.00093
25614 0.00093
25615 0.00093
25616 0.00093
25617 0.00093
25618 0.00093
25619 0.00093
25620 0.00093
25621 0.00093
25622 0.00093
25623 0.00093
25624 0.00093
25625 0.00093
25626 0.00093
25627 0.00093
25628 0.00093
25629 0.00093
25630 0.00093
25631 0.00093
25632 0.00093
25633 0.00093
25634 0.00093
25635 0.00093
25636 0.00093
25637 0.00093
25638 0.00093
25639 0.00093
25640 0.00093
25641 0.00093
25642 0.00093
25643 0.00093
25644 0.00093
25645 0.00093
25646 0.00093
25647 0.00093
25648 0.00093
25649 0.00093
25650 0.00093
25651 0.00093
25652 0.00093
25653 0.00093
25654 0.00093
25655 0.00093
25656 0.00093
25657 0.00093
25658 0.00093
25659 0.00093
25660 0.00093
25661 0.00093
25662 0.00093
25663 0.00093
25664 0.00093
25665 0.00093
25666 0.00093
25667 0.00093
25668 0.00093
25669 0.00093
25670 0.00093
25671 0.00093
25672 0.00093
25673 0.00093
25674 0.00093
25675 0.00093
25676 0.00093
25677 0.00093
25678 0.00093
25679 0.00093
25680 0.00093
25681 0.00093
25682 0.00093
25683 0.00093
25684 0.00093
25685 0.00093
25686 0.00093
25687 0.00093
25688 0.00093
25689 0.00093
25690 0.00093
25691 0.00093
25692 0.00093
25693 0.00093
25694 0.00093
25695 0.00093
25696 0.00093
25697 0.00093
25698 0.00093
25699 0.00093
25700 0.00093
25701 0.00093
25702 0.00093
25703 0.00093
25704 0.00093
25705 0.00093
25706 0.00093
25707 0.00093
25708 0.00093
25709 0.00093
25710 0.00093
25711 0.00093
25712 0.00093
25713 0.00093
25714 0.00093
25715 0.00093
25716 0.00093
25717 0.00093
25718 0.00093
25719 0.00093
25720 0.00093
25721 0.00093
25722 0.00093
25723 0.00093
25724 0.00093
25725 0.00093
25726 0.00093
25727 0.00093
25728 0.00093
25729 0.00093
25730 0.00093
25731 0.00093
25732 0.00093
25733 0.00093
25734 0.00093
25735 0.00093
25736 0.00093
25737 0.00093
25738 0.00093
25739 0.00093
25740 0.00093
25741 0.00093
25742 0.00093
25743 0.00093
25744 0.00093
25745 0.00093
25746 0.00093
25747 0.00093
25748 0.00093
25749 0.00093
25750 0.00093
25751 0.00093
25752 0.00093
25753 0.00093
25754 0.00093
25755 0.00093
25756 0.00093
25757 0.00093
25758 0.00093
25759 0.00093
25760 0.00093
25761 0.00093
25762 0.00093
25763 0.00093
25764 0.00093
25765 0.00093
25766 0.00093
25767 0.00093
25768 0.00093
25769 0.00093
25770 0.00093
25771 0.00093
25772 0.00093
25773 0.00093
25774 0.00093
25775 0.00093
25776 0.00093
25777 0.00093
25778 0.00093
25779 0.00093
25780 0.00093
25781 0.00093
25782 0.00093
25783 0.00093
25784 0.00093
25785 0.00093
25786 0.00093
25787 0.00093
25788 0.00093
25789 0.00093
25790 0.00093
25791 0.00093
25792 0.00093
25793 0.00093
25794 0.00093
25795 0.00093
25796 0.00093
25797 0.00093
25798 0.00093
25799 0.00093
25800 0.00093
25801 0.00093
25802 0.00093
25803 0.00093
25804 0.00093
25805 0.00093
25806 0.00093
25807 0.00093
25808 0.00093
25809 0.00093
25810 0.00093
25811 0.00093
25812 0.00093
25813 0.00093
25814 0.00093
25815 0.00093
25816 0.00093
25817 0.00093
25818 0.00093
25819 0.00093
25820 0.00093
25821 0.00093
25822 0.00093
25823 0.00093
25824 0.00093
25825 0.00093
25826 0.00093
25827 0.00093
25828 0.00093
25829 0.00093
25830 0.00093
25831 0.00093
25832 0.00093
25833 0.00093
25834 0.00093
25835 0.00093
25836 0.00093
25837 0.00093
25838 0.00093
25839 0.00093
25840 0.00093
25841 0.00093
25842 0.00093
25843 0.00093
25844 0.00093
25845 0.00093
25846 0.00093
25847 0.00093
25848 0.00093
25849 0.00093
25850 0.00093
25851 0.00093
25852 0.00093
25853 0.00093
25854 0.00093
25855 0.00093
25856 0.00093
25857 0.00093
25858 0.00093
25859 0.00093
25860 0.00093
25861 0.00093
25862 0.00093
25863 0.00093
25864 0.00093
25865 0.00093
25866 0.00093
25867 0.00093
25868 0.00093
25869 0.00093
25870 0.00093
25871 0.00093
25872 0.00093
25873 0.00093
25874 0.00093
25875 0.00093
25876 0.00093
25877 0.00093
25878 0.00093
25879 0.00093
25880 0.00093
25881 0.00093
25882 0.00093
25883 0.00093
25884 0.00093
25885 0.00093
25886 0.00093
25887 0.00093
25888 0.00093
25889 0.00093
25890 0.00093
25891 0.00093
25892 0.00093
25893 0.00093
25894 0.00093
25895 0.00093
25896 0.00093
25897 0.00093
25898 0.00093
25899 0.00093
25900 0.00093
25901 0.00093
25902 0.00093
25903 0.00093
25904 0.00093
25905 0.00093
25906 0.00093
25907 0.00093
25908 0.00093
25909 0.00093
25910 0.00093
25911 0.00093
25912 0.00093
25913 0.00093
25914 0.00093
25915 0.00093
25916 0.00093
25917 0.00093
25918 0.00093
25919 0.00093
25920 0.00093
25921 0.00093
25922 0.00093
25923 0.00093
25924 0.00093
25925 0.00093
25926 0.00093
25927 0.00093
25928 0.00093
25929 0.00093
25930 0.00093
25931 0.00093
25932 0.00093
25933 0.00093
25934 0.00093
25935 0.00093
25936 0.00093
25937 0.00093
25938 0.00093
25939 0.00093
25940 0.00093
25941 0.00093
25942 0.00093
25943 0.00093
25944 0.00093
25945 0.00093
25946 0.00093
25947 0.00093
25948 0.00093
25949 0.00093
25950 0.00093
25951 0.00093
25952 0.00093
25953 0.00093
25954 0.00093
25955 0.00093
25956 0.00093
25957 0.00093
25958 0.00093
25959 0.00093
25960 0.00093
25961 0.00093
25962 0.00093
25963 0.00093
25964 0.00093
25965 0.00093
25966 0.00093
25967 0.00093
25968 0.00093
25969 0.00093
25970 0.00093
25971 0.00093
25972 0.00093
25973 0.00093
25974 0.00093
25975 0.00093
25976 0.00093
25977 0.00093
25978 0.00093
25979 0.00093
25980 0.00093
25981 0.00093
25982 0.00093
25983 0.00093
25984 0.00093
25985 0.00093
25986 0.00093
25987 0.00093
25988 0.00093
25989 0.00093
25990 0.00093
25991 0.00093
25992 0.00093
25993 0.00093
25994 0.00093
25995 0.00093
25996 0.00093
25997 0.00093
25998 0.00093
25999 0.00093
26000 0.00093
26001 0.00093
26002 0.00093
26003 0.00093
26004 0.00093
26005 0.00093
26006 0.00093
26007 0.00093
26008 0.00093
26009 0.00093
26010 0.00093
26011 0.00093
26012 0.00093
26013 0.00093
26014 0.00093
26015 0.00093
26016 0.00093
26017 0.00093
26018 0.00093
26019 0.00093
26020 0.00093
26021 0.00093
26022 0.00093
26023 0.00093
26024 0.00093
26025 0.00093
26026 0.00093
26027 0.00093
26028 0.00093
26029 0.00093
26030 0.00093
26031 0.00093
26032 0.00093
26033 0.00093
26034 0.00093
26035 0.00093
26036 0.00093
26037 0.00093
26038 0.00093
26039 0.00093
26040 0.00093
26041 0.00093
26042 0.00093
26043 0.00093
26044 0.00093
26045 0.00093
26046 0.00093
26047 0.00093
26048 0.00093
26049 0.00093
26050 0.00093
26051 0.00093
26052 0.00093
26053 0.00093
26054 0.00093
26055 0.00093
26056 0.00093
26057 0.00093
26058 0.00093
26059 0.00093
26060 0.00093
26061 0.00093
26062 0.00093
26063 0.00093
26064 0.00093
26065 0.00093
26066 0.00093
26067 0.00093
26068 0.00093
26069 0.00093
26070 0.00093
26071 0.00093
26072 0.00093
26073 0.00093
26074 0.00093
26075 0.00093
26076 0.00093
26077 0.00093
26078 0.00093
26079 0.00093
26080 0.00093
26081 0.00093
26082 0.00093
26083 0.00093
26084 0.00093
26085 0.00093
26086 0.00093
26087 0.00093
26088 0.00093
26089 0.00093
26090 0.00093
26091 0.00093
26092 0.00093
26093 0.00093
26094 0.00093
26095 0.00093
26096 0.00093
26097 0.00093
26098 0.00093
26099 0.00093
26100 0.00093
26101 0.00093
26102 0.00093
26103 0.00093
26104 0.00093
26105 0.00093
26106 0.00093
26107 0.00093
26108 0.00093
26109 0.00093
26110 0.00093
26111 0.00093
26112 0.00093
26113 0.00093
26114 0.00093
26115 0.00093
26116 0.00093
26117 0.00093
26118 0.00093
26119 0.00093
26120 0.00093
26121 0.00093
26122 0.00093
26123 0.00093
26124 0.00093
26125 0.00093
26126 0.00093
26127 0.00093
26128 0.00093
26129 0.00093
26130 0.00093
26131 0.00093
26132 0.00093
26133 0.00093
26134 0.00093
26135 0.00093
26136 0.00093
26137 0.00093
26138 0.00093
26139 0.00093
26140 0.00093
26141 0.00093
26142 0.00093
26143 0.00093
26144 0.00093
26145 0.00093
26146 0.00093
26147 0.00093
26148 0.00093
26149 0.00093
26150 0.00093
26151 0.00093
26152 0.00093
26153 0.00093
26154 0.00093
26155 0.00093
26156 0.00093
26157 0.00093
26158 0.00093
26159 0.00093
26160 0.00093
26161 0.00093
26162 0.00093
26163 0.00093
26164 0.00093
26165 0.00093
26166 0.00093
26167 0.00093
26168 0.00093
26169 0.00093
26170 0.00093
26171 0.00093
26172 0.00093
26173 0.00093
26174 0.00093
26175 0.00093
26176 0.00093
26177 0.00093
26178 0.00093
26179 0.00093
26180 0.00093
26181 0.00093
26182 0.00093
26183 0.00093
26184 0.00093
26185 0.00093
26186 0.00093
26187 0.00093
26188 0.00093
26189 0.00093
26190 0.00093
26191 0.00093
26192 0.00093
26193 0.00093
26194 0.00093
26195 0.00093
26196 0.00093
26197 0.00093
26198 0.00093
26199 0.00093
26200 0.00093
26201 0.00093
26202 0.00093
26203 0.00093
26204 0.00093
26205 0.00093
26206 0.00093
26207 0.00093
26208 0.00093
26209 0.00093
26210 0.00093
26211 0.00093
26212 0.00093
26213 0.00093
26214 0.00093
26215 0.00093
26216 0.00093
26217 0.00093
26218 0.00093
26219 0.00093
26220 0.00093
26221 0.00093
26222 0.00093
26223 0.00093
26224 0.00093
26225 0.00093
26226 0.00093
26227 0.00093
26228 0.00093
26229 0.00093
26230 0.00093
26231 0.00093
26232 0.00093
26233 0.00093
26234 0.00093
26235 0.00093
26236 0.00093
26237 0.00093
26238 0.00093
26239 0.00093
26240 0.00093
26241 0.00093
26242 0.00093
26243 0.00093
26244 0.00093
26245 0.00093
26246 0.00093
26247 0.00093
26248 0.00093
26249 0.00093
26250 0.00093
26251 0.00093
26252 0.00093
26253 0.00093
26254 0.00093
26255 0.00093
26256 0.00093
26257 0.00093
26258 0.00093
26259 0.00093
26260 0.00093
26261 0.00093
26262 0.00093
26263 0.00093
26264 0.00093
26265 0.00093
26266 0.00093
26267 0.00093
26268 0.00093
26269 0.00093
26270 0.00093
26271 0.00093
26272 0.00093
26273 0.00093
26274 0.00093
26275 0.00093
26276 0.00093
26277 0.00093
26278 0.00093
26279 0.00093
26280 0.00093
26281 0.00093
26282 0.00093
26283 0.00093
26284 0.00093
26285 0.00093
26286 0.00093
26287 0.00093
26288 0.00093
26289 0.00093
26290 0.00093
26291 0.00093
26292 0.00093
26293 0.00093
26294 0.00093
26295 0.00093
26296 0.00093
26297 0.00093
26298 0.00093
26299 0.00093
26300 0.00093
26301 0.00093
26302 0.00093
26303 0.00093
26304 0.00093
26305 0.00093
26306 0.00093
26307 0.00093
26308 0.00093
26309 0.00093
26310 0.00093
26311 0.00093
26312 0.00093
26313 0.00093
26314 0.00093
26315 0.00093
26316 0.00093
26317 0.00093
26318 0.00093
26319 0.00093
26320 0.00093
26321 0.00093
26322 0.00093
26323 0.00093
26324 0.00093
26325 0.00093
26326 0.00093
26327 0.00093
26328 0.00093
26329 0.00093
26330 0.00093
26331 0.00093
26332 0.00093
26333 0.00093
26334 0.00093
26335 0.00093
26336 0.00093
26337 0.00093
26338 0.00093
26339 0.00093
26340 0.00093
26341 0.00093
26342 0.00093
26343 0.00093
26344 0.00093
26345 0.00093
26346 0.00093
26347 0.00093
26348 0.00093
26349 0.00093
26350 0.00093
26351 0.00093
26352 0.00093
26353 0.00093
26354 0.00093
26355 0.00093
26356 0.00093
26357 0.00093
26358 0.00093
26359 0.00093
26360 0.00093
26361 0.00093
26362 0.00093
26363 0.00093
26364 0.00093
26365 0.00093
26366 0.00093
26367 0.00093
26368 0.00093
26369 0.00093
26370 0.00093
26371 0.00093
26372 0.00093
26373 0.00093
26374 0.00093
26375 0.00093
26376 0.00093
26377 0.00093
26378 0.00093
26379 0.00093
26380 0.00093
26381 0.00093
26382 0.00093
26383 0.00093
26384 0.00093
26385 0.00093
26386 0.00093
26387 0.00093
26388 0.00093
26389 0.00093
26390 0.00093
26391 0.00093
26392 0.00093
26393 0.00093
26394 0.00093
26395 0.00093
26396 0.00093
26397 0.00093
26398 0.00093
26399 0.00093
26400 0.00093
26401 0.00093
26402 0.00093
26403 0.00093
26404 0.00093
26405 0.00093
26406 0.00093
26407 0.00093
26408 0.00093
26409 0.00093
26410 0.00093
26411 0.00093
26412 0.00093
26413 0.00093
26414 0.00093
26415 0.00093
26416 0.00093
26417 0.00093
26418 0.00093
26419 0.00093
26420 0.00093
26421 0.00093
26422 0.00093
26423 0.00093
26424 0.00093
26425 0.00093
26426 0.00093
26427 0.00093
26428 0.00093
26429 0.00093
26430 0.00093
26431 0.00093
26432 0.00093
26433 0.00093
26434 0.00093
26435 0.00093
26436 0.00093
26437 0.00093
26438 0.00093
26439 0.00093
26440 0.00093
26441 0.00093
26442 0.00093
26443 0.00093
26444 0.00093
26445 0.00093
26446 0.00093
26447 0.00093
26448 0.00093
26449 0.00093
26450 0.00093
26451 0.00093
26452 0.00093
26453 0.00093
26454 0.00093
26455 0.00093
26456 0.00093
26457 0.00093
26458 0.00093
26459 0.00093
26460 0.00093
26461 0.00093
26462 0.00093
26463 0.00093
26464 0.00093
26465 0.00093
26466 0.00093
26467 0.00093
26468 0.00093
26469 0.00093
26470 0.00093
26471 0.00093
26472 0.00093
26473 0.00093
26474 0.00093
26475 0.00093
26476 0.00093
26477 0.00093
26478 0.00093
26479 0.00093
26480 0.00093
26481 0.00093
26482 0.00093
26483 0.00093
26484 0.00093
26485 0.00093
26486 0.00093
26487 0.00093
26488 0.00093
26489 0.00093
26490 0.00093
26491 0.00093
26492 0.00093
26493 0.00093
26494 0.00093
26495 0.00093
26496 0.00093
26497 0.00093
26498 0.00093
26499 0.00093
26500 0.00093
26501 0.00093
26502 0.00093
26503 0.00093
26504 0.00093
26505 0.00093
26506 0.00093
26507 0.00093
26508 0.00093
26509 0.00093
26510 0.00093
26511 0.00093
26512 0.00093
26513 0.00093
26514 0.00093
26515 0.00093
26516 0.00093
26517 0.00093
26518 0.00093
26519 0.00093
26520 0.00093
26521 0.00093
26522 0.00093
26523 0.00093
26524 0.00093
26525 0.00093
26526 0.00093
26527 0.00093
26528 0.00093
26529 0.00093
26530 0.00093
26531 0.00093
26532 0.00093
26533 0.00093
26534 0.00093
26535 0.00093
26536 0.00093
26537 0.00093
26538 0.00093
26539 0.00093
26540 0.00093
26541 0.00093
26542 0.00093
26543 0.00093
26544 0.00093
26545 0.00093
26546 0.00093
26547 0.00093
26548 0.00093
26549 0.00093
26550 0.00093
26551 0.00093
26552 0.00093
26553 0.00093
26554 0.00093
26555 0.00093
26556 0.00093
26557 0.00093
26558 0.00093
26559 0.00093
26560 0.00093
26561 0.00093
26562 0.00093
26563 0.00093
26564 0.00093
26565 0.00093
26566 0.00093
26567 0.00093
26568 0.00093
26569 0.00093
26570 0.00093
26571 0.00093
26572 0.00093
26573 0.00093
26574 0.00093
26575 0.00093
26576 0.00093
26577 0.00093
26578 0.00093
26579 0.00093
26580 0.00093
26581 0.00093
26582 0.00093
26583 0.00093
26584 0.00093
26585 0.00093
26586 0.00093
26587 0.00093
26588 0.00093
26589 0.00093
26590 0.00093
26591 0.00093
26592 0.00093
26593 0.00093
26594 0.00093
26595 0.00093
26596 0.00093
26597 0.00093
26598 0.00093
26599 0.00093
26600 0.00093
26601 0.00093
26602 0.00093
26603 0.00093
26604 0.00093
26605 0.00093
26606 0.00093
26607 0.00093
26608 0.00093
26609 0.00093
26610 0.00093
26611 0.00093
26612 0.00093
26613 0.00093
26614 0.00093
26615 0.00093
26616 0.00093
26617 0.00093
26618 0.00093
26619 0.00093
26620 0.00093
26621 0.00093
26622 0.00093
26623 0.00093
26624 0.00093
26625 0.00093
26626 0.00093
26627 0.00093
26628 0.00093
26629 0.00093
26630 0.00093
26631 0.00093
26632 0.00093
26633 0.00093
26634 0.00093
26635 0.00093
26636 0.00093
26637 0.00093
26638 0.00093
26639 0.00093
26640 0.00093
26641 0.00093
26642 0.00093
26643 0.00093
26644 0.00093
26645 0.00093
26646 0.00093
26647 0.00093
26648 0.00093
26649 0.00093
26650 0.00093
26651 0.00093
26652 0.00093
26653 0.00093
26654 0.00093
26655 0.00093
26656 0.00093
26657 0.00093
26658 0.00093
26659 0.00093
26660 0.00093
26661 0.00093
26662 0.00093
26663 0.00093
26664 0.00093
26665 0.00093
26666 0.00093
26667 0.00093
26668 0.00093
26669 0.00093
26670 0.00093
26671 0.00093
26672 0.00093
26673 0.00093
26674 0.00093
26675 0.00093
26676 0.00093
26677 0.00093
26678 0.00093
26679 0.00093
26680 0.00093
26681 0.00093
26682 0.00093
26683 0.00093
26684 0.00093
26685 0.00093
26686 0.00093
26687 0.00093
26688 0.00093
26689 0.00093
26690 0.00093
26691 0.00093
26692 0.00093
26693 0.00093
26694 0.00093
26695 0.00093
26696 0.00093
26697 0.00093
26698 0.00093
26699 0.00093
26700 0.00093
26701 0.00093
26702 0.00093
26703 0.00093
26704 0.00093
26705 0.00093
26706 0.00093
26707 0.00093
26708 0.00093
26709 0.00093
26710 0.00093
26711 0.00093
26712 0.00093
26713 0.00093
26714 0.00093
26715 0.00093
26716 0.00093
26717 0.00093
26718 0.00093
26719 0.00093
26720 0.00093
26721 0.00093
26722 0.00093
26723 0.00093
26724 0.00093
26725 0.00093
26726 0.00093
26727 0.00093
26728 0.00093
26729 0.00093
26730 0.00093
26731 0.00093
26732 0.00093
26733 0.00093
26734 0.00093
26735 0.00093
26736 0.00093
26737 0.00093
26738 0.00093
26739 0.00093
26740 0.00093
26741 0.00093
26742 0.00093
26743 0.00093
26744 0.00093
26745 0.00093
26746 0.00093
26747 0.00093
26748 0.00093
26749 0.00093
26750 0.00093
26751 0.00093
26752 0.00093
26753 0.00093
26754 0.00093
26755 0.00093
26756 0.00093
26757 0.00093
26758 0.00093
26759 0.00093
26760 0.00093
26761 0.00093
26762 0.00093
26763 0.00093
26764 0.00093
26765 0.00093
26766 0.00093
26767 0.00093
26768 0.00093
26769 0.00093
26770 0.00093
26771 0.00093
26772 0.00093
26773 0.00093
26774 0.00093
26775 0.00093
26776 0.00093
26777 0.00093
26778 0.00093
26779 0.00093
26780 0.00093
26781 0.00093
26782 0.00093
26783 0.00093
26784 0.00093
26785 0.00093
26786 0.00093
26787 0.00093
26788 0.00093
26789 0.00093
26790 0.00093
26791 0.00093
26792 0.00093
26793 0.00093
26794 0.00093
26795 0.00093
26796 0.00093
26797 0.00093
26798 0.00093
26799 0.00093
26800 0.00093
26801 0.00093
26802 0.00093
26803 0.00093
26804 0.00093
26805 0.00093
26806 0.00095
26807 0.00095
26808 0.00095
26809 0.00095
26810 0.00095
26811 0.00095
26812 0.00095
26813 0.00095
26814 0.00095
26815 0.00095
26816 0.00095
26817 0.00095
26818 0.00095
26819 0.00095
26820 0.00095
26821 0.00095
26822 0.00095
26823 0.00095
26824 0.00095
26825 0.00095
26826 0.00095
26827 0.00095
26828 0.00095
26829 0.00095
26830 0.00095
26831 0.00095
26832 0.00095
26833 0.00095
26834 0.00095
26835 0.00095
26836 0.00095
26837 0.00095
26838 0.00095
26839 0.00095
26840 0.00095
26841 0.00095
26842 0.00095
26843 0.00095
26844 0.00095
26845 0.00095
26846 0.00095
26847 0.00095
26848 0.00095
26849 0.00095
26850 0.00095
26851 0.00095
26852 0.00095
26853 0.00095
26854 0.00095
26855 0.00095
26856 0.00095
26857 0.00095
26858 0.00095
26859 0.00095
26860 0.00095
26861 0.00095
26862 0.00095
26863 0.00095
26864 0.00095
26865 0.00095
26866 0.00095
26867 0.00095
26868 0.00095
26869 0.00095
26870 0.00095
26871 0.00095
26872 0.00095
26873 0.00095
26874 0.00095
26875 0.00095
26876 0.00095
26877 0.00095
26878 0.00095
26879 0.00095
26880 0.00095
26881 0.00095
26882 0.00095
26883 0.00095
26884 0.00095
26885 0.00095
26886 0.00095
26887 0.00095
26888 0.00095
26889 0.00095
26890 0.00095
26891 0.00095
26892 0.00095
26893 0.00095
26894 0.00095
26895 0.00095
26896 0.00095
26897 0.00095
26898 0.00095
26899 0.00095
26900 0.00095
26901 0.00095
26902 0.00095
26903 0.00095
26904 0.00095
26905 0.00095
26906 0.00095
26907 0.00095
26908 0.00095
26909 0.00095
26910 0.00095
26911 0.00095
26912 0.00095
26913 0.00095
26914 0.00095
26915 0.00095
26916 0.00095
26917 0.00095
26918 0.00095
26919 0.00095
26920 0.00095
26921 0.00095
26922 0.00095
26923 0.00095
26924 0.00095
26925 0.00095
26926 0.00095
26927 0.00095
26928 0.00095
26929 0.00095
26930 0.00095
26931 0.00095
26932 0.00095
26933 0.00095
26934 0.00095
26935 0.00095
26936 0.00095
26937 0.00095
26938 0.00095
26939 0.00095
26940 0.00095
26941 0.00095
26942 0.00095
26943 0.00095
26944 0.00095
26945 0.00095
26946 0.00095
26947 0.00095
26948 0.00095
26949 0.00095
26950 0.00095
26951 0.00095
26952 0.00095
26953 0.00095
26954 0.00095
26955 0.00095
26956 0.00095
26957 0.00095
26958 0.00095
26959 0.00095
26960 0.00095
26961 0.00095
26962 0.00095
26963 0.00095
26964 0.00095
26965 0.00095
26966 0.00095
26967 0.00095
26968 0.00095
26969 0.00095
26970 0.00095
26971 0.00095
26972 0.00095
26973 0.00095
26974 0.00095
26975 0.00095
26976 0.00095
26977 0.00095
26978 0.00095
26979 0.00095
26980 0.00095
26981 0.00095
26982 0.00095
26983 0.00095
26984 0.00095
26985 0.00095
26986 0.00095
26987 0.00095
26988 0.00095
26989 0.00095
26990 0.00095
26991 0.00095
26992 0.00095
26993 0.00095
26994 0.00095
26995 0.00095
26996 0.00095
26997 0.00095
26998 0.00095
26999 0.00095
27000 0.00095
27001 0.00095
27002 0.00095
27003 0.00095
27004 0.00095
27005 0.00095
27006 0.00095
27007 0.00095
27008 0.00095
27009 0.00095
27010 0.00095
27011 0.00095
27012 0.00095
27013 0.00095
27014 0.00095
27015 0.00095
27016 0.00095
27017 0.00095
27018 0.00095
27019 0.00095
27020 0.00095
27021 0.00095
27022 0.00095
27023 0.00095
27024 0.00095
27025 0.00095
27026 0.00095
27027 0.00095
27028 0.00095
27029 0.00095
27030 0.00095
27031 0.00095
27032 0.00095
27033 0.00095
27034 0.00095
27035 0.00095
27036 0.00095
27037 0.00095
27038 0.00095
27039 0.00095
27040 0.00095
27041 0.00095
27042 0.00095
27043 0.00095
27044 0.00095
27045 0.00095
27046 0.00095
27047 0.00095
27048 0.00095
27049 0.00095
27050 0.00095
27051 0.00095
27052 0.00095
27053 0.00095
27054 0.00095
27055 0.00095
27056 0.00095
27057 0.00095
27058 0.00095
27059 0.00095
27060 0.00095
27061 0.00095
27062 0.00095
27063 0.00095
27064 0.00095
27065 0.00095
27066 0.00095
27067 0.00095
27068 0.00095
27069 0.00095
27070 0.00095
27071 0.00095
27072 0.00095
27073 0.00095
27074 0.00095
27075 0.00095
27076 0.00095
27077 0.00095
27078 0.00095
27079 0.00095
27080 0.00095
27081 0.00095
27082 0.00095
27083 0.00095
27084 0.00095
27085 0.00095
27086 0.00095
27087 0.00095
27088 0.00095
27089 0.00095
27090 0.00095
27091 0.00095
27092 0.00095
27093 0.00095
27094 0.00095
27095 0.00095
27096 0.00095
27097 0.00095
27098 0.00095
27099 0.00095
27100 0.00095
27101 0.00095
27102 0.00095
27103 0.00095
27104 0.00095
27105 0.00095
27106 0.00095
27107 0.00095
27108 0.00095
27109 0.00095
27110 0.00095
27111 0.00095
27112 0.00095
27113 0.00095
27114 0.00095
27115 0.00095
27116 0.00095
27117 0.00095
27118 0.00095
27119 0.00095
27120 0.00095
27121 0.00095
27122 0.00095
27123 0.00095
27124 0.00095
27125 0.00095
27126 0.00095
27127 0.00095
27128 0.00095
27129 0.00095
27130 0.00095
27131 0.00095
27132 0.00095
27133 0.00095
27134 0.00095
27135 0.00095
27136 0.00095
27137 0.00095
27138 0.00095
27139 0.00095
27140 0.00095
27141 0.00095
27142 0.00095
27143 0.00095
27144 0.00095
27145 0.00095
27146 0.00095
27147 0.00095
27148 0.00095
27149 0.00095
27150 0.00095
27151 0.00095
27152 0.00095
27153 0.00095
27154 0.00095
27155 0.00095
27156 0.00095
27157 0.00095
27158 0.00095
27159 0.00095
27160 0.00095
27161 0.00095
27162 0.00095
27163 0.00095
27164 0.00095
27165 0.00095
27166 0.00095
27167 0.00095
27168 0.00095
27169 0.00095
27170 0.00095
27171 0.00095
27172 0.00095
27173 0.00095
27174 0.00095
27175 0.00095
27176 0.00095
27177 0.00095
27178 0.00095
27179 0.00095
27180 0.00095
27181 0.00095
27182 0.00095
27183 0.00095
27184 0.00095
27185 0.00095
27186 0.00095
27187 0.00095
27188 0.00095
27189 0.00095
27190 0.00095
27191 0.00095
27192 0.00095
27193 0.00095
27194 0.00095
27195 0.00095
27196 0.00095
27197 0.00095
27198 0.00095
27199 0.00095
27200 0.00095
27201 0.00095
27202 0.00095
27203 0.00095
27204 0.00095
27205 0.00095
27206 0.00095
27207 0.00095
27208 0.00095
27209 0.00095
27210 0.00095
27211 0.00095
27212 0.00095
27213 0.00095
27214 0.00095
27215 0.00095
27216 0.00095
27217 0.00095
27218 0.00095
27219 0.00095
27220 0.00095
27221 0.00095
27222 0.00095
27223 0.00095
27224 0.00095
27225 0.00095
27226 0.00095
27227 0.00095
27228 0.00095
27229 0.00095
27230 0.00095
27231 0.00095
27232 0.00095
27233 0.00095
27234 0.00095
27235 0.00095
27236 0.00095
27237 0.00095
27238 0.00095
27239 0.00095
27240 0.00095
27241 0.00095
27242 0.00095
27243 0.00095
27244 0.00095
27245 0.00095
27246 0.00095
27247 0.00095
27248 0.00095
27249 0.00095
27250 0.00095
27251 0.00095
27252 0.00095
27253 0.00095
27254 0.00095
27255 0.00095
27256 0.00095
27257 0.00095
27258 0.00095
27259 0.00095
27260 0.00095
27261 0.00095
27262 0.00095
27263 0.00095
27264 0.00095
27265 0.00095
27266 0.00095
27267 0.00095
27268 0.00095
27269 0.00095
27270 0.00095
27271 0.00095
27272 0.00095
27273 0.00095
27274 0.00095
27275 0.00095
27276 0.00095
27277 0.00095
27278 0.00095
27279 0.00095
27280 0.00095
27281 0.00095
27282 0.00095
27283 0.00095
27284 0.00095
27285 0.00095
27286 0.00095
27287 0.00095
27288 0.00095
27289 0.00095
27290 0.00095
27291 0.00095
27292 0.00095
27293 0.00095
27294 0.00095
27295 0.00095
27296 0.00095
27297 0.00095
27298 0.00095
27299 0.00095
27300 0.00095
27301 0.00095
27302 0.00095
27303 0.00095
27304 0.00095
27305 0.00095
27306 0.00095
27307 0.00095
27308 0.00095
27309 0.00095
27310 0.00095
27311 0.00095
27312 0.00095
27313 0.00095
27314 0.00095
27315 0.00095
27316 0.00095
27317 0.00095
27318 0.00095
27319 0.00095
27320 0.00095
27321 0.00095
27322 0.00095
27323 0.00095
27324 0.00095
27325 0.00095
27326 0.00095
27327 0.00095
27328 0.00095
27329 0.00095
27330 0.00095
27331 0.00095
27332 0.00095
27333 0.00095
27334 0.00095
27335 0.00095
27336 0.00095
27337 0.00095
27338 0.00095
27339 0.00095
27340 0.00095
27341 0.00095
27342 0.00095
27343 0.00095
27344 0.00095
27345 0.00095
27346 0.00095
27347 0.00095
27348 0.00095
27349 0.00095
27350 0.00095
27351 0.00095
27352 0.00095
27353 0.00095
27354 0.00095
27355 0.00095
27356 0.00095
27357 0.00095
27358 0.00095
27359 0.00095
27360 0.00095
27361 0.00095
27362 0.00095
27363 0.00095
27364 0.00095
27365 0.00095
27366 0.00095
27367 0.00095
27368 0.00095
27369 0.00095
27370 0.00095
27371 0.00095
27372 0.00095
27373 0.00095
27374 0.00095
27375 0.00095
27376 0.00095
27377 0.00095
27378 0.00095
27379 0.00095
27380 0.00095
27381 0.00095
27382 0.00095
27383 0.00095
27384 0.00095
27385 0.00095
27386 0.00095
27387 0.00095
27388 0.00095
27389 0.00095
27390 0.00095
27391 0.00095
27392 0.00095
27393 0.00095
27394 0.00095
27395 0.00095
27396 0.00095
27397 0.00095
27398 0.00095
27399 0.00095
27400 0.00095
27401 0.00095
27402 0.00095
27403 0.00095
27404 0.00095
27405 0.00095
27406 0.00095
27407 0.00095
27408 0.00095
27409 0.00095
27410 0.00095
27411 0.00095
27412 0.00095
27413 0.00095
27414 0.00095
27415 0.00095
27416 0.00095
27417 0.00095
27418 0.00095
27419 0.00095
27420 0.00095
27421 0.00095
27422 0.00095
27423 0.00095
27424 0.00095
27425 0.00095
27426 0.00095
27427 0.00095
27428 0.00095
27429 0.00095
27430 0.00095
27431 0.00095
27432 0.00095
27433 0.00095
27434 0.00095
27435 0.00095
27436 0.00095
27437 0.00095
27438 0.00095
27439 0.00095
27440 0.00095
27441 0.00095
27442 0.00095
27443 0.00095
27444 0.00095
27445 0.00095
27446 0.00095
27447 0.00095
27448 0.00095
27449 0.00095
27450 0.00095
27451 0.00095
27452 0.00095
27453 0.00095
27454 0.00095
27455 0.00095
27456 0.00095
27457 0.00095
27458 0.00095
27459 0.00095
27460 0.00095
27461 0.00095
27462 0.00095
27463 0.00095
27464 0.00095
27465 0.00095
27466 0.00095
27467 0.00095
27468 0.00095
27469 0.00095
27470 0.00095
27471 0.00095
27472 0.00095
27473 0.00095
27474 0.00095
27475 0.00095
27476 0.00095
27477 0.00095
27478 0.00095
27479 0.00095
27480 0.00095
27481 0.00095
27482 0.00095
27483 0.00095
27484 0.00095
27485 0.00095
27486 0.00095
27487 0.00095
27488 0.00095
27489 0.00095
27490 0.00095
27491 0.00095
27492 0.00095
27493 0.00095
27494 0.00095
27495 0.00095
27496 0.00095
27497 0.00095
27498 0.00095
27499 0.00095
27500 0.00095
27501 0.00095
27502 0.00095
27503 0.00095
27504 0.00095
27505 0.00095
27506 0.00095
27507 0.00095
27508 0.00095
27509 0.00095
27510 0.00095
27511 0.00095
27512 0.00095
27513 0.00095
27514 0.00095
27515 0.00095
27516 0.00095
27517 0.00095
27518 0.00095
27519 0.00095
27520 0.00095
27521 0.00095
27522 0.00095
27523 0.00095
27524 0.00095
27525 0.00095
27526 0.00095
27527 0.00095
27528 0.00095
27529 0.00095
27530 0.00095
27531 0.00095
27532 0.00095
27533 0.00095
27534 0.00095
27535 0.00095
27536 0.00095
27537 0.00095
27538 0.00095
27539 0.00095
27540 0.00095
27541 0.00095
27542 0.00095
27543 0.00095
27544 0.00095
27545 0.00095
27546 0.00095
27547 0.00095
27548 0.00095
27549 0.00095
27550 0.00095
27551 0.00095
27552 0.00095
27553 0.00095
27554 0.00095
27555 0.00095
27556 0.00095
27557 0.00095
27558 0.00095
27559 0.00095
27560 0.00095
27561 0.00095
27562 0.00095
27563 0.00095
27564 0.00095
27565 0.00095
27566 0.00095
27567 0.00095
27568 0.00095
27569 0.00095
27570 0.00095
27571 0.00095
27572 0.00095
27573 0.00095
27574 0.00095
27575 0.00095
27576 0.00095
27577 0.00095
27578 0.00095
27579 0.00095
27580 0.00095
27581 0.00095
27582 0.00095
27583 0.00095
27584 0.00095
27585 0.00095
27586 0.00095
27587 0.00095
27588 0.00095
27589 0.00095
27590 0.00095
27591 0.00095
27592 0.00095
27593 0.00095
27594 0.00095
27595 0.00095
27596 0.00095
27597 0.00095
27598 0.00095
27599 0.00095
27600 0.00095
27601 0.00095
27602 0.00095
27603 0.00095
27604 0.00095
27605 0.00095
27606 0.00095
27607 0.00095
27608 0.00095
27609 0.00095
27610 0.00095
27611 0.00095
27612 0.00095
27613 0.00095
27614 0.00095
27615 0.00095
27616 0.00095
27617 0.00095
27618 0.00095
27619 0.00095
27620 0.00095
27621 0.00095
27622 0.00095
27623 0.00095
27624 0.00095
27625 0.00095
27626 0.00095
27627 0.00095
27628 0.00095
27629 0.00095
27630 0.00095
27631 0.00095
27632 0.00095
27633 0.00095
27634 0.00095
27635 0.00095
27636 0.00095
27637 0.00095
27638 0.00095
27639 0.00095
27640 0.00095
27641 0.00095
27642 0.00095
27643 0.00095
27644 0.00095
27645 0.00095
27646 0.00095
27647 0.00095
27648 0.00095
27649 0.00095
27650 0.00095
27651 0.00095
27652 0.00095
27653 0.00095
27654 0.00095
27655 0.00095
27656 0.00095
27657 0.00095
27658 0.00095
27659 0.00095
27660 0.00095
27661 0.00095
27662 0.00095
27663 0.00095
27664 0.00095
27665 0.00095
27666 0.00095
27667 0.00095
27668 0.00095
27669 0.00095
27670 0.00095
27671 0.00095
27672 0.00095
27673 0.00095
27674 0.00095
27675 0.00095
27676 0.00095
27677 0.00095
27678 0.00095
27679 0.00095
27680 0.00095
27681 0.00095
27682 0.00095
27683 0.00095
27684 0.00095
27685 0.00095
27686 0.00095
27687 0.00095
27688 0.00095
27689 0.00095
27690 0.00095
27691 0.00095
27692 0.00095
27693 0.00095
27694 0.00095
27695 0.00095
27696 0.00095
27697 0.00095
27698 0.00095
27699 0.00095
27700 0.00095
27701 0.00095
27702 0.00095
27703 0.00095
27704 0.00095
27705 0.00095
27706 0.00095
27707 0.00095
27708 0.00095
27709 0.00095
27710 0.00095
27711 0.00095
27712 0.00095
27713 0.00095
27714 0.00095
27715 0.00095
27716 0.00095
27717 0.00095
27718 0.00095
27719 0.00095
27720 0.00095
27721 0.00095
27722 0.00095
27723 0.00095
27724 0.00095
27725 0.00095
27726 0.00095
27727 0.00095
27728 0.00095
27729 0.00095
27730 0.00095
27731 0.00095
27732 0.00095
27733 0.00095
27734 0.00095
27735 0.00095
27736 0.00095
27737 0.00095
27738 0.00095
27739 0.00095
27740 0.00095
27741 0.00095
27742 0.00095
27743 0.00095
27744 0.00095
27745 0.00095
27746 0.00095
27747 0.00095
27748 0.00095
27749 0.00095
27750 0.00095
27751 0.00095
27752 0.00095
27753 0.00095
27754 0.00095
27755 0.00095
27756 0.00095
27757 0.00095
27758 0.00095
27759 0.00095
27760 0.00095
27761 0.00095
27762 0.00095
27763 0.00095
27764 0.00095
27765 0.00095
27766 0.00095
27767 0.00095
27768 0.00095
27769 0.00095
27770 0.00095
27771 0.00095
27772 0.00095
27773 0.00095
27774 0.00095
27775 0.00095
27776 0.00095
27777 0.00095
27778 0.00095
27779 0.00095
27780 0.00095
27781 0.00095
27782 0.00095
27783 0.00095
27784 0.00095
27785 0.00095
27786 0.00095
27787 0.00095
27788 0.00095
27789 0.00095
27790 0.00095
27791 0.00095
27792 0.00095
27793 0.00095
27794 0.00095
27795 0.00095
27796 0.00095
27797 0.00095
27798 0.00095
27799 0.00095
27800 0.00095
27801 0.00095
27802 0.00095
27803 0.00095
27804 0.00095
27805 0.00095
27806 0.00095
27807 0.00095
27808 0.00095
27809 0.00095
27810 0.00095
27811 0.00095
27812 0.00095
27813 0.00095
27814 0.00095
27815 0.00095
27816 0.00095
27817 0.00095
27818 0.00095
27819 0.00095
27820 0.00095
27821 0.00095
27822 0.00095
27823 0.00095
27824 0.00095
27825 0.00095
27826 0.00095
27827 0.00095
27828 0.00095
27829 0.00095
27830 0.00095
27831 0.00095
27832 0.00095
27833 0.00095
27834 0.00095
27835 0.00095
27836 0.00095
27837 0.00095
27838 0.00095
27839 0.00095
27840 0.00095
27841 0.00095
27842 0.00095
27843 0.00095
27844 0.00095
27845 0.00095
27846 0.00095
27847 0.00095
27848 0.00095
27849 0.00095
27850 0.00095
27851 0.00095
27852 0.00095
27853 0.00095
27854 0.00095
27855 0.00095
27856 0.00095
27857 0.00095
27858 0.00095
27859 0.00095
27860 0.00095
27861 0.00095
27862 0.00095
27863 0.00095
27864 0.00095
27865 0.00095
27866 0.00095
27867 0.00095
27868 0.00095
27869 0.00095
27870 0.00095
27871 0.00095
27872 0.00095
27873 0.00095
27874 0.00095
27875 0.00095
27876 0.00095
27877 0.00095
27878 0.00095
27879 0.00095
27880 0.00095
27881 0.00095
27882 0.00095
27883 0.00095
27884 0.00095
27885 0.00095
27886 0.00095
27887 0.00095
27888 0.00095
27889 0.00095
27890 0.00095
27891 0.00095
27892 0.00095
27893 0.00095
27894 0.00095
27895 0.00095
27896 0.00095
27897 0.00095
27898 0.00095
27899 0.00095
27900 0.00095
27901 0.00095
27902 0.00095
27903 0.00095
27904 0.00095
27905 0.00095
27906 0.00095
27907 0.00095
27908 0.00095
27909 0.00095
27910 0.00095
27911 0.00095
27912 0.00095
27913 0.00095
27914 0.00095
27915 0.00095
27916 0.00095
27917 0.00095
27918 0.00095
27919 0.00095
27920 0.00095
27921 0.00095
27922 0.00095
27923 0.00095
27924 0.00095
27925 0.00095
27926 0.00095
27927 0.00095
27928 0.00095
27929 0.00095
27930 0.00095
27931 0.00095
27932 0.00095
27933 0.00095
27934 0.00095
27935 0.00095
27936 0.00095
27937 0.00095
27938 0.00095
27939 0.00095
27940 0.00095
27941 0.00095
27942 0.00095
27943 0.00095
27944 0.00095
27945 0.00095
27946 0.00095
27947 0.00095
27948 0.00095
27949 0.00095
27950 0.00095
27951 0.00095
27952 0.00095
27953 0.00095
27954 0.00095
27955 0.00095
27956 0.00095
27957 0.00095
27958 0.00095
27959 0.00095
27960 0.00095
27961 0.00095
27962 0.00095
27963 0.00095
27964 0.00095
27965 0.00095
27966 0.00095
27967 0.00095
27968 0.00095
27969 0.00095
27970 0.00095
27971 0.00095
27972 0.00095
27973 0.00095
27974 0.00095
27975 0.00095
27976 0.00095
27977 0.00095
27978 0.00095
27979 0.00095
27980 0.00095
27981 0.00095
27982 0.00095
27983 0.00095
27984 0.00095
27985 0.00095
27986 0.00095
27987 0.00095
27988 0.00095
27989 0.00095
27990 0.00095
27991 0.00095
27992 0.00095
27993 0.00095
27994 0.00095
27995 0.00095
27996 0.00095
27997 0.00095
27998 0.00095
27999 0.00095
28000 0.00095
28001 0.00095
28002 0.00095
28003 0.00095
28004 0.00095
28005 0.00095
28006 0.00095
28007 0.00095
28008 0.00095
28009 0.00095
28010 0.00095
28011 0.00095
28012 0.00095
28013 0.00095
28014 0.00095
28015 0.00095
28016 0.00095
28017 0.00095
28018 0.00095
28019 0.00095
28020 0.00095
28021 0.00095
28022 0.00095
28023 0.00095
28024 0.00095
28025 0.00095
28026 0.00095
28027 0.00095
28028 0.00095
28029 0.00095
28030 0.00095
28031 0.00095
28032 0.00095
28033 0.00095
28034 0.00095
28035 0.00095
28036 0.00095
28037 0.00095
28038 0.00095
28039 0.00095
28040 0.00095
28041 0.00095
28042 0.00095
28043 0.00095
28044 0.00095
28045 0.00095
28046 0.00095
28047 0.00095
28048 0.00095
28049 0.00095
28050 0.00095
28051 0.00095
28052 0.00095
28053 0.00095
28054 0.00095
28055 0.00095
28056 0.00095
28057 0.00095
28058 0.00095
28059 0.00095
28060 0.00095
28061 0.00095
28062 0.00095
28063 0.00095
28064 0.00095
28065 0.00095
28066 0.00095
28067 0.00095
28068 0.00095
28069 0.00095
28070 0.00095
28071 0.00095
28072 0.00095
28073 0.00095
28074 0.00095
28075 0.00095
28076 0.00095
28077 0.00095
28078 0.00095
28079 0.00095
28080 0.00095
28081 0.00095
28082 0.00095
28083 0.00095
28084 0.00095
28085 0.00095
28086 0.00095
28087 0.00095
28088 0.00095
28089 0.00095
28090 0.00095
28091 0.00095
28092 0.00095
28093 0.00095
28094 0.00095
28095 0.00095
28096 0.00095
28097 0.00095
28098 0.00095
28099 0.00095
28100 0.00095
28101 0.00095
28102 0.00095
28103 0.00095
28104 0.00095
28105 0.00095
28106 0.00095
28107 0.00095
28108 0.00095
28109 0.00095
28110 0.00095
28111 0.00095
28112 0.00095
28113 0.00095
28114 0.00095
28115 0.00095
28116 0.00095
28117 0.00095
28118 0.00095
28119 0.00095
28120 0.00095
28121 0.00095
28122 0.00095
28123 0.00095
28124 0.00095
28125 0.00095
28126 0.00095
28127 0.00095
28128 0.00095
28129 0.00095
28130 0.00095
28131 0.00095
28132 0.00095
28133 0.00095
28134 0.00095
28135 0.00095
28136 0.00095
28137 0.00095
28138 0.00095
28139 0.00095
28140 0.00095
28141 0.00095
28142 0.00095
28143 0.00095
28144 0.00095
28145 0.00095
28146 0.00095
28147 0.00095
28148 0.00095
28149 0.00095
28150 0.00095
28151 0.00095
28152 0.00095
28153 0.00095
28154 0.00095
28155 0.00095
28156 0.00095
28157 0.00095
28158 0.00095
28159 0.00095
28160 0.00095
28161 0.00095
28162 0.00095
28163 0.00095
28164 0.00095
28165 0.00095
28166 0.00095
28167 0.00095
28168 0.00095
28169 0.00095
28170 0.00095
28171 0.00095
28172 0.00095
28173 0.00095
28174 0.00095
28175 0.00095
28176 0.00095
28177 0.00095
28178 0.00095
28179 0.00095
28180 0.00095
28181 0.00095
28182 0.00095
28183 0.00095
28184 0.00095
28185 0.00095
28186 0.00095
28187 0.00095
28188 0.00095
28189 0.00095
28190 0.00095
28191 0.00095
28192 0.00095
28193 0.00095
28194 0.00095
28195 0.00095
28196 0.00095
28197 0.00095
28198 0.00095
28199 0.00095
28200 0.00095
28201 0.00095
28202 0.00095
28203 0.00095
28204 0.00095
28205 0.00095
28206 0.00095
28207 0.00095
28208 0.00095
28209 0.00095
28210 0.00095
28211 0.00095
28212 0.00095
28213 0.00095
28214 0.00095
28215 0.00095
28216 0.00095
28217 0.00095
28218 0.00095
28219 0.00095
28220 0.00095
28221 0.00095
28222 0.00095
28223 0.00095
28224 0.00095
28225 0.00095
28226 0.00095
28227 0.00095
28228 0.00095
28229 0.00095
28230 0.00095
28231 0.00095
28232 0.00095
28233 0.00095
28234 0.00095
28235 0.00095
28236 0.00095
28237 0.00095
28238 0.00095
28239 0.00095
28240 0.00095
28241 0.00095
28242 0.00095
28243 0.00095
28244 0.00095
28245 0.00095
28246 0.00095
28247 0.00095
28248 0.00095
28249 0.00095
28250 0.00095
28251 0.00095
28252 0.00095
28253 0.00095
28254 0.00095
28255 0.00095
28256 0.00095
28257 0.00095
28258 0.00095
28259 0.00095
28260 0.00095
28261 0.00095
28262 0.00095
28263 0.00095
28264 0.00095
28265 0.00095
28266 0.00095
28267 0.00095
28268 0.00095
28269 0.00095
28270 0.00095
28271 0.00095
28272 0.00095
28273 0.00095
28274 0.00095
28275 0.00095
28276 0.00095
28277 0.00095
28278 0.00095
28279 0.00095
28280 0.00095
28281 0.00095
28282 0.00095
28283 0.00095
28284 0.00095
28285 0.00095
28286 0.00095
28287 0.00095
28288 0.00095
28289 0.00095
28290 0.00095
28291 0.00095
28292 0.00095
28293 0.00095
28294 0.00095
28295 0.00095
28296 0.00095
28297 0.00095
28298 0.00095
28299 0.00095
28300 0.00095
28301 0.00095
28302 0.00095
28303 0.00095
28304 0.00095
28305 0.00095
28306 0.00095
28307 0.00095
28308 0.00095
28309 0.00095
28310 0.00095
28311 0.00095
28312 0.00095
28313 0.00095
28314 0.00095
28315 0.00095
28316 0.00095
28317 0.00095
28318 0.00095
28319 0.00095
28320 0.00095
28321 0.00095
28322 0.00095
28323 0.00095
28324 0.00095
28325 0.00095
28326 0.00095
28327 0.00095
28328 0.00095
28329 0.00095
28330 0.00095
28331 0.00095
28332 0.00095
28333 0.00095
28334 0.00095
28335 0.00095
28336 0.00095
28337 0.00095
28338 0.00095
28339 0.00095
28340 0.00095
28341 0.00095
28342 0.00095
28343 0.00095
28344 0.00095
28345 0.00095
28346 0.00095
28347 0.00095
28348 0.00095
28349 0.00095
28350 0.00095
28351 0.00095
28352 0.00095
28353 0.00095
28354 0.00095
28355 0.00095
28356 0.00095
28357 0.00095
28358 0.00095
28359 0.00095
28360 0.00095
28361 0.00095
28362 0.00095
28363 0.00095
28364 0.00095
28365 0.00095
28366 0.00095
28367 0.00095
28368 0.00095
28369 0.00095
28370 0.00095
28371 0.00095
28372 0.00095
28373 0.00095
28374 0.00095
28375 0.00095
28376 0.00095
28377 0.00095
28378 0.00095
28379 0.00095
28380 0.00095
28381 0.00095
28382 0.00095
28383 0.00095
28384 0.00095
28385 0.00095
28386 0.00095
28387 0.00095
28388 0.00095
28389 0.00095
28390 0.00095
28391 0.00095
28392 0.00095
28393 0.00095
28394 0.00095
28395 0.00095
28396 0.00095
28397 0.00095
28398 0.00095
28399 0.00095
28400 0.00095
28401 0.00095
28402 0.00095
28403 0.00095
28404 0.00095
28405 0.00095
28406 0.00095
28407 0.00095
28408 0.00095
28409 0.00095
28410 0.00095
28411 0.00095
28412 0.00095
28413 0.00095
28414 0.00095
28415 0.00095
28416 0.00095
28417 0.00095
28418 0.00095
28419 0.00095
28420 0.00095
28421 0.00095
28422 0.00095
28423 0.00095
28424 0.00095
28425 0.00095
28426 0.00095
28427 0.00095
28428 0.00095
28429 0.00095
28430 0.00095
28431 0.00095
28432 0.00095
28433 0.00095
28434 0.00095
28435 0.00095
28436 0.00095
28437 0.00095
28438 0.00095
28439 0.00095
28440 0.00095
28441 0.00095
28442 0.00095
28443 0.00095
28444 0.00095
28445 0.00095
28446 0.00095
28447 0.00095
28448 0.00095
28449 0.00095
28450 0.00095
28451 0.00095
28452 0.00095
28453 0.00095
28454 0.00095
28455 0.00095
28456 0.00095
28457 0.00095
28458 0.00095
28459 0.00095
28460 0.00095
28461 0.00095
28462 0.00095
28463 0.00095
28464 0.00095
28465 0.00095
28466 0.00095
28467 0.00095
28468 0.00095
28469 0.00095
28470 0.00095
28471 0.00095
28472 0.00095
28473 0.00095
28474 0.00095
28475 0.00095
28476 0.00095
28477 0.00095
28478 0.00095
28479 0.00095
28480 0.00095
28481 0.00095
28482 0.00095
28483 0.00095
28484 0.00095
28485 0.00095
28486 0.00095
28487 0.00095
28488 0.00095
28489 0.00095
28490 0.00095
28491 0.00095
28492 0.00095
28493 0.00095
28494 0.00095
28495 0.00095
28496 0.00095
28497 0.00095
28498 0.00095
28499 0.00095
28500 0.00095
28501 0.00095
28502 0.00095
28503 0.00095
28504 0.00095
28505 0.00095
28506 0.00095
28507 0.00095
28508 0.00095
28509 0.00095
28510 0.00095
28511 0.00095
28512 0.00095
28513 0.00095
28514 0.00095
28515 0.00095
28516 0.00095
28517 0.00095
28518 0.00095
28519 0.00095
28520 0.00095
28521 0.00095
28522 0.00095
28523 0.00095
28524 0.00095
28525 0.00095
28526 0.00095
28527 0.00095
28528 0.00095
28529 0.00095
28530 0.00095
28531 0.00095
28532 0.00095
28533 0.00095
28534 0.00095
28535 0.00095
28536 0.00095
28537 0.00095
28538 0.00095
28539 0.00095
28540 0.00095
28541 0.00095
28542 0.00095
28543 0.00095
28544 0.00095
28545 0.00095
28546 0.00095
28547 0.00095
28548 0.00095
28549 0.00095
28550 0.00095
28551 0.00095
28552 0.00095
28553 0.00095
28554 0.00095
28555 0.00095
28556 0.00095
28557 0.00095
28558 0.00095
28559 0.00095
28560 0.00095
28561 0.00095
28562 0.00095
28563 0.00095
28564 0.00095
28565 0.00095
28566 0.00095
28567 0.00095
28568 0.00095
28569 0.00095
28570 0.00095
28571 0.00095
28572 0.00095
28573 0.00095
28574 0.00095
28575 0.00095
28576 0.00095
28577 0.00095
28578 0.00095
28579 0.00095
28580 0.00095
28581 0.00095
28582 0.00095
28583 0.00095
28584 0.00095
28585 0.00095
28586 0.00095
28587 0.00095
28588 0.00095
28589 0.00095
28590 0.00095
28591 0.00095
28592 0.00095
28593 0.00095
28594 0.00095
28595 0.00095
28596 0.00095
28597 0.00095
28598 0.00095
28599 0.00095
28600 0.00095
28601 0.00095
28602 0.00095
28603 0.00095
28604 0.00095
28605 0.00095
28606 0.00095
28607 0.00095
28608 0.00095
28609 0.00095
28610 0.00095
28611 0.00095
28612 0.00095
28613 0.00095
28614 0.00095
28615 0.00095
28616 0.00095
28617 0.00095
28618 0.00095
28619 0.00095
28620 0.00095
28621 0.00095
28622 0.00095
28623 0.00095
28624 0.00095
28625 0.00095
28626 0.00095
28627 0.00095
28628 0.00095
28629 0.00095
28630 0.00095
28631 0.00095
28632 0.00095
28633 0.00095
28634 0.00095
28635 0.00095
28636 0.00095
28637 0.00095
28638 0.00095
28639 0.00095
28640 0.00095
28641 0.00095
28642 0.00095
28643 0.00095
28644 0.00095
28645 0.00095
28646 0.00095
28647 0.00095
28648 0.00095
28649 0.00095
28650 0.00095
28651 0.00095
28652 0.00095
28653 0.00095
28654 0.00095
28655 0.00095
28656 0.00095
28657 0.00095
28658 0.00095
28659 0.00095
28660 0.00095
28661 0.00095
28662 0.00095
28663 0.00095
28664 0.00095
28665 0.00095
28666 0.00095
28667 0.00095
28668 0.00095
28669 0.00095
28670 0.00095
28671 0.00095
28672 0.00095
28673 0.00095
28674 0.00095
28675 0.00095
28676 0.00095
28677 0.00095
28678 0.00095
28679 0.00095
28680 0.00095
28681 0.00095
28682 0.00095
28683 0.00095
28684 0.00095
28685 0.00095
28686 0.00095
28687 0.00095
28688 0.00095
28689 0.00095
28690 0.00095
28691 0.00095
28692 0.00095
28693 0.00095
28694 0.00095
28695 0.00095
28696 0.00095
28697 0.00095
28698 0.00095
28699 0.00095
28700 0.00095
28701 0.00095
28702 0.00095
28703 0.00095
28704 0.00095
28705 0.00095
28706 0.00095
28707 0.00095
28708 0.00095
28709 0.00095
28710 0.00095
28711 0.00095
28712 0.00095
28713 0.00095
28714 0.00095
28715 0.00095
28716 0.00095
28717 0.00095
28718 0.00095
28719 0.00095
28720 0.00095
28721 0.00095
28722 0.00095
28723 0.00095
28724 0.00095
28725 0.00095
28726 0.00095
28727 0.00095
28728 0.00095
28729 0.00095
28730 0.00095
28731 0.00095
28732 0.00095
28733 0.00095
28734 0.00095
28735 0.00095
28736 0.00095
28737 0.00095
28738 0.00095
28739 0.00095
28740 0.00095
28741 0.00095
28742 0.00095
28743 0.00095
28744 0.00095
28745 0.00095
28746 0.00095
28747 0.00095
28748 0.00095
28749 0.00095
28750 0.00095
28751 0.00095
28752 0.00095
28753 0.00095
28754 0.00095
28755 0.00095
28756 0.00095
28757 0.00095
28758 0.00095
28759 0.00095
28760 0.00095
28761 0.00095
28762 0.00095
28763 0.00095
28764 0.00095
28765 0.00095
28766 0.00095
28767 0.00095
28768 0.00095
28769 0.00095
28770 0.00095
28771 0.00095
28772 0.00095
28773 0.00095
28774 0.00095
28775 0.00095
28776 0.00095
28777 0.00095
28778 0.00095
28779 0.00095
28780 0.00095
28781 0.00095
28782 0.00095
28783 0.00095
28784 0.00095
28785 0.00095
28786 0.00095
28787 0.00095
28788 0.00095
28789 0.00095
28790 0.00095
28791 0.00095
28792 0.00095
28793 0.00095
28794 0.00095
28795 0.00095
28796 0.00095
28797 0.00095
28798 0.00095
28799 0.00095
28800 0.00095
28801 0.00095
28802 0.00095
28803 0.00095
28804 0.00095
28805 0.00095
28806 0.00095
28807 0.00095
28808 0.00095
28809 0.00095
28810 0.00095
28811 0.00095
28812 0.00095
28813 0.00095
28814 0.00095
28815 0.00095
28816 0.00095
28817 0.00095
28818 0.00095
28819 0.00095
28820 0.00095
28821 0.00095
28822 0.00095
28823 0.00095
28824 0.00095
28825 0.00095
28826 0.00095
28827 0.00095
28828 0.00095
28829 0.00095
28830 0.00095
28831 0.00095
28832 0.00095
28833 0.00095
28834 0.00095
28835 0.00095
28836 0.00095
28837 0.00095
28838 0.00095
28839 0.00095
28840 0.00095
28841 0.00095
28842 0.00095
28843 0.00095
28844 0.00095
28845 0.00095
28846 0.00095
28847 0.00095
28848 0.00095
28849 0.00095
28850 0.00095
28851 0.00095
28852 0.00095
28853 0.00095
28854 0.00095
28855 0.00095
28856 0.00095
28857 0.00095
28858 0.00095
28859 0.00095
28860 0.00095
28861 0.00095
28862 0.00095
28863 0.00095
28864 0.00095
28865 0.00095
28866 0.00095
28867 0.00095
28868 0.00095
28869 0.00095
28870 0.00095
28871 0.00095
28872 0.00095
28873 0.00095
28874 0.00095
28875 0.00095
28876 0.00095
28877 0.00095
28878 0.00095
28879 0.00095
28880 0.00095
28881 0.00095
28882 0.00095
28883 0.00095
28884 0.00095
28885 0.00095
28886 0.00095
28887 0.00095
28888 0.00095
28889 0.00095
28890 0.00095
28891 0.00095
28892 0.00095
28893 0.00095
28894 0.00095
28895 0.00095
28896 0.00095
28897 0.00095
28898 0.00095
28899 0.00095
28900 0.00095
28901 0.00095
28902 0.00095
28903 0.00095
28904 0.00095
28905 0.00095
28906 0.00095
28907 0.00095
28908 0.00095
28909 0.00095
28910 0.00095
28911 0.00095
28912 0.00095
28913 0.00095
28914 0.00095
28915 0.00095
28916 0.00095
28917 0.00095
28918 0.00095
28919 0.00095
28920 0.00095
28921 0.00095
28922 0.00095
28923 0.00095
28924 0.00095
28925 0.00095
28926 0.00095
28927 0.00095
28928 0.00095
28929 0.00095
28930 0.00095
28931 0.00095
28932 0.00095
28933 0.00095
28934 0.00095
28935 0.00095
28936 0.00095
28937 0.00095
28938 0.00095
28939 0.00095
28940 0.00095
28941 0.00095
28942 0.00095
28943 0.00095
28944 0.00095
28945 0.00095
28946 0.00095
28947 0.00095
28948 0.00095
28949 0.00095
28950 0.00095
28951 0.00095
28952 0.00095
28953 0.00095
28954 0.00095
28955 0.00095
28956 0.00095
28957 0.00095
28958 0.00095
28959 0.00095
28960 0.00095
28961 0.00095
28962 0.00095
28963 0.00095
28964 0.00095
28965 0.00095
28966 0.00095
28967 0.00095
28968 0.00095
28969 0.00095
28970 0.00095
28971 0.00095
28972 0.00095
28973 0.00095
28974 0.00095
28975 0.00095
28976 0.00095
28977 0.00095
28978 0.00095
28979 0.00095
28980 0.00095
28981 0.00095
28982 0.00095
28983 0.00095
28984 0.00095
28985 0.00095
28986 0.00095
28987 0.00095
28988 0.00095
28989 0.00095
28990 0.00095
28991 0.00095
28992 0.00095
28993 0.00095
28994 0.00095
28995 0.00095
28996 0.00095
28997 0.00095
28998 0.00095
28999 0.00095
29000 0.00095
29001 0.00095
29002 0.00095
29003 0.00095
29004 0.00095
29005 0.00095
29006 0.00095
29007 0.00095
29008 0.00095
29009 0.00095
29010 0.00095
29011 0.00095
29012 0.00095
29013 0.00095
29014 0.00095
29015 0.00095
29016 0.00095
29017 0.00095
29018 0.00095
29019 0.00095
29020 0.00095
29021 0.00095
29022 0.00095
29023 0.00095
29024 0.00095
29025 0.00095
29026 0.00095
29027 0.00095
29028 0.00095
29029 0.00095
29030 0.00095
29031 0.00095
29032 0.00095
29033 0.00095
29034 0.00095
29035 0.00095
29036 0.00095
29037 0.00095
29038 0.00095
29039 0.00095
29040 0.00095
29041 0.00095
29042 0.00095
29043 0.00095
29044 0.00095
29045 0.00095
29046 0.00095
29047 0.00095
29048 0.00095
29049 0.00095
29050 0.00095
29051 0.00095
29052 0.00095
29053 0.00095
29054 0.00095
29055 0.00095
29056 0.00095
29057 0.00095
29058 0.00095
29059 0.00095
29060 0.00095
29061 0.00095
29062 0.00095
29063 0.00095
29064 0.00095
29065 0.00095
29066 0.00095
29067 0.00095
29068 0.00095
29069 0.00095
29070 0.00095
29071 0.00095
29072 0.00095
29073 0.00095
29074 0.00095
29075 0.00095
29076 0.00095
29077 0.00095
29078 0.00095
29079 0.00095
29080 0.00095
29081 0.00095
29082 0.00095
29083 0.00095
29084 0.00095
29085 0.00095
29086 0.00095
29087 0.00095
29088 0.00095
29089 0.00095
29090 0.00095
29091 0.00095
29092 0.00095
29093 0.00095
29094 0.00095
29095 0.00095
29096 0.00095
29097 0.00095
29098 0.00095
29099 0.00095
29100 0.00095
29101 0.00095
29102 0.00095
29103 0.00095
29104 0.00095
29105 0.00095
29106 0.00095
29107 0.00095
29108 0.00095
29109 0.00095
29110 0.00095
29111 0.00095
29112 0.00095
29113 0.00095
29114 0.00095
29115 0.00095
29116 0.00095
29117 0.00095
29118 0.00095
29119 0.00095
29120 0.00095
29121 0.00095
29122 0.00095
29123 0.00095
29124 0.00095
29125 0.00095
29126 0.00095
29127 0.00095
29128 0.00095
29129 0.00095
29130 0.00095
29131 0.00095
29132 0.00095
29133 0.00095
29134 0.00095
29135 0.00095
29136 0.00095
29137 0.00095
29138 0.00095
29139 0.00095
29140 0.00095
29141 0.00095
29142 0.00095
29143 0.00095
29144 0.00095
29145 0.00095
29146 0.00095
29147 0.00095
29148 0.00095
29149 0.00095
29150 0.00095
29151 0.00095
29152 0.00095
29153 0.00095
29154 0.00095
29155 0.00095
29156 0.00095
29157 0.00095
29158 0.00095
29159 0.00095
29160 0.00095
29161 0.00095
29162 0.00095
29163 0.00095
29164 0.00095
29165 0.00095
29166 0.00095
29167 0.00095
29168 0.00095
29169 0.00095
29170 0.00095
29171 0.00095
29172 0.00095
29173 0.00095
29174 0.00095
29175 0.00095
29176 0.00095
29177 0.00095
29178 0.00095
29179 0.00095
29180 0.00095
29181 0.00095
29182 0.00095
29183 0.00095
29184 0.00095
29185 0.00095
29186 0.00095
29187 0.00095
29188 0.00095
29189 0.00095
29190 0.00095
29191 0.00095
29192 0.00095
29193 0.00095
29194 0.00095
29195 0.00095
29196 0.00095
29197 0.00095
29198 0.00095
29199 0.00095
29200 0.00095
29201 0.00095
29202 0.00095
29203 0.00095
29204 0.00095
29205 0.00095
29206 0.00095
29207 0.00095
29208 0.00095
29209 0.00095
29210 0.00095
29211 0.00095
29212 0.00095
29213 0.00095
29214 0.00095
29215 0.00095
29216 0.00095
29217 0.00095
29218 0.00095
29219 0.00095
29220 0.00095
29221 0.00095
29222 0.00095
29223 0.00095
29224 0.00095
29225 0.00095
29226 0.00095
29227 0.00095
29228 0.00095
29229 0.00095
29230 0.00095
29231 0.00095
29232 0.00095
29233 0.00095
29234 0.00095
29235 0.00095
29236 0.00095
29237 0.00095
29238 0.00095
29239 0.00095
29240 0.00095
29241 0.00095
29242 0.00095
29243 0.00095
29244 0.00095
29245 0.00095
29246 0.00095
29247 0.00095
29248 0.00095
29249 0.00095
29250 0.00095
29251 0.00095
29252 0.00095
29253 0.00095
29254 0.00095
29255 0.00095
29256 0.00095
29257 0.00095
29258 0.00095
29259 0.00095
29260 0.00095
29261 0.00095
29262 0.00095
29263 0.00095
29264 0.00095
29265 0.00095
29266 0.00095
29267 0.00095
29268 0.00095
29269 0.00095
29270 0.00095
29271 0.00095
29272 0.00095
29273 0.00095
29274 0.00095
29275 0.00095
29276 0.00095
29277 0.00095
29278 0.00095
29279 0.00095
29280 0.00095
29281 0.00095
29282 0.00095
29283 0.00095
29284 0.00095
29285 0.00095
29286 0.00095
29287 0.00095
29288 0.00095
29289 0.00095
29290 0.00095
29291 0.00095
29292 0.00095
29293 0.00095
29294 0.00095
29295 0.00095
29296 0.00095
29297 0.00095
29298 0.00095
29299 0.00095
29300 0.00095
29301 0.00095
29302 0.00095
29303 0.00095
29304 0.00095
29305 0.00095
29306 0.00095
29307 0.00095
29308 0.00095
29309 0.00095
29310 0.00095
29311 0.00095
29312 0.00095
29313 0.00095
29314 0.00095
29315 0.00095
29316 0.00095
29317 0.00095
29318 0.00095
29319 0.00095
29320 0.00095
29321 0.00095
29322 0.00095
29323 0.00095
29324 0.00095
29325 0.00095
29326 0.00095
29327 0.00095
29328 0.00095
29329 0.00095
29330 0.00095
29331 0.00095
29332 0.00095
29333 0.00095
29334 0.00095
29335 0.00095
29336 0.00095
29337 0.00095
29338 0.00095
29339 0.00095
29340 0.00095
29341 0.00095
29342 0.00095
29343 0.00095
29344 0.00095
29345 0.00095
29346 0.00095
29347 0.00095
29348 0.00095
29349 0.00095
29350 0.00095
29351 0.00095
29352 0.00095
29353 0.00095
29354 0.00095
29355 0.00095
29356 0.00095
29357 0.00095
29358 0.00095
29359 0.00095
29360 0.00095
29361 0.00095
29362 0.00095
29363 0.00095
29364 0.00095
29365 0.00095
29366 0.00095
29367 0.00095
29368 0.00095
29369 0.00095
29370 0.00095
29371 0.00095
29372 0.00095
29373 0.00095
29374 0.00095
29375 0.00095
29376 0.00095
29377 0.00095
29378 0.00095
29379 0.00095
29380 0.00095
29381 0.00095
29382 0.00095
29383 0.00095
29384 0.00095
29385 0.00095
29386 0.00095
29387 0.00095
29388 0.00095
29389 0.00095
29390 0.00095
29391 0.00095
29392 0.00095
29393 0.00095
29394 0.00095
29395 0.00095
29396 0.00095
29397 0.00095
29398 0.00095
29399 0.00095
29400 0.00095
29401 0.00095
29402 0.00095
29403 0.00095
29404 0.00095
29405 0.00095
29406 0.00095
29407 0.00095
29408 0.00095
29409 0.00095
29410 0.00095
29411 0.00095
29412 0.00095
29413 0.00095
29414 0.00095
29415 0.00095
29416 0.00095
29417 0.00095
29418 0.00095
29419 0.00095
29420 0.00095
29421 0.00095
29422 0.00095
29423 0.00095
29424 0.00095
29425 0.00095
29426 0.00095
29427 0.00095
29428 0.00095
29429 0.00095
29430 0.00095
29431 0.00095
29432 0.00095
29433 0.00095
29434 0.00095
29435 0.00095
29436 0.00095
29437 0.00095
29438 0.00095
29439 0.00095
29440 0.00095
29441 0.00095
29442 0.00095
29443 0.00095
29444 0.00095
29445 0.00095
29446 0.00095
29447 0.00095
29448 0.00095
29449 0.00095
29450 0.00095
29451 0.00095
29452 0.00095
29453 0.00095
29454 0.00095
29455 0.00095
29456 0.00095
29457 0.00095
29458 0.00095
29459 0.00095
29460 0.00095
29461 0.00095
29462 0.00095
29463 0.00095
29464 0.00095
29465 0.00095
29466 0.00095
29467 0.00095
29468 0.00095
29469 0.00095
29470 0.00095
29471 0.00095
29472 0.00095
29473 0.00095
29474 0.00095
29475 0.00095
29476 0.00095
29477 0.00095
29478 0.00095
29479 0.00095
29480 0.00095
29481 0.00095
29482 0.00095
29483 0.00095
29484 0.00095
29485 0.00095
29486 0.00095
29487 0.00095
29488 0.00095
29489 0.00095
29490 0.00095
29491 0.00095
29492 0.00095
29493 0.00095
29494 0.00095
29495 0.00095
29496 0.00095
29497 0.00095
29498 0.00095
29499 0.00095
29500 0.00095
29501 0.00095
29502 0.00095
29503 0.00095
29504 0.00095
29505 0.00095
29506 0.00095
29507 0.00095
29508 0.00095
29509 0.00095
29510 0.00095
29511 0.00095
29512 0.00095
29513 0.00095
29514 0.00095
29515 0.00095
29516 0.00095
29517 0.00095
29518 0.00095
29519 0.00095
29520 0.00095
29521 0.00095
29522 0.00095
29523 0.00095
29524 0.00095
29525 0.00095
29526 0.00095
29527 0.00095
29528 0.00095
29529 0.00095
29530 0.00095
29531 0.00095
29532 0.00095
29533 0.00095
29534 0.00095
29535 0.00095
29536 0.00095
29537 0.00095
29538 0.00095
29539 0.00095
29540 0.00095
29541 0.00095
29542 0.00095
29543 0.00095
29544 0.00095
29545 0.00095
29546 0.00095
29547 0.00095
29548 0.00095
29549 0.00095
29550 0.00095
29551 0.00095
29552 0.00095
29553 0.00095
29554 0.00095
29555 0.00095
29556 0.00095
29557 0.00095
29558 0.00095
29559 0.00095
29560 0.00095
29561 0.00095
29562 0.00095
29563 0.00095
29564 0.00095
29565 0.00095
29566 0.00095
29567 0.00095
29568 0.00095
29569 0.00095
29570 0.00095
29571 0.00095
29572 0.00095
29573 0.00095
29574 0.00095
29575 0.00095
29576 0.00095
29577 0.00095
29578 0.00095
29579 0.00095
29580 0.00095
29581 0.00095
29582 0.00095
29583 0.00095
29584 0.00095
29585 0.00095
29586 0.00095
29587 0.00095
29588 0.00095
29589 0.00095
29590 0.00095
29591 0.00095
29592 0.00095
29593 0.00095
29594 0.00095
29595 0.00095
29596 0.00095
29597 0.00095
29598 0.00095
29599 0.00095
29600 0.00095
29601 0.00095
29602 0.00095
29603 0.00095
29604 0.00095
29605 0.00095
29606 0.00095
29607 0.00095
29608 0.00095
29609 0.00095
29610 0.00095
29611 0.00095
29612 0.00095
29613 0.00095
29614 0.00095
29615 0.00095
29616 0.00095
29617 0.00095
29618 0.00095
29619 0.00095
29620 0.00095
29621 0.00095
29622 0.00095
29623 0.00095
29624 0.00095
29625 0.00095
29626 0.00095
29627 0.00095
29628 0.00095
29629 0.00095
29630 0.00095
29631 0.00095
29632 0.00095
29633 0.00095
29634 0.00095
29635 0.00095
29636 0.00095
29637 0.00095
29638 0.00095
29639 0.00095
29640 0.00095
29641 0.00095
29642 0.00095
29643 0.00095
29644 0.00095
29645 0.00095
29646 0.00095
29647 0.00095
29648 0.00095
29649 0.00095
29650 0.00095
29651 0.00095
29652 0.00095
29653 0.00095
29654 0.00095
29655 0.00095
29656 0.00095
29657 0.00095
29658 0.00095
29659 0.00095
29660 0.00095
29661 0.00095
29662 0.00095
29663 0.00095
29664 0.00095
29665 0.00095
29666 0.00095
29667 0.00095
29668 0.00095
29669 0.00095
29670 0.00095
29671 0.00095
29672 0.00095
29673 0.00095
29674 0.00095
29675 0.00095
29676 0.00095
29677 0.00095
29678 0.00095
29679 0.00095
29680 0.00095
29681 0.00095
29682 0.00095
29683 0.00095
29684 0.00095
29685 0.00095
29686 0.00095
29687 0.00095
29688 0.00095
29689 0.00095
29690 0.00095
29691 0.00095
29692 0.00095
29693 0.00095
29694 0.00095
29695 0.00095
29696 0.00095
29697 0.00095
29698 0.00095
29699 0.00095
29700 0.00095
29701 0.00095
29702 0.00095
29703 0.00095
29704 0.00095
29705 0.00095
29706 0.00095
29707 0.00095
29708 0.00095
29709 0.00095
29710 0.00095
29711 0.00095
29712 0.00095
29713 0.00095
29714 0.00095
29715 0.00095
29716 0.00095
29717 0.00095
29718 0.00095
29719 0.00095
29720 0.00095
29721 0.00095
29722 0.00095
29723 0.00095
29724 0.00095
29725 0.00095
29726 0.00095
29727 0.00095
29728 0.00095
29729 0.00095
29730 0.00095
29731 0.00095
29732 0.00095
29733 0.00095
29734 0.00095
29735 0.00095
29736 0.00095
29737 0.00095
29738 0.00095
29739 0.00095
29740 0.00095
29741 0.00095
29742 0.00095
29743 0.00095
29744 0.00095
29745 0.00095
29746 0.00095
29747 0.00095
29748 0.00095
29749 0.00095
29750 0.00095
29751 0.00095
29752 0.00095
29753 0.00095
29754 0.00095
29755 0.00095
29756 0.00095
29757 0.00095
29758 0.00095
29759 0.00095
29760 0.00095
29761 0.00095
29762 0.00095
29763 0.00095
29764 0.00095
29765 0.00095
29766 0.00095
29767 0.00095
29768 0.00095
29769 0.00095
29770 0.00095
29771 0.00095
29772 0.00095
29773 0.00095
29774 0.00095
29775 0.00095
29776 0.00095
29777 0.00095
29778 0.00095
29779 0.00095
29780 0.00095
29781 0.00095
29782 0.00095
29783 0.00095
29784 0.00095
29785 0.00095
29786 0.00095
29787 0.00095
29788 0.00095
29789 0.00095
29790 0.00095
29791 0.00095
29792 0.00095
29793 0.00095
29794 0.00095
29795 0.00095
29796 0.00095
29797 0.00095
29798 0.00095
29799 0.00095
29800 0.00095
29801 0.00095
29802 0.00095
29803 0.00095
29804 0.00095
29805 0.00095
29806 0.00095
29807 0.00095
29808 0.00095
29809 0.00095
29810 0.00095
29811 0.00095
29812 0.00095
29813 0.00095
29814 0.00095
29815 0.00095
29816 0.00095
29817 0.00095
29818 0.00095
29819 0.00095
29820 0.00095
29821 0.00095
29822 0.00095
29823 0.00095
29824 0.00095
29825 0.00095
29826 0.00095
29827 0.00095
29828 0.00095
29829 0.00095
29830 0.00095
29831 0.00095
29832 0.00095
29833 0.00095
29834 0.00095
29835 0.00095
29836 0.00095
29837 0.00095
29838 0.00095
29839 0.00095
29840 0.00095
29841 0.00095
29842 0.00095
29843 0.00095
29844 0.00095
29845 0.00095
29846 0.00095
29847 0.00095
29848 0.00095
29849 0.00095
29850 0.00095
29851 0.00095
29852 0.00095
29853 0.00095
29854 0.00095
29855 0.00095
29856 0.00095
29857 0.00095
29858 0.00095
29859 0.00095
29860 0.00095
29861 0.00095
29862 0.00095
29863 0.00095
29864 0.00095
29865 0.00095
29866 0.00095
29867 0.00095
29868 0.00095
29869 0.00095
29870 0.00095
29871 0.00095
29872 0.00095
29873 0.00095
29874 0.00095
29875 0.00095
29876 0.00095
29877 0.00095
29878 0.00095
29879 0.00095
29880 0.00095
29881 0.00095
29882 0.00095
29883 0.00095
29884 0.00095
29885 0.00095
29886 0.00095
29887 0.00095
29888 0.00095
29889 0.00095
29890 0.00095
29891 0.00095
29892 0.00095
29893 0.00095
29894 0.00095
29895 0.00095
29896 0.00095
29897 0.00095
29898 0.00095
29899 0.00095
29900 0.00095
29901 0.00095
29902 0.00095
29903 0.00095
29904 0.00095
29905 0.00095
29906 0.00095
29907 0.00095
29908 0.00095
29909 0.00095
29910 0.00095
29911 0.00095
29912 0.00095
29913 0.00095
29914 0.00095
29915 0.00095
29916 0.00095
29917 0.00095
29918 0.00095
29919 0.00095
29920 0.00095
29921 0.00095
29922 0.00095
29923 0.00095
29924 0.00095
29925 0.00095
29926 0.00095
29927 0.00095
29928 0.00095
29929 0.00095
29930 0.00095
29931 0.00095
29932 0.00095
29933 0.00095
29934 0.00095
29935 0.00095
29936 0.00095
29937 0.00095
29938 0.00095
29939 0.00095
29940 0.00095
29941 0.00095
29942 0.00095
29943 0.00095
29944 0.00095
29945 0.00095
29946 0.00095
29947 0.00095
29948 0.00095
29949 0.00095
29950 0.00095
29951 0.00095
29952 0.00095
29953 0.00095
29954 0.00095
29955 0.00095
29956 0.00095
29957 0.00095
29958 0.00095
29959 0.00095
29960 0.00095
29961 0.00095
29962 0.00095
29963 0.00095
29964 0.00095
29965 0.00095
29966 0.00095
29967 0.00095
29968 0.00095
29969 0.00095
29970 0.00095
29971 0.00095
29972 0.00095
29973 0.00095
29974 0.00095
29975 0.00095
29976 0.00095
29977 0.00095
29978 0.00095
29979 0.00095
29980 0.00095
29981 0.00095
29982 0.00095
29983 0.00095
29984 0.00095
29985 0.00095
29986 0.00095
29987 0.00095
29988 0.00095
29989 0.00095
29990 0.00095
29991 0.00095
29992 0.00095
29993 0.00095
29994 0.00095
29995 0.00095
29996 0.00095
29997 0.00095
29998 0.00095
29999 0.00095
30000 0.00095
30001 0.00095
30002 0.00095
30003 0.00095
30004 0.00095
30005 0.00095
30006 0.00095
30007 0.00095
30008 0.00095
30009 0.00095
30010 0.00095
30011 0.00095
30012 0.00095
30013 0.00095
30014 0.00095
30015 0.00095
30016 0.00095
30017 0.00095
30018 0.00095
30019 0.00095
30020 0.00095
30021 0.00095
30022 0.00095
30023 0.00095
30024 0.00095
30025 0.00095
30026 0.00095
30027 0.00095
30028 0.00095
30029 0.00095
30030 0.00095
30031 0.00095
30032 0.00095
30033 0.00095
30034 0.00095
30035 0.00095
30036 0.00095
30037 0.00095
30038 0.00095
30039 0.00095
30040 0.00095
30041 0.00095
30042 0.00095
30043 0.00095
30044 0.00095
30045 0.00095
30046 0.00095
30047 0.00095
30048 0.00095
30049 0.00095
30050 0.00095
30051 0.00095
30052 0.00095
30053 0.00095
30054 0.00095
30055 0.00095
30056 0.00095
30057 0.00095
30058 0.00095
30059 0.00095
30060 0.00095
30061 0.00095
30062 0.00095
30063 0.00095
30064 0.00095
30065 0.00095
30066 0.00095
30067 0.00095
30068 0.00095
30069 0.00095
30070 0.00095
30071 0.00095
30072 0.00095
30073 0.00095
30074 0.00095
30075 0.00095
30076 0.00095
30077 0.00095
30078 0.00095
30079 0.00095
30080 0.00095
30081 0.00095
30082 0.00095
30083 0.00095
30084 0.00095
30085 0.00095
30086 0.00095
30087 0.00095
30088 0.00095
30089 0.00095
30090 0.00095
30091 0.00095
30092 0.00095
30093 0.00095
30094 0.00095
30095 0.00095
30096 0.00095
30097 0.00095
30098 0.00095
30099 0.00095
30100 0.00095
30101 0.00095
30102 0.00095
30103 0.00095
30104 0.00095
30105 0.00095
30106 0.00095
30107 0.00095
30108 0.00095
30109 0.00095
30110 0.00095
30111 0.00095
30112 0.00095
30113 0.00095
30114 0.00095
30115 0.00095
30116 0.00095
30117 0.00095
30118 0.00095
30119 0.00095
30120 0.00095
30121 0.00095
30122 0.00095
30123 0.00095
30124 0.00095
30125 0.00095
30126 0.00095
30127 0.00095
30128 0.00095
30129 0.00095
30130 0.00095
30131 0.00095
30132 0.00095
30133 0.00095
30134 0.00095
30135 0.00095
30136 0.00095
30137 0.00095
30138 0.00095
30139 0.00095
30140 0.00095
30141 0.00095
30142 0.00095
30143 0.00095
30144 0.00095
30145 0.00095
30146 0.00095
30147 0.00095
30148 0.00095
30149 0.00095
30150 0.00095
30151 0.00095
30152 0.00095
30153 0.00095
30154 0.00095
30155 0.00095
30156 0.00095
30157 0.00095
30158 0.00095
30159 0.00095
30160 0.00095
30161 0.00095
30162 0.00095
30163 0.00095
30164 0.00095
30165 0.00095
30166 0.00095
30167 0.00095
30168 0.00095
30169 0.00095
30170 0.00095
30171 0.00095
30172 0.00095
30173 0.00095
30174 0.00095
30175 0.00095
30176 0.00095
30177 0.00095
30178 0.00095
30179 0.00095
30180 0.00095
30181 0.00095
30182 0.00095
30183 0.00095
30184 0.00095
30185 0.00095
30186 0.00095
30187 0.00095
30188 0.00095
30189 0.00095
30190 0.00095
30191 0.00095
30192 0.00095
30193 0.00095
30194 0.00095
30195 0.00095
30196 0.00095
30197 0.00095
30198 0.00095
30199 0.00095
30200 0.00095
30201 0.00095
30202 0.00095
30203 0.00095
30204 0.00095
30205 0.00095
30206 0.00095
30207 0.00095
30208 0.00095
30209 0.00095
30210 0.00095
30211 0.00095
30212 0.00095
30213 0.00095
30214 0.00095
30215 0.00095
30216 0.00095
30217 0.00095
30218 0.00095
30219 0.00095
30220 0.00095
30221 0.00095
30222 0.00095
30223 0.00095
30224 0.00095
30225 0.00095
30226 0.00095
30227 0.00095
30228 0.00095
30229 0.00095
30230 0.00095
30231 0.00095
30232 0.00095
30233 0.00095
30234 0.00095
30235 0.00095
30236 0.00095
30237 0.00095
30238 0.00095
30239 0.00095
30240 0.00095
30241 0.00095
30242 0.00095
30243 0.00095
30244 0.00095
30245 0.00095
30246 0.00095
30247 0.00095
30248 0.00095
30249 0.00095
30250 0.00095
30251 0.00095
30252 0.00095
30253 0.00095
30254 0.00095
30255 0.00095
30256 0.00095
30257 0.00095
30258 0.00095
30259 0.00095
30260 0.00095
30261 0.00095
30262 0.00095
30263 0.00095
30264 0.00095
30265 0.00095
30266 0.00095
30267 0.00095
30268 0.00095
30269 0.00095
30270 0.00095
30271 0.00095
30272 0.00095
30273 0.00095
30274 0.00095
30275 0.00095
30276 0.00095
30277 0.00095
30278 0.00095
30279 0.00095
30280 0.00095
30281 0.00095
30282 0.00095
30283 0.00095
30284 0.00095
30285 0.00095
30286 0.00095
30287 0.00095
30288 0.00095
30289 0.00095
30290 0.00095
30291 0.00095
30292 0.00095
30293 0.00095
30294 0.00095
30295 0.00095
30296 0.00095
30297 0.00095
30298 0.00095
30299 0.00095
30300 0.00095
30301 0.00095
30302 0.00095
30303 0.00095
30304 0.00095
30305 0.00095
30306 0.00095
30307 0.00095
30308 0.00095
30309 0.00095
30310 0.00095
30311 0.00095
30312 0.00095
30313 0.00095
30314 0.00095
30315 0.00095
30316 0.00095
30317 0.00095
30318 0.00095
30319 0.00095
30320 0.00095
30321 0.00095
30322 0.00095
30323 0.00095
30324 0.00095
30325 0.00095
30326 0.00095
30327 0.00095
30328 0.00095
30329 0.00095
30330 0.00095
30331 0.00095
30332 0.00095
30333 0.00095
30334 0.00095
30335 0.00095
30336 0.00095
30337 0.00095
30338 0.00095
30339 0.00095
30340 0.00095
30341 0.00095
30342 0.00095
30343 0.00095
30344 0.00095
30345 0.00095
30346 0.00095
30347 0.00095
30348 0.00095
30349 0.00095
30350 0.00095
30351 0.00095
30352 0.00095
30353 0.00095
30354 0.00095
30355 0.00095
30356 0.00095
30357 0.00095
30358 0.00095
30359 0.00095
30360 0.00095
30361 0.00095
30362 0.00095
30363 0.00095
30364 0.00095
30365 0.00095
30366 0.00095
30367 0.00095
30368 0.00095
30369 0.00095
30370 0.00095
30371 0.00095
30372 0.00095
30373 0.00095
30374 0.00095
30375 0.00095
30376 0.00095
30377 0.00095
30378 0.00095
30379 0.00095
30380 0.00095
30381 0.00095
30382 0.00095
30383 0.00095
30384 0.00095
30385 0.00095
30386 0.00095
30387 0.00095
30388 0.00095
30389 0.00095
30390 0.00095
30391 0.00095
30392 0.00095
30393 0.00095
30394 0.00095
30395 0.00095
30396 0.00095
30397 0.00095
30398 0.00095
30399 0.00095
30400 0.00095
30401 0.00095
30402 0.00095
30403 0.00095
30404 0.00095
30405 0.00095
30406 0.00095
30407 0.00095
30408 0.00095
30409 0.00095
30410 0.00095
30411 0.00095
30412 0.00095
30413 0.00095
30414 0.00095
30415 0.00095
30416 0.00095
30417 0.00095
30418 0.00095
30419 0.00095
30420 0.00095
30421 0.00095
30422 0.00095
30423 0.00095
30424 0.00095
30425 0.00095
30426 0.00095
30427 0.00095
30428 0.00095
30429 0.00095
30430 0.00095
30431 0.00095
30432 0.00095
30433 0.00095
30434 0.00095
30435 0.00095
30436 0.00095
30437 0.00095
30438 0.00095
30439 0.00095
30440 0.00095
30441 0.00095
30442 0.00095
30443 0.00095
30444 0.00095
30445 0.00095
30446 0.00095
30447 0.00095
30448 0.00095
30449 0.00095
30450 0.00095
30451 0.00095
30452 0.00095
30453 0.00095
30454 0.00095
30455 0.00095
30456 0.00095
30457 0.00095
30458 0.00095
30459 0.00095
30460 0.00095
30461 0.00095
30462 0.00095
30463 0.00095
30464 0.00095
30465 0.00095
30466 0.00095
30467 0.00095
30468 0.00095
30469 0.00095
30470 0.00095
30471 0.00095
30472 0.00095
30473 0.00095
30474 0.00095
30475 0.00095
30476 0.00095
30477 0.00095
30478 0.00095
30479 0.00095
30480 0.00095
30481 0.00095
30482 0.00095
30483 0.00095
30484 0.00095
30485 0.00095
30486 0.00095
30487 0.00095
30488 0.00095
30489 0.00095
30490 0.00095
30491 0.00095
30492 0.00095
30493 0.00095
30494 0.00095
30495 0.00095
30496 0.00095
30497 0.00095
30498 0.00095
30499 0.00095
30500 0.00095
30501 0.00095
30502 0.00095
30503 0.00095
30504 0.00095
30505 0.00095
30506 0.00095
30507 0.00095
30508 0.00095
30509 0.00095
30510 0.00095
30511 0.00095
30512 0.00095
30513 0.00095
30514 0.00095
30515 0.00095
30516 0.00095
30517 0.00095
30518 0.00095
30519 0.00095
30520 0.00095
30521 0.00095
30522 0.00095
30523 0.00095
30524 0.00095
30525 0.00095
30526 0.00095
30527 0.00095
30528 0.00095
30529 0.00095
30530 0.00095
30531 0.00095
30532 0.00095
30533 0.00095
30534 0.00095
30535 0.00095
30536 0.00095
30537 0.00095
30538 0.00095
30539 0.00095
30540 0.00095
30541 0.00095
30542 0.00095
30543 0.00095
30544 0.00095
30545 0.00095
30546 0.00095
30547 0.00095
30548 0.00095
30549 0.00095
30550 0.00095
30551 0.00095
30552 0.00095
30553 0.00095
30554 0.00095
30555 0.00095
30556 0.00095
30557 0.00095
30558 0.00095
30559 0.00095
30560 0.00095
30561 0.00095
30562 0.00095
30563 0.00095
30564 0.00095
30565 0.00095
30566 0.00095
30567 0.00095
30568 0.00095
30569 0.00095
30570 0.00095
30571 0.00095
30572 0.00095
30573 0.00095
30574 0.00095
30575 0.00095
30576 0.00095
30577 0.00095
30578 0.00095
30579 0.00095
30580 0.00095
30581 0.00095
30582 0.00095
30583 0.00095
30584 0.00095
30585 0.00095
30586 0.00095
30587 0.00095
30588 0.00095
30589 0.00095
30590 0.00095
30591 0.00095
30592 0.00095
30593 0.00095
30594 0.00095
30595 0.00095
30596 0.00095
30597 0.00095
30598 0.00095
30599 0.00095
30600 0.00095
30601 0.00095
30602 0.00095
30603 0.00095
30604 0.00095
30605 0.00095
30606 0.00095
30607 0.00095
30608 0.00095
30609 0.00095
30610 0.00095
30611 0.00095
30612 0.00095
30613 0.00095
30614 0.00095
30615 0.00095
30616 0.00095
30617 0.00095
30618 0.00095
30619 0.00095
30620 0.00095
30621 0.00095
30622 0.00095
30623 0.00095
30624 0.00095
30625 0.00095
30626 0.00095
30627 0.00095
30628 0.00095
30629 0.00095
30630 0.00095
30631 0.00095
30632 0.00095
30633 0.00095
30634 0.00095
30635 0.00095
30636 0.00095
30637 0.00095
30638 0.00095
30639 0.00095
30640 0.00095
30641 0.00095
30642 0.00095
30643 0.00095
30644 0.00095
30645 0.00095
30646 0.00095
30647 0.00095
30648 0.00095
30649 0.00095
30650 0.00095
30651 0.00095
30652 0.00095
30653 0.00095
30654 0.00095
30655 0.00095
30656 0.00095
30657 0.00095
30658 0.00095
30659 0.00095
30660 0.00095
30661 0.00095
30662 0.00095
30663 0.00095
30664 0.00095
30665 0.00095
30666 0.00095
30667 0.00095
30668 0.00095
30669 0.00095
30670 0.00095
30671 0.00095
30672 0.00095
30673 0.00095
30674 0.00095
30675 0.00095
30676 0.00095
30677 0.00095
30678 0.00095
30679 0.00095
30680 0.00095
30681 0.00095
30682 0.00095
30683 0.00095
30684 0.00095
30685 0.00095
30686 0.00095
30687 0.00095
30688 0.00095
30689 0.00095
30690 0.00095
30691 0.00095
30692 0.00095
30693 0.00095
30694 0.00095
30695 0.00095
30696 0.00095
30697 0.00095
30698 0.00095
30699 0.00106
30700 0.00108
30701 0.0011
30702 0.0011
30703 0.0011
30704 0.0011
30705 0.0011
30706 0.0011
30707 0.0011
30708 0.0011
30709 0.0011
30710 0.0011
30711 0.0011
30712 0.0011
30713 0.0011
30714 0.0011
30715 0.0011
30716 0.0011
30717 0.0011
30718 0.0011
30719 0.0011
30720 0.0011
30721 0.0011
30722 0.0011
30723 0.0011
30724 0.0011
30725 0.0011
30726 0.0011
30727 0.0011
30728 0.0011
30729 0.0011
30730 0.0011
30731 0.0011
30732 0.0011
30733 0.0011
30734 0.0011
30735 0.0011
30736 0.0011
30737 0.0011
30738 0.0011
30739 0.0011
30740 0.0011
30741 0.0011
30742 0.0011
30743 0.0011
30744 0.0011
30745 0.0011
30746 0.0011
30747 0.0011
30748 0.0011
30749 0.0011
30750 0.0011
30751 0.0011
30752 0.0011
30753 0.0011
30754 0.0011
30755 0.0011
30756 0.0011
30757 0.0011
30758 0.0011
30759 0.0011
30760 0.0011
30761 0.0011
30762 0.0011
30763 0.0011
30764 0.0011
30765 0.0011
30766 0.0011
30767 0.0011
30768 0.0011
30769 0.0011
30770 0.0011
30771 0.0011
30772 0.0011
30773 0.0011
30774 0.0011
30775 0.0011
30776 0.0011
30777 0.0011
30778 0.0011
30779 0.0011
30780 0.0011
30781 0.0011
30782 0.0011
30783 0.0011
30784 0.0011
30785 0.0011
30786 0.0011
30787 0.0011
30788 0.0011
30789 0.0011
30790 0.0011
30791 0.0011
30792 0.0011
30793 0.0011
30794 0.0011
30795 0.0011
30796 0.0011
30797 0.0011
30798 0.0011
30799 0.0011
30800 0.0011
30801 0.0011
30802 0.0011
30803 0.0011
30804 0.0011
30805 0.0011
30806 0.0011
30807 0.0011
30808 0.0011
30809 0.0011
30810 0.0011
30811 0.0011
30812 0.0011
30813 0.0011
30814 0.0011
30815 0.0011
30816 0.0011
30817 0.0011
30818 0.0011
30819 0.0011
30820 0.0011
30821 0.0011
30822 0.0011
30823 0.0011
30824 0.0011
30825 0.0011
30826 0.0011
30827 0.0011
30828 0.0011
30829 0.0011
30830 0.0011
30831 0.0011
30832 0.0011
30833 0.0011
30834 0.0011
30835 0.0011
30836 0.0011
30837 0.0011
30838 0.0011
30839 0.0011
30840 0.0011
30841 0.0011
30842 0.0011
30843 0.0011
30844 0.0011
30845 0.0011
30846 0.0011
30847 0.0011
30848 0.0011
30849 0.0011
30850 0.0011
30851 0.0011
30852 0.0011
30853 0.0011
30854 0.0011
30855 0.0011
30856 0.0011
30857 0.0011
30858 0.0011
30859 0.0011
30860 0.0011
30861 0.0011
30862 0.0011
30863 0.0011
30864 0.0011
30865 0.0011
30866 0.0011
30867 0.0011
30868 0.0011
30869 0.0011
30870 0.0011
30871 0.0011
30872 0.0011
30873 0.0011
30874 0.0011
30875 0.0011
30876 0.0011
30877 0.0011
30878 0.0011
30879 0.0011
30880 0.0011
30881 0.0011
30882 0.0011
30883 0.0011
30884 0.0011
30885 0.0011
30886 0.0011
30887 0.0011
30888 0.0011
30889 0.0011
30890 0.0011
30891 0.0011
30892 0.0011
30893 0.0011
30894 0.0011
30895 0.0011
30896 0.0011
30897 0.0011
30898 0.0011
30899 0.0011
30900 0.0011
30901 0.0011
30902 0.0011
30903 0.0011
30904 0.0011
30905 0.0011
30906 0.0011
30907 0.0011
30908 0.0011
30909 0.0011
30910 0.0011
30911 0.0011
30912 0.0011
30913 0.0011
30914 0.0011
30915 0.0011
30916 0.0011
30917 0.0011
30918 0.0011
30919 0.0011
30920 0.0011
30921 0.0011
30922 0.0011
30923 0.0011
30924 0.0011
30925 0.0011
30926 0.0011
30927 0.0011
30928 0.0011
30929 0.0011
30930 0.0011
30931 0.0011
30932 0.0011
30933 0.0011
30934 0.0011
30935 0.0011
30936 0.0011
30937 0.0011
30938 0.0011
30939 0.0011
30940 0.0011
30941 0.0011
30942 0.0011
30943 0.0011
30944 0.0011
30945 0.0011
30946 0.0011
30947 0.0011
30948 0.0011
30949 0.0011
30950 0.0011
30951 0.0011
30952 0.0011
30953 0.0011
30954 0.0011
30955 0.0011
30956 0.0011
30957 0.0011
30958 0.0011
30959 0.0011
30960 0.0011
30961 0.0011
30962 0.0011
30963 0.0011
30964 0.0011
30965 0.0011
30966 0.0011
30967 0.0011
30968 0.0011
30969 0.0011
30970 0.0011
30971 0.0011
30972 0.0011
30973 0.0011
30974 0.0011
30975 0.0011
30976 0.0011
30977 0.0011
30978 0.0011
30979 0.0011
30980 0.0011
30981 0.0011
30982 0.0011
30983 0.0011
30984 0.0011
30985 0.0011
30986 0.0011
30987 0.0011
30988 0.0011
30989 0.0011
30990 0.0011
30991 0.0011
30992 0.0011
30993 0.0011
30994 0.0011
30995 0.0011
30996 0.0011
30997 0.0011
30998 0.0011
30999 0.0011
31000 0.0011
31001 0.0011
31002 0.0011
31003 0.0011
31004 0.0011
31005 0.0011
31006 0.0011
31007 0.0011
31008 0.0011
31009 0.0011
31010 0.0011
31011 0.0011
31012 0.0011
31013 0.0011
31014 0.0011
31015 0.0011
31016 0.0011
31017 0.0011
31018 0.0011
31019 0.0011
31020 0.0011
31021 0.0011
31022 0.0011
31023 0.0011
31024 0.0011
31025 0.0011
31026 0.0011
31027 0.0011
31028 0.0011
31029 0.0011
31030 0.0011
31031 0.0011
31032 0.0011
31033 0.0011
31034 0.0011
31035 0.0011
31036 0.0011
31037 0.0011
31038 0.0011
31039 0.0011
31040 0.0011
31041 0.0011
31042 0.0011
31043 0.0011
31044 0.0011
31045 0.0011
31046 0.0011
31047 0.0011
31048 0.0011
31049 0.0011
31050 0.0011
31051 0.0011
31052 0.0011
31053 0.0011
31054 0.0011
31055 0.0011
31056 0.0011
31057 0.0011
31058 0.0011
31059 0.0011
31060 0.0011
31061 0.0011
31062 0.0011
31063 0.0011
31064 0.0011
31065 0.0011
31066 0.0011
31067 0.0011
31068 0.0011
31069 0.0011
31070 0.0011
31071 0.0011
31072 0.0011
31073 0.0011
31074 0.0011
31075 0.0011
31076 0.0011
31077 0.0011
31078 0.0011
31079 0.0011
31080 0.0011
31081 0.0011
31082 0.0011
31083 0.0011
31084 0.0011
31085 0.0011
31086 0.0011
31087 0.0011
31088 0.0011
31089 0.0011
31090 0.0011
31091 0.0011
31092 0.0011
31093 0.0011
31094 0.0011
31095 0.0011
31096 0.0011
31097 0.0011
31098 0.0011
31099 0.0011
31100 0.0011
31101 0.0011
31102 0.0011
31103 0.0011
31104 0.0011
31105 0.0011
31106 0.0011
31107 0.0011
31108 0.0011
31109 0.0011
31110 0.0011
31111 0.0011
31112 0.0011
31113 0.0011
31114 0.0011
31115 0.0011
31116 0.0011
31117 0.0011
31118 0.0011
31119 0.0011
31120 0.0011
31121 0.0011
31122 0.0011
31123 0.0011
31124 0.0011
31125 0.0011
31126 0.0011
31127 0.0011
31128 0.0011
31129 0.0011
31130 0.0011
31131 0.0011
31132 0.0011
31133 0.0011
31134 0.0011
31135 0.0011
31136 0.0011
31137 0.0011
31138 0.0011
31139 0.0011
31140 0.0011
31141 0.0011
31142 0.0011
31143 0.0011
31144 0.0011
31145 0.0011
31146 0.0011
31147 0.0011
31148 0.0011
31149 0.0011
31150 0.0011
31151 0.0011
31152 0.0011
31153 0.0011
31154 0.0011
31155 0.0011
31156 0.0011
31157 0.0011
31158 0.0011
31159 0.0011
31160 0.0011
31161 0.0011
31162 0.0011
31163 0.0011
31164 0.0011
31165 0.0011
31166 0.0011
31167 0.0011
31168 0.0011
31169 0.0011
31170 0.0011
31171 0.0011
31172 0.0011
31173 0.0011
31174 0.0011
31175 0.0011
31176 0.0011
31177 0.0011
31178 0.0011
31179 0.0011
31180 0.0011
31181 0.0011
31182 0.0011
31183 0.0011
31184 0.0011
31185 0.0011
31186 0.0011
31187 0.0011
31188 0.0011
31189 0.0011
31190 0.0011
31191 0.0011
31192 0.0011
31193 0.0011
31194 0.0011
31195 0.0011
31196 0.0011
31197 0.0011
31198 0.0011
31199 0.0011
31200 0.0011
31201 0.0011
31202 0.0011
31203 0.0011
31204 0.0011
31205 0.0011
31206 0.0011
31207 0.0011
31208 0.0011
31209 0.0011
31210 0.0011
31211 0.0011
31212 0.0011
31213 0.0011
31214 0.0011
31215 0.0011
31216 0.0011
31217 0.0011
31218 0.0011
31219 0.0011
31220 0.0011
31221 0.0011
31222 0.0011
31223 0.0011
31224 0.0011
31225 0.0011
31226 0.0011
31227 0.0011
31228 0.0011
31229 0.0011
31230 0.0011
31231 0.0011
31232 0.0011
31233 0.0011
31234 0.0011
31235 0.0011
31236 0.0011
31237 0.0011
31238 0.0011
31239 0.0011
31240 0.0011
31241 0.0011
31242 0.0011
31243 0.0011
31244 0.0011
31245 0.0011
31246 0.0011
31247 0.0011
31248 0.0011
31249 0.0011
31250 0.0011
31251 0.0011
31252 0.0011
31253 0.0011
31254 0.0011
31255 0.0011
31256 0.0011
31257 0.0011
31258 0.0011
31259 0.0011
31260 0.0011
31261 0.0011
31262 0.0011
31263 0.0011
31264 0.0011
31265 0.0011
31266 0.0011
31267 0.0011
31268 0.0011
31269 0.0011
31270 0.0011
31271 0.0011
31272 0.0011
31273 0.0011
31274 0.0011
31275 0.0011
31276 0.0011
31277 0.0011
31278 0.0011
31279 0.0011
31280 0.0011
31281 0.0011
31282 0.0011
31283 0.0011
31284 0.0011
31285 0.0011
31286 0.0011
31287 0.0011
31288 0.0011
31289 0.0011
31290 0.0011
31291 0.0011
31292 0.0011
31293 0.0011
31294 0.0011
31295 0.0011
31296 0.0011
31297 0.0011
31298 0.0011
31299 0.0011
31300 0.0011
31301 0.0011
31302 0.0011
31303 0.0011
31304 0.0011
31305 0.0011
31306 0.0011
31307 0.0011
31308 0.0011
31309 0.0011
31310 0.0011
31311 0.0011
31312 0.0011
31313 0.0011
31314 0.0011
31315 0.0011
31316 0.0011
31317 0.0011
31318 0.0011
31319 0.0011
31320 0.0011
31321 0.0011
31322 0.0011
31323 0.0011
31324 0.0011
31325 0.0011
31326 0.0011
31327 0.0011
31328 0.0011
31329 0.0011
31330 0.0011
31331 0.0011
31332 0.0011
31333 0.0011
31334 0.0011
31335 0.0011
31336 0.0011
31337 0.0011
31338 0.0011
31339 0.0011
31340 0.0011
31341 0.0011
31342 0.0011
31343 0.0011
31344 0.0011
31345 0.0011
31346 0.0011
31347 0.0011
31348 0.0011
31349 0.0011
31350 0.0011
31351 0.0011
31352 0.0011
31353 0.0011
31354 0.0011
31355 0.0011
31356 0.0011
31357 0.0011
31358 0.0011
31359 0.0011
31360 0.0011
31361 0.0011
31362 0.0011
31363 0.0011
31364 0.0011
31365 0.0011
31366 0.0011
31367 0.0011
31368 0.0011
31369 0.0011
31370 0.0011
31371 0.0011
31372 0.0011
31373 0.0011
31374 0.0011
31375 0.0011
31376 0.0011
31377 0.0011
31378 0.0011
31379 0.0011
31380 0.0011
31381 0.0011
31382 0.0011
31383 0.0011
31384 0.0011
31385 0.0011
31386 0.0011
31387 0.0011
31388 0.0011
31389 0.0011
31390 0.0011
31391 0.0011
31392 0.0011
31393 0.0011
31394 0.0011
31395 0.0011
31396 0.0011
31397 0.0011
31398 0.0011
31399 0.0011
31400 0.0011
31401 0.0011
31402 0.0011
31403 0.0011
31404 0.0011
31405 0.0011
31406 0.0011
31407 0.0011
31408 0.0011
31409 0.0011
31410 0.0011
31411 0.0011
31412 0.0011
31413 0.0011
31414 0.0011
31415 0.0011
31416 0.0011
31417 0.0011
31418 0.0011
31419 0.0011
31420 0.0011
31421 0.0011
31422 0.0011
31423 0.0011
31424 0.0011
31425 0.0011
31426 0.0011
31427 0.0011
31428 0.0011
31429 0.0011
31430 0.0011
31431 0.0011
31432 0.0011
31433 0.0011
31434 0.0011
31435 0.0011
31436 0.0011
31437 0.0011
31438 0.0011
31439 0.0011
31440 0.0011
31441 0.0011
31442 0.0011
31443 0.0011
31444 0.0011
31445 0.0011
31446 0.0011
31447 0.0011
31448 0.0011
31449 0.0011
31450 0.0011
31451 0.0011
31452 0.0011
31453 0.0011
31454 0.0011
31455 0.0011
31456 0.0011
31457 0.0011
31458 0.0011
31459 0.0011
31460 0.0011
31461 0.0011
31462 0.0011
31463 0.0011
31464 0.0011
31465 0.0011
31466 0.0011
31467 0.0011
31468 0.0011
31469 0.0011
31470 0.0011
31471 0.0011
31472 0.0011
31473 0.0011
31474 0.0011
31475 0.0011
31476 0.0011
31477 0.0011
31478 0.0011
31479 0.0011
31480 0.0011
31481 0.0011
31482 0.0011
31483 0.0011
31484 0.0011
31485 0.0011
31486 0.0011
31487 0.0011
31488 0.0011
31489 0.0011
31490 0.0011
31491 0.0011
31492 0.0011
31493 0.0011
31494 0.0011
31495 0.0011
31496 0.0011
31497 0.0011
31498 0.0011
31499 0.0011
31500 0.0011
31501 0.0011
31502 0.0011
31503 0.0011
31504 0.0011
31505 0.0011
31506 0.0011
31507 0.0011
31508 0.0011
31509 0.0011
31510 0.0011
31511 0.0011
31512 0.0011
31513 0.0011
31514 0.0011
31515 0.0011
31516 0.0011
31517 0.0011
31518 0.0011
31519 0.0011
31520 0.0011
31521 0.0011
31522 0.0011
31523 0.0011
31524 0.0011
31525 0.0011
31526 0.0011
31527 0.0011
31528 0.0011
31529 0.0011
31530 0.0011
31531 0.0011
31532 0.0011
31533 0.0011
31534 0.0011
31535 0.0011
31536 0.0011
31537 0.0011
31538 0.0011
31539 0.0011
31540 0.0011
31541 0.0011
31542 0.0011
31543 0.0011
31544 0.0011
31545 0.0011
31546 0.0011
31547 0.0011
31548 0.0011
31549 0.0011
31550 0.0011
31551 0.0011
31552 0.0011
31553 0.0011
31554 0.0011
31555 0.0011
31556 0.0011
31557 0.0011
31558 0.0011
31559 0.0011
31560 0.0011
31561 0.0011
31562 0.0011
31563 0.0011
31564 0.0011
31565 0.0011
31566 0.0011
31567 0.0011
31568 0.0011
31569 0.0011
31570 0.0011
31571 0.0011
31572 0.0011
31573 0.0011
31574 0.0011
31575 0.0011
31576 0.0011
31577 0.0011
31578 0.0011
31579 0.0011
31580 0.0011
31581 0.0011
31582 0.0011
31583 0.0011
31584 0.0011
31585 0.0011
31586 0.0011
31587 0.0011
31588 0.0011
31589 0.0011
31590 0.0011
31591 0.0011
31592 0.0011
31593 0.0011
31594 0.0011
31595 0.0011
31596 0.0011
31597 0.0011
31598 0.0011
31599 0.0011
31600 0.0011
31601 0.0011
31602 0.0011
31603 0.0011
31604 0.0011
31605 0.0011
31606 0.0011
31607 0.0011
31608 0.0011
31609 0.0011
31610 0.0011
31611 0.0011
31612 0.0011
31613 0.0011
31614 0.0011
31615 0.0011
31616 0.0011
31617 0.0011
31618 0.0011
31619 0.0011
31620 0.0011
31621 0.0011
31622 0.0011
31623 0.0011
31624 0.0011
31625 0.0011
31626 0.0011
31627 0.0011
31628 0.0011
31629 0.0011
31630 0.0011
31631 0.0011
31632 0.0011
31633 0.0011
31634 0.0011
31635 0.0011
31636 0.0011
31637 0.0011
31638 0.0011
31639 0.0011
31640 0.0011
31641 0.0011
31642 0.0011
31643 0.0011
31644 0.0011
31645 0.0011
31646 0.0011
31647 0.0011
31648 0.0011
31649 0.0011
31650 0.0011
31651 0.0011
31652 0.0011
31653 0.0011
31654 0.0011
31655 0.0011
31656 0.0011
31657 0.0011
31658 0.0011
31659 0.0011
31660 0.0011
31661 0.0011
31662 0.0011
31663 0.0011
31664 0.0011
31665 0.0011
31666 0.0011
31667 0.0011
31668 0.0011
31669 0.0011
31670 0.0011
31671 0.0011
31672 0.0011
31673 0.0011
31674 0.0011
31675 0.0011
31676 0.0011
31677 0.0011
31678 0.0011
31679 0.0011
31680 0.0011
31681 0.0011
31682 0.0011
31683 0.0011
31684 0.0011
31685 0.0011
31686 0.0011
31687 0.0011
31688 0.0011
31689 0.0011
31690 0.0011
31691 0.0011
31692 0.0011
31693 0.0011
31694 0.0011
31695 0.0011
31696 0.0011
31697 0.0011
31698 0.0011
31699 0.0011
31700 0.0011
31701 0.0011
31702 0.0011
31703 0.0011
31704 0.0011
31705 0.0011
31706 0.0011
31707 0.0011
31708 0.0011
31709 0.0011
31710 0.0011
31711 0.0011
31712 0.0011
31713 0.0011
31714 0.0011
31715 0.0011
31716 0.0011
31717 0.0011
31718 0.0011
31719 0.0011
31720 0.0011
31721 0.0011
31722 0.0011
31723 0.0011
31724 0.0011
31725 0.0011
31726 0.0011
31727 0.0011
31728 0.0011
31729 0.0011
31730 0.0011
31731 0.0011
31732 0.0011
31733 0.0011
31734 0.0011
31735 0.0011
31736 0.0011
31737 0.0011
31738 0.0011
31739 0.0011
31740 0.0011
31741 0.0011
31742 0.0011
31743 0.0011
31744 0.0011
31745 0.0011
31746 0.0011
31747 0.0011
31748 0.0011
31749 0.0011
31750 0.0011
31751 0.0011
31752 0.0011
31753 0.0011
31754 0.0011
31755 0.0011
31756 0.0011
31757 0.0011
31758 0.0011
31759 0.0011
31760 0.0011
31761 0.0011
31762 0.0011
31763 0.0011
31764 0.0011
31765 0.0011
31766 0.0011
31767 0.0011
31768 0.0011
31769 0.0011
31770 0.0011
31771 0.0011
31772 0.0011
31773 0.0011
31774 0.0011
31775 0.0011
31776 0.0011
31777 0.0011
31778 0.0011
31779 0.0011
31780 0.0011
31781 0.0011
31782 0.0011
31783 0.0011
31784 0.0011
31785 0.0011
31786 0.0011
31787 0.0011
31788 0.0011
31789 0.0011
31790 0.0011
31791 0.0011
31792 0.0011
31793 0.0011
31794 0.0011
31795 0.0011
31796 0.0011
31797 0.0011
31798 0.0011
31799 0.0011
31800 0.0011
31801 0.0011
31802 0.0011
31803 0.0011
31804 0.0011
31805 0.0011
31806 0.0011
31807 0.0011
31808 0.0011
31809 0.0011
31810 0.0011
31811 0.0011
31812 0.0011
31813 0.0011
31814 0.0011
31815 0.0011
31816 0.0011
31817 0.0011
31818 0.0011
31819 0.0011
31820 0.0011
31821 0.0011
31822 0.0011
31823 0.0011
31824 0.0011
31825 0.0011
31826 0.0011
31827 0.0011
31828 0.0011
31829 0.0011
31830 0.0011
31831 0.0011
31832 0.0011
31833 0.0011
31834 0.0011
31835 0.0011
31836 0.0011
31837 0.0011
31838 0.0011
31839 0.0011
31840 0.0011
31841 0.0011
31842 0.0011
31843 0.0011
31844 0.0011
31845 0.0011
31846 0.0011
31847 0.0011
31848 0.0011
31849 0.0011
31850 0.0011
31851 0.0011
31852 0.0011
31853 0.0011
31854 0.0011
31855 0.0011
31856 0.0011
31857 0.0011
31858 0.0011
31859 0.0011
31860 0.0011
31861 0.0011
31862 0.0011
31863 0.0011
31864 0.0011
31865 0.0011
31866 0.0011
31867 0.0011
31868 0.0011
31869 0.0011
31870 0.0011
31871 0.0011
31872 0.0011
31873 0.0011
31874 0.0011
31875 0.0011
31876 0.0011
31877 0.0011
31878 0.0011
31879 0.0011
31880 0.0011
31881 0.0011
31882 0.0011
31883 0.0011
31884 0.0011
31885 0.0011
31886 0.0011
31887 0.0011
31888 0.0011
31889 0.0011
31890 0.0011
31891 0.0011
31892 0.0011
31893 0.0011
31894 0.0011
31895 0.0011
31896 0.0011
31897 0.0011
31898 0.0011
31899 0.0011
31900 0.0011
31901 0.0011
31902 0.0011
31903 0.0011
31904 0.0011
31905 0.0011
31906 0.0011
31907 0.0011
31908 0.0011
31909 0.0011
31910 0.0011
31911 0.0011
31912 0.0011
31913 0.0011
31914 0.0011
31915 0.0011
31916 0.0011
31917 0.0011
31918 0.0011
31919 0.0011
31920 0.0011
31921 0.0011
31922 0.0011
31923 0.0011
31924 0.0011
31925 0.0011
31926 0.0011
31927 0.0011
31928 0.0011
31929 0.0011
31930 0.0011
31931 0.0011
31932 0.0011
31933 0.0011
31934 0.0011
31935 0.0011
31936 0.0011
31937 0.0011
31938 0.0011
31939 0.0011
31940 0.0011
31941 0.0011
31942 0.0011
31943 0.0011
31944 0.0011
31945 0.0011
31946 0.0011
31947 0.0011
31948 0.0011
31949 0.0011
31950 0.0011
31951 0.0011
31952 0.0011
31953 0.0011
31954 0.0011
31955 0.0011
31956 0.0011
31957 0.0011
31958 0.0011
31959 0.0011
31960 0.0011
31961 0.0011
31962 0.0011
31963 0.0011
31964 0.0011
31965 0.0011
31966 0.0011
31967 0.0011
31968 0.0011
31969 0.0011
31970 0.0011
31971 0.0011
31972 0.0011
31973 0.0011
31974 0.0011
31975 0.0011
31976 0.0011
31977 0.0011
31978 0.0011
31979 0.0011
31980 0.0011
31981 0.0011
31982 0.0011
31983 0.0011
31984 0.0011
31985 0.0011
31986 0.0011
31987 0.0011
31988 0.0011
31989 0.0011
31990 0.0011
31991 0.0011
31992 0.0011
31993 0.0011
31994 0.0011
31995 0.0011
31996 0.0011
31997 0.0011
31998 0.0011
31999 0.0011
32000 0.0011
32001 0.0011
32002 0.0011
32003 0.0011
32004 0.0011
32005 0.0011
32006 0.0011
32007 0.0011
32008 0.0011
32009 0.0011
32010 0.0011
32011 0.0011
32012 0.0011
32013 0.0011
32014 0.0011
32015 0.0011
32016 0.0011
32017 0.0011
32018 0.0011
32019 0.0011
32020 0.0011
32021 0.0011
32022 0.0011
32023 0.0011
32024 0.0011
32025 0.0011
32026 0.0011
32027 0.0011
32028 0.0011
32029 0.0011
32030 0.0011
32031 0.0011
32032 0.0011
32033 0.0011
32034 0.0011
32035 0.0011
32036 0.0011
32037 0.0011
32038 0.0011
32039 0.0011
32040 0.0011
32041 0.0011
32042 0.0011
32043 0.0011
32044 0.0011
32045 0.0011
32046 0.0011
32047 0.0011
32048 0.0011
32049 0.0011
32050 0.0011
32051 0.0011
32052 0.0011
32053 0.0011
32054 0.0011
32055 0.0011
32056 0.0011
32057 0.0011
32058 0.0011
32059 0.0011
32060 0.0011
32061 0.0011
32062 0.0011
32063 0.0011
32064 0.0011
32065 0.0011
32066 0.0011
32067 0.0011
32068 0.0011
32069 0.0011
32070 0.0011
32071 0.0011
32072 0.0011
32073 0.0011
32074 0.0011
32075 0.0011
32076 0.0011
32077 0.0011
32078 0.0011
32079 0.0011
32080 0.0011
32081 0.0011
32082 0.0011
32083 0.0011
32084 0.0011
32085 0.0011
32086 0.0011
32087 0.0011
32088 0.0011
32089 0.0011
32090 0.0011
32091 0.0011
32092 0.0011
32093 0.0011
32094 0.0011
32095 0.0011
32096 0.0011
32097 0.0011
32098 0.0011
32099 0.0011
32100 0.0011
32101 0.0011
32102 0.0011
32103 0.0011
32104 0.0011
32105 0.0011
32106 0.0011
32107 0.0011
32108 0.0011
32109 0.0011
32110 0.0011
32111 0.0011
32112 0.0011
32113 0.0011
32114 0.0011
32115 0.0011
32116 0.0011
32117 0.0011
32118 0.0011
32119 0.0011
32120 0.0011
32121 0.0011
32122 0.0011
32123 0.0011
32124 0.0011
32125 0.0011
32126 0.0011
32127 0.0011
32128 0.0011
32129 0.0011
32130 0.0011
32131 0.0011
32132 0.0011
32133 0.0011
32134 0.0011
32135 0.0011
32136 0.0011
32137 0.0011
32138 0.0011
32139 0.0011
32140 0.0011
32141 0.0011
32142 0.0011
32143 0.0011
32144 0.0011
32145 0.0011
32146 0.0011
32147 0.0011
32148 0.0011
32149 0.0011
32150 0.0011
32151 0.0011
32152 0.0011
32153 0.0011
32154 0.0011
32155 0.0011
32156 0.0011
32157 0.0011
32158 0.0011
32159 0.0011
32160 0.0011
32161 0.0011
32162 0.0011
32163 0.0011
32164 0.0011
32165 0.0011
32166 0.0011
32167 0.0011
32168 0.0011
32169 0.0011
32170 0.0011
32171 0.0011
32172 0.0011
32173 0.0011
32174 0.0011
32175 0.0011
32176 0.0011
32177 0.0011
32178 0.0011
32179 0.0011
32180 0.0011
32181 0.0011
32182 0.0011
32183 0.0011
32184 0.0011
32185 0.0011
32186 0.0011
32187 0.0011
32188 0.0011
32189 0.0011
32190 0.0011
32191 0.0011
32192 0.0011
32193 0.0011
32194 0.0011
32195 0.0011
32196 0.0011
32197 0.0011
32198 0.0011
32199 0.0011
32200 0.0011
32201 0.0011
32202 0.0011
32203 0.0011
32204 0.0011
32205 0.0011
32206 0.0011
32207 0.0011
32208 0.0011
32209 0.0011
32210 0.0011
32211 0.0011
32212 0.0011
32213 0.0011
32214 0.0011
32215 0.0011
32216 0.0011
32217 0.0011
32218 0.0011
32219 0.0011
32220 0.0011
32221 0.0011
32222 0.0011
32223 0.0011
32224 0.0011
32225 0.0011
32226 0.0011
32227 0.0011
32228 0.0011
32229 0.0011
32230 0.0011
32231 0.0011
32232 0.0011
32233 0.0011
32234 0.0011
32235 0.0011
32236 0.0011
32237 0.0011
32238 0.0011
32239 0.0011
32240 0.0011
32241 0.0011
32242 0.0011
32243 0.0011
32244 0.0011
32245 0.0011
32246 0.0011
32247 0.0011
32248 0.0011
32249 0.0011
32250 0.0011
32251 0.0011
32252 0.0011
32253 0.0011
32254 0.0011
32255 0.0011
32256 0.0011
32257 0.0011
32258 0.0011
32259 0.0011
32260 0.0011
32261 0.0011
32262 0.0011
32263 0.0011
32264 0.0011
32265 0.0011
32266 0.0011
32267 0.0011
32268 0.0011
32269 0.0011
32270 0.0011
32271 0.0011
32272 0.0011
32273 0.0011
32274 0.0011
32275 0.0011
32276 0.0011
32277 0.0011
32278 0.0011
32279 0.0011
32280 0.0011
32281 0.0011
32282 0.0011
32283 0.0011
32284 0.0011
32285 0.0011
32286 0.0011
32287 0.0011
32288 0.0011
32289 0.0011
32290 0.0011
32291 0.0011
32292 0.0011
32293 0.0011
32294 0.0011
32295 0.0011
32296 0.0011
32297 0.0011
32298 0.0011
32299 0.0011
32300 0.0011
32301 0.0011
32302 0.0011
32303 0.0011
32304 0.0011
32305 0.0011
32306 0.0011
32307 0.0011
32308 0.0011
32309 0.0011
32310 0.0011
32311 0.0011
32312 0.0011
32313 0.0011
32314 0.0011
32315 0.0011
32316 0.0011
32317 0.0011
32318 0.0011
32319 0.0011
32320 0.0011
32321 0.0011
32322 0.0011
32323 0.0011
32324 0.0011
32325 0.0011
32326 0.0011
32327 0.0011
32328 0.0011
32329 0.0011
32330 0.0011
32331 0.0011
32332 0.0011
32333 0.0011
32334 0.0011
32335 0.0011
32336 0.0011
32337 0.0011
32338 0.0011
32339 0.0011
32340 0.0011
32341 0.0011
32342 0.0011
32343 0.0011
32344 0.0011
32345 0.0011
32346 0.0011
32347 0.0011
32348 0.0011
32349 0.0011
32350 0.0011
32351 0.0011
32352 0.0011
32353 0.0011
32354 0.0011
32355 0.0011
32356 0.0011
32357 0.0011
32358 0.0011
32359 0.0011
32360 0.0011
32361 0.0011
32362 0.0011
32363 0.0011
32364 0.0011
32365 0.0011
32366 0.0011
32367 0.0011
32368 0.0011
32369 0.0011
32370 0.0011
32371 0.0011
32372 0.0011
32373 0.0011
32374 0.0011
32375 0.0011
32376 0.0011
32377 0.0011
32378 0.0011
32379 0.0011
32380 0.0011
32381 0.0011
32382 0.0011
32383 0.0011
32384 0.0011
32385 0.0011
32386 0.0011
32387 0.0011
32388 0.0011
32389 0.0011
32390 0.0011
32391 0.0011
32392 0.0011
32393 0.0011
32394 0.0011
32395 0.0011
32396 0.0011
32397 0.0011
32398 0.0011
32399 0.0011
32400 0.0011
32401 0.0011
32402 0.0011
32403 0.0011
32404 0.0011
32405 0.0011
32406 0.0011
32407 0.0011
32408 0.0011
32409 0.0011
32410 0.0011
32411 0.0011
32412 0.0011
32413 0.0011
32414 0.0011
32415 0.0011
32416 0.0011
32417 0.0011
32418 0.0011
32419 0.0011
32420 0.0011
32421 0.0011
32422 0.0011
32423 0.0011
32424 0.0011
32425 0.0011
32426 0.0011
32427 0.0011
32428 0.0011
32429 0.0011
32430 0.0011
32431 0.0011
32432 0.0011
32433 0.0011
32434 0.0011
32435 0.0011
32436 0.0011
32437 0.0011
32438 0.0011
32439 0.0011
32440 0.0011
32441 0.0011
32442 0.0011
32443 0.0011
32444 0.0011
32445 0.0011
32446 0.0011
32447 0.0011
32448 0.0011
32449 0.0011
32450 0.0011
32451 0.0011
32452 0.0011
32453 0.0011
32454 0.0011
32455 0.0011
32456 0.0011
32457 0.0011
32458 0.0011
32459 0.0011
32460 0.0011
32461 0.0011
32462 0.0011
32463 0.0011
32464 0.0011
32465 0.0011
32466 0.0011
32467 0.0011
32468 0.0011
32469 0.0011
32470 0.0011
32471 0.0011
32472 0.0011
32473 0.0011
32474 0.0011
32475 0.0011
32476 0.0011
32477 0.0011
32478 0.0011
32479 0.0011
32480 0.0011
32481 0.0011
32482 0.0011
32483 0.0011
32484 0.0011
32485 0.0011
32486 0.0011
32487 0.0011
32488 0.0011
32489 0.0011
32490 0.0011
32491 0.0011
32492 0.0011
32493 0.0011
32494 0.0011
32495 0.0011
32496 0.0011
32497 0.0011
32498 0.0011
32499 0.0011
32500 0.0011
32501 0.0011
32502 0.0011
32503 0.0011
32504 0.0011
32505 0.0011
32506 0.0011
32507 0.0011
32508 0.0011
32509 0.0011
32510 0.0011
32511 0.0011
32512 0.0011
32513 0.0011
32514 0.0011
32515 0.0011
32516 0.0011
32517 0.0011
32518 0.0011
32519 0.0011
32520 0.0011
32521 0.0011
32522 0.0011
32523 0.0011
32524 0.0011
32525 0.0011
32526 0.0011
32527 0.0011
32528 0.0011
32529 0.0011
32530 0.0011
32531 0.0011
32532 0.0011
32533 0.0011
32534 0.0011
32535 0.0011
32536 0.0011
32537 0.0011
32538 0.0011
32539 0.0011
32540 0.0011
32541 0.0011
32542 0.0011
32543 0.0011
32544 0.0011
32545 0.0011
32546 0.0011
32547 0.0011
32548 0.0011
32549 0.0011
32550 0.0011
32551 0.0011
32552 0.0011
32553 0.0011
32554 0.0011
32555 0.0011
32556 0.0011
32557 0.0011
32558 0.0011
32559 0.0011
32560 0.0011
32561 0.0011
32562 0.0011
32563 0.0011
32564 0.0011
32565 0.0011
32566 0.0011
32567 0.0011
32568 0.0011
32569 0.0011
32570 0.0011
32571 0.0011
32572 0.0011
32573 0.0011
32574 0.0011
32575 0.0011
32576 0.0011
32577 0.0011
32578 0.0011
32579 0.0011
32580 0.0011
32581 0.0011
32582 0.0011
32583 0.0011
32584 0.0011
32585 0.0011
32586 0.0011
32587 0.0011
32588 0.0011
32589 0.0011
32590 0.0011
32591 0.0011
32592 0.0011
32593 0.0011
32594 0.0011
32595 0.0011
32596 0.0011
32597 0.0011
32598 0.0011
32599 0.0011
32600 0.0011
32601 0.0011
32602 0.0011
32603 0.0011
32604 0.0011
32605 0.0011
32606 0.0011
32607 0.0011
32608 0.0011
32609 0.0011
32610 0.0011
32611 0.0011
32612 0.0011
32613 0.0011
32614 0.0011
32615 0.0011
32616 0.0011
32617 0.0011
32618 0.0011
32619 0.0011
32620 0.0011
32621 0.0011
32622 0.0011
32623 0.0011
32624 0.0011
32625 0.0011
32626 0.0011
32627 0.0011
32628 0.0011
32629 0.0011
32630 0.0011
32631 0.0011
32632 0.0011
32633 0.0011
32634 0.0011
32635 0.0011
32636 0.0011
32637 0.0011
32638 0.0011
32639 0.0011
32640 0.0011
32641 0.0011
32642 0.0011
32643 0.0011
32644 0.0011
32645 0.0011
32646 0.0011
32647 0.0011
32648 0.0011
32649 0.0011
32650 0.0011
32651 0.0011
32652 0.0011
32653 0.0011
32654 0.0011
32655 0.0011
32656 0.0011
32657 0.0011
32658 0.0011
32659 0.0011
32660 0.0011
32661 0.0011
32662 0.0011
32663 0.0011
32664 0.0011
32665 0.0011
32666 0.0011
32667 0.0011
32668 0.0011
32669 0.0011
32670 0.0011
32671 0.0011
32672 0.0011
32673 0.0011
32674 0.0011
32675 0.0011
32676 0.0011
32677 0.0011
32678 0.0011
32679 0.0011
32680 0.0011
32681 0.0011
32682 0.0011
32683 0.0011
32684 0.0011
32685 0.0011
32686 0.0011
32687 0.0011
32688 0.0011
32689 0.0011
32690 0.0011
32691 0.0011
32692 0.0011
32693 0.0011
32694 0.0011
32695 0.0011
32696 0.0011
32697 0.0011
32698 0.0011
32699 0.0011
32700 0.0011
32701 0.0011
32702 0.0011
32703 0.0011
32704 0.0011
32705 0.0011
32706 0.0011
32707 0.0011
32708 0.0011
32709 0.0011
32710 0.0011
32711 0.0011
32712 0.0011
32713 0.0011
32714 0.0011
32715 0.0011
32716 0.0011
32717 0.0011
32718 0.0011
32719 0.0011
32720 0.0011
32721 0.0011
32722 0.0011
32723 0.0011
32724 0.0011
32725 0.0011
32726 0.0011
32727 0.0011
32728 0.0011
32729 0.0011
32730 0.0011
32731 0.0011
32732 0.0011
32733 0.0011
32734 0.0011
32735 0.0011
32736 0.0011
32737 0.0011
32738 0.0011
32739 0.0011
32740 0.0011
32741 0.0011
32742 0.0011
32743 0.0011
32744 0.0011
32745 0.0011
32746 0.0011
32747 0.0011
32748 0.0011
32749 0.0011
32750 0.0011
32751 0.0011
32752 0.0011
32753 0.0011
32754 0.0011
32755 0.0011
32756 0.0011
32757 0.0011
32758 0.0011
32759 0.0011
32760 0.0011
32761 0.0011
32762 0.0011
32763 0.0011
32764 0.0011
32765 0.0011
32766 0.0011
32767 0.0011
32768 0.0011
32769 0.0011
32770 0.0011
32771 0.0011
32772 0.0011
32773 0.0011
32774 0.0011
32775 0.0011
32776 0.0011
32777 0.0011
32778 0.0011
32779 0.0011
32780 0.0011
32781 0.0011
32782 0.0011
32783 0.0011
32784 0.0011
32785 0.0011
32786 0.0011
32787 0.0011
32788 0.0011
32789 0.0011
32790 0.0011
32791 0.0011
32792 0.0011
32793 0.0011
32794 0.0011
32795 0.0011
32796 0.0011
32797 0.0011
32798 0.0011
32799 0.0011
32800 0.0011
32801 0.0011
32802 0.0011
32803 0.0011
32804 0.0011
32805 0.0011
32806 0.0011
32807 0.0011
32808 0.0011
32809 0.0011
32810 0.0011
32811 0.0011
32812 0.0011
32813 0.0011
32814 0.0011
32815 0.0011
32816 0.0011
32817 0.0011
32818 0.0011
32819 0.0011
32820 0.0011
32821 0.0011
32822 0.0011
32823 0.0011
32824 0.0011
32825 0.0011
32826 0.0011
32827 0.0011
32828 0.0011
32829 0.0011
32830 0.0011
32831 0.0011
32832 0.0011
32833 0.0011
32834 0.0011
32835 0.0011
32836 0.0011
32837 0.0011
32838 0.0011
32839 0.0011
32840 0.0011
32841 0.0011
32842 0.0011
32843 0.0011
32844 0.0011
32845 0.0011
32846 0.0011
32847 0.0011
32848 0.0011
32849 0.0011
32850 0.0011
32851 0.0011
32852 0.0011
32853 0.0011
32854 0.0011
32855 0.0011
32856 0.0011
32857 0.0011
32858 0.0011
32859 0.0011
32860 0.0011
32861 0.0011
32862 0.0011
32863 0.0011
32864 0.0011
32865 0.0011
32866 0.0011
32867 0.0011
32868 0.0011
32869 0.0011
32870 0.0011
32871 0.0011
32872 0.0011
32873 0.0011
32874 0.0011
32875 0.0011
32876 0.0011
32877 0.0011
32878 0.0011
32879 0.0011
32880 0.0011
32881 0.0011
32882 0.0011
32883 0.0011
32884 0.0011
32885 0.0011
32886 0.0011
32887 0.0011
32888 0.0011
32889 0.0011
32890 0.0011
32891 0.0011
32892 0.0011
32893 0.0011
32894 0.0011
32895 0.0011
32896 0.0011
32897 0.0011
32898 0.0011
32899 0.0011
32900 0.0011
32901 0.0011
32902 0.0011
32903 0.0011
32904 0.0011
32905 0.0011
32906 0.0011
32907 0.0011
32908 0.0011
32909 0.0011
32910 0.0011
32911 0.0011
32912 0.0011
32913 0.0011
32914 0.0011
32915 0.0011
32916 0.0011
32917 0.0011
32918 0.0011
32919 0.0011
32920 0.0011
32921 0.0011
32922 0.0011
32923 0.0011
32924 0.0011
32925 0.0011
32926 0.0011
32927 0.0011
32928 0.0011
32929 0.0011
32930 0.0011
32931 0.0011
32932 0.0011
32933 0.0011
32934 0.0011
32935 0.0011
32936 0.0011
32937 0.0011
32938 0.0011
32939 0.0011
32940 0.0011
32941 0.0011
32942 0.0011
32943 0.0011
32944 0.0011
32945 0.0011
32946 0.0011
32947 0.0011
32948 0.0011
32949 0.0011
32950 0.0011
32951 0.0011
32952 0.0011
32953 0.0011
32954 0.0011
32955 0.0011
32956 0.0011
32957 0.0011
32958 0.0011
32959 0.0011
32960 0.0011
32961 0.0011
32962 0.0011
32963 0.0011
32964 0.0011
32965 0.0011
32966 0.0011
32967 0.0011
32968 0.0011
32969 0.0011
32970 0.0011
32971 0.0011
32972 0.0011
32973 0.0011
32974 0.0011
32975 0.0011
32976 0.0011
32977 0.0011
32978 0.0011
32979 0.0011
32980 0.0011
32981 0.0011
32982 0.0011
32983 0.0011
32984 0.0011
32985 0.0011
32986 0.0011
32987 0.0011
32988 0.0011
32989 0.0011
32990 0.0011
32991 0.0011
32992 0.0011
32993 0.0011
32994 0.0011
32995 0.0011
32996 0.0011
32997 0.0011
32998 0.0011
32999 0.0011
33000 0.0011
33001 0.0011
33002 0.0011
33003 0.0011
33004 0.0011
33005 0.0011
33006 0.0011
33007 0.0011
33008 0.0011
33009 0.0011
33010 0.0011
33011 0.0011
33012 0.0011
33013 0.0011
33014 0.0011
33015 0.0011
33016 0.0011
33017 0.0011
33018 0.0011
33019 0.0011
33020 0.0011
33021 0.0011
33022 0.0011
33023 0.0011
33024 0.0011
33025 0.0011
33026 0.0011
33027 0.0011
33028 0.0011
33029 0.0011
33030 0.0011
33031 0.0011
33032 0.0011
33033 0.0011
33034 0.0011
33035 0.0011
33036 0.0011
33037 0.0011
33038 0.0011
33039 0.0011
33040 0.0011
33041 0.0011
33042 0.0011
33043 0.0011
33044 0.0011
33045 0.0011
33046 0.0011
33047 0.0011
33048 0.0011
33049 0.0011
33050 0.0011
33051 0.0011
33052 0.0011
33053 0.0011
33054 0.0011
33055 0.0011
33056 0.0011
33057 0.0011
33058 0.0011
33059 0.0011
33060 0.0011
33061 0.0011
33062 0.0011
33063 0.0011
33064 0.0011
33065 0.0011
33066 0.0011
33067 0.0011
33068 0.0011
33069 0.0011
33070 0.0011
33071 0.0011
33072 0.0011
33073 0.0011
33074 0.0011
33075 0.0011
33076 0.0011
33077 0.0011
33078 0.0011
33079 0.0011
33080 0.0011
33081 0.0011
33082 0.0011
33083 0.0011
33084 0.0011
33085 0.0011
33086 0.0011
33087 0.0011
33088 0.0011
33089 0.0011
33090 0.0011
33091 0.0011
33092 0.0011
33093 0.0011
33094 0.0011
33095 0.0011
33096 0.0011
33097 0.0011
33098 0.0011
33099 0.0011
33100 0.0011
33101 0.0011
33102 0.0011
33103 0.0011
33104 0.0011
33105 0.0011
33106 0.0011
33107 0.0011
33108 0.0011
33109 0.0011
33110 0.0011
33111 0.0011
33112 0.0011
33113 0.0011
33114 0.0011
33115 0.0011
33116 0.0011
33117 0.0011
33118 0.0011
33119 0.0011
33120 0.0011
33121 0.0011
33122 0.0011
33123 0.0011
33124 0.0011
33125 0.0011
33126 0.0011
33127 0.0011
33128 0.0011
33129 0.0011
33130 0.0011
33131 0.0011
33132 0.0011
33133 0.0011
33134 0.0011
33135 0.0011
33136 0.0011
33137 0.0011
33138 0.0011
33139 0.0011
33140 0.0011
33141 0.0011
33142 0.0011
33143 0.0011
33144 0.0011
33145 0.0011
33146 0.0011
33147 0.0011
33148 0.0011
33149 0.0011
33150 0.0011
33151 0.0011
33152 0.0011
33153 0.0011
33154 0.0011
33155 0.0011
33156 0.0011
33157 0.0011
33158 0.0011
33159 0.0011
33160 0.0011
33161 0.0011
33162 0.0011
33163 0.0011
33164 0.0011
33165 0.0011
33166 0.0011
33167 0.0011
33168 0.0011
33169 0.0011
33170 0.0011
33171 0.0011
33172 0.0011
33173 0.0011
33174 0.0011
33175 0.0011
33176 0.0011
33177 0.0011
33178 0.0011
33179 0.0011
33180 0.0011
33181 0.0011
33182 0.0011
33183 0.0011
33184 0.0011
33185 0.0011
33186 0.0011
33187 0.0011
33188 0.0011
33189 0.0011
33190 0.0011
33191 0.0011
33192 0.0011
33193 0.0011
33194 0.0011
33195 0.0011
33196 0.0011
33197 0.0011
33198 0.0011
33199 0.0011
33200 0.0011
33201 0.0011
33202 0.0011
33203 0.0011
33204 0.0011
33205 0.0011
33206 0.0011
33207 0.0011
33208 0.0011
33209 0.0011
33210 0.0011
33211 0.0011
33212 0.0011
33213 0.0011
33214 0.0011
33215 0.0011
33216 0.0011
33217 0.0011
33218 0.0011
33219 0.0011
33220 0.0011
33221 0.0011
33222 0.0011
33223 0.0011
33224 0.0011
33225 0.0011
33226 0.0011
33227 0.0011
33228 0.0011
33229 0.0011
33230 0.0011
33231 0.0011
33232 0.0011
33233 0.0011
33234 0.0011
33235 0.0011
33236 0.0011
33237 0.0011
33238 0.0011
33239 0.0011
33240 0.0011
33241 0.0011
33242 0.0011
33243 0.0011
33244 0.0011
33245 0.0011
33246 0.0011
33247 0.0011
33248 0.0011
33249 0.0011
33250 0.0011
33251 0.0011
33252 0.0011
33253 0.0011
33254 0.0011
33255 0.0011
33256 0.0011
33257 0.0011
33258 0.0011
33259 0.0011
33260 0.0011
33261 0.0011
33262 0.0011
33263 0.0011
33264 0.0011
33265 0.0011
33266 0.0011
33267 0.0011
33268 0.0011
33269 0.0011
33270 0.0011
33271 0.0011
33272 0.0011
33273 0.0011
33274 0.0011
33275 0.0011
33276 0.0011
33277 0.0011
33278 0.0011
33279 0.0011
33280 0.0011
33281 0.0011
33282 0.0011
33283 0.0011
33284 0.0011
33285 0.0011
33286 0.0011
33287 0.0011
33288 0.0011
33289 0.0011
33290 0.0011
33291 0.0011
33292 0.0011
33293 0.0011
33294 0.0011
33295 0.0011
33296 0.0011
33297 0.0011
33298 0.0011
33299 0.0011
33300 0.0011
33301 0.0011
33302 0.0011
33303 0.0011
33304 0.0011
33305 0.0011
33306 0.0011
33307 0.0011
33308 0.0011
33309 0.0011
33310 0.0011
33311 0.0011
33312 0.0011
33313 0.0011
33314 0.0011
33315 0.0011
33316 0.0011
33317 0.0011
33318 0.0011
33319 0.0011
33320 0.0011
33321 0.0011
33322 0.0011
33323 0.0011
33324 0.0011
33325 0.0011
33326 0.0011
33327 0.0011
33328 0.0011
33329 0.0011
33330 0.0011
33331 0.0011
33332 0.0011
33333 0.0011
33334 0.0011
33335 0.0011
33336 0.0011
33337 0.0011
33338 0.0011
33339 0.0011
33340 0.0011
33341 0.0011
33342 0.0011
33343 0.0011
33344 0.0011
33345 0.0011
33346 0.0011
33347 0.0011
33348 0.0011
33349 0.0011
33350 0.0011
33351 0.0011
33352 0.0011
33353 0.0011
33354 0.0011
33355 0.0011
33356 0.0011
33357 0.0011
33358 0.0011
33359 0.0011
33360 0.0011
33361 0.0011
33362 0.0011
33363 0.0011
33364 0.0011
33365 0.0011
33366 0.0011
33367 0.0011
33368 0.0011
33369 0.0011
33370 0.0011
33371 0.0011
33372 0.0011
33373 0.0011
33374 0.0011
33375 0.0011
33376 0.0011
33377 0.0011
33378 0.0011
33379 0.0011
33380 0.0011
33381 0.0011
33382 0.0011
33383 0.0011
33384 0.0011
33385 0.0011
33386 0.0011
33387 0.0011
33388 0.0011
33389 0.0011
33390 0.0011
33391 0.0011
33392 0.0011
33393 0.0011
33394 0.0011
33395 0.0011
33396 0.0011
33397 0.0011
33398 0.0011
33399 0.0011
33400 0.0011
33401 0.0011
33402 0.0011
33403 0.0011
33404 0.0011
33405 0.0011
33406 0.0011
33407 0.0011
33408 0.0011
33409 0.0011
33410 0.0011
33411 0.0011
33412 0.0011
33413 0.0011
33414 0.0011
33415 0.0011
33416 0.0011
33417 0.0011
33418 0.0011
33419 0.0011
33420 0.0011
33421 0.0011
33422 0.0011
33423 0.0011
33424 0.0011
33425 0.0011
33426 0.0011
33427 0.0011
33428 0.0011
33429 0.0011
33430 0.0011
33431 0.0011
33432 0.0011
33433 0.0011
33434 0.0011
33435 0.0011
33436 0.0011
33437 0.0011
33438 0.0011
33439 0.0011
33440 0.0011
33441 0.0011
33442 0.0011
33443 0.0011
33444 0.0011
33445 0.0011
33446 0.0011
33447 0.0011
33448 0.0011
33449 0.0011
33450 0.0011
33451 0.0011
33452 0.0011
33453 0.0011
33454 0.0011
33455 0.0011
33456 0.0011
33457 0.0011
33458 0.0011
33459 0.0011
33460 0.0011
33461 0.0011
33462 0.0011
33463 0.0011
33464 0.0011
33465 0.0011
33466 0.0011
33467 0.0011
33468 0.0011
33469 0.0011
33470 0.0011
33471 0.0011
33472 0.0011
33473 0.0011
33474 0.0011
33475 0.0011
33476 0.0011
33477 0.0011
33478 0.0011
33479 0.0011
33480 0.0011
33481 0.0011
33482 0.0011
33483 0.0011
33484 0.0011
33485 0.0011
33486 0.0011
33487 0.0011
33488 0.0011
33489 0.0011
33490 0.0011
33491 0.0011
33492 0.0011
33493 0.0011
33494 0.0011
33495 0.0011
33496 0.0011
33497 0.0011
33498 0.0011
33499 0.0011
33500 0.0011
33501 0.0011
33502 0.0011
33503 0.0011
33504 0.0011
33505 0.0011
33506 0.0011
33507 0.0011
33508 0.0011
33509 0.0011
33510 0.0011
33511 0.0011
33512 0.0011
33513 0.0011
33514 0.0011
33515 0.0011
33516 0.0011
33517 0.0011
33518 0.0011
33519 0.0011
33520 0.0011
33521 0.0011
33522 0.0011
33523 0.0011
33524 0.0011
33525 0.0011
33526 0.0011
33527 0.0011
33528 0.0011
33529 0.0011
33530 0.0011
33531 0.0011
33532 0.0011
33533 0.0011
33534 0.0011
33535 0.0011
33536 0.0011
33537 0.0011
33538 0.0011
33539 0.0011
33540 0.0011
33541 0.0011
33542 0.0011
33543 0.0011
33544 0.0011
33545 0.0011
33546 0.0011
33547 0.0011
33548 0.0011
33549 0.0011
33550 0.0011
33551 0.0011
33552 0.0011
33553 0.0011
33554 0.0011
33555 0.0011
33556 0.0011
33557 0.0011
33558 0.0011
33559 0.0011
33560 0.0011
33561 0.0011
33562 0.0011
33563 0.0011
33564 0.0011
33565 0.0011
33566 0.0011
33567 0.0011
33568 0.0011
33569 0.0011
33570 0.0011
33571 0.0011
33572 0.0011
33573 0.0011
33574 0.0011
33575 0.0011
33576 0.0011
33577 0.0011
33578 0.0011
33579 0.0011
33580 0.0011
33581 0.0011
33582 0.0011
33583 0.0011
33584 0.0011
33585 0.0011
33586 0.0011
33587 0.0011
33588 0.0011
33589 0.0011
33590 0.0011
33591 0.0011
33592 0.0011
33593 0.0011
33594 0.0011
33595 0.0011
33596 0.0011
33597 0.0011
33598 0.0011
33599 0.0011
33600 0.0011
33601 0.0011
33602 0.0011
33603 0.0011
33604 0.0011
33605 0.0011
33606 0.0011
33607 0.0011
33608 0.0011
33609 0.0011
33610 0.0011
33611 0.0011
33612 0.0011
33613 0.0011
33614 0.0011
33615 0.0011
33616 0.0011
33617 0.0011
33618 0.0011
33619 0.0011
33620 0.0011
33621 0.0011
33622 0.0011
33623 0.0011
33624 0.0011
33625 0.0011
33626 0.0011
33627 0.0011
33628 0.0011
33629 0.0011
33630 0.0011
33631 0.0011
33632 0.0011
33633 0.0011
33634 0.0011
33635 0.0011
33636 0.0011
33637 0.0011
33638 0.0011
33639 0.0011
33640 0.0011
33641 0.0011
33642 0.0011
33643 0.0011
33644 0.0011
33645 0.0011
33646 0.0011
33647 0.0011
33648 0.0011
33649 0.0011
33650 0.0011
33651 0.0011
33652 0.0011
33653 0.0011
33654 0.0011
33655 0.0011
33656 0.0011
33657 0.0011
33658 0.0011
33659 0.0011
33660 0.0011
33661 0.0011
33662 0.0011
33663 0.0011
33664 0.0011
33665 0.0011
33666 0.0011
33667 0.0011
33668 0.0011
33669 0.0011
33670 0.0011
33671 0.0011
33672 0.0011
33673 0.0011
33674 0.0011
33675 0.0011
33676 0.0011
33677 0.0011
33678 0.0011
33679 0.0011
33680 0.0011
33681 0.0011
33682 0.0011
33683 0.0011
33684 0.0011
33685 0.0011
33686 0.0011
33687 0.0011
33688 0.0011
33689 0.0011
33690 0.0011
33691 0.0011
33692 0.0011
33693 0.0011
33694 0.0011
33695 0.0011
33696 0.0011
33697 0.0011
33698 0.0011
33699 0.0011
33700 0.0011
33701 0.0011
33702 0.0011
33703 0.0011
33704 0.0011
33705 0.0011
33706 0.0011
33707 0.0011
33708 0.0011
33709 0.0011
33710 0.0011
33711 0.0011
33712 0.0011
33713 0.0011
33714 0.0011
33715 0.0011
33716 0.0011
33717 0.0011
33718 0.0011
33719 0.0011
33720 0.0011
33721 0.0011
33722 0.0011
33723 0.0011
33724 0.0011
33725 0.0011
33726 0.0011
33727 0.0011
33728 0.0011
33729 0.0011
33730 0.0011
33731 0.0011
33732 0.0011
33733 0.0011
33734 0.0011
33735 0.0011
33736 0.0011
33737 0.0011
33738 0.0011
33739 0.0011
33740 0.0011
33741 0.0011
33742 0.0011
33743 0.0011
33744 0.0011
33745 0.0011
33746 0.0011
33747 0.0011
33748 0.0011
33749 0.0011
33750 0.0011
33751 0.0011
33752 0.0011
33753 0.0011
33754 0.0011
33755 0.0011
33756 0.0011
33757 0.0011
33758 0.0011
33759 0.0011
33760 0.0011
33761 0.0011
33762 0.0011
33763 0.0011
33764 0.0011
33765 0.0011
33766 0.0011
33767 0.0011
33768 0.0011
33769 0.0011
33770 0.0011
33771 0.0011
33772 0.0011
33773 0.0011
33774 0.0011
33775 0.0011
33776 0.0011
33777 0.0011
33778 0.0011
33779 0.0011
33780 0.0011
33781 0.0011
33782 0.0011
33783 0.0011
33784 0.0011
33785 0.0011
33786 0.0011
33787 0.0011
33788 0.0011
33789 0.0011
33790 0.0011
33791 0.0011
33792 0.0011
33793 0.0011
33794 0.0011
33795 0.0011
33796 0.0011
33797 0.0011
33798 0.0011
33799 0.0011
33800 0.0011
33801 0.0011
33802 0.0011
33803 0.0011
33804 0.0011
33805 0.0011
33806 0.0011
33807 0.0011
33808 0.0011
33809 0.0011
33810 0.0011
33811 0.0011
33812 0.0011
33813 0.0011
33814 0.0011
33815 0.0011
33816 0.0011
33817 0.0011
33818 0.0011
33819 0.0011
33820 0.0011
33821 0.0011
33822 0.0011
33823 0.0011
33824 0.0011
33825 0.0011
33826 0.0011
33827 0.0011
33828 0.0011
33829 0.0011
33830 0.0011
33831 0.0011
33832 0.0011
33833 0.0011
33834 0.0011
33835 0.0011
33836 0.0011
33837 0.0011
33838 0.0011
33839 0.0011
33840 0.0011
33841 0.0011
33842 0.0011
33843 0.0011
33844 0.0011
33845 0.0011
33846 0.0011
33847 0.0011
33848 0.0011
33849 0.0011
33850 0.0011
33851 0.0011
33852 0.0011
33853 0.0011
33854 0.0011
33855 0.0011
33856 0.0011
33857 0.0011
33858 0.0011
33859 0.0011
33860 0.0011
33861 0.0011
33862 0.0011
33863 0.0011
33864 0.0011
33865 0.0011
33866 0.0011
33867 0.0011
33868 0.0011
33869 0.0011
33870 0.0011
33871 0.0011
33872 0.0011
33873 0.0011
33874 0.0011
33875 0.0011
33876 0.0011
33877 0.0011
33878 0.0011
33879 0.0011
33880 0.0011
33881 0.0011
33882 0.0011
33883 0.0011
33884 0.0011
33885 0.0011
33886 0.0011
33887 0.0011
33888 0.0011
33889 0.0011
33890 0.0011
33891 0.0011
33892 0.0011
33893 0.0011
33894 0.0011
33895 0.0011
33896 0.0011
33897 0.0011
33898 0.0011
33899 0.0011
33900 0.0011
33901 0.0011
33902 0.0011
33903 0.0011
33904 0.0011
33905 0.0011
33906 0.0011
33907 0.0011
33908 0.0011
33909 0.0011
33910 0.0011
33911 0.0011
33912 0.0011
33913 0.0011
33914 0.0011
33915 0.0011
33916 0.0011
33917 0.0011
33918 0.0011
33919 0.0011
33920 0.0011
33921 0.0011
33922 0.0011
33923 0.0011
33924 0.0011
33925 0.0011
33926 0.0011
33927 0.0011
33928 0.0011
33929 0.0011
33930 0.0011
33931 0.0011
33932 0.0011
33933 0.0011
33934 0.0011
33935 0.0011
33936 0.0011
33937 0.0011
33938 0.0011
33939 0.0011
33940 0.0011
33941 0.0011
33942 0.0011
33943 0.0011
33944 0.0011
33945 0.0011
33946 0.0011
33947 0.0011
33948 0.0011
33949 0.0011
33950 0.0011
33951 0.0011
33952 0.0011
33953 0.0011
33954 0.0011
33955 0.0011
33956 0.0011
33957 0.0011
33958 0.0011
33959 0.0011
33960 0.0011
33961 0.0011
33962 0.0011
33963 0.0011
33964 0.0011
33965 0.0011
33966 0.0011
33967 0.0011
33968 0.0011
33969 0.0011
33970 0.0011
33971 0.0011
33972 0.0011
33973 0.0011
33974 0.0011
33975 0.0011
33976 0.0011
33977 0.0011
33978 0.0011
33979 0.0011
33980 0.0011
33981 0.0011
33982 0.0011
33983 0.0011
33984 0.0011
33985 0.0011
33986 0.0011
33987 0.0011
33988 0.0011
33989 0.0011
33990 0.0011
33991 0.0011
33992 0.0011
33993 0.0011
33994 0.0011
33995 0.0011
33996 0.0011
33997 0.0011
33998 0.0011
33999 0.0011
34000 0.0011
34001 0.0011
34002 0.0011
34003 0.0011
34004 0.0011
34005 0.0011
34006 0.0011
34007 0.0011
34008 0.0011
34009 0.0011
34010 0.0011
34011 0.0011
34012 0.0011
34013 0.0011
34014 0.0011
34015 0.0011
34016 0.0011
34017 0.0011
34018 0.0011
34019 0.0011
34020 0.0011
34021 0.0011
34022 0.0011
34023 0.0011
34024 0.0011
34025 0.0011
34026 0.0011
34027 0.0011
34028 0.0011
34029 0.0011
34030 0.0011
34031 0.0011
34032 0.0011
34033 0.0011
34034 0.0011
34035 0.0011
34036 0.0011
34037 0.0011
34038 0.0011
34039 0.0011
34040 0.0011
34041 0.0011
34042 0.0011
34043 0.0011
34044 0.0011
34045 0.0011
34046 0.0011
34047 0.0011
34048 0.0011
34049 0.0011
34050 0.0011
34051 0.0011
34052 0.0011
34053 0.0011
34054 0.0011
34055 0.0011
34056 0.0011
34057 0.0011
34058 0.0011
34059 0.0011
34060 0.0011
34061 0.0011
34062 0.0011
34063 0.0011
34064 0.0011
34065 0.0011
34066 0.0011
34067 0.0011
34068 0.0011
34069 0.0011
34070 0.0011
34071 0.0011
34072 0.0011
34073 0.0011
34074 0.0011
34075 0.0011
34076 0.0011
34077 0.0011
34078 0.0011
34079 0.0011
34080 0.0011
34081 0.0011
34082 0.0011
34083 0.0011
34084 0.0011
34085 0.0011
34086 0.0011
34087 0.0011
34088 0.0011
34089 0.0011
34090 0.0011
34091 0.0011
34092 0.0011
34093 0.0011
34094 0.0011
34095 0.0011
34096 0.0011
34097 0.0011
34098 0.0011
34099 0.0011
34100 0.0011
34101 0.0011
34102 0.0011
34103 0.0011
34104 0.0011
34105 0.0011
34106 0.0011
34107 0.0011
34108 0.0011
34109 0.0011
34110 0.0011
34111 0.0011
34112 0.0011
34113 0.0011
34114 0.0011
34115 0.0011
34116 0.0011
34117 0.0011
34118 0.0011
34119 0.0011
34120 0.0011
34121 0.0011
34122 0.0011
34123 0.0011
34124 0.0011
34125 0.0011
34126 0.0011
34127 0.0011
34128 0.0011
34129 0.0011
34130 0.0011
34131 0.0011
34132 0.0011
34133 0.0011
34134 0.0011
34135 0.0011
34136 0.0011
34137 0.0011
34138 0.0011
34139 0.0011
34140 0.0011
34141 0.0011
34142 0.0011
34143 0.0011
34144 0.0011
34145 0.0011
34146 0.0011
34147 0.0011
34148 0.0011
34149 0.0011
34150 0.0011
34151 0.0011
34152 0.0011
34153 0.0011
34154 0.0011
34155 0.0011
34156 0.0011
34157 0.0011
34158 0.0011
34159 0.0011
34160 0.0011
34161 0.0011
34162 0.0011
34163 0.0011
34164 0.0011
34165 0.0011
34166 0.0011
34167 0.0011
34168 0.0011
34169 0.0011
34170 0.0011
34171 0.0011
34172 0.0011
34173 0.0011
34174 0.0011
34175 0.0011
34176 0.0011
34177 0.0011
34178 0.0011
34179 0.0011
34180 0.0011
34181 0.0011
34182 0.0011
34183 0.0011
34184 0.0011
34185 0.0011
34186 0.0011
34187 0.0011
34188 0.0011
34189 0.0011
34190 0.0011
34191 0.0011
34192 0.0011
34193 0.0011
34194 0.0011
34195 0.0011
34196 0.0011
34197 0.0011
34198 0.0011
34199 0.0011
34200 0.0011
34201 0.0011
34202 0.0011
34203 0.0011
34204 0.0011
34205 0.0011
34206 0.0011
34207 0.0011
34208 0.0011
34209 0.0011
34210 0.0011
34211 0.0011
34212 0.0011
34213 0.0011
34214 0.0011
34215 0.0011
34216 0.0011
34217 0.0011
34218 0.0011
34219 0.0011
34220 0.0011
34221 0.0011
34222 0.0011
34223 0.0011
34224 0.0011
34225 0.0011
34226 0.0011
34227 0.0011
34228 0.0011
34229 0.0011
34230 0.0011
34231 0.0011
34232 0.0011
34233 0.0011
34234 0.0011
34235 0.0011
34236 0.0011
34237 0.0011
34238 0.0011
34239 0.0011
34240 0.0011
34241 0.0011
34242 0.0011
34243 0.0011
34244 0.0011
34245 0.0011
34246 0.0011
34247 0.0011
34248 0.0011
34249 0.0011
34250 0.0011
34251 0.0011
34252 0.0011
34253 0.0011
34254 0.0011
34255 0.0011
34256 0.0011
34257 0.0011
34258 0.0011
34259 0.0011
34260 0.0011
34261 0.0011
34262 0.0011
34263 0.0011
34264 0.0011
34265 0.0011
34266 0.0011
34267 0.0011
34268 0.0011
34269 0.0011
34270 0.0011
34271 0.0011
34272 0.0011
34273 0.0011
34274 0.0011
34275 0.0011
34276 0.0011
34277 0.0011
34278 0.0011
34279 0.0011
34280 0.0011
34281 0.0011
34282 0.0011
34283 0.0011
34284 0.0011
34285 0.0011
34286 0.0011
34287 0.0011
34288 0.0011
34289 0.0011
34290 0.0011
34291 0.0011
34292 0.0011
34293 0.0011
34294 0.0011
34295 0.0011
34296 0.0011
34297 0.0011
34298 0.0011
34299 0.0011
34300 0.0011
34301 0.0011
34302 0.0011
34303 0.0011
34304 0.0011
34305 0.0011
34306 0.0011
34307 0.0011
34308 0.0011
34309 0.0011
34310 0.0011
34311 0.0011
34312 0.0011
34313 0.0011
34314 0.0011
34315 0.0011
34316 0.0011
34317 0.0011
34318 0.0011
34319 0.0011
34320 0.0011
34321 0.0011
34322 0.0011
34323 0.0011
34324 0.0011
34325 0.0011
34326 0.0011
34327 0.0011
34328 0.0011
34329 0.0011
34330 0.0011
34331 0.0011
34332 0.0011
34333 0.0011
34334 0.0011
34335 0.0011
34336 0.0011
34337 0.0011
34338 0.0011
34339 0.0011
34340 0.0011
34341 0.0011
34342 0.0011
34343 0.0011
34344 0.0011
34345 0.0011
34346 0.0011
34347 0.0011
34348 0.0011
34349 0.0011
34350 0.0011
34351 0.0011
34352 0.0011
34353 0.0011
34354 0.0011
34355 0.0011
34356 0.0011
34357 0.0011
34358 0.0011
34359 0.0011
34360 0.0011
34361 0.0011
34362 0.0011
34363 0.0011
34364 0.0011
34365 0.0011
34366 0.0011
34367 0.0011
34368 0.0011
34369 0.0011
34370 0.0011
34371 0.0011
34372 0.0011
34373 0.0011
34374 0.0011
34375 0.0011
34376 0.0011
34377 0.0011
34378 0.0011
34379 0.0011
34380 0.0011
34381 0.0011
34382 0.0011
34383 0.0011
34384 0.0011
34385 0.0011
34386 0.0011
34387 0.0011
34388 0.0011
34389 0.0011
34390 0.0011
34391 0.0011
34392 0.0011
34393 0.0011
34394 0.0011
34395 0.0011
34396 0.0011
34397 0.0011
34398 0.0011
34399 0.0011
34400 0.0011
34401 0.0011
34402 0.0011
34403 0.0011
34404 0.0011
34405 0.0011
34406 0.0011
34407 0.0011
34408 0.0011
34409 0.0011
34410 0.0011
34411 0.0011
34412 0.0011
34413 0.0011
34414 0.0011
34415 0.0011
34416 0.0011
34417 0.0011
34418 0.0011
34419 0.0011
34420 0.0011
34421 0.0011
34422 0.0011
34423 0.0011
34424 0.0011
34425 0.0011
34426 0.0011
34427 0.0011
34428 0.0011
34429 0.0011
34430 0.0011
34431 0.0011
34432 0.0011
34433 0.0011
34434 0.0011
34435 0.0011
34436 0.0011
34437 0.0011
34438 0.0011
34439 0.0011
34440 0.0011
34441 0.0011
34442 0.0011
34443 0.0011
34444 0.0011
34445 0.0011
34446 0.0011
34447 0.0011
34448 0.0011
34449 0.0011
34450 0.0011
34451 0.0011
34452 0.0011
34453 0.0011
34454 0.0011
34455 0.0011
34456 0.0011
34457 0.0011
34458 0.0011
34459 0.0011
34460 0.0011
34461 0.0011
34462 0.0011
34463 0.0011
34464 0.0011
34465 0.0011
34466 0.0011
34467 0.0011
34468 0.0011
34469 0.0011
34470 0.0011
34471 0.0011
34472 0.0011
34473 0.0011
34474 0.0011
34475 0.0011
34476 0.0011
34477 0.0011
34478 0.0011
34479 0.0011
34480 0.0011
34481 0.0011
34482 0.0011
34483 0.0011
34484 0.0011
34485 0.0011
34486 0.0011
34487 0.0011
34488 0.0011
34489 0.0011
34490 0.0011
34491 0.0011
34492 0.0011
34493 0.0011
34494 0.0011
34495 0.0011
34496 0.0011
34497 0.0011
34498 0.0011
34499 0.0011
34500 0.0011
34501 0.0011
34502 0.0011
34503 0.0011
34504 0.0011
34505 0.0011
34506 0.0011
34507 0.0011
34508 0.0011
34509 0.0011
34510 0.0011
34511 0.0011
34512 0.0011
34513 0.0011
34514 0.0011
34515 0.0011
34516 0.0011
34517 0.0011
34518 0.0011
34519 0.0011
34520 0.0011
34521 0.0011
34522 0.0011
34523 0.0011
34524 0.0011
34525 0.0011
34526 0.0011
34527 0.0011
34528 0.0011
34529 0.0011
34530 0.0011
34531 0.0011
34532 0.0011
34533 0.0011
34534 0.0011
34535 0.0011
34536 0.0011
34537 0.0011
34538 0.0011
34539 0.0011
34540 0.0011
34541 0.0011
34542 0.0011
34543 0.0011
34544 0.0011
34545 0.0011
34546 0.0011
34547 0.0011
34548 0.0011
34549 0.0011
34550 0.0011
34551 0.0011
34552 0.0011
34553 0.0011
34554 0.0011
34555 0.0011
34556 0.0011
34557 0.0011
34558 0.0011
34559 0.0011
34560 0.0011
34561 0.0011
34562 0.0011
34563 0.0011
34564 0.0011
34565 0.0011
34566 0.0011
34567 0.0011
34568 0.0011
34569 0.0011
34570 0.0011
34571 0.0011
34572 0.0011
34573 0.0011
34574 0.0011
34575 0.0011
34576 0.0011
34577 0.0011
34578 0.0011
34579 0.0011
34580 0.0011
34581 0.0011
34582 0.0011
34583 0.0011
34584 0.0011
34585 0.0011
34586 0.0011
34587 0.0011
34588 0.0011
34589 0.0011
34590 0.0011
34591 0.0011
34592 0.0011
34593 0.0011
34594 0.0011
34595 0.0011
34596 0.0011
34597 0.0011
34598 0.0011
34599 0.0011
34600 0.0011
34601 0.0011
34602 0.0011
34603 0.0011
34604 0.0011
34605 0.0011
34606 0.0011
34607 0.0011
34608 0.0011
34609 0.0011
34610 0.0011
34611 0.0011
34612 0.0011
34613 0.0011
34614 0.0011
34615 0.0011
34616 0.0011
34617 0.0011
34618 0.0011
34619 0.0011
34620 0.0011
34621 0.0011
34622 0.0011
34623 0.0011
34624 0.0011
34625 0.0011
34626 0.0011
34627 0.0011
34628 0.0011
34629 0.0011
34630 0.0011
34631 0.0011
34632 0.0011
34633 0.0011
34634 0.0011
34635 0.0011
34636 0.0011
34637 0.0011
34638 0.0011
34639 0.0011
34640 0.0011
34641 0.0011
34642 0.0011
34643 0.0011
34644 0.0011
34645 0.0011
34646 0.0011
34647 0.0011
34648 0.0011
34649 0.0011
34650 0.0011
34651 0.0011
34652 0.0011
34653 0.0011
34654 0.0011
34655 0.0011
34656 0.0011
34657 0.0011
34658 0.0011
34659 0.0011
34660 0.0011
34661 0.0011
34662 0.0011
34663 0.0011
34664 0.0011
34665 0.0011
34666 0.0011
34667 0.0011
34668 0.0011
34669 0.0011
34670 0.0011
34671 0.0011
34672 0.0011
34673 0.0011
34674 0.0011
34675 0.0011
34676 0.0011
34677 0.0011
34678 0.0011
34679 0.0011
34680 0.0011
34681 0.0011
34682 0.0011
34683 0.0011
34684 0.0011
34685 0.0011
34686 0.0011
34687 0.0011
34688 0.0011
34689 0.0011
34690 0.0011
34691 0.0011
34692 0.0011
34693 0.0011
34694 0.0011
34695 0.0011
34696 0.0011
34697 0.0011
34698 0.0011
34699 0.0011
34700 0.0011
34701 0.0011
34702 0.0011
34703 0.0011
34704 0.0011
34705 0.0011
34706 0.0011
34707 0.0011
34708 0.0011
34709 0.0011
34710 0.0011
34711 0.0011
34712 0.0011
34713 0.0011
34714 0.0011
34715 0.0011
34716 0.0011
34717 0.0011
34718 0.0011
34719 0.0011
34720 0.0011
34721 0.0011
34722 0.0011
34723 0.0011
34724 0.0011
34725 0.0011
34726 0.0011
34727 0.0011
34728 0.0011
34729 0.0011
34730 0.0011
34731 0.0011
34732 0.0011
34733 0.0011
34734 0.0011
34735 0.0011
34736 0.0011
34737 0.0011
34738 0.0011
34739 0.0011
34740 0.0011
34741 0.0011
34742 0.0011
34743 0.0011
34744 0.0011
34745 0.0011
34746 0.0011
34747 0.0011
34748 0.0011
34749 0.0011
34750 0.0011
34751 0.0011
34752 0.0011
34753 0.0011
34754 0.0011
34755 0.0011
34756 0.0011
34757 0.0011
34758 0.0011
34759 0.0011
34760 0.0011
34761 0.0011
34762 0.0011
34763 0.0011
34764 0.0011
34765 0.0011
34766 0.0011
34767 0.0011
34768 0.0011
34769 0.0011
34770 0.0011
34771 0.0011
34772 0.0011
34773 0.0011
34774 0.0011
34775 0.0011
34776 0.0011
34777 0.0011
34778 0.0011
34779 0.0011
34780 0.0011
34781 0.0011
34782 0.0011
34783 0.0011
34784 0.0011
34785 0.0011
34786 0.0011
34787 0.0011
34788 0.0011
34789 0.0011
34790 0.0011
34791 0.0011
34792 0.0011
34793 0.0011
34794 0.0011
34795 0.0011
34796 0.0011
34797 0.0011
34798 0.0011
34799 0.0011
34800 0.0011
34801 0.0011
34802 0.0011
34803 0.0011
34804 0.0011
34805 0.0011
34806 0.0011
34807 0.0011
34808 0.0011
34809 0.0011
34810 0.0011
34811 0.0011
34812 0.0011
34813 0.0011
34814 0.0011
34815 0.0011
34816 0.0011
34817 0.0011
34818 0.0011
34819 0.0011
34820 0.0011
34821 0.0011
34822 0.0011
34823 0.0011
34824 0.0011
34825 0.0011
34826 0.0011
34827 0.0011
34828 0.0011
34829 0.0011
34830 0.0011
34831 0.0011
34832 0.0011
34833 0.0011
34834 0.0011
34835 0.0011
34836 0.0011
34837 0.0011
34838 0.0011
34839 0.0011
34840 0.0011
34841 0.0011
34842 0.0011
34843 0.0011
34844 0.0011
34845 0.0011
34846 0.0011
34847 0.0011
34848 0.0011
34849 0.0011
34850 0.0011
34851 0.0011
34852 0.0011
34853 0.0011
34854 0.0011
34855 0.0011
34856 0.0011
34857 0.0011
34858 0.0011
34859 0.0011
34860 0.0011
34861 0.0011
34862 0.0011
34863 0.0011
34864 0.0011
34865 0.0011
34866 0.0011
34867 0.0011
34868 0.0011
34869 0.0011
34870 0.0011
34871 0.0011
34872 0.0011
34873 0.0011
34874 0.0011
34875 0.0011
34876 0.0011
34877 0.0011
34878 0.0011
34879 0.0011
34880 0.0011
34881 0.0011
34882 0.0011
34883 0.0011
34884 0.0011
34885 0.0011
34886 0.0011
34887 0.0011
34888 0.0011
34889 0.0011
34890 0.0011
34891 0.0011
34892 0.0011
34893 0.0011
34894 0.0011
34895 0.0011
34896 0.0011
34897 0.0011
34898 0.0011
34899 0.0011
34900 0.0011
34901 0.0011
34902 0.0011
34903 0.0011
34904 0.0011
34905 0.0011
34906 0.0011
34907 0.0011
34908 0.0011
34909 0.0011
34910 0.0011
34911 0.0011
34912 0.0011
34913 0.0011
34914 0.0011
34915 0.0011
34916 0.0011
34917 0.0011
34918 0.0011
34919 0.0011
34920 0.0011
34921 0.0011
34922 0.0011
34923 0.0011
34924 0.0011
34925 0.0011
34926 0.0011
34927 0.0011
34928 0.0011
34929 0.0011
34930 0.0011
34931 0.0011
34932 0.0011
34933 0.0011
34934 0.0011
34935 0.0011
34936 0.0011
34937 0.0011
34938 0.0011
34939 0.0011
34940 0.0011
34941 0.0011
34942 0.0011
34943 0.0011
34944 0.0011
34945 0.0011
34946 0.0011
34947 0.0011
34948 0.0011
34949 0.0011
34950 0.0011
34951 0.0011
34952 0.0011
34953 0.0011
34954 0.0011
34955 0.0011
34956 0.0011
34957 0.0011
34958 0.0011
34959 0.0011
34960 0.0011
34961 0.0011
34962 0.0011
34963 0.0011
34964 0.0011
34965 0.0011
34966 0.0011
34967 0.0011
34968 0.0011
34969 0.0011
34970 0.0011
34971 0.0011
34972 0.0011
34973 0.0011
34974 0.0011
34975 0.0011
34976 0.0011
34977 0.0011
34978 0.0011
34979 0.0011
34980 0.0011
34981 0.0011
34982 0.0011
34983 0.0011
34984 0.0011
34985 0.0011
34986 0.0011
34987 0.0011
34988 0.0011
34989 0.0011
34990 0.0011
34991 0.0011
34992 0.0011
34993 0.0011
34994 0.0011
34995 0.0011
34996 0.0011
34997 0.0011
34998 0.0011
34999 0.0011
35000 0.0011
35001 0.0011
35002 0.0011
35003 0.0011
35004 0.0011
35005 0.0011
35006 0.0011
35007 0.0011
35008 0.0011
35009 0.0011
35010 0.0011
35011 0.0011
35012 0.0011
35013 0.0011
35014 0.0011
35015 0.0011
35016 0.0011
35017 0.0011
35018 0.0011
35019 0.0011
35020 0.0011
35021 0.0011
35022 0.0011
35023 0.0011
35024 0.0011
35025 0.0011
35026 0.0011
35027 0.0011
35028 0.0011
35029 0.0011
35030 0.0011
35031 0.0011
35032 0.0011
35033 0.0011
35034 0.0011
35035 0.0011
35036 0.0011
35037 0.0011
35038 0.0011
35039 0.0011
35040 0.0011
35041 0.0011
35042 0.0011
35043 0.0011
35044 0.0011
35045 0.0011
35046 0.0011
35047 0.0011
35048 0.0011
35049 0.0011
35050 0.0011
35051 0.0011
35052 0.0011
35053 0.0011
35054 0.0011
35055 0.0011
35056 0.0011
35057 0.0011
35058 0.0011
35059 0.0011
35060 0.0011
35061 0.0011
35062 0.0011
35063 0.0011
35064 0.0011
35065 0.0011
35066 0.0011
35067 0.0011
35068 0.0011
35069 0.0011
35070 0.0011
35071 0.0011
35072 0.0011
35073 0.0011
35074 0.0011
35075 0.0011
35076 0.0011
35077 0.0011
35078 0.0011
35079 0.0011
35080 0.0011
35081 0.0011
35082 0.0011
35083 0.0011
35084 0.0011
35085 0.0011
35086 0.0011
35087 0.0011
35088 0.0011
35089 0.0011
35090 0.0011
35091 0.0011
35092 0.0011
35093 0.0011
35094 0.0011
35095 0.0011
35096 0.0011
35097 0.0011
35098 0.0011
35099 0.0011
35100 0.0011
35101 0.0011
35102 0.0011
35103 0.0011
35104 0.0011
35105 0.0011
35106 0.0011
35107 0.0011
35108 0.0011
35109 0.0011
35110 0.0011
35111 0.0011
35112 0.0011
35113 0.0011
35114 0.0011
35115 0.0011
35116 0.0011
35117 0.0011
35118 0.0011
35119 0.0011
35120 0.0011
35121 0.0011
35122 0.0011
35123 0.0011
35124 0.0011
35125 0.0011
35126 0.0011
35127 0.0011
35128 0.0011
35129 0.0011
35130 0.0011
35131 0.0011
35132 0.0011
35133 0.0011
35134 0.0011
35135 0.0011
35136 0.0011
35137 0.0011
35138 0.0011
35139 0.0011
35140 0.0011
35141 0.0011
35142 0.0011
35143 0.0011
35144 0.0011
35145 0.0011
35146 0.0011
35147 0.0011
35148 0.0011
35149 0.0011
35150 0.0011
35151 0.0011
35152 0.0011
35153 0.0011
35154 0.0011
35155 0.0011
35156 0.0011
35157 0.0011
35158 0.0011
35159 0.0011
35160 0.0011
35161 0.0011
35162 0.0011
35163 0.0011
35164 0.0011
35165 0.0011
35166 0.0011
35167 0.0011
35168 0.0011
35169 0.0011
35170 0.0011
35171 0.0011
35172 0.0011
35173 0.0011
35174 0.0011
35175 0.0011
35176 0.0011
35177 0.0011
35178 0.0011
35179 0.0011
35180 0.0011
35181 0.0011
35182 0.0011
35183 0.0011
35184 0.0011
35185 0.0011
35186 0.0011
35187 0.0011
35188 0.0011
35189 0.0011
35190 0.0011
35191 0.0011
35192 0.0011
35193 0.0011
35194 0.0011
35195 0.0011
35196 0.0011
35197 0.0011
35198 0.0011
35199 0.0011
35200 0.0011
35201 0.0011
35202 0.0011
35203 0.0011
35204 0.0011
35205 0.0011
35206 0.0011
35207 0.0011
35208 0.0011
35209 0.0011
35210 0.0011
35211 0.0011
35212 0.0011
35213 0.0011
35214 0.0011
35215 0.0011
35216 0.0011
35217 0.0011
35218 0.0011
35219 0.0011
35220 0.0011
35221 0.0011
35222 0.0011
35223 0.0011
35224 0.0011
35225 0.0011
35226 0.0011
35227 0.0011
35228 0.0011
35229 0.0011
35230 0.0011
35231 0.0011
35232 0.0011
35233 0.0011
35234 0.0011
35235 0.0011
35236 0.0011
35237 0.0011
35238 0.0011
35239 0.0011
35240 0.0011
35241 0.0011
35242 0.0011
35243 0.0011
35244 0.0011
35245 0.0011
35246 0.0011
35247 0.0011
35248 0.0011
35249 0.0011
35250 0.0011
35251 0.0011
35252 0.0011
35253 0.0011
35254 0.0011
35255 0.0011
35256 0.0011
35257 0.0011
35258 0.0011
35259 0.0011
35260 0.0011
35261 0.0011
35262 0.0011
35263 0.0011
35264 0.0011
35265 0.0011
35266 0.0011
35267 0.0011
35268 0.0011
35269 0.0011
35270 0.0011
35271 0.0011
35272 0.0011
35273 0.0011
35274 0.0011
35275 0.0011
35276 0.0011
35277 0.0011
35278 0.0011
35279 0.0011
35280 0.0011
35281 0.0011
35282 0.0011
35283 0.0011
35284 0.0011
35285 0.0011
35286 0.0011
35287 0.0011
35288 0.0011
35289 0.0011
35290 0.0011
35291 0.0011
35292 0.0011
35293 0.0011
35294 0.0011
35295 0.0011
35296 0.0011
35297 0.0011
35298 0.0011
35299 0.0011
35300 0.0011
35301 0.0011
35302 0.0011
35303 0.0011
35304 0.0011
35305 0.0011
35306 0.0011
35307 0.0011
35308 0.0011
35309 0.0011
35310 0.0011
35311 0.0011
35312 0.0011
35313 0.0011
35314 0.0011
35315 0.0011
35316 0.0011
35317 0.0011
35318 0.0011
35319 0.0011
35320 0.0011
35321 0.0011
35322 0.0011
35323 0.0011
35324 0.0011
35325 0.0011
35326 0.0011
35327 0.0011
35328 0.0011
35329 0.0011
35330 0.0011
35331 0.0011
35332 0.0011
35333 0.0011
35334 0.0011
35335 0.0011
35336 0.0011
35337 0.0011
35338 0.0011
35339 0.0011
35340 0.0011
35341 0.0011
35342 0.0011
35343 0.0011
35344 0.0011
35345 0.0011
35346 0.0011
35347 0.0011
35348 0.0011
35349 0.0011
35350 0.0011
35351 0.0011
35352 0.0011
35353 0.0011
35354 0.0011
35355 0.0011
35356 0.0011
35357 0.0011
35358 0.0011
35359 0.0011
35360 0.0011
35361 0.0011
35362 0.0011
35363 0.0011
35364 0.0011
35365 0.0011
35366 0.0011
35367 0.0011
35368 0.0011
35369 0.0011
35370 0.0011
35371 0.0011
35372 0.0011
35373 0.0011
35374 0.0011
35375 0.0011
35376 0.0011
35377 0.0011
35378 0.0011
35379 0.0011
35380 0.0011
35381 0.0011
35382 0.0011
35383 0.0011
35384 0.0011
35385 0.0011
35386 0.0011
35387 0.0011
35388 0.0011
35389 0.0011
35390 0.0011
35391 0.0011
35392 0.0011
35393 0.0011
35394 0.0011
35395 0.0011
35396 0.0011
35397 0.0011
35398 0.0011
35399 0.0011
35400 0.0011
35401 0.0011
35402 0.0011
35403 0.0011
35404 0.0011
35405 0.0011
35406 0.0011
35407 0.0011
35408 0.0011
35409 0.0011
35410 0.0011
35411 0.0011
35412 0.0011
35413 0.0011
35414 0.0011
35415 0.0011
35416 0.0011
35417 0.0011
35418 0.0011
35419 0.0011
35420 0.0011
35421 0.0011
35422 0.0011
35423 0.0011
35424 0.0011
35425 0.0011
35426 0.0011
35427 0.0011
35428 0.0011
35429 0.0011
35430 0.0011
35431 0.0011
35432 0.0011
35433 0.0011
35434 0.0011
35435 0.0011
35436 0.0011
35437 0.0011
35438 0.0011
35439 0.0011
35440 0.0011
35441 0.0011
35442 0.0011
35443 0.0011
35444 0.0011
35445 0.0011
35446 0.0011
35447 0.0011
35448 0.0011
35449 0.0011
35450 0.0011
35451 0.0011
35452 0.0011
35453 0.0011
35454 0.0011
35455 0.0011
35456 0.0011
35457 0.0011
35458 0.0011
35459 0.0011
35460 0.0011
35461 0.0011
35462 0.0011
35463 0.0011
35464 0.0011
35465 0.0011
35466 0.0011
35467 0.0011
35468 0.0011
35469 0.0011
35470 0.0011
35471 0.0011
35472 0.0011
35473 0.0011
35474 0.0011
35475 0.0011
35476 0.0011
35477 0.0011
35478 0.0011
35479 0.0011
35480 0.0011
35481 0.0011
35482 0.0011
35483 0.0011
35484 0.0011
35485 0.0011
35486 0.0011
35487 0.0011
35488 0.0011
35489 0.0011
35490 0.0011
35491 0.0011
35492 0.0011
35493 0.0011
35494 0.0011
35495 0.0011
35496 0.0011
35497 0.0011
35498 0.0011
35499 0.0011
35500 0.0011
35501 0.0011
35502 0.0011
35503 0.0011
35504 0.0011
35505 0.0011
35506 0.0011
35507 0.0011
35508 0.0011
35509 0.0011
35510 0.0011
35511 0.0011
35512 0.0011
35513 0.0011
35514 0.0011
35515 0.0011
35516 0.0011
35517 0.0011
35518 0.0011
35519 0.0011
35520 0.0011
35521 0.0011
35522 0.0011
35523 0.0011
35524 0.0011
35525 0.0011
35526 0.0011
35527 0.0011
35528 0.0011
35529 0.0011
35530 0.0011
35531 0.0011
35532 0.0011
35533 0.0011
35534 0.0011
35535 0.0011
35536 0.0011
35537 0.0011
35538 0.0011
35539 0.0011
35540 0.0011
35541 0.0011
35542 0.0011
35543 0.0011
35544 0.0011
35545 0.0011
35546 0.0011
35547 0.0011
35548 0.0011
35549 0.0011
35550 0.0011
35551 0.0011
35552 0.0011
35553 0.0011
35554 0.0011
35555 0.0011
35556 0.0011
35557 0.0011
35558 0.0011
35559 0.0011
35560 0.0011
35561 0.0011
35562 0.0011
35563 0.0011
35564 0.0011
35565 0.0011
35566 0.0011
35567 0.0011
35568 0.0011
35569 0.0011
35570 0.0011
35571 0.0011
35572 0.0011
35573 0.0011
35574 0.0011
35575 0.0011
35576 0.0011
35577 0.0011
35578 0.0011
35579 0.0011
35580 0.0011
35581 0.0011
35582 0.0011
35583 0.0011
35584 0.0011
35585 0.0011
35586 0.0011
35587 0.0011
35588 0.0011
35589 0.0011
35590 0.0011
35591 0.0011
35592 0.0011
35593 0.0011
35594 0.0011
35595 0.0011
35596 0.0011
35597 0.0011
35598 0.0011
35599 0.0011
35600 0.0011
35601 0.0011
35602 0.0011
35603 0.0011
35604 0.0011
35605 0.0011
35606 0.0011
35607 0.0011
35608 0.0011
35609 0.0011
35610 0.0011
35611 0.0011
35612 0.0011
35613 0.0011
35614 0.0011
35615 0.0011
35616 0.0011
35617 0.0011
35618 0.0011
35619 0.0011
35620 0.0011
35621 0.0011
35622 0.0011
35623 0.0011
35624 0.0011
35625 0.0011
35626 0.0011
35627 0.0011
35628 0.0011
35629 0.0011
35630 0.0011
35631 0.0011
35632 0.0011
35633 0.0011
35634 0.0011
35635 0.0011
35636 0.0011
35637 0.0011
35638 0.0011
35639 0.0011
35640 0.0011
35641 0.0011
35642 0.0011
35643 0.0011
35644 0.0011
35645 0.0011
35646 0.0011
35647 0.0011
35648 0.0011
35649 0.0011
35650 0.0011
35651 0.0011
35652 0.0011
35653 0.0011
35654 0.0011
35655 0.0011
35656 0.0011
35657 0.0011
35658 0.0011
35659 0.0011
35660 0.0011
35661 0.0011
35662 0.0011
35663 0.0011
35664 0.0011
35665 0.0011
35666 0.0011
35667 0.0011
35668 0.0011
35669 0.0011
35670 0.0011
35671 0.0011
35672 0.0011
35673 0.0011
35674 0.0011
35675 0.0011
35676 0.0011
35677 0.0011
35678 0.0011
35679 0.0011
35680 0.0011
35681 0.0011
35682 0.0011
35683 0.0011
35684 0.0011
35685 0.0011
35686 0.0011
35687 0.0011
35688 0.0011
35689 0.0011
35690 0.0011
35691 0.0011
35692 0.0011
35693 0.0011
35694 0.0011
35695 0.0011
35696 0.0011
35697 0.0011
35698 0.0011
35699 0.0011
35700 0.0011
35701 0.0011
35702 0.0011
35703 0.0011
35704 0.0011
35705 0.0011
35706 0.0011
35707 0.0011
35708 0.0011
35709 0.0011
35710 0.0011
35711 0.0011
35712 0.0011
35713 0.0011
35714 0.0011
35715 0.0011
35716 0.0011
35717 0.0011
35718 0.0011
35719 0.0011
35720 0.0011
35721 0.0011
35722 0.0011
35723 0.0011
35724 0.0011
35725 0.0011
35726 0.0011
35727 0.0011
35728 0.0011
35729 0.0011
35730 0.0011
35731 0.0011
35732 0.0011
35733 0.0011
35734 0.0011
35735 0.0011
35736 0.0011
35737 0.0011
35738 0.0011
35739 0.0011
35740 0.0011
35741 0.0011
35742 0.0011
35743 0.0011
35744 0.0011
35745 0.0011
35746 0.0011
35747 0.0011
35748 0.0011
35749 0.0011
35750 0.0011
35751 0.0011
35752 0.0011
35753 0.0011
35754 0.0011
35755 0.0011
35756 0.0011
35757 0.0011
35758 0.0011
35759 0.0011
35760 0.0011
35761 0.0011
35762 0.0011
35763 0.0011
35764 0.0011
35765 0.0011
35766 0.0011
35767 0.0011
35768 0.0011
35769 0.0011
35770 0.0011
35771 0.0011
35772 0.0011
35773 0.0011
35774 0.0011
35775 0.0011
35776 0.0011
35777 0.0011
35778 0.0011
35779 0.0011
35780 0.0011
35781 0.0011
35782 0.0011
35783 0.0011
35784 0.0011
35785 0.0011
35786 0.0011
35787 0.0011
35788 0.0011
35789 0.0011
35790 0.0011
35791 0.0011
35792 0.0011
35793 0.0011
35794 0.0011
35795 0.0011
35796 0.0011
35797 0.0011
35798 0.0011
35799 0.0011
35800 0.0011
35801 0.0011
35802 0.0011
35803 0.0011
35804 0.0011
35805 0.0011
35806 0.0011
35807 0.0011
35808 0.0011
35809 0.0011
35810 0.0011
35811 0.0011
35812 0.0011
35813 0.0011
35814 0.0011
35815 0.0011
35816 0.0011
35817 0.0011
35818 0.0011
35819 0.0011
35820 0.0011
35821 0.0011
35822 0.0011
35823 0.0011
35824 0.0011
35825 0.0011
35826 0.0011
35827 0.0011
35828 0.0011
35829 0.0011
35830 0.0011
35831 0.0011
35832 0.0011
35833 0.0011
35834 0.0011
35835 0.0011
35836 0.0011
35837 0.0011
35838 0.0011
35839 0.0011
35840 0.0011
35841 0.0011
35842 0.0011
35843 0.0011
35844 0.0011
35845 0.0011
35846 0.0011
35847 0.0011
35848 0.0011
35849 0.0011
35850 0.0011
35851 0.0011
35852 0.0011
35853 0.0011
35854 0.0011
35855 0.0011
35856 0.0011
35857 0.0011
35858 0.0011
35859 0.0011
35860 0.0011
35861 0.0011
35862 0.0011
35863 0.0011
35864 0.0011
35865 0.0011
35866 0.0011
35867 0.0011
35868 0.0011
35869 0.0011
35870 0.0011
35871 0.0011
35872 0.0011
35873 0.0011
35874 0.0011
35875 0.0011
35876 0.0011
35877 0.0011
35878 0.0011
35879 0.0011
35880 0.0011
35881 0.0011
35882 0.0011
35883 0.0011
35884 0.0011
35885 0.0011
35886 0.0011
35887 0.0011
35888 0.0011
35889 0.0011
35890 0.0011
35891 0.0011
35892 0.0011
35893 0.0011
35894 0.0011
35895 0.0011
35896 0.0011
35897 0.0011
35898 0.0011
35899 0.0011
35900 0.0011
35901 0.0011
35902 0.0011
35903 0.0011
35904 0.0011
35905 0.0011
35906 0.0011
35907 0.0011
35908 0.0011
35909 0.0011
35910 0.0011
35911 0.0011
35912 0.0011
35913 0.0011
35914 0.0011
35915 0.0011
35916 0.0011
35917 0.0011
35918 0.0011
35919 0.0011
35920 0.0011
35921 0.0011
35922 0.0011
35923 0.0011
35924 0.0011
35925 0.0011
35926 0.0011
35927 0.0011
35928 0.0011
35929 0.0011
35930 0.0011
35931 0.0011
35932 0.0011
35933 0.0011
35934 0.0011
35935 0.0011
35936 0.0011
35937 0.0011
35938 0.0011
35939 0.0011
35940 0.0011
35941 0.0011
35942 0.0011
35943 0.0011
35944 0.0011
35945 0.0011
35946 0.0011
35947 0.0011
35948 0.0011
35949 0.0011
35950 0.0011
35951 0.0011
35952 0.0011
35953 0.0011
35954 0.0011
35955 0.0011
35956 0.0011
35957 0.0011
35958 0.0011
35959 0.0011
35960 0.0011
35961 0.0011
35962 0.0011
35963 0.0011
35964 0.0011
35965 0.0011
35966 0.0011
35967 0.0011
35968 0.0011
35969 0.0011
35970 0.0011
35971 0.0011
35972 0.0011
35973 0.0011
35974 0.0011
35975 0.0011
35976 0.0011
35977 0.0011
35978 0.0011
35979 0.0011
35980 0.0011
35981 0.0011
35982 0.0011
35983 0.0011
35984 0.0011
35985 0.0011
35986 0.0011
35987 0.0011
35988 0.0011
35989 0.0011
35990 0.0011
35991 0.0011
35992 0.0011
35993 0.0011
35994 0.0011
35995 0.0011
35996 0.0011
35997 0.0011
35998 0.0011
35999 0.0011
36000 0.0011
36001 0.0011
36002 0.0011
36003 0.0011
36004 0.0011
36005 0.0011
36006 0.0011
36007 0.0011
36008 0.0011
36009 0.0011
36010 0.0011
36011 0.0011
36012 0.0011
36013 0.0011
36014 0.0011
36015 0.0011
36016 0.0011
36017 0.0011
36018 0.0011
36019 0.0011
36020 0.0011
36021 0.0011
36022 0.0011
36023 0.0011
36024 0.0011
36025 0.0011
36026 0.0011
36027 0.0011
36028 0.0011
36029 0.0011
36030 0.0011
36031 0.0011
36032 0.0011
36033 0.0011
36034 0.0011
36035 0.0011
36036 0.0011
36037 0.0011
36038 0.0011
36039 0.0011
36040 0.0011
36041 0.0011
36042 0.0011
36043 0.0011
36044 0.0011
36045 0.0011
36046 0.0011
36047 0.0011
36048 0.0011
36049 0.0011
36050 0.0011
36051 0.0011
36052 0.0011
36053 0.0011
36054 0.0011
36055 0.0011
36056 0.0011
36057 0.0011
36058 0.0011
36059 0.0011
36060 0.0011
36061 0.0011
36062 0.0011
36063 0.0011
36064 0.0011
36065 0.0011
36066 0.0011
36067 0.0011
36068 0.0011
36069 0.0011
36070 0.0011
36071 0.0011
36072 0.0011
36073 0.0011
36074 0.0011
36075 0.0011
36076 0.0011
36077 0.0011
36078 0.0011
36079 0.0011
36080 0.0011
36081 0.0011
36082 0.0011
36083 0.0011
36084 0.0011
36085 0.0011
36086 0.0011
36087 0.0011
36088 0.0011
36089 0.0011
36090 0.0011
36091 0.0011
36092 0.0011
36093 0.0011
36094 0.0011
36095 0.0011
36096 0.0011
36097 0.0011
36098 0.0011
36099 0.0011
36100 0.0011
36101 0.0011
36102 0.0011
36103 0.0011
36104 0.0011
36105 0.0011
36106 0.0011
36107 0.0011
36108 0.0011
36109 0.0011
36110 0.0011
36111 0.0011
36112 0.0011
36113 0.0011
36114 0.0011
36115 0.0011
36116 0.0011
36117 0.0011
36118 0.0011
36119 0.0011
36120 0.0011
36121 0.0011
36122 0.0011
36123 0.0011
36124 0.0011
36125 0.0011
36126 0.0011
36127 0.0011
36128 0.0011
36129 0.0011
36130 0.0011
36131 0.0011
36132 0.0011
36133 0.0011
36134 0.0011
36135 0.0011
36136 0.0011
36137 0.0011
36138 0.0011
36139 0.0011
36140 0.0011
36141 0.0011
36142 0.0011
36143 0.0011
36144 0.0011
36145 0.0011
36146 0.0011
36147 0.0011
36148 0.0011
36149 0.0011
36150 0.0011
36151 0.0011
36152 0.0011
36153 0.0011
36154 0.0011
36155 0.0011
36156 0.0011
36157 0.0011
36158 0.0011
36159 0.0011
36160 0.0011
36161 0.0011
36162 0.0011
36163 0.0011
36164 0.0011
36165 0.0011
36166 0.0011
36167 0.0011
36168 0.0011
36169 0.0011
36170 0.0011
36171 0.0011
36172 0.0011
36173 0.0011
36174 0.0011
36175 0.0011
36176 0.0011
36177 0.0011
36178 0.0011
36179 0.0011
36180 0.0011
36181 0.0011
36182 0.0011
36183 0.0011
36184 0.0011
36185 0.0011
36186 0.0011
36187 0.0011
36188 0.0011
36189 0.0011
36190 0.0011
36191 0.0011
36192 0.0011
36193 0.0011
36194 0.0011
36195 0.0011
36196 0.0011
36197 0.0011
36198 0.0011
36199 0.0011
36200 0.0011
36201 0.0011
36202 0.0011
36203 0.0011
36204 0.0011
36205 0.0011
36206 0.0011
36207 0.0011
36208 0.0011
36209 0.0011
36210 0.0011
36211 0.0011
36212 0.0011
36213 0.0011
36214 0.0011
36215 0.0011
36216 0.0011
36217 0.0011
36218 0.0011
36219 0.0011
36220 0.0011
36221 0.0011
36222 0.0011
36223 0.0011
36224 0.0011
36225 0.0011
36226 0.0011
36227 0.0011
36228 0.0011
36229 0.0011
36230 0.0011
36231 0.0011
36232 0.0011
36233 0.0011
36234 0.0011
36235 0.0011
36236 0.0011
36237 0.0011
36238 0.0011
36239 0.0011
36240 0.0011
36241 0.0011
36242 0.0011
36243 0.0011
36244 0.0011
36245 0.0011
36246 0.0011
36247 0.0011
36248 0.0011
36249 0.0011
36250 0.0011
36251 0.0011
36252 0.0011
36253 0.0011
36254 0.0011
36255 0.0011
36256 0.0011
36257 0.0011
36258 0.0011
36259 0.0011
36260 0.0011
36261 0.0011
36262 0.0011
36263 0.0011
36264 0.0011
36265 0.0011
36266 0.0011
36267 0.0011
36268 0.0011
36269 0.0011
36270 0.0011
36271 0.0011
36272 0.0011
36273 0.0011
36274 0.0011
36275 0.0011
36276 0.0011
36277 0.0011
36278 0.0011
36279 0.0011
36280 0.0011
36281 0.0011
36282 0.0011
36283 0.0011
36284 0.0011
36285 0.0011
36286 0.0011
36287 0.0011
36288 0.0011
36289 0.0011
36290 0.0011
36291 0.0011
36292 0.0011
36293 0.0011
36294 0.0011
36295 0.0011
36296 0.0011
36297 0.0011
36298 0.0011
36299 0.0011
36300 0.0011
36301 0.0011
36302 0.0011
36303 0.0011
36304 0.0011
36305 0.0011
36306 0.0011
36307 0.0011
36308 0.0011
36309 0.0011
36310 0.0011
36311 0.0011
36312 0.0011
36313 0.0011
36314 0.0011
36315 0.0011
36316 0.0011
36317 0.0011
36318 0.0011
36319 0.0011
36320 0.0011
36321 0.0011
36322 0.0011
36323 0.0011
36324 0.0011
36325 0.0011
36326 0.0011
36327 0.0011
36328 0.0011
36329 0.0011
36330 0.0011
36331 0.0011
36332 0.0011
36333 0.0011
36334 0.0011
36335 0.0011
36336 0.0011
36337 0.0011
36338 0.0011
36339 0.0011
36340 0.0011
36341 0.0011
36342 0.0011
36343 0.0011
36344 0.0011
36345 0.0011
36346 0.0011
36347 0.0011
36348 0.0011
36349 0.0011
36350 0.0011
36351 0.0011
36352 0.0011
36353 0.0011
36354 0.0011
36355 0.0011
36356 0.0011
36357 0.0011
36358 0.0011
36359 0.0011
36360 0.0011
36361 0.0011
36362 0.0011
36363 0.0011
36364 0.0011
36365 0.0011
36366 0.0011
36367 0.0011
36368 0.0011
36369 0.0011
36370 0.0011
36371 0.0011
36372 0.0011
36373 0.0011
36374 0.0011
36375 0.0011
36376 0.0011
36377 0.0011
36378 0.0011
36379 0.0011
36380 0.0011
36381 0.0011
36382 0.0011
36383 0.0011
36384 0.0011
36385 0.0011
36386 0.0011
36387 0.0011
36388 0.0011
36389 0.0011
36390 0.0011
36391 0.0011
36392 0.0011
36393 0.0011
36394 0.0011
36395 0.0011
36396 0.0011
36397 0.0011
36398 0.0011
36399 0.0011
36400 0.0011
36401 0.0011
36402 0.0011
36403 0.0011
36404 0.0011
36405 0.0011
36406 0.0011
36407 0.0011
36408 0.0011
36409 0.0011
36410 0.0011
36411 0.0011
36412 0.0011
36413 0.0011
36414 0.0011
36415 0.0011
36416 0.0011
36417 0.0011
36418 0.0011
36419 0.0011
36420 0.0011
36421 0.0011
36422 0.0011
36423 0.0011
36424 0.0011
36425 0.0011
36426 0.0011
36427 0.0011
36428 0.0011
36429 0.0011
36430 0.0011
36431 0.0011
36432 0.0011
36433 0.0011
36434 0.0011
36435 0.0011
36436 0.0011
36437 0.0011
36438 0.0011
36439 0.0011
36440 0.0011
36441 0.0011
36442 0.0011
36443 0.0011
36444 0.0011
36445 0.0011
36446 0.0011
36447 0.0011
36448 0.0011
36449 0.0011
36450 0.0011
36451 0.0011
36452 0.0011
36453 0.0011
36454 0.0011
36455 0.0011
36456 0.0011
36457 0.0011
36458 0.0011
36459 0.0011
36460 0.0011
36461 0.0011
36462 0.0011
36463 0.0011
36464 0.0011
36465 0.0011
36466 0.0011
36467 0.0011
36468 0.0011
36469 0.0011
36470 0.0011
36471 0.0011
36472 0.0011
36473 0.0011
36474 0.0011
36475 0.0011
36476 0.0011
36477 0.0011
36478 0.0011
36479 0.0011
36480 0.0011
36481 0.0011
36482 0.0011
36483 0.0011
36484 0.0011
36485 0.0011
36486 0.0011
36487 0.0011
36488 0.0011
36489 0.0011
36490 0.0011
36491 0.0011
36492 0.0011
36493 0.0011
36494 0.0011
36495 0.0011
36496 0.0011
36497 0.0011
36498 0.0011
36499 0.0011
36500 0.0011
36501 0.0011
36502 0.0011
36503 0.0011
36504 0.0011
36505 0.0011
36506 0.0011
36507 0.0011
36508 0.0011
36509 0.0011
36510 0.0011
36511 0.0011
36512 0.0011
36513 0.0011
36514 0.0011
36515 0.0011
36516 0.0011
36517 0.0011
36518 0.0011
36519 0.0011
36520 0.0011
36521 0.0011
36522 0.0011
36523 0.0011
36524 0.0011
36525 0.0011
36526 0.0011
36527 0.0011
36528 0.0011
36529 0.0011
36530 0.0011
36531 0.0011
36532 0.0011
36533 0.0011
36534 0.0011
36535 0.0011
36536 0.0011
36537 0.0011
36538 0.0011
36539 0.0011
36540 0.0011
36541 0.0011
36542 0.0011
36543 0.0011
36544 0.0011
36545 0.0011
36546 0.0011
36547 0.0011
36548 0.0011
36549 0.0011
36550 0.0011
36551 0.0011
36552 0.0011
36553 0.0011
36554 0.0011
36555 0.0011
36556 0.0011
36557 0.0011
36558 0.0011
36559 0.0011
36560 0.0011
36561 0.0011
36562 0.0011
36563 0.0011
36564 0.0011
36565 0.0011
36566 0.0011
36567 0.0011
36568 0.0011
36569 0.0011
36570 0.0011
36571 0.0011
36572 0.0011
36573 0.0011
36574 0.0011
36575 0.0011
36576 0.0011
36577 0.0011
36578 0.0011
36579 0.0011
36580 0.0011
36581 0.0011
36582 0.0011
36583 0.0011
36584 0.0011
36585 0.0011
36586 0.0011
36587 0.0011
36588 0.0011
36589 0.0011
36590 0.0011
36591 0.0011
36592 0.0011
36593 0.0011
36594 0.0011
36595 0.0011
36596 0.0011
36597 0.0011
36598 0.0011
36599 0.0011
36600 0.0011
36601 0.0011
36602 0.0011
36603 0.0011
36604 0.0011
36605 0.0011
36606 0.0011
36607 0.0011
36608 0.0011
36609 0.0011
36610 0.0011
36611 0.0011
36612 0.0011
36613 0.0011
36614 0.0011
36615 0.0011
36616 0.0011
36617 0.0011
36618 0.0011
36619 0.0011
36620 0.0011
36621 0.0011
36622 0.0011
36623 0.0011
36624 0.0011
36625 0.0011
36626 0.0011
36627 0.0011
36628 0.0011
36629 0.0011
36630 0.0011
36631 0.0011
36632 0.0011
36633 0.0011
36634 0.0011
36635 0.0011
36636 0.0011
36637 0.0011
36638 0.0011
36639 0.0011
36640 0.0011
36641 0.0011
36642 0.0011
36643 0.0011
36644 0.0011
36645 0.0011
36646 0.0011
36647 0.0011
36648 0.0011
36649 0.0011
36650 0.0011
36651 0.0011
36652 0.0011
36653 0.0011
36654 0.0011
36655 0.0011
36656 0.0011
36657 0.0011
36658 0.0011
36659 0.0011
36660 0.0011
36661 0.0011
36662 0.0011
36663 0.0011
36664 0.0011
36665 0.0011
36666 0.0011
36667 0.0011
36668 0.0011
36669 0.0011
36670 0.0011
36671 0.0011
36672 0.0011
36673 0.0011
36674 0.0011
36675 0.0011
36676 0.0011
36677 0.0011
36678 0.0011
36679 0.0011
36680 0.0011
36681 0.0011
36682 0.0011
36683 0.0011
36684 0.0011
36685 0.0011
36686 0.0011
36687 0.0011
36688 0.0011
36689 0.0011
36690 0.0011
36691 0.0011
36692 0.0011
36693 0.0011
36694 0.0011
36695 0.0011
36696 0.0011
36697 0.0011
36698 0.0011
36699 0.0011
36700 0.0011
36701 0.0011
36702 0.0011
36703 0.0011
36704 0.0011
36705 0.0011
36706 0.0011
36707 0.0011
36708 0.0011
36709 0.0011
36710 0.0011
36711 0.0011
36712 0.0011
36713 0.0011
36714 0.0011
36715 0.0011
36716 0.0011
36717 0.0011
36718 0.0011
36719 0.0011
36720 0.0011
36721 0.0011
36722 0.0011
36723 0.0011
36724 0.0011
36725 0.0011
36726 0.0011
36727 0.0011
36728 0.0011
36729 0.0011
36730 0.0011
36731 0.0011
36732 0.0011
36733 0.0011
36734 0.0011
36735 0.0011
36736 0.0011
36737 0.0011
36738 0.0011
36739 0.0011
36740 0.0011
36741 0.0011
36742 0.0011
36743 0.0011
36744 0.0011
36745 0.0011
36746 0.0011
36747 0.0011
36748 0.0011
36749 0.0011
36750 0.0011
36751 0.0011
36752 0.0011
36753 0.0011
36754 0.0011
36755 0.0011
36756 0.0011
36757 0.0011
36758 0.0011
36759 0.0011
36760 0.0011
36761 0.0011
36762 0.0011
36763 0.0011
36764 0.0011
36765 0.0011
36766 0.0011
36767 0.0011
36768 0.0011
36769 0.0011
36770 0.0011
36771 0.0011
36772 0.0011
36773 0.0011
36774 0.0011
36775 0.0011
36776 0.0011
36777 0.0011
36778 0.0011
36779 0.0011
36780 0.0011
36781 0.0011
36782 0.0011
36783 0.0011
36784 0.0011
36785 0.0011
36786 0.0011
36787 0.0011
36788 0.0011
36789 0.0011
36790 0.0011
36791 0.0011
36792 0.0011
36793 0.0011
36794 0.0011
36795 0.0011
36796 0.0011
36797 0.0011
36798 0.0011
36799 0.0011
36800 0.0011
36801 0.0011
36802 0.0011
36803 0.0011
36804 0.0011
36805 0.0011
36806 0.0011
36807 0.0011
36808 0.0011
36809 0.0011
36810 0.0011
36811 0.0011
36812 0.0011
36813 0.0011
36814 0.0011
36815 0.0011
36816 0.0011
36817 0.0011
36818 0.0011
36819 0.0011
36820 0.0011
36821 0.0011
36822 0.0011
36823 0.0011
36824 0.0011
36825 0.0011
36826 0.0011
36827 0.0011
36828 0.0011
36829 0.0011
36830 0.0011
36831 0.0011
36832 0.0011
36833 0.0011
36834 0.0011
36835 0.0011
36836 0.0011
36837 0.0011
36838 0.0011
36839 0.0011
36840 0.0011
36841 0.0011
36842 0.0011
36843 0.0011
36844 0.0011
36845 0.0011
36846 0.0011
36847 0.0011
36848 0.0011
36849 0.0011
36850 0.0011
36851 0.0011
36852 0.0011
36853 0.0011
36854 0.0011
36855 0.0011
36856 0.0011
36857 0.0011
36858 0.0011
36859 0.0011
36860 0.0011
36861 0.0011
36862 0.0011
36863 0.0011
36864 0.0011
36865 0.0011
36866 0.0011
36867 0.0011
36868 0.0011
36869 0.0011
36870 0.0011
36871 0.0011
36872 0.0011
36873 0.0011
36874 0.0011
36875 0.0011
36876 0.0011
36877 0.0011
36878 0.0011
36879 0.0011
36880 0.0011
36881 0.0011
36882 0.0011
36883 0.0011
36884 0.0011
36885 0.0011
36886 0.0011
36887 0.0011
36888 0.0011
36889 0.0011
36890 0.0011
36891 0.0011
36892 0.0011
36893 0.0011
36894 0.0011
36895 0.0011
36896 0.0011
36897 0.0011
36898 0.0011
36899 0.0011
36900 0.0011
36901 0.0011
36902 0.0011
36903 0.0011
36904 0.0011
36905 0.0011
36906 0.0011
36907 0.0011
36908 0.0011
36909 0.0011
36910 0.0011
36911 0.0011
36912 0.0011
36913 0.0011
36914 0.0011
36915 0.0011
36916 0.0011
36917 0.0011
36918 0.0011
36919 0.0011
36920 0.0011
36921 0.0011
36922 0.0011
36923 0.0011
36924 0.0011
36925 0.0011
36926 0.0011
36927 0.0011
36928 0.0011
36929 0.0011
36930 0.0011
36931 0.0011
36932 0.0011
36933 0.0011
36934 0.0011
36935 0.0011
36936 0.0011
36937 0.0011
36938 0.0011
36939 0.0011
36940 0.0011
36941 0.0011
36942 0.0011
36943 0.0011
36944 0.0011
36945 0.0011
36946 0.0011
36947 0.0011
36948 0.0011
36949 0.0011
36950 0.0011
36951 0.0011
36952 0.0011
36953 0.0011
36954 0.0011
36955 0.0011
36956 0.0011
36957 0.0011
36958 0.0011
36959 0.0011
36960 0.0011
36961 0.0011
36962 0.0011
36963 0.0011
36964 0.0011
36965 0.0011
36966 0.0011
36967 0.0011
36968 0.0011
36969 0.0011
36970 0.0011
36971 0.0011
36972 0.0011
36973 0.0011
36974 0.0011
36975 0.0011
36976 0.0011
36977 0.0011
36978 0.0011
36979 0.0011
36980 0.0011
36981 0.0011
36982 0.0011
36983 0.0011
36984 0.0011
36985 0.0011
36986 0.0011
36987 0.0011
36988 0.0011
36989 0.0011
36990 0.0011
36991 0.0011
36992 0.0011
36993 0.0011
36994 0.0011
36995 0.0011
36996 0.0011
36997 0.0011
36998 0.0011
36999 0.0011
37000 0.0011
37001 0.0011
37002 0.0011
37003 0.0011
37004 0.0011
37005 0.0011
37006 0.0011
37007 0.0011
37008 0.0011
37009 0.0011
37010 0.0011
37011 0.0011
37012 0.0011
37013 0.0011
37014 0.0011
37015 0.0011
37016 0.0011
37017 0.0011
37018 0.0011
37019 0.0011
37020 0.0011
37021 0.0011
37022 0.0011
37023 0.0011
37024 0.0011
37025 0.0011
37026 0.0011
37027 0.0011
37028 0.0011
37029 0.0011
37030 0.0011
37031 0.0011
37032 0.0011
37033 0.0011
37034 0.0011
37035 0.0011
37036 0.0011
37037 0.0011
37038 0.0011
37039 0.0011
37040 0.0011
37041 0.0011
37042 0.0011
37043 0.0011
37044 0.0011
37045 0.0011
37046 0.0011
37047 0.0011
37048 0.0011
37049 0.0011
37050 0.0011
37051 0.0011
37052 0.0011
37053 0.0011
37054 0.0011
37055 0.0011
37056 0.0011
37057 0.0011
37058 0.0011
37059 0.0011
37060 0.0011
37061 0.0011
37062 0.0011
37063 0.0011
37064 0.0011
37065 0.0011
37066 0.0011
37067 0.0011
37068 0.0011
37069 0.0011
37070 0.0011
37071 0.0011
37072 0.0011
37073 0.0011
37074 0.0011
37075 0.0011
37076 0.0011
37077 0.0011
37078 0.0011
37079 0.0011
37080 0.0011
37081 0.0011
37082 0.0011
37083 0.0011
37084 0.0011
37085 0.0011
37086 0.0011
37087 0.0011
37088 0.0011
37089 0.0011
37090 0.0011
37091 0.0011
37092 0.0011
37093 0.0011
37094 0.0011
37095 0.0011
37096 0.0011
37097 0.0011
37098 0.0011
37099 0.0011
37100 0.0011
37101 0.0011
37102 0.0011
37103 0.0011
37104 0.0011
37105 0.0011
37106 0.0011
37107 0.0011
37108 0.0011
37109 0.0011
37110 0.0011
37111 0.0011
37112 0.0011
37113 0.0011
37114 0.0011
37115 0.0011
37116 0.0011
37117 0.0011
37118 0.0011
37119 0.0011
37120 0.0011
37121 0.0011
37122 0.0011
37123 0.0011
37124 0.0011
37125 0.0011
37126 0.0011
37127 0.0011
37128 0.0011
37129 0.0011
37130 0.0011
37131 0.0011
37132 0.0011
37133 0.0011
37134 0.0011
37135 0.0011
37136 0.0011
37137 0.0011
37138 0.0011
37139 0.0011
37140 0.0011
37141 0.0011
37142 0.0011
37143 0.0011
37144 0.0011
37145 0.0011
37146 0.0011
37147 0.0011
37148 0.0011
37149 0.0011
37150 0.0011
37151 0.0011
37152 0.0011
37153 0.0011
37154 0.0011
37155 0.0011
37156 0.0011
37157 0.0011
37158 0.0011
37159 0.0011
37160 0.0011
37161 0.0011
37162 0.0011
37163 0.0011
37164 0.0011
37165 0.0011
37166 0.0011
37167 0.0011
37168 0.0011
37169 0.0011
37170 0.0011
37171 0.0011
37172 0.0011
37173 0.0011
37174 0.0011
37175 0.0011
37176 0.0011
37177 0.0011
37178 0.0011
37179 0.0011
37180 0.0011
37181 0.0011
37182 0.0011
37183 0.0011
37184 0.0011
37185 0.0011
37186 0.0011
37187 0.0011
37188 0.0011
37189 0.0011
37190 0.0011
37191 0.0011
37192 0.0011
37193 0.0011
37194 0.0011
37195 0.0011
37196 0.0011
37197 0.0011
37198 0.0011
37199 0.0011
37200 0.0011
37201 0.0011
37202 0.0011
37203 0.0011
37204 0.0011
37205 0.0011
37206 0.0011
37207 0.0011
37208 0.0011
37209 0.0011
37210 0.0011
37211 0.0011
37212 0.0011
37213 0.0011
37214 0.0011
37215 0.0011
37216 0.0011
37217 0.0011
37218 0.0011
37219 0.0011
37220 0.0011
37221 0.0011
37222 0.0011
37223 0.0011
37224 0.0011
37225 0.0011
37226 0.0011
37227 0.0011
37228 0.0011
37229 0.0011
37230 0.0011
37231 0.0011
37232 0.0011
37233 0.0011
37234 0.0011
37235 0.0011
37236 0.0011
37237 0.0011
37238 0.0011
37239 0.0011
37240 0.0011
37241 0.0011
37242 0.0011
37243 0.0011
37244 0.0011
37245 0.0011
37246 0.0011
37247 0.0011
37248 0.0011
37249 0.0011
37250 0.0011
37251 0.0011
37252 0.0011
37253 0.0011
37254 0.0011
37255 0.0011
37256 0.0011
37257 0.0011
37258 0.0011
37259 0.0011
37260 0.0011
37261 0.0011
37262 0.0011
37263 0.0011
37264 0.0011
37265 0.0011
37266 0.0011
37267 0.0011
37268 0.0011
37269 0.0011
37270 0.0011
37271 0.0011
37272 0.0011
37273 0.0011
37274 0.0011
37275 0.0011
37276 0.0011
37277 0.0011
37278 0.0011
37279 0.0011
37280 0.0011
37281 0.0011
37282 0.0011
37283 0.0011
37284 0.0011
37285 0.0011
37286 0.0011
37287 0.0011
37288 0.0011
37289 0.0011
37290 0.0011
37291 0.0011
37292 0.0011
37293 0.0011
37294 0.0011
37295 0.0011
37296 0.0011
37297 0.0011
37298 0.0011
37299 0.0011
37300 0.0011
37301 0.0011
37302 0.0011
37303 0.0011
37304 0.0011
37305 0.0011
37306 0.0011
37307 0.0011
37308 0.0011
37309 0.0011
37310 0.0011
37311 0.0011
37312 0.0011
37313 0.0011
37314 0.0011
37315 0.0011
37316 0.0011
37317 0.0011
37318 0.0011
37319 0.0011
37320 0.0011
37321 0.0011
37322 0.0011
37323 0.0011
37324 0.0011
37325 0.0011
37326 0.0011
37327 0.0011
37328 0.0011
37329 0.0011
37330 0.0011
37331 0.0011
37332 0.0011
37333 0.0011
37334 0.0011
37335 0.0011
37336 0.0011
37337 0.0011
37338 0.0011
37339 0.0011
37340 0.0011
37341 0.0011
37342 0.0011
37343 0.0011
37344 0.0011
37345 0.0011
37346 0.0011
37347 0.0011
37348 0.0011
37349 0.0011
37350 0.0011
37351 0.0011
37352 0.0011
37353 0.0011
37354 0.0011
37355 0.0011
37356 0.0011
37357 0.0011
37358 0.0011
37359 0.0011
37360 0.0011
37361 0.0011
37362 0.0011
37363 0.0011
37364 0.0011
37365 0.0011
37366 0.0011
37367 0.0011
37368 0.0011
37369 0.0011
37370 0.0011
37371 0.0011
37372 0.0011
37373 0.0011
37374 0.0011
37375 0.0011
37376 0.0011
37377 0.0011
37378 0.0011
37379 0.0011
37380 0.0011
37381 0.0011
37382 0.0011
37383 0.0011
37384 0.0011
37385 0.0011
37386 0.0011
37387 0.0011
37388 0.0011
37389 0.0011
37390 0.0011
37391 0.0011
37392 0.0011
37393 0.0011
37394 0.0011
37395 0.0011
37396 0.0011
37397 0.0011
37398 0.0011
37399 0.0011
37400 0.0011
37401 0.0011
37402 0.0011
37403 0.0011
37404 0.0011
37405 0.0011
37406 0.0011
37407 0.0011
37408 0.0011
37409 0.0011
37410 0.0011
37411 0.0011
37412 0.0011
37413 0.0011
37414 0.0011
37415 0.0011
37416 0.0011
37417 0.0011
37418 0.0011
37419 0.0011
37420 0.0011
37421 0.0011
37422 0.0011
37423 0.0011
37424 0.0011
37425 0.0011
37426 0.0011
37427 0.0011
37428 0.0011
37429 0.0011
37430 0.0011
37431 0.0011
37432 0.0011
37433 0.0011
37434 0.0011
37435 0.0011
37436 0.0011
37437 0.0011
37438 0.0011
37439 0.0011
37440 0.0011
37441 0.0011
37442 0.0011
37443 0.0011
37444 0.0011
37445 0.0011
37446 0.0011
37447 0.0011
37448 0.0011
37449 0.0011
37450 0.0011
37451 0.0011
37452 0.0011
37453 0.0011
37454 0.0011
37455 0.0011
37456 0.0011
37457 0.0011
37458 0.0011
37459 0.0011
37460 0.0011
37461 0.0011
37462 0.0011
37463 0.0011
37464 0.0011
37465 0.0011
37466 0.0011
37467 0.0011
37468 0.0011
37469 0.0011
37470 0.0011
37471 0.0011
37472 0.0011
37473 0.0011
37474 0.0011
37475 0.0011
37476 0.0011
37477 0.0011
37478 0.0011
37479 0.0011
37480 0.0011
37481 0.0011
37482 0.0011
37483 0.0011
37484 0.0011
37485 0.0011
37486 0.0011
37487 0.0011
37488 0.0011
37489 0.0011
37490 0.0011
37491 0.0011
37492 0.0011
37493 0.0011
37494 0.0011
37495 0.0011
37496 0.0011
37497 0.0011
37498 0.0011
37499 0.0011
37500 0.0011
37501 0.0011
37502 0.0011
37503 0.0011
37504 0.0011
37505 0.0011
37506 0.0011
37507 0.0011
37508 0.0011
37509 0.0011
37510 0.0011
37511 0.0011
37512 0.0011
37513 0.0011
37514 0.0011
37515 0.0011
37516 0.0011
37517 0.0011
37518 0.0011
37519 0.0011
37520 0.0011
37521 0.0011
37522 0.0011
37523 0.0011
37524 0.0011
37525 0.0011
37526 0.0011
37527 0.0011
37528 0.0011
37529 0.0011
37530 0.0011
37531 0.0011
37532 0.0011
37533 0.0011
37534 0.0011
37535 0.0011
37536 0.0011
37537 0.0011
37538 0.0011
37539 0.0011
37540 0.0011
37541 0.0011
37542 0.0011
37543 0.0011
37544 0.0011
37545 0.0011
37546 0.0011
37547 0.0011
37548 0.0011
37549 0.0011
37550 0.0011
37551 0.0011
37552 0.0011
37553 0.0011
37554 0.0011
37555 0.0011
37556 0.0011
37557 0.0011
37558 0.0011
37559 0.0011
37560 0.0011
37561 0.0011
37562 0.0011
37563 0.0011
37564 0.0011
37565 0.0011
37566 0.0011
37567 0.0011
37568 0.0011
37569 0.0011
37570 0.0011
37571 0.0011
37572 0.0011
37573 0.0011
37574 0.0011
37575 0.0011
37576 0.0011
37577 0.0011
37578 0.0011
37579 0.0011
37580 0.0011
37581 0.0011
37582 0.0011
37583 0.0011
37584 0.0011
37585 0.0011
37586 0.0011
37587 0.0011
37588 0.0011
37589 0.0011
37590 0.0011
37591 0.0011
37592 0.0011
37593 0.0011
37594 0.0011
37595 0.0011
37596 0.0011
37597 0.0011
37598 0.0011
37599 0.0011
37600 0.0011
37601 0.0011
37602 0.0011
37603 0.0011
37604 0.0011
37605 0.0011
37606 0.0011
37607 0.0011
37608 0.0011
37609 0.0011
37610 0.0011
37611 0.0011
37612 0.0011
37613 0.0011
37614 0.0011
37615 0.0011
37616 0.0011
37617 0.0011
37618 0.0011
37619 0.0011
37620 0.0011
37621 0.0011
37622 0.0011
37623 0.0011
37624 0.0011
37625 0.0011
37626 0.0011
37627 0.0011
37628 0.0011
37629 0.0011
37630 0.0011
37631 0.0011
37632 0.0011
37633 0.0011
37634 0.0011
37635 0.0011
37636 0.0011
37637 0.0011
37638 0.0011
37639 0.0011
37640 0.0011
37641 0.0011
37642 0.0011
37643 0.0011
37644 0.0011
37645 0.0011
37646 0.0011
37647 0.0011
37648 0.0011
37649 0.0011
37650 0.0011
37651 0.0011
37652 0.0011
37653 0.0011
37654 0.0011
37655 0.0011
37656 0.0011
37657 0.0011
37658 0.0011
37659 0.0011
37660 0.0011
37661 0.0011
37662 0.0011
37663 0.0011
37664 0.0011
37665 0.0011
37666 0.0011
37667 0.0011
37668 0.0011
37669 0.0011
37670 0.0011
37671 0.0011
37672 0.0011
37673 0.0011
37674 0.0011
37675 0.0011
37676 0.0011
37677 0.0011
37678 0.0011
37679 0.0011
37680 0.0011
37681 0.0011
37682 0.0011
37683 0.0011
37684 0.0011
37685 0.0011
37686 0.0011
37687 0.0011
37688 0.0011
37689 0.0011
37690 0.0011
37691 0.0011
37692 0.0011
37693 0.0011
37694 0.0011
37695 0.0011
37696 0.0011
37697 0.0011
37698 0.0011
37699 0.0011
37700 0.0011
37701 0.0011
37702 0.0011
37703 0.0011
37704 0.0011
37705 0.0011
37706 0.0011
37707 0.0011
37708 0.0011
37709 0.0011
37710 0.0011
37711 0.0011
37712 0.0011
37713 0.0011
37714 0.0011
37715 0.0011
37716 0.0011
37717 0.0011
37718 0.0011
37719 0.0011
37720 0.0011
37721 0.0011
37722 0.0011
37723 0.0011
37724 0.0011
37725 0.0011
37726 0.0011
37727 0.0011
37728 0.0011
37729 0.0011
37730 0.0011
37731 0.0011
37732 0.0011
37733 0.0011
37734 0.0011
37735 0.0011
37736 0.0011
37737 0.0011
37738 0.0011
37739 0.0011
37740 0.0011
37741 0.0011
37742 0.0011
37743 0.0011
37744 0.0011
37745 0.0011
37746 0.0011
37747 0.0011
37748 0.0011
37749 0.0011
37750 0.0011
37751 0.0011
37752 0.0011
37753 0.0011
37754 0.0011
37755 0.0011
37756 0.0011
37757 0.0011
37758 0.0011
37759 0.0011
37760 0.0011
37761 0.0011
37762 0.0011
37763 0.0011
37764 0.0011
37765 0.0011
37766 0.0011
37767 0.0011
37768 0.0011
37769 0.0011
37770 0.0011
37771 0.0011
37772 0.0011
37773 0.0011
37774 0.0011
37775 0.0011
37776 0.0011
37777 0.0011
37778 0.0011
37779 0.0011
37780 0.0011
37781 0.0011
37782 0.0011
37783 0.0011
37784 0.0011
37785 0.0011
37786 0.0011
37787 0.0011
37788 0.0011
37789 0.0011
37790 0.0011
37791 0.0011
37792 0.0011
37793 0.0011
37794 0.0011
37795 0.0011
37796 0.0011
37797 0.0011
37798 0.0011
37799 0.0011
37800 0.0011
37801 0.0011
37802 0.0011
37803 0.0011
37804 0.0011
37805 0.0011
37806 0.0011
37807 0.0011
37808 0.0011
37809 0.0011
37810 0.0011
37811 0.0011
37812 0.0011
37813 0.0011
37814 0.0011
37815 0.0011
37816 0.0011
37817 0.0011
37818 0.0011
37819 0.0011
37820 0.0011
37821 0.0011
37822 0.0011
37823 0.0011
37824 0.0011
37825 0.0011
37826 0.0011
37827 0.0011
37828 0.0011
37829 0.0011
37830 0.0011
37831 0.0011
37832 0.0011
37833 0.0011
37834 0.0011
37835 0.0011
37836 0.0011
37837 0.0011
37838 0.0011
37839 0.0011
37840 0.0011
37841 0.0011
37842 0.0011
37843 0.0011
37844 0.0011
37845 0.0011
37846 0.0011
37847 0.0011
37848 0.0011
37849 0.0011
37850 0.0011
37851 0.0011
37852 0.0011
37853 0.0011
37854 0.0011
37855 0.0011
37856 0.0011
37857 0.0011
37858 0.0011
37859 0.0011
37860 0.0011
37861 0.0011
37862 0.0011
37863 0.0011
37864 0.0011
37865 0.0011
37866 0.0011
37867 0.0011
37868 0.0011
37869 0.0011
37870 0.0011
37871 0.0011
37872 0.0011
37873 0.0011
37874 0.0011
37875 0.0011
37876 0.0011
37877 0.0011
37878 0.0011
37879 0.0011
37880 0.0011
37881 0.0011
37882 0.0011
37883 0.0011
37884 0.0011
37885 0.0011
37886 0.0011
37887 0.0011
37888 0.0011
37889 0.0011
37890 0.0011
37891 0.0011
37892 0.0011
37893 0.0011
37894 0.0011
37895 0.0011
37896 0.0011
37897 0.0011
37898 0.0011
37899 0.0011
37900 0.0011
37901 0.0011
37902 0.0011
37903 0.0011
37904 0.0011
37905 0.0011
37906 0.0011
37907 0.0011
37908 0.0011
37909 0.0011
37910 0.0011
37911 0.0011
37912 0.0011
37913 0.0011
37914 0.0011
37915 0.0011
37916 0.0011
37917 0.0011
37918 0.0011
37919 0.0011
37920 0.0011
37921 0.0011
37922 0.0011
37923 0.0011
37924 0.0011
37925 0.0011
37926 0.0011
37927 0.0011
37928 0.0011
37929 0.0011
37930 0.0011
37931 0.0011
37932 0.0011
37933 0.0011
37934 0.0011
37935 0.0011
37936 0.0011
37937 0.0011
37938 0.0011
37939 0.0011
37940 0.0011
37941 0.0011
37942 0.0011
37943 0.0011
37944 0.0011
37945 0.0011
37946 0.0011
37947 0.0011
37948 0.0011
37949 0.0011
37950 0.0011
37951 0.0011
37952 0.0011
37953 0.0011
37954 0.0011
37955 0.0011
37956 0.0011
37957 0.0011
37958 0.0011
37959 0.0011
37960 0.0011
37961 0.0011
37962 0.0011
37963 0.0011
37964 0.0011
37965 0.0011
37966 0.0011
37967 0.0011
37968 0.0011
37969 0.0011
37970 0.0011
37971 0.0011
37972 0.0011
37973 0.0011
37974 0.0011
37975 0.0011
37976 0.0011
37977 0.0011
37978 0.0011
37979 0.0011
37980 0.0011
37981 0.0011
37982 0.0011
37983 0.0011
37984 0.0011
37985 0.0011
37986 0.0011
37987 0.0011
37988 0.0011
37989 0.0011
37990 0.0011
37991 0.0011
37992 0.0011
37993 0.0011
37994 0.0011
37995 0.0011
37996 0.0011
37997 0.0011
37998 0.0011
37999 0.0011
38000 0.0011
38001 0.0011
38002 0.0011
38003 0.0011
38004 0.0011
38005 0.0011
38006 0.0011
38007 0.0011
38008 0.0011
38009 0.0011
38010 0.0011
38011 0.0011
38012 0.0011
38013 0.0011
38014 0.0011
38015 0.0011
38016 0.0011
38017 0.0011
38018 0.0011
38019 0.0011
38020 0.0011
38021 0.0011
38022 0.0011
38023 0.0011
38024 0.0011
38025 0.0011
38026 0.0011
38027 0.0011
38028 0.0011
38029 0.0011
38030 0.0011
38031 0.0011
38032 0.0011
38033 0.0011
38034 0.0011
38035 0.0011
38036 0.0011
38037 0.0011
38038 0.0011
38039 0.0011
38040 0.0011
38041 0.0011
38042 0.0011
38043 0.0011
38044 0.0011
38045 0.0011
38046 0.0011
38047 0.0011
38048 0.0011
38049 0.0011
38050 0.0011
38051 0.0011
38052 0.0011
38053 0.0011
38054 0.0011
38055 0.0011
38056 0.0011
38057 0.0011
38058 0.0011
38059 0.0011
38060 0.0011
38061 0.0011
38062 0.0011
38063 0.0011
38064 0.0011
38065 0.0011
38066 0.0011
38067 0.0011
38068 0.0011
38069 0.0011
38070 0.0011
38071 0.0011
38072 0.0011
38073 0.0011
38074 0.0011
38075 0.0011
38076 0.0011
38077 0.0011
38078 0.0011
38079 0.0011
38080 0.0011
38081 0.0011
38082 0.0011
38083 0.0011
38084 0.0011
38085 0.0011
38086 0.0011
38087 0.0011
38088 0.0011
38089 0.0011
38090 0.0011
38091 0.0011
38092 0.0011
38093 0.0011
38094 0.0011
38095 0.0011
38096 0.0011
38097 0.0011
38098 0.0011
38099 0.0011
38100 0.0011
38101 0.0011
38102 0.0011
38103 0.0011
38104 0.0011
38105 0.0011
38106 0.0011
38107 0.0011
38108 0.0011
38109 0.0011
38110 0.0011
38111 0.0011
38112 0.0011
38113 0.0011
38114 0.0011
38115 0.0011
38116 0.0011
38117 0.0011
38118 0.0011
38119 0.0011
38120 0.0011
38121 0.0011
38122 0.0011
38123 0.0011
38124 0.0011
38125 0.0011
38126 0.0011
38127 0.0011
38128 0.0011
38129 0.0011
38130 0.0011
38131 0.0011
38132 0.0011
38133 0.0011
38134 0.0011
38135 0.0011
38136 0.0011
38137 0.0011
38138 0.0011
38139 0.0011
38140 0.0011
38141 0.0011
38142 0.0011
38143 0.0011
38144 0.0011
38145 0.0011
38146 0.0011
38147 0.0011
38148 0.0011
38149 0.0011
38150 0.0011
38151 0.0011
38152 0.0011
38153 0.0011
38154 0.0011
38155 0.0011
38156 0.0011
38157 0.0011
38158 0.0011
38159 0.0011
38160 0.0011
38161 0.0011
38162 0.0011
38163 0.0011
38164 0.0011
38165 0.0011
38166 0.0011
38167 0.0011
38168 0.0011
38169 0.0011
38170 0.0011
38171 0.0011
38172 0.0011
38173 0.0011
38174 0.0011
38175 0.0011
38176 0.0011
38177 0.0011
38178 0.0011
38179 0.0011
38180 0.0011
38181 0.0011
38182 0.0011
38183 0.0011
38184 0.0011
38185 0.0011
38186 0.0011
38187 0.0011
38188 0.0011
38189 0.0011
38190 0.0011
38191 0.0011
38192 0.0011
38193 0.0011
38194 0.0011
38195 0.0011
38196 0.0011
38197 0.0011
38198 0.0011
38199 0.0011
38200 0.0011
38201 0.0011
38202 0.0011
38203 0.0011
38204 0.0011
38205 0.0011
38206 0.0011
38207 0.0011
38208 0.0011
38209 0.0011
38210 0.0011
38211 0.0011
38212 0.0011
38213 0.0011
38214 0.0011
38215 0.0011
38216 0.0011
38217 0.0011
38218 0.0011
38219 0.0011
38220 0.0011
38221 0.0011
38222 0.0011
38223 0.0011
38224 0.0011
38225 0.0011
38226 0.0011
38227 0.0011
38228 0.0011
38229 0.0011
38230 0.0011
38231 0.0011
38232 0.0011
38233 0.0011
38234 0.0011
38235 0.0011
38236 0.0011
38237 0.0011
38238 0.0011
38239 0.0011
38240 0.0011
38241 0.0011
38242 0.0011
38243 0.0011
38244 0.0011
38245 0.0011
38246 0.0011
38247 0.0011
38248 0.0011
38249 0.0011
38250 0.0011
38251 0.0011
38252 0.0011
38253 0.0011
38254 0.0011
38255 0.0011
38256 0.0011
38257 0.0011
38258 0.0011
38259 0.0011
38260 0.0011
38261 0.0011
38262 0.0011
38263 0.0011
38264 0.0011
38265 0.0011
38266 0.0011
38267 0.0011
38268 0.0011
38269 0.0011
38270 0.0011
38271 0.0011
38272 0.0011
38273 0.0011
38274 0.0011
38275 0.0011
38276 0.0011
38277 0.0011
38278 0.0011
38279 0.0011
38280 0.0011
38281 0.0011
38282 0.0011
38283 0.0011
38284 0.0011
38285 0.0011
38286 0.0011
38287 0.0011
38288 0.0011
38289 0.0011
38290 0.0011
38291 0.0011
38292 0.0011
38293 0.0011
38294 0.0011
38295 0.0011
38296 0.0011
38297 0.0011
38298 0.0011
38299 0.0011
38300 0.0011
38301 0.0011
38302 0.0011
38303 0.0011
38304 0.0011
38305 0.0011
38306 0.0011
38307 0.0011
38308 0.0011
38309 0.0011
38310 0.0011
38311 0.0011
38312 0.0011
38313 0.0011
38314 0.0011
38315 0.0011
38316 0.0011
38317 0.0011
38318 0.0011
38319 0.0011
38320 0.0011
38321 0.0011
38322 0.0011
38323 0.0011
38324 0.0011
38325 0.0011
38326 0.0011
38327 0.0011
38328 0.0011
38329 0.0011
38330 0.0011
38331 0.0011
38332 0.0011
38333 0.0011
38334 0.0011
38335 0.0011
38336 0.0011
38337 0.0011
38338 0.0011
38339 0.0011
38340 0.0011
38341 0.0011
38342 0.0011
38343 0.0011
38344 0.0011
38345 0.0011
38346 0.0011
38347 0.0011
38348 0.0011
38349 0.0011
38350 0.0011
38351 0.0011
38352 0.0011
38353 0.0011
38354 0.0011
38355 0.0011
38356 0.0011
38357 0.0011
38358 0.0011
38359 0.0011
38360 0.0011
38361 0.0011
38362 0.0011
38363 0.0011
38364 0.0011
38365 0.0011
38366 0.0011
38367 0.0011
38368 0.0011
38369 0.0011
38370 0.0011
38371 0.0011
38372 0.0011
38373 0.0011
38374 0.0011
38375 0.0011
38376 0.0011
38377 0.0011
38378 0.0011
38379 0.0011
38380 0.0011
38381 0.0011
38382 0.0011
38383 0.0011
38384 0.0011
38385 0.0011
38386 0.0011
38387 0.0011
38388 0.0011
38389 0.0011
38390 0.0011
38391 0.0011
38392 0.0011
38393 0.0011
38394 0.0011
38395 0.0011
38396 0.0011
38397 0.0011
38398 0.0011
38399 0.0011
38400 0.0011
38401 0.0011
38402 0.0011
38403 0.0011
38404 0.0011
38405 0.0011
38406 0.0011
38407 0.0011
38408 0.0011
38409 0.0011
38410 0.0011
38411 0.0011
38412 0.0011
38413 0.0011
38414 0.0011
38415 0.0011
38416 0.0011
38417 0.0011
38418 0.0011
38419 0.0011
38420 0.0011
38421 0.0011
38422 0.0011
38423 0.0011
38424 0.0011
38425 0.0011
38426 0.0011
38427 0.0011
38428 0.0011
38429 0.0011
38430 0.0011
38431 0.0011
38432 0.0011
38433 0.0011
38434 0.0011
38435 0.0011
38436 0.0011
38437 0.0011
38438 0.0011
38439 0.0011
38440 0.0011
38441 0.0011
38442 0.0011
38443 0.0011
38444 0.0011
38445 0.0011
38446 0.0011
38447 0.0011
38448 0.0011
38449 0.0011
38450 0.0011
38451 0.0011
38452 0.0011
38453 0.0011
38454 0.0011
38455 0.0011
38456 0.0011
38457 0.0011
38458 0.0011
38459 0.0011
38460 0.0011
38461 0.0011
38462 0.0011
38463 0.0011
38464 0.0011
38465 0.0011
38466 0.0011
38467 0.0011
38468 0.0011
38469 0.0011
38470 0.0011
38471 0.0011
38472 0.0011
38473 0.0011
38474 0.0011
38475 0.0011
38476 0.0011
38477 0.0011
38478 0.0011
38479 0.0011
38480 0.0011
38481 0.0011
38482 0.0011
38483 0.0011
38484 0.0011
38485 0.0011
38486 0.0011
38487 0.0011
38488 0.0011
38489 0.0011
38490 0.0011
38491 0.0011
38492 0.0011
38493 0.0011
38494 0.0011
38495 0.0011
38496 0.0011
38497 0.0011
38498 0.0011
38499 0.0011
38500 0.0011
38501 0.0011
38502 0.0011
38503 0.0011
38504 0.0011
38505 0.0011
38506 0.0011
38507 0.0011
38508 0.0011
38509 0.0011
38510 0.0011
38511 0.0011
38512 0.0011
38513 0.0011
38514 0.0011
38515 0.0011
38516 0.0011
38517 0.0011
38518 0.0011
38519 0.0011
38520 0.0011
38521 0.0011
38522 0.0011
38523 0.0011
38524 0.0011
38525 0.0011
38526 0.0011
38527 0.0011
38528 0.0011
38529 0.0011
38530 0.0011
38531 0.0011
38532 0.0011
38533 0.0011
38534 0.0011
38535 0.0011
38536 0.0011
38537 0.0011
38538 0.0011
38539 0.0011
38540 0.0011
38541 0.0011
38542 0.0011
38543 0.0011
38544 0.0011
38545 0.0011
38546 0.0011
38547 0.0011
38548 0.0011
38549 0.0011
38550 0.0011
38551 0.0011
38552 0.0011
38553 0.0011
38554 0.0011
38555 0.0011
38556 0.0011
38557 0.0011
38558 0.0011
38559 0.0011
38560 0.0011
38561 0.0011
38562 0.0011
38563 0.0011
38564 0.0011
38565 0.0011
38566 0.0011
38567 0.0011
38568 0.0011
38569 0.0011
38570 0.0011
38571 0.0011
38572 0.0011
38573 0.0011
38574 0.0011
38575 0.0011
38576 0.0011
38577 0.0011
38578 0.0011
38579 0.0011
38580 0.0011
38581 0.0011
38582 0.0011
38583 0.0011
38584 0.0011
38585 0.0011
38586 0.0011
38587 0.0011
38588 0.0011
38589 0.0011
38590 0.0011
38591 0.0011
38592 0.0011
38593 0.0011
38594 0.0011
38595 0.0011
38596 0.0011
38597 0.0011
38598 0.0011
38599 0.0011
38600 0.0011
38601 0.0011
38602 0.0011
38603 0.0011
38604 0.0011
38605 0.0011
38606 0.0011
38607 0.0011
38608 0.0011
38609 0.0011
38610 0.0011
38611 0.0011
38612 0.0011
38613 0.0011
38614 0.0011
38615 0.0011
38616 0.0011
38617 0.0011
38618 0.0011
38619 0.0011
38620 0.0011
38621 0.0011
38622 0.0011
38623 0.0011
38624 0.0011
38625 0.0011
38626 0.0011
38627 0.0011
38628 0.0011
38629 0.0011
38630 0.0011
38631 0.0011
38632 0.0011
38633 0.0011
38634 0.0011
38635 0.0011
38636 0.0011
38637 0.0011
38638 0.0011
38639 0.0011
38640 0.0011
38641 0.0011
38642 0.0011
38643 0.0011
38644 0.0011
38645 0.0011
38646 0.0011
38647 0.0011
38648 0.0011
38649 0.0011
38650 0.0011
38651 0.0011
38652 0.0011
38653 0.0011
38654 0.0011
38655 0.0011
38656 0.0011
38657 0.0011
38658 0.0011
38659 0.0011
38660 0.0011
38661 0.0011
38662 0.0011
38663 0.0011
38664 0.0011
38665 0.0011
38666 0.0011
38667 0.0011
38668 0.0011
38669 0.0011
38670 0.0011
38671 0.0011
38672 0.0011
38673 0.0011
38674 0.0011
38675 0.0011
38676 0.0011
38677 0.0011
38678 0.0011
38679 0.0011
38680 0.0011
38681 0.0011
38682 0.0011
38683 0.0011
38684 0.0011
38685 0.0011
38686 0.0011
38687 0.0011
38688 0.0011
38689 0.0011
38690 0.0011
38691 0.0011
38692 0.0011
38693 0.0011
38694 0.0011
38695 0.0011
38696 0.0011
38697 0.0011
38698 0.0011
38699 0.0011
38700 0.0011
38701 0.0011
38702 0.0011
38703 0.0011
38704 0.0011
38705 0.0011
38706 0.0011
38707 0.0011
38708 0.0011
38709 0.0011
38710 0.0011
38711 0.0011
38712 0.0011
38713 0.0011
38714 0.0011
38715 0.0011
38716 0.0011
38717 0.0011
38718 0.0011
38719 0.0011
38720 0.0011
38721 0.0011
38722 0.0011
38723 0.0011
38724 0.0011
38725 0.0011
38726 0.0011
38727 0.0011
38728 0.0011
38729 0.0011
38730 0.0011
38731 0.0011
38732 0.0011
38733 0.0011
38734 0.0011
38735 0.0011
38736 0.0011
38737 0.0011
38738 0.0011
38739 0.0011
38740 0.0011
38741 0.0011
38742 0.0011
38743 0.0011
38744 0.0011
38745 0.0011
38746 0.0011
38747 0.0011
38748 0.0011
38749 0.0011
38750 0.0011
38751 0.0011
38752 0.0011
38753 0.0011
38754 0.0011
38755 0.0011
38756 0.0011
38757 0.0011
38758 0.0011
38759 0.0011
38760 0.0011
38761 0.0011
38762 0.0011
38763 0.0011
38764 0.0011
38765 0.0011
38766 0.0011
38767 0.0011
38768 0.0011
38769 0.0011
38770 0.0011
38771 0.0011
38772 0.0011
38773 0.0011
38774 0.0011
38775 0.0011
38776 0.0011
38777 0.0011
38778 0.0011
38779 0.0011
38780 0.0011
38781 0.0011
38782 0.0011
38783 0.0011
38784 0.0011
38785 0.0011
38786 0.0011
38787 0.0011
38788 0.0011
38789 0.0011
38790 0.0011
38791 0.0011
38792 0.0011
38793 0.0011
38794 0.0011
38795 0.0011
38796 0.0011
38797 0.0011
38798 0.0011
38799 0.0011
38800 0.0011
38801 0.0011
38802 0.0011
38803 0.0011
38804 0.0011
38805 0.0011
38806 0.0011
38807 0.0011
38808 0.0011
38809 0.0011
38810 0.0011
38811 0.0011
38812 0.0011
38813 0.0011
38814 0.0011
38815 0.0011
38816 0.0011
38817 0.0011
38818 0.0011
38819 0.0011
38820 0.0011
38821 0.0011
38822 0.0011
38823 0.0011
38824 0.0011
38825 0.0011
38826 0.0011
38827 0.0011
38828 0.0011
38829 0.0011
38830 0.0011
38831 0.0011
38832 0.0011
38833 0.0011
38834 0.0011
38835 0.0011
38836 0.0011
38837 0.0011
38838 0.0011
38839 0.0011
38840 0.0011
38841 0.0011
38842 0.0011
38843 0.0011
38844 0.0011
38845 0.0011
38846 0.0011
38847 0.0011
38848 0.0011
38849 0.0011
38850 0.0011
38851 0.0011
38852 0.0011
38853 0.0011
38854 0.0011
38855 0.0011
38856 0.0011
38857 0.0011
38858 0.0011
38859 0.0011
38860 0.0011
38861 0.0011
38862 0.0011
38863 0.0011
38864 0.0011
38865 0.0011
38866 0.0011
38867 0.0011
38868 0.0011
38869 0.0011
38870 0.0011
38871 0.0011
38872 0.0011
38873 0.0011
38874 0.0011
38875 0.0011
38876 0.0011
38877 0.0011
38878 0.0011
38879 0.0011
38880 0.0011
38881 0.0011
38882 0.0011
38883 0.0011
38884 0.0011
38885 0.0011
38886 0.0011
38887 0.0011
38888 0.0011
38889 0.0011
38890 0.0011
38891 0.0011
38892 0.0011
38893 0.0011
38894 0.0011
38895 0.0011
38896 0.0011
38897 0.0011
38898 0.0011
38899 0.0011
38900 0.0011
38901 0.0011
38902 0.0011
38903 0.0011
38904 0.0011
38905 0.0011
38906 0.0011
38907 0.0011
38908 0.0011
38909 0.0011
38910 0.0011
38911 0.0011
38912 0.0011
38913 0.0011
38914 0.0011
38915 0.0011
38916 0.0011
38917 0.0011
38918 0.0011
38919 0.0011
38920 0.0011
38921 0.0011
38922 0.0011
38923 0.0011
38924 0.0011
38925 0.0011
38926 0.0011
38927 0.0011
38928 0.0011
38929 0.0011
38930 0.0011
38931 0.0011
38932 0.0011
38933 0.0011
38934 0.0011
38935 0.0011
38936 0.0011
38937 0.0011
38938 0.0011
38939 0.0011
38940 0.0011
38941 0.0011
38942 0.0011
38943 0.0011
38944 0.0011
38945 0.0011
38946 0.0011
38947 0.0011
38948 0.0011
38949 0.0011
38950 0.0011
38951 0.0011
38952 0.0011
38953 0.0011
38954 0.0011
38955 0.0011
38956 0.0011
38957 0.0011
38958 0.0011
38959 0.0011
38960 0.0011
38961 0.0011
38962 0.0011
38963 0.0011
38964 0.0011
38965 0.0011
38966 0.0011
38967 0.0011
38968 0.0011
38969 0.0011
38970 0.0011
38971 0.0011
38972 0.0011
38973 0.0011
38974 0.0011
38975 0.0011
38976 0.0011
38977 0.0011
38978 0.0011
38979 0.0011
38980 0.0011
38981 0.0011
38982 0.0011
38983 0.0011
38984 0.0011
38985 0.0011
38986 0.0011
38987 0.0011
38988 0.0011
38989 0.0011
38990 0.0011
38991 0.0011
38992 0.0011
38993 0.0011
38994 0.0011
38995 0.0011
38996 0.0011
38997 0.0011
38998 0.0011
38999 0.0011
39000 0.0011
39001 0.0011
39002 0.0011
39003 0.0011
39004 0.0011
39005 0.0011
39006 0.0011
39007 0.0011
39008 0.0011
39009 0.0011
39010 0.0011
39011 0.0011
39012 0.0011
39013 0.0011
39014 0.0011
39015 0.0011
39016 0.0011
39017 0.0011
39018 0.0011
39019 0.0011
39020 0.0011
39021 0.0011
39022 0.0011
39023 0.0011
39024 0.0011
39025 0.0011
39026 0.0011
39027 0.0011
39028 0.0011
39029 0.0011
39030 0.0011
39031 0.0011
39032 0.0011
39033 0.0011
39034 0.0011
39035 0.0011
39036 0.0011
39037 0.0011
39038 0.0011
39039 0.0011
39040 0.0011
39041 0.0011
39042 0.0011
39043 0.0011
39044 0.0011
39045 0.0011
39046 0.0011
39047 0.0011
39048 0.0011
39049 0.0011
39050 0.0011
39051 0.0011
39052 0.0011
39053 0.0011
39054 0.0011
39055 0.0011
39056 0.0011
39057 0.0011
39058 0.0011
39059 0.0011
39060 0.0011
39061 0.0011
39062 0.0011
39063 0.0011
39064 0.0011
39065 0.0011
39066 0.0011
39067 0.0011
39068 0.0011
39069 0.0011
39070 0.0011
39071 0.0011
39072 0.0011
39073 0.0011
39074 0.0011
39075 0.0011
39076 0.0011
39077 0.0011
39078 0.0011
39079 0.0011
39080 0.0011
39081 0.0011
39082 0.0011
39083 0.0011
39084 0.0011
39085 0.0011
39086 0.0011
39087 0.0011
39088 0.0011
39089 0.0011
39090 0.0011
39091 0.0011
39092 0.0011
39093 0.0011
39094 0.0011
39095 0.0011
39096 0.0011
39097 0.0011
39098 0.0011
39099 0.0011
39100 0.0011
39101 0.0011
39102 0.0011
39103 0.0011
39104 0.0011
39105 0.0011
39106 0.0011
39107 0.0011
39108 0.0011
39109 0.0011
39110 0.0011
39111 0.0011
39112 0.0011
39113 0.0011
39114 0.0011
39115 0.0011
39116 0.0011
39117 0.0011
39118 0.0011
39119 0.0011
39120 0.0011
39121 0.0011
39122 0.0011
39123 0.0011
39124 0.0011
39125 0.0011
39126 0.0011
39127 0.0011
39128 0.0011
39129 0.0011
39130 0.0011
39131 0.0011
39132 0.0011
39133 0.0011
39134 0.0011
39135 0.0011
39136 0.0011
39137 0.0011
39138 0.0011
39139 0.0011
39140 0.0011
39141 0.0011
39142 0.0011
39143 0.0011
39144 0.0011
39145 0.0011
39146 0.0011
39147 0.0011
39148 0.0011
39149 0.0011
39150 0.0011
39151 0.0011
39152 0.0011
39153 0.0011
39154 0.0011
39155 0.0011
39156 0.0011
39157 0.0011
39158 0.0011
39159 0.0011
39160 0.0011
39161 0.0011
39162 0.0011
39163 0.0011
39164 0.0011
39165 0.0011
39166 0.0011
39167 0.0011
39168 0.0011
39169 0.0011
39170 0.0011
39171 0.0011
39172 0.0011
39173 0.0011
39174 0.0011
39175 0.0011
39176 0.0011
39177 0.0011
39178 0.0011
39179 0.0011
39180 0.0011
39181 0.0011
39182 0.0011
39183 0.0011
39184 0.0011
39185 0.0011
39186 0.0011
39187 0.0011
39188 0.0011
39189 0.0011
39190 0.0011
39191 0.0011
39192 0.0011
39193 0.0011
39194 0.0011
39195 0.0011
39196 0.0011
39197 0.0011
39198 0.0011
39199 0.0011
39200 0.0011
39201 0.0011
39202 0.0011
39203 0.0011
39204 0.0011
39205 0.0011
39206 0.0011
39207 0.0011
39208 0.0011
39209 0.0011
39210 0.0011
39211 0.0011
39212 0.0011
39213 0.0011
39214 0.0011
39215 0.0011
39216 0.0011
39217 0.0011
39218 0.0011
39219 0.0011
39220 0.0011
39221 0.0011
39222 0.0011
39223 0.0011
39224 0.0011
39225 0.0011
39226 0.0011
39227 0.0011
39228 0.0011
39229 0.0011
39230 0.0011
39231 0.0011
39232 0.0011
39233 0.0011
39234 0.0011
39235 0.0011
39236 0.0011
39237 0.0011
39238 0.0011
39239 0.0011
39240 0.0011
39241 0.0011
39242 0.0011
39243 0.0011
39244 0.0011
39245 0.0011
39246 0.0011
39247 0.0011
39248 0.0011
39249 0.0011
39250 0.0011
39251 0.0011
39252 0.0011
39253 0.0011
39254 0.0011
39255 0.0011
39256 0.0011
39257 0.0011
39258 0.0011
39259 0.0011
39260 0.0011
39261 0.0011
39262 0.0011
39263 0.0011
39264 0.0011
39265 0.0011
39266 0.0011
39267 0.0011
39268 0.0011
39269 0.0011
39270 0.0011
39271 0.0011
39272 0.0011
39273 0.0011
39274 0.0011
39275 0.0011
39276 0.0011
39277 0.0011
39278 0.0011
39279 0.0011
39280 0.0011
39281 0.0011
39282 0.0011
39283 0.0011
39284 0.0011
39285 0.0011
39286 0.0011
39287 0.0011
39288 0.0011
39289 0.0011
39290 0.0011
39291 0.0011
39292 0.0011
39293 0.0011
39294 0.0011
39295 0.0011
39296 0.0011
39297 0.0011
39298 0.0011
39299 0.0011
39300 0.0011
39301 0.0011
39302 0.0011
39303 0.0011
39304 0.0011
39305 0.0011
39306 0.0011
39307 0.0011
39308 0.0011
39309 0.0011
39310 0.0011
39311 0.0011
39312 0.0011
39313 0.0011
39314 0.0011
39315 0.0011
39316 0.0011
39317 0.0011
39318 0.0011
39319 0.0011
39320 0.0011
39321 0.0011
39322 0.0011
39323 0.0011
39324 0.0011
39325 0.0011
39326 0.0011
39327 0.0011
39328 0.0011
39329 0.0011
39330 0.0011
39331 0.0011
39332 0.0011
39333 0.0011
39334 0.0011
39335 0.0011
39336 0.0011
39337 0.0011
39338 0.0011
39339 0.0011
39340 0.0011
39341 0.0011
39342 0.0011
39343 0.0011
39344 0.0011
39345 0.0011
39346 0.0011
39347 0.0011
39348 0.0011
39349 0.0011
39350 0.0011
39351 0.0011
39352 0.0011
39353 0.0011
39354 0.0011
39355 0.0011
39356 0.0011
39357 0.0011
39358 0.0011
39359 0.0011
39360 0.0011
39361 0.0011
39362 0.0011
39363 0.0011
39364 0.0011
39365 0.0011
39366 0.0011
39367 0.0011
39368 0.0011
39369 0.0011
39370 0.0011
39371 0.0011
39372 0.0011
39373 0.0011
39374 0.0011
39375 0.0011
39376 0.0011
39377 0.0011
39378 0.0011
39379 0.0011
39380 0.0011
39381 0.0011
39382 0.0011
39383 0.0011
39384 0.0011
39385 0.0011
39386 0.0011
39387 0.0011
39388 0.0011
39389 0.0011
39390 0.0011
39391 0.0011
39392 0.0011
39393 0.0011
39394 0.0011
39395 0.0011
39396 0.0011
39397 0.0011
39398 0.0011
39399 0.0011
39400 0.0011
39401 0.0011
39402 0.0011
39403 0.0011
39404 0.0011
39405 0.0011
39406 0.0011
39407 0.0011
39408 0.0011
39409 0.0011
39410 0.0011
39411 0.0011
39412 0.0011
39413 0.0011
39414 0.0011
39415 0.0011
39416 0.0011
39417 0.0011
39418 0.0011
39419 0.0011
39420 0.0011
39421 0.0011
39422 0.0011
39423 0.0011
39424 0.0011
39425 0.0011
39426 0.0011
39427 0.0011
39428 0.0011
39429 0.0011
39430 0.0011
39431 0.0011
39432 0.0011
39433 0.0011
39434 0.0011
39435 0.0011
39436 0.0011
39437 0.0011
39438 0.0011
39439 0.0011
39440 0.0011
39441 0.0011
39442 0.0011
39443 0.0011
39444 0.0011
39445 0.0011
39446 0.0011
39447 0.0011
39448 0.0011
39449 0.0011
39450 0.0011
39451 0.0011
39452 0.0011
39453 0.0011
39454 0.0011
39455 0.0011
39456 0.0011
39457 0.0011
39458 0.0011
39459 0.0011
39460 0.0011
39461 0.0011
39462 0.0011
39463 0.0011
39464 0.0011
39465 0.0011
39466 0.0011
39467 0.0011
39468 0.0011
39469 0.0011
39470 0.0011
39471 0.0011
39472 0.0011
39473 0.0011
39474 0.0011
39475 0.0011
39476 0.0011
39477 0.0011
39478 0.0011
39479 0.0011
39480 0.0011
39481 0.0011
39482 0.0011
39483 0.0011
39484 0.0011
39485 0.0011
39486 0.0011
39487 0.0011
39488 0.0011
39489 0.0011
39490 0.0011
39491 0.0011
39492 0.0011
39493 0.0011
39494 0.0011
39495 0.0011
39496 0.0011
39497 0.0011
39498 0.0011
39499 0.0011
39500 0.0011
39501 0.0011
39502 0.0011
39503 0.0011
39504 0.0011
39505 0.0011
39506 0.0011
39507 0.0011
39508 0.0011
39509 0.0011
39510 0.0011
39511 0.0011
39512 0.0011
39513 0.0011
39514 0.0011
39515 0.0011
39516 0.0011
39517 0.0011
39518 0.0011
39519 0.0011
39520 0.0011
39521 0.0011
39522 0.0011
39523 0.0011
39524 0.0011
39525 0.0011
39526 0.0011
39527 0.0011
39528 0.0011
39529 0.0011
39530 0.0011
39531 0.0011
39532 0.0011
39533 0.0011
39534 0.0011
39535 0.0011
39536 0.0011
39537 0.0011
39538 0.0011
39539 0.0011
39540 0.0011
39541 0.0011
39542 0.0011
39543 0.0011
39544 0.0011
39545 0.0011
39546 0.0011
39547 0.0011
39548 0.0011
39549 0.0011
39550 0.0011
39551 0.0011
39552 0.0011
39553 0.0011
39554 0.0011
39555 0.0011
39556 0.0011
39557 0.0011
39558 0.0011
39559 0.0011
39560 0.0011
39561 0.0011
39562 0.0011
39563 0.0011
39564 0.0011
39565 0.0011
39566 0.0011
39567 0.0011
39568 0.0011
39569 0.0011
39570 0.0011
39571 0.0011
39572 0.0011
39573 0.0011
39574 0.0011
39575 0.0011
39576 0.0011
39577 0.0011
39578 0.0011
39579 0.0011
39580 0.0011
39581 0.0011
39582 0.0011
39583 0.0011
39584 0.0011
39585 0.0011
39586 0.0011
39587 0.0011
39588 0.0011
39589 0.0011
39590 0.0011
39591 0.0011
39592 0.0011
39593 0.0011
39594 0.0011
39595 0.0011
39596 0.0011
39597 0.0011
39598 0.0011
39599 0.0011
39600 0.0011
39601 0.0011
39602 0.0011
39603 0.0011
39604 0.0011
39605 0.0011
39606 0.0011
39607 0.0011
39608 0.0011
39609 0.0011
39610 0.0011
39611 0.0011
39612 0.0011
39613 0.0011
39614 0.0011
39615 0.0011
39616 0.0011
39617 0.0011
39618 0.0011
39619 0.0011
39620 0.0011
39621 0.0011
39622 0.0011
39623 0.0011
39624 0.0011
39625 0.0011
39626 0.0011
39627 0.0011
39628 0.0011
39629 0.0011
39630 0.0011
39631 0.0011
39632 0.0011
39633 0.0011
39634 0.0011
39635 0.0011
39636 0.0011
39637 0.0011
39638 0.0011
39639 0.0011
39640 0.0011
39641 0.0011
39642 0.0011
39643 0.0011
39644 0.0011
39645 0.0011
39646 0.0011
39647 0.0011
39648 0.0011
39649 0.0011
39650 0.0011
39651 0.0011
39652 0.0011
39653 0.0011
39654 0.0011
39655 0.0011
39656 0.0011
39657 0.0011
39658 0.0011
39659 0.0011
39660 0.0011
39661 0.0011
39662 0.0011
39663 0.0011
39664 0.0011
39665 0.0011
39666 0.0011
39667 0.0011
39668 0.0011
39669 0.0011
39670 0.0011
39671 0.0011
39672 0.0011
39673 0.0011
39674 0.0011
39675 0.0011
39676 0.0011
39677 0.0011
39678 0.0011
39679 0.0011
39680 0.0011
39681 0.0011
39682 0.0011
39683 0.0011
39684 0.0011
39685 0.0011
39686 0.0011
39687 0.0011
39688 0.0011
39689 0.0011
39690 0.0011
39691 0.0011
39692 0.0011
39693 0.0011
39694 0.0011
39695 0.0011
39696 0.0011
39697 0.0011
39698 0.0011
39699 0.0011
39700 0.0011
39701 0.0011
39702 0.0011
39703 0.0011
39704 0.0011
39705 0.0011
39706 0.0011
39707 0.0011
39708 0.0011
39709 0.0011
39710 0.0011
39711 0.0011
39712 0.0011
39713 0.0011
39714 0.0011
39715 0.0011
39716 0.0011
39717 0.0011
39718 0.0011
39719 0.0011
39720 0.0011
39721 0.0011
39722 0.0011
39723 0.0011
39724 0.0011
39725 0.0011
39726 0.0011
39727 0.0011
39728 0.0011
39729 0.0011
39730 0.0011
39731 0.0011
39732 0.0011
39733 0.0011
39734 0.0011
39735 0.0011
39736 0.0011
39737 0.0011
39738 0.0011
39739 0.0011
39740 0.0011
39741 0.0011
39742 0.0011
39743 0.0011
39744 0.0011
39745 0.0011
39746 0.0011
39747 0.0011
39748 0.0011
39749 0.0011
39750 0.0011
39751 0.0011
39752 0.0011
39753 0.0011
39754 0.0011
39755 0.0011
39756 0.0011
39757 0.0011
39758 0.0011
39759 0.0011
39760 0.0011
39761 0.0011
39762 0.0011
39763 0.0011
39764 0.0011
39765 0.0011
39766 0.0011
39767 0.0011
39768 0.0011
39769 0.0011
39770 0.0011
39771 0.0011
39772 0.0011
39773 0.0011
39774 0.0011
39775 0.0011
39776 0.0011
39777 0.0011
39778 0.0011
39779 0.0011
39780 0.0011
39781 0.0011
39782 0.0011
39783 0.0011
39784 0.0011
39785 0.0011
39786 0.0011
39787 0.0011
39788 0.0011
39789 0.0011
39790 0.0011
39791 0.0011
39792 0.0011
39793 0.0011
39794 0.0011
39795 0.0011
39796 0.0011
39797 0.0011
39798 0.0011
39799 0.0011
39800 0.0011
39801 0.0011
39802 0.0011
39803 0.0011
39804 0.0011
39805 0.0011
39806 0.0011
39807 0.0011
39808 0.0011
39809 0.0011
39810 0.0011
39811 0.0011
39812 0.0011
39813 0.0011
39814 0.0011
39815 0.0011
39816 0.0011
39817 0.0011
39818 0.0011
39819 0.0011
39820 0.0011
39821 0.0011
39822 0.0011
39823 0.0011
39824 0.0011
39825 0.0011
39826 0.0011
39827 0.0011
39828 0.0011
39829 0.0011
39830 0.0011
39831 0.0011
39832 0.0011
39833 0.0011
39834 0.0011
39835 0.0011
39836 0.0011
39837 0.0011
39838 0.0011
39839 0.0011
39840 0.0011
39841 0.0011
39842 0.0011
39843 0.0011
39844 0.0011
39845 0.0011
39846 0.0011
39847 0.0011
39848 0.0011
39849 0.0011
39850 0.0011
39851 0.0011
39852 0.0011
39853 0.0011
39854 0.0011
39855 0.0011
39856 0.0011
39857 0.0011
39858 0.0011
39859 0.0011
39860 0.0011
39861 0.0011
39862 0.0011
39863 0.0011
39864 0.0011
39865 0.0011
39866 0.0011
39867 0.0011
39868 0.0011
39869 0.0011
39870 0.0011
39871 0.0011
39872 0.0011
39873 0.0011
39874 0.0011
39875 0.0011
39876 0.0011
39877 0.0011
39878 0.0011
39879 0.0011
39880 0.0011
39881 0.0011
39882 0.0011
39883 0.0011
39884 0.0011
39885 0.0011
39886 0.0011
39887 0.0011
39888 0.0011
39889 0.0011
39890 0.0011
39891 0.0011
39892 0.0011
39893 0.0011
39894 0.0011
39895 0.0011
39896 0.0011
39897 0.0011
39898 0.0011
39899 0.0011
39900 0.0011
39901 0.0011
39902 0.0011
39903 0.0011
39904 0.0011
39905 0.0011
39906 0.0011
39907 0.0011
39908 0.0011
39909 0.0011
39910 0.0011
39911 0.0011
39912 0.0011
39913 0.0011
39914 0.0011
39915 0.0011
39916 0.0011
39917 0.0011
39918 0.0011
39919 0.0011
39920 0.0011
39921 0.0011
39922 0.0011
39923 0.0011
39924 0.0011
39925 0.0011
39926 0.0011
39927 0.0011
39928 0.0011
39929 0.0011
39930 0.0011
39931 0.0011
39932 0.0011
39933 0.0011
39934 0.0011
39935 0.0011
39936 0.0011
39937 0.0011
39938 0.0011
39939 0.0011
39940 0.0011
39941 0.0011
39942 0.0011
39943 0.0011
39944 0.0011
39945 0.0011
39946 0.0011
39947 0.0011
39948 0.0011
39949 0.0011
39950 0.0011
39951 0.0011
39952 0.0011
39953 0.0011
39954 0.0011
39955 0.0011
39956 0.0011
39957 0.0011
39958 0.0011
39959 0.0011
39960 0.0011
39961 0.0011
39962 0.0011
39963 0.0011
39964 0.0011
39965 0.0011
39966 0.0011
39967 0.0011
39968 0.0011
39969 0.0011
39970 0.0011
39971 0.0011
39972 0.0011
39973 0.0011
39974 0.0011
39975 0.0011
39976 0.0011
39977 0.0011
39978 0.0011
39979 0.0011
39980 0.0011
39981 0.0011
39982 0.0011
39983 0.0011
39984 0.0011
39985 0.0011
39986 0.0011
39987 0.0011
39988 0.0011
39989 0.0011
39990 0.0011
39991 0.0011
39992 0.0011
39993 0.0011
39994 0.0011
39995 0.0011
39996 0.0011
39997 0.0011
39998 0.0011
39999 0.0011
40000 0.0011
40001 0.0011
40002 0.0011
40003 0.0011
40004 0.0011
40005 0.0011
40006 0.0011
40007 0.0011
40008 0.0011
40009 0.0011
40010 0.0011
40011 0.0011
40012 0.0011
40013 0.0011
40014 0.0011
40015 0.0011
40016 0.0011
40017 0.0011
40018 0.0011
40019 0.0011
40020 0.0011
40021 0.0011
40022 0.0011
40023 0.0011
40024 0.0011
40025 0.0011
40026 0.0011
40027 0.0011
40028 0.0011
40029 0.0011
40030 0.0011
40031 0.0011
40032 0.0011
40033 0.0011
40034 0.0011
40035 0.0011
40036 0.0011
40037 0.0011
40038 0.0011
40039 0.0011
40040 0.0011
40041 0.0011
40042 0.0011
40043 0.0011
40044 0.0011
40045 0.0011
40046 0.0011
40047 0.0011
40048 0.0011
40049 0.0011
40050 0.0011
40051 0.0011
40052 0.0011
40053 0.0011
40054 0.0011
40055 0.0011
40056 0.0011
40057 0.0011
40058 0.0011
40059 0.0011
40060 0.0011
40061 0.0011
40062 0.0011
40063 0.0011
40064 0.0011
40065 0.0011
40066 0.0011
40067 0.0011
40068 0.0011
40069 0.0011
40070 0.0011
40071 0.0011
40072 0.0011
40073 0.0011
40074 0.0011
40075 0.0011
40076 0.0011
40077 0.0011
40078 0.0011
40079 0.0011
40080 0.0011
40081 0.0011
40082 0.0011
40083 0.0011
40084 0.0011
40085 0.0011
40086 0.0011
40087 0.0011
40088 0.0011
40089 0.0011
40090 0.0011
40091 0.0011
40092 0.0011
40093 0.0011
40094 0.0011
40095 0.0011
40096 0.0011
40097 0.0011
40098 0.0011
40099 0.0011
40100 0.0011
40101 0.0011
40102 0.0011
40103 0.0011
40104 0.0011
40105 0.0011
40106 0.0011
40107 0.0011
40108 0.0011
40109 0.0011
40110 0.0011
40111 0.0011
40112 0.0011
40113 0.0011
40114 0.0011
40115 0.0011
40116 0.0011
40117 0.0011
40118 0.0011
40119 0.0011
40120 0.0011
40121 0.0011
40122 0.0011
40123 0.0011
40124 0.0011
40125 0.0011
40126 0.0011
40127 0.0011
40128 0.0011
40129 0.0011
40130 0.0011
40131 0.0011
40132 0.0011
40133 0.0011
40134 0.0011
40135 0.0011
40136 0.0011
40137 0.0011
40138 0.0011
40139 0.0011
40140 0.0011
40141 0.0011
40142 0.0011
40143 0.0011
40144 0.0011
40145 0.0011
40146 0.0011
40147 0.0011
40148 0.0011
40149 0.0011
40150 0.0011
40151 0.0011
40152 0.0011
40153 0.0011
40154 0.0011
40155 0.0011
40156 0.0011
40157 0.0011
40158 0.0011
40159 0.0011
40160 0.0011
40161 0.0011
40162 0.0011
40163 0.0011
40164 0.0011
40165 0.0011
40166 0.0011
40167 0.0011
40168 0.0011
40169 0.0011
40170 0.0011
40171 0.0011
40172 0.0011
40173 0.0011
40174 0.0011
40175 0.0011
40176 0.0011
40177 0.0011
40178 0.0011
40179 0.0011
40180 0.0011
40181 0.0011
40182 0.0011
40183 0.0011
40184 0.0011
40185 0.0011
40186 0.0011
40187 0.0011
40188 0.0011
40189 0.0011
40190 0.0011
40191 0.0011
40192 0.0011
40193 0.0011
40194 0.0011
40195 0.0011
40196 0.0011
40197 0.0011
40198 0.0011
40199 0.0011
40200 0.0011
40201 0.0011
40202 0.0011
40203 0.0011
40204 0.0011
40205 0.0011
40206 0.0011
40207 0.0011
40208 0.0011
40209 0.0011
40210 0.0011
40211 0.0011
40212 0.0011
40213 0.0011
40214 0.0011
40215 0.0011
40216 0.0011
40217 0.0011
40218 0.0011
40219 0.0011
40220 0.0011
40221 0.0011
40222 0.0011
40223 0.0011
40224 0.0011
40225 0.0011
40226 0.0011
40227 0.0011
40228 0.0011
40229 0.0011
40230 0.0011
40231 0.0011
40232 0.0011
40233 0.0011
40234 0.0011
40235 0.0011
40236 0.0011
40237 0.0011
40238 0.0011
40239 0.0011
40240 0.0011
40241 0.0011
40242 0.0011
40243 0.0011
40244 0.0011
40245 0.0011
40246 0.0011
40247 0.0011
40248 0.0011
40249 0.0011
40250 0.0011
40251 0.0011
40252 0.0011
40253 0.0011
40254 0.0011
40255 0.0011
40256 0.0011
40257 0.0011
40258 0.0011
40259 0.0011
40260 0.0011
40261 0.0011
40262 0.0011
40263 0.0011
40264 0.0011
40265 0.0011
40266 0.0011
40267 0.0011
40268 0.0011
40269 0.0011
40270 0.0011
40271 0.0011
40272 0.0011
40273 0.0011
40274 0.0011
40275 0.0011
40276 0.0011
40277 0.0011
40278 0.0011
40279 0.0011
40280 0.0011
40281 0.0011
40282 0.0011
40283 0.0011
40284 0.0011
40285 0.0011
40286 0.0011
40287 0.0011
40288 0.0011
40289 0.0011
40290 0.0011
40291 0.0011
40292 0.0011
40293 0.0011
40294 0.0011
40295 0.0011
40296 0.0011
40297 0.0011
40298 0.0011
40299 0.0011
40300 0.0011
40301 0.0011
40302 0.0011
40303 0.0011
40304 0.0011
40305 0.0011
40306 0.0011
40307 0.0011
40308 0.0011
40309 0.0011
40310 0.0011
40311 0.0011
40312 0.0011
40313 0.0011
40314 0.0011
40315 0.0011
40316 0.0011
40317 0.0011
40318 0.0011
40319 0.0011
40320 0.0011
40321 0.0011
40322 0.0011
40323 0.0011
40324 0.0011
40325 0.0011
40326 0.0011
40327 0.0011
40328 0.0011
40329 0.0011
40330 0.0011
40331 0.0011
40332 0.0011
40333 0.0011
40334 0.0011
40335 0.0011
40336 0.0011
40337 0.0011
40338 0.0011
40339 0.0011
40340 0.0011
40341 0.0011
40342 0.0011
40343 0.0011
40344 0.0011
40345 0.0011
40346 0.0011
40347 0.0011
40348 0.0011
40349 0.0011
40350 0.0011
40351 0.0011
40352 0.0011
40353 0.0011
40354 0.0011
40355 0.0011
40356 0.0011
40357 0.0011
40358 0.0011
40359 0.0011
40360 0.0011
40361 0.0011
40362 0.0011
40363 0.0011
40364 0.0011
40365 0.0011
40366 0.0011
40367 0.0011
40368 0.0011
40369 0.0011
40370 0.0011
40371 0.0011
40372 0.0011
40373 0.0011
40374 0.0011
40375 0.0011
40376 0.0011
40377 0.0011
40378 0.0011
40379 0.0011
40380 0.0011
40381 0.0011
40382 0.0011
40383 0.0011
40384 0.0011
40385 0.0011
40386 0.0011
40387 0.0011
40388 0.0011
40389 0.0011
40390 0.0011
40391 0.0011
40392 0.0011
40393 0.0011
40394 0.0011
40395 0.0011
40396 0.0011
40397 0.0011
40398 0.0011
40399 0.0011
40400 0.0011
40401 0.0011
40402 0.0011
40403 0.0011
40404 0.0011
40405 0.0011
40406 0.0011
40407 0.0011
40408 0.0011
40409 0.0011
40410 0.0011
40411 0.0011
40412 0.0011
40413 0.0011
40414 0.0011
40415 0.0011
40416 0.0011
40417 0.0011
40418 0.0011
40419 0.0011
40420 0.0011
40421 0.0011
40422 0.0011
40423 0.0011
40424 0.0011
40425 0.0011
40426 0.0011
40427 0.0011
40428 0.0011
40429 0.0011
40430 0.0011
40431 0.0011
40432 0.0011
40433 0.0011
40434 0.0011
40435 0.0011
40436 0.0011
40437 0.0011
40438 0.0011
40439 0.0011
40440 0.0011
40441 0.0011
40442 0.0011
40443 0.0011
40444 0.0011
40445 0.0011
40446 0.0011
40447 0.0011
40448 0.0011
40449 0.0011
40450 0.0011
40451 0.0011
40452 0.0011
40453 0.0011
40454 0.0011
40455 0.0011
40456 0.0011
40457 0.0011
40458 0.0011
40459 0.0011
40460 0.0011
40461 0.0011
40462 0.0011
40463 0.0011
40464 0.0011
40465 0.0011
40466 0.0011
40467 0.0011
40468 0.0011
40469 0.0011
40470 0.0011
40471 0.0011
40472 0.0011
40473 0.0011
40474 0.0011
40475 0.0011
40476 0.0011
40477 0.0011
40478 0.0011
40479 0.0011
40480 0.0011
40481 0.0011
40482 0.0011
40483 0.0011
40484 0.0011
40485 0.0011
40486 0.0011
40487 0.0011
40488 0.0011
40489 0.0011
40490 0.0011
40491 0.0011
40492 0.0011
40493 0.0011
40494 0.0011
40495 0.0011
40496 0.0011
40497 0.0011
40498 0.0011
40499 0.0011
40500 0.0011
40501 0.0011
40502 0.0011
40503 0.0011
40504 0.0011
40505 0.0011
40506 0.0011
40507 0.0011
40508 0.0011
40509 0.0011
40510 0.0011
40511 0.0011
40512 0.0011
40513 0.0011
40514 0.0011
40515 0.0011
40516 0.0011
40517 0.0011
40518 0.0011
40519 0.0011
40520 0.0011
40521 0.0011
40522 0.0011
40523 0.0011
40524 0.0011
40525 0.0011
40526 0.0011
40527 0.0011
40528 0.0011
40529 0.0011
40530 0.0011
40531 0.0011
40532 0.0011
40533 0.0011
40534 0.0011
40535 0.0011
40536 0.0011
40537 0.0011
40538 0.0011
40539 0.0011
40540 0.0011
40541 0.0011
40542 0.0011
40543 0.0011
40544 0.0011
40545 0.0011
40546 0.0011
40547 0.0011
40548 0.0011
40549 0.0011
40550 0.0011
40551 0.0011
40552 0.0011
40553 0.0011
40554 0.0011
40555 0.0011
40556 0.0011
40557 0.0011
40558 0.0011
40559 0.0011
40560 0.0011
40561 0.0011
40562 0.0011
40563 0.0011
40564 0.0011
40565 0.0011
40566 0.0011
40567 0.0011
40568 0.0011
40569 0.0011
40570 0.0011
40571 0.0011
40572 0.0011
40573 0.0011
40574 0.0011
40575 0.0011
40576 0.0011
40577 0.0011
40578 0.0011
40579 0.0011
40580 0.0011
40581 0.0011
40582 0.0011
40583 0.0011
40584 0.0011
40585 0.0011
40586 0.0011
40587 0.0011
40588 0.0011
40589 0.0011
40590 0.0011
40591 0.0011
40592 0.0011
40593 0.0011
40594 0.0011
40595 0.0011
40596 0.0011
40597 0.0011
40598 0.0011
40599 0.0011
40600 0.0011
40601 0.0011
40602 0.0011
40603 0.0011
40604 0.0011
40605 0.0011
40606 0.0011
40607 0.0011
40608 0.0011
40609 0.0011
40610 0.0011
40611 0.0011
40612 0.0011
40613 0.0011
40614 0.0011
40615 0.0011
40616 0.0011
40617 0.0011
40618 0.0011
40619 0.0011
40620 0.0011
40621 0.0011
40622 0.0011
40623 0.0011
40624 0.0011
40625 0.0011
40626 0.0011
40627 0.0011
40628 0.0011
40629 0.0011
40630 0.0011
40631 0.0011
40632 0.0011
40633 0.0011
40634 0.0011
40635 0.0011
40636 0.0011
40637 0.0011
40638 0.0011
40639 0.0011
40640 0.0011
40641 0.0011
40642 0.0011
40643 0.0011
40644 0.0011
40645 0.0011
40646 0.0011
40647 0.0011
40648 0.0011
40649 0.0011
40650 0.0011
40651 0.0011
40652 0.0011
40653 0.0011
40654 0.0011
40655 0.0011
40656 0.0011
40657 0.0011
40658 0.0011
40659 0.0011
40660 0.0011
40661 0.0011
40662 0.0011
40663 0.0011
40664 0.0011
40665 0.0011
40666 0.0011
40667 0.0011
40668 0.0011
40669 0.0011
40670 0.0011
40671 0.0011
40672 0.0011
40673 0.0011
40674 0.0011
40675 0.0011
40676 0.0011
40677 0.0011
40678 0.0011
40679 0.0011
40680 0.0011
40681 0.0011
40682 0.0011
40683 0.0011
40684 0.0011
40685 0.0011
40686 0.0011
40687 0.0011
40688 0.0011
40689 0.0011
40690 0.0011
40691 0.0011
40692 0.0011
40693 0.0011
40694 0.0011
40695 0.0011
40696 0.0011
40697 0.0011
40698 0.0011
40699 0.0011
40700 0.0011
40701 0.0011
40702 0.0011
40703 0.0011
40704 0.0011
40705 0.0011
40706 0.0011
40707 0.0011
40708 0.0011
40709 0.0011
40710 0.0011
40711 0.0011
40712 0.0011
40713 0.0011
40714 0.0011
40715 0.0011
40716 0.0011
40717 0.0011
40718 0.0011
40719 0.0011
40720 0.0011
40721 0.0011
40722 0.0011
40723 0.0011
40724 0.0011
40725 0.0011
40726 0.0011
40727 0.0011
40728 0.0011
40729 0.0011
40730 0.0011
40731 0.0011
40732 0.0011
40733 0.0011
40734 0.0011
40735 0.0011
40736 0.0011
40737 0.0011
40738 0.0011
40739 0.0011
40740 0.0011
40741 0.0011
40742 0.0011
40743 0.0011
40744 0.0011
40745 0.0011
40746 0.0011
40747 0.0011
40748 0.0011
40749 0.0011
40750 0.0011
40751 0.0011
40752 0.0011
40753 0.0011
40754 0.0011
40755 0.0011
40756 0.0011
40757 0.0011
40758 0.0011
40759 0.0011
40760 0.0011
40761 0.0011
40762 0.0011
40763 0.0011
40764 0.0011
40765 0.0011
40766 0.0011
40767 0.0011
40768 0.0011
40769 0.0011
40770 0.0011
40771 0.0011
40772 0.0011
40773 0.0011
40774 0.0011
40775 0.0011
40776 0.0011
40777 0.0011
40778 0.0011
40779 0.0011
40780 0.0011
40781 0.0011
40782 0.0011
40783 0.0011
40784 0.0011
40785 0.0011
40786 0.0011
40787 0.0011
40788 0.0011
40789 0.0011
40790 0.0011
40791 0.0011
40792 0.0011
40793 0.0011
40794 0.0011
40795 0.0011
40796 0.0011
40797 0.0011
40798 0.0011
40799 0.0011
40800 0.0011
40801 0.0011
40802 0.0011
40803 0.0011
40804 0.0011
40805 0.0011
40806 0.0011
40807 0.0011
40808 0.0011
40809 0.0011
40810 0.0011
40811 0.0011
40812 0.0011
40813 0.0011
40814 0.0011
40815 0.0011
40816 0.0011
40817 0.0011
40818 0.0011
40819 0.0011
40820 0.0011
40821 0.0011
40822 0.0011
40823 0.0011
40824 0.0011
40825 0.0011
40826 0.0011
40827 0.0011
40828 0.0011
40829 0.0011
40830 0.0011
40831 0.0011
40832 0.0011
40833 0.0011
40834 0.0011
40835 0.0011
40836 0.0011
40837 0.0011
40838 0.0011
40839 0.0011
40840 0.0011
40841 0.0011
40842 0.0011
40843 0.0011
40844 0.0011
40845 0.0011
40846 0.0011
40847 0.0011
40848 0.0011
40849 0.0011
40850 0.0011
40851 0.0011
40852 0.0011
40853 0.0011
40854 0.0011
40855 0.0011
40856 0.0011
40857 0.0011
40858 0.0011
40859 0.0011
40860 0.0011
40861 0.0011
40862 0.0011
40863 0.0011
40864 0.0011
40865 0.0011
40866 0.0011
40867 0.0011
40868 0.0011
40869 0.0011
40870 0.0011
40871 0.0011
40872 0.0011
40873 0.0011
40874 0.0011
40875 0.0011
40876 0.0011
40877 0.0011
40878 0.0011
40879 0.0011
40880 0.0011
40881 0.0011
40882 0.0011
40883 0.0011
40884 0.0011
40885 0.0011
40886 0.0011
40887 0.0011
40888 0.0011
40889 0.0011
40890 0.0011
40891 0.0011
40892 0.0011
40893 0.0011
40894 0.0011
40895 0.0011
40896 0.0011
40897 0.0011
40898 0.0011
40899 0.0011
40900 0.0011
40901 0.0011
40902 0.0011
40903 0.0011
40904 0.0011
40905 0.0011
40906 0.0011
40907 0.0011
40908 0.0011
40909 0.0011
40910 0.0011
40911 0.0011
40912 0.0011
40913 0.0011
40914 0.0011
40915 0.0011
40916 0.0011
40917 0.0011
40918 0.0011
40919 0.0011
40920 0.0011
40921 0.0011
40922 0.0011
40923 0.0011
40924 0.0011
40925 0.0011
40926 0.0011
40927 0.0011
40928 0.0011
40929 0.0011
40930 0.0011
40931 0.0011
40932 0.0011
40933 0.0011
40934 0.0011
40935 0.0011
40936 0.0011
40937 0.0011
40938 0.0011
40939 0.0011
40940 0.0011
40941 0.0011
40942 0.0011
40943 0.0011
40944 0.0011
40945 0.0011
40946 0.0011
40947 0.0011
40948 0.0011
40949 0.0011
40950 0.0011
40951 0.0011
40952 0.0011
40953 0.0011
40954 0.0011
40955 0.0011
40956 0.0011
40957 0.0011
40958 0.0011
40959 0.0011
40960 0.0011
40961 0.0011
40962 0.0011
40963 0.0011
40964 0.0011
40965 0.0011
40966 0.0011
40967 0.0011
40968 0.0011
40969 0.0011
40970 0.0011
40971 0.0011
40972 0.0011
40973 0.0011
40974 0.0011
40975 0.0011
40976 0.0011
40977 0.0011
40978 0.0011
40979 0.0011
40980 0.0011
40981 0.0011
40982 0.0011
40983 0.0011
40984 0.0011
40985 0.0011
40986 0.0011
40987 0.0011
40988 0.0011
40989 0.0011
40990 0.0011
40991 0.0011
40992 0.0011
40993 0.0011
40994 0.0011
40995 0.0011
40996 0.0011
40997 0.0011
40998 0.0011
40999 0.0011
41000 0.0011
41001 0.0011
41002 0.0011
41003 0.0011
41004 0.0011
41005 0.0011
41006 0.0011
41007 0.0011
41008 0.0011
41009 0.0011
41010 0.0011
41011 0.0011
41012 0.0011
41013 0.0011
41014 0.0011
41015 0.0011
41016 0.0011
41017 0.0011
41018 0.0011
41019 0.0011
41020 0.0011
41021 0.0011
41022 0.0011
41023 0.0011
41024 0.0011
41025 0.0011
41026 0.0011
41027 0.0011
41028 0.0011
41029 0.0011
41030 0.0011
41031 0.0011
41032 0.0011
41033 0.0011
41034 0.0011
41035 0.0011
41036 0.0011
41037 0.0011
41038 0.0011
41039 0.0011
41040 0.0011
41041 0.0011
41042 0.0011
41043 0.0011
41044 0.0011
41045 0.0011
41046 0.0011
41047 0.0011
41048 0.0011
41049 0.0011
41050 0.0011
41051 0.0011
41052 0.0011
41053 0.0011
41054 0.0011
41055 0.0011
41056 0.0011
41057 0.0011
41058 0.0011
41059 0.0011
41060 0.0011
41061 0.0011
41062 0.0011
41063 0.0011
41064 0.0011
41065 0.0011
41066 0.0011
41067 0.0011
41068 0.0011
41069 0.0011
41070 0.0011
41071 0.0011
41072 0.0011
41073 0.0011
41074 0.0011
41075 0.0011
41076 0.0011
41077 0.0011
41078 0.0011
41079 0.0011
41080 0.0011
41081 0.0011
41082 0.0011
41083 0.0011
41084 0.0011
41085 0.0011
41086 0.0011
41087 0.0011
41088 0.0011
41089 0.0011
41090 0.0011
41091 0.0011
41092 0.0011
41093 0.0011
41094 0.0011
41095 0.0011
41096 0.0011
41097 0.0011
41098 0.0011
41099 0.0011
41100 0.0011
41101 0.0011
41102 0.0011
41103 0.0011
41104 0.0011
41105 0.0011
41106 0.0011
41107 0.0011
41108 0.0011
41109 0.0011
41110 0.0011
41111 0.0011
41112 0.0011
41113 0.0011
41114 0.0011
41115 0.0011
41116 0.0011
41117 0.0011
41118 0.0011
41119 0.0011
41120 0.0011
41121 0.0011
41122 0.0011
41123 0.0011
41124 0.0011
41125 0.0011
41126 0.0011
41127 0.0011
41128 0.0011
41129 0.0011
41130 0.0011
41131 0.0011
41132 0.0011
41133 0.0011
41134 0.0011
41135 0.0011
41136 0.0011
41137 0.0011
41138 0.0011
41139 0.0011
41140 0.0011
41141 0.0011
41142 0.0011
41143 0.0011
41144 0.0011
41145 0.0011
41146 0.0011
41147 0.0011
41148 0.0011
41149 0.0011
41150 0.0011
41151 0.0011
41152 0.0011
41153 0.0011
41154 0.0011
41155 0.0011
41156 0.0011
41157 0.0011
41158 0.0011
41159 0.0011
41160 0.0011
41161 0.0011
41162 0.0011
41163 0.0011
41164 0.0011
41165 0.0011
41166 0.0011
41167 0.0011
41168 0.0011
41169 0.0011
41170 0.0011
41171 0.0011
41172 0.0011
41173 0.0011
41174 0.0011
41175 0.0011
41176 0.0011
41177 0.0011
41178 0.0011
41179 0.0011
41180 0.0011
41181 0.0011
41182 0.0011
41183 0.0011
41184 0.0011
41185 0.0011
41186 0.0011
41187 0.0011
41188 0.0011
41189 0.0011
41190 0.0011
41191 0.0011
41192 0.0011
41193 0.0011
41194 0.0011
41195 0.0011
41196 0.0011
41197 0.0011
41198 0.0011
41199 0.0011
41200 0.0011
41201 0.0011
41202 0.0011
41203 0.0011
41204 0.0011
41205 0.0011
41206 0.0011
41207 0.0011
41208 0.0011
41209 0.0011
41210 0.0011
41211 0.0011
41212 0.0011
41213 0.0011
41214 0.0011
41215 0.0011
41216 0.0011
41217 0.0011
41218 0.0011
41219 0.0011
41220 0.0011
41221 0.0011
41222 0.0011
41223 0.0011
41224 0.0011
41225 0.0011
41226 0.0011
41227 0.0011
41228 0.0011
41229 0.0011
41230 0.0011
41231 0.0011
41232 0.0011
41233 0.0011
41234 0.0011
41235 0.0011
41236 0.0011
41237 0.0011
41238 0.0011
41239 0.0011
41240 0.0011
41241 0.0011
41242 0.0011
41243 0.0011
41244 0.0011
41245 0.0011
41246 0.0011
41247 0.0011
41248 0.0011
41249 0.0011
41250 0.0011
41251 0.0011
41252 0.0011
41253 0.0011
41254 0.0011
41255 0.0011
41256 0.0011
41257 0.0011
41258 0.0011
41259 0.0011
41260 0.0011
41261 0.0011
41262 0.0011
41263 0.0011
41264 0.0011
41265 0.0011
41266 0.0011
41267 0.0011
41268 0.0011
41269 0.0011
41270 0.0011
41271 0.0011
41272 0.0011
41273 0.0011
41274 0.0011
41275 0.0011
41276 0.0011
41277 0.0011
41278 0.0011
41279 0.0011
41280 0.0011
41281 0.0011
41282 0.0011
41283 0.0011
41284 0.0011
41285 0.0011
41286 0.0011
41287 0.0011
41288 0.0011
41289 0.0011
41290 0.0011
41291 0.0011
41292 0.0011
41293 0.0011
41294 0.0011
41295 0.0011
41296 0.0011
41297 0.0011
41298 0.0011
41299 0.0011
41300 0.0011
41301 0.0011
41302 0.0011
41303 0.0011
41304 0.0011
41305 0.0011
41306 0.0011
41307 0.0011
41308 0.0011
41309 0.0011
41310 0.0011
41311 0.0011
41312 0.0011
41313 0.0011
41314 0.0011
41315 0.0011
41316 0.0011
41317 0.0011
41318 0.0011
41319 0.0011
41320 0.0011
41321 0.0011
41322 0.0011
41323 0.0011
41324 0.0011
41325 0.0011
41326 0.0011
41327 0.0011
41328 0.0011
41329 0.0011
41330 0.0011
41331 0.0011
41332 0.0011
41333 0.0011
41334 0.0011
41335 0.0011
41336 0.0011
41337 0.0011
41338 0.0011
41339 0.0011
41340 0.0011
41341 0.0011
41342 0.0011
41343 0.0011
41344 0.0011
41345 0.0011
41346 0.0011
41347 0.0011
41348 0.0011
41349 0.0011
41350 0.0011
41351 0.0011
41352 0.0011
41353 0.0011
41354 0.0011
41355 0.0011
41356 0.0011
41357 0.0011
41358 0.0011
41359 0.0011
41360 0.0011
41361 0.0011
41362 0.0011
41363 0.0011
41364 0.0011
41365 0.0011
41366 0.0011
41367 0.0011
41368 0.0011
41369 0.0011
41370 0.0011
41371 0.0011
41372 0.0011
41373 0.0011
41374 0.0011
41375 0.0011
41376 0.0011
41377 0.0011
41378 0.0011
41379 0.0011
41380 0.0011
41381 0.0011
41382 0.0011
41383 0.0011
41384 0.0011
41385 0.0011
41386 0.0011
41387 0.0011
41388 0.0011
41389 0.0011
41390 0.0011
41391 0.0011
41392 0.0011
41393 0.0011
41394 0.0011
41395 0.0011
41396 0.0011
41397 0.0011
41398 0.0011
41399 0.0011
41400 0.0011
41401 0.0011
41402 0.0011
41403 0.0011
41404 0.0011
41405 0.0011
41406 0.0011
41407 0.0011
41408 0.0011
41409 0.0011
41410 0.0011
41411 0.0011
41412 0.0011
41413 0.0011
41414 0.0011
41415 0.0011
41416 0.0011
41417 0.0011
41418 0.0011
41419 0.0011
41420 0.0011
41421 0.0011
41422 0.0011
41423 0.0011
41424 0.0011
41425 0.0011
41426 0.0011
41427 0.0011
41428 0.0011
41429 0.0011
41430 0.0011
41431 0.0011
41432 0.0011
41433 0.0011
41434 0.0011
41435 0.0011
41436 0.0011
41437 0.0011
41438 0.0011
41439 0.0011
41440 0.0011
41441 0.0011
41442 0.0011
41443 0.0011
41444 0.0011
41445 0.0011
41446 0.0011
41447 0.0011
41448 0.0011
41449 0.0011
41450 0.0011
41451 0.0011
41452 0.0011
41453 0.0011
41454 0.0011
41455 0.0011
41456 0.0011
41457 0.0011
41458 0.0011
41459 0.0011
41460 0.0011
41461 0.0011
41462 0.0011
41463 0.0011
41464 0.0011
41465 0.0011
41466 0.0011
41467 0.0011
41468 0.0011
41469 0.0011
41470 0.0011
41471 0.0011
41472 0.0011
41473 0.0011
41474 0.0011
41475 0.0011
41476 0.0011
41477 0.0011
41478 0.0011
41479 0.0011
41480 0.0011
41481 0.0011
41482 0.0011
41483 0.0011
41484 0.0011
41485 0.0011
41486 0.0011
41487 0.0011
41488 0.0011
41489 0.0011
41490 0.0011
41491 0.0011
41492 0.0011
41493 0.0011
41494 0.0011
41495 0.0011
41496 0.0011
41497 0.0011
41498 0.0011
41499 0.0011
41500 0.0011
41501 0.0011
41502 0.0011
41503 0.0011
41504 0.0011
41505 0.0011
41506 0.0011
41507 0.0011
41508 0.0011
41509 0.0011
41510 0.0011
41511 0.0011
41512 0.0011
41513 0.0011
41514 0.0011
41515 0.0011
41516 0.0011
41517 0.0011
41518 0.0011
41519 0.0011
41520 0.0011
41521 0.0011
41522 0.0011
41523 0.0011
41524 0.0011
41525 0.0011
41526 0.0011
41527 0.0011
41528 0.0011
41529 0.0011
41530 0.0011
41531 0.0011
41532 0.0011
41533 0.0011
41534 0.0011
41535 0.0011
41536 0.0011
41537 0.0011
41538 0.0011
41539 0.0011
41540 0.0011
41541 0.0011
41542 0.0011
41543 0.0011
41544 0.0011
41545 0.0011
41546 0.0011
41547 0.0011
41548 0.0011
41549 0.0011
41550 0.0011
41551 0.0011
41552 0.0011
41553 0.0011
41554 0.0011
41555 0.0011
41556 0.0011
41557 0.0011
41558 0.0011
41559 0.0011
41560 0.0011
41561 0.0011
41562 0.0011
41563 0.0011
41564 0.0011
41565 0.0011
41566 0.0011
41567 0.0011
41568 0.0011
41569 0.0011
41570 0.0011
41571 0.0011
41572 0.0011
41573 0.0011
41574 0.0011
41575 0.0011
41576 0.0011
41577 0.0011
41578 0.0011
41579 0.0011
41580 0.0011
41581 0.0011
41582 0.0011
41583 0.0011
41584 0.0011
41585 0.0011
41586 0.0011
41587 0.0011
41588 0.0011
41589 0.0011
41590 0.0011
41591 0.0011
41592 0.0011
41593 0.0011
41594 0.0011
41595 0.0011
41596 0.0011
41597 0.0011
41598 0.0011
41599 0.0011
41600 0.0011
41601 0.0011
41602 0.0011
41603 0.0011
41604 0.0011
41605 0.0011
41606 0.0011
41607 0.0011
41608 0.0011
41609 0.0011
41610 0.0011
41611 0.0011
41612 0.0011
41613 0.0011
41614 0.0011
41615 0.0011
41616 0.0011
41617 0.0011
41618 0.0011
41619 0.0011
41620 0.0011
41621 0.0011
41622 0.0011
41623 0.0011
41624 0.0011
41625 0.0011
41626 0.0011
41627 0.0011
41628 0.0011
41629 0.0011
41630 0.0011
41631 0.0011
41632 0.0011
41633 0.0011
41634 0.0011
41635 0.0011
41636 0.0011
41637 0.0011
41638 0.0011
41639 0.0011
41640 0.0011
41641 0.0011
41642 0.0011
41643 0.00114
41644 0.00114
41645 0.00114
41646 0.00114
41647 0.00114
41648 0.00114
41649 0.00114
41650 0.00114
41651 0.00114
41652 0.00114
41653 0.00114
41654 0.00114
41655 0.00114
41656 0.00114
41657 0.00114
41658 0.00114
41659 0.00114
41660 0.00114
41661 0.00114
41662 0.00114
41663 0.00114
41664 0.00114
41665 0.00114
41666 0.00114
41667 0.00114
41668 0.00114
41669 0.00114
41670 0.00114
41671 0.00114
41672 0.00114
41673 0.00114
41674 0.00114
41675 0.00114
41676 0.00114
41677 0.00114
41678 0.00114
41679 0.00114
41680 0.00114
41681 0.00114
41682 0.00114
41683 0.00114
41684 0.00114
41685 0.00114
41686 0.00114
41687 0.00114
41688 0.00114
41689 0.00114
41690 0.00114
41691 0.00114
41692 0.00114
41693 0.00114
41694 0.00114
41695 0.00114
41696 0.00114
41697 0.00114
41698 0.00114
41699 0.00114
41700 0.00114
41701 0.00114
41702 0.00114
41703 0.00114
41704 0.00114
41705 0.00114
41706 0.00114
41707 0.00114
41708 0.00114
41709 0.00114
41710 0.00114
41711 0.00114
41712 0.00114
41713 0.00114
41714 0.00114
41715 0.00114
41716 0.00114
41717 0.00114
41718 0.00114
41719 0.00114
41720 0.00114
41721 0.00114
41722 0.00114
41723 0.00114
41724 0.00114
41725 0.00114
41726 0.00114
41727 0.00114
41728 0.00114
41729 0.00114
41730 0.00114
41731 0.00114
41732 0.00114
41733 0.00114
41734 0.00114
41735 0.00114
41736 0.00114
41737 0.00114
41738 0.00114
41739 0.00114
41740 0.00114
41741 0.00114
41742 0.00114
41743 0.00114
41744 0.00114
41745 0.00114
41746 0.00114
41747 0.00114
41748 0.00114
41749 0.00114
41750 0.00114
41751 0.00114
41752 0.00114
41753 0.00114
41754 0.00114
41755 0.00114
41756 0.00114
41757 0.00114
41758 0.00114
41759 0.00114
41760 0.00114
41761 0.00114
41762 0.00114
41763 0.00114
41764 0.00114
41765 0.00114
41766 0.00114
41767 0.00114
41768 0.00114
41769 0.00114
41770 0.00114
41771 0.00114
41772 0.00114
41773 0.00114
41774 0.00114
41775 0.00114
41776 0.00114
41777 0.00114
41778 0.00114
41779 0.00114
41780 0.00114
41781 0.00114
41782 0.00114
41783 0.00114
41784 0.00114
41785 0.00114
41786 0.00114
41787 0.00114
41788 0.00114
41789 0.00114
41790 0.00114
41791 0.00114
41792 0.00114
41793 0.00114
41794 0.00114
41795 0.00114
41796 0.00114
41797 0.00114
41798 0.00114
41799 0.00114
41800 0.00114
41801 0.00114
41802 0.00114
41803 0.00114
41804 0.00114
41805 0.00114
41806 0.00114
41807 0.00114
41808 0.00114
41809 0.00114
41810 0.00114
41811 0.00114
41812 0.00114
41813 0.00114
41814 0.00114
41815 0.00114
41816 0.00114
41817 0.00114
41818 0.00114
41819 0.00114
41820 0.00114
41821 0.00114
41822 0.00114
41823 0.00114
41824 0.00114
41825 0.00114
41826 0.00114
41827 0.00114
41828 0.00114
41829 0.00114
41830 0.00114
41831 0.00114
41832 0.00114
41833 0.00114
41834 0.00114
41835 0.00114
41836 0.00114
41837 0.00114
41838 0.00114
41839 0.00114
41840 0.00114
41841 0.00114
41842 0.00114
41843 0.00114
41844 0.00114
41845 0.00114
41846 0.00114
41847 0.00114
41848 0.00114
41849 0.00114
41850 0.00114
41851 0.00114
41852 0.00114
41853 0.00114
41854 0.00114
41855 0.00114
41856 0.00114
41857 0.00114
41858 0.00114
41859 0.00114
41860 0.00114
41861 0.00114
41862 0.00114
41863 0.00114
41864 0.00114
41865 0.00114
41866 0.00114
41867 0.00114
41868 0.00114
41869 0.00114
41870 0.00114
41871 0.00114
41872 0.00114
41873 0.00114
41874 0.00114
41875 0.00114
41876 0.00114
41877 0.00114
41878 0.00114
41879 0.00114
41880 0.00114
41881 0.00114
41882 0.00114
41883 0.00114
41884 0.00114
41885 0.00114
41886 0.00114
41887 0.00114
41888 0.00114
41889 0.00114
41890 0.00114
41891 0.00114
41892 0.00114
41893 0.00114
41894 0.00114
41895 0.00114
41896 0.00114
41897 0.00114
41898 0.00114
41899 0.00114
41900 0.00114
41901 0.00114
41902 0.00114
41903 0.00114
41904 0.00114
41905 0.00114
41906 0.00114
41907 0.00114
41908 0.00114
41909 0.00114
41910 0.00114
41911 0.00114
41912 0.00114
41913 0.00114
41914 0.00114
41915 0.00114
41916 0.00114
41917 0.00114
41918 0.00114
41919 0.00114
41920 0.00114
41921 0.00114
41922 0.00114
41923 0.00114
41924 0.00114
41925 0.00114
41926 0.00114
41927 0.00114
41928 0.00114
41929 0.00114
41930 0.00114
41931 0.00114
41932 0.00114
41933 0.00114
41934 0.00114
41935 0.00114
41936 0.00114
41937 0.00114
41938 0.00114
41939 0.00114
41940 0.00114
41941 0.00114
41942 0.00114
41943 0.00114
41944 0.00114
41945 0.00114
41946 0.00114
41947 0.00114
41948 0.00114
41949 0.00114
41950 0.00114
41951 0.00114
41952 0.00114
41953 0.00114
41954 0.00114
41955 0.00114
41956 0.00114
41957 0.00114
41958 0.00114
41959 0.00114
41960 0.00114
41961 0.00114
41962 0.00114
41963 0.00114
41964 0.00114
41965 0.00114
41966 0.00114
41967 0.00114
41968 0.00114
41969 0.00114
41970 0.00114
41971 0.00114
41972 0.00114
41973 0.00114
41974 0.00114
41975 0.00114
41976 0.00114
41977 0.00114
41978 0.00114
41979 0.00114
41980 0.00114
41981 0.00114
41982 0.00114
41983 0.00114
41984 0.00114
41985 0.00114
41986 0.00114
41987 0.00114
41988 0.00114
41989 0.00114
41990 0.00114
41991 0.00114
41992 0.00114
41993 0.00114
41994 0.00114
41995 0.00114
41996 0.00114
41997 0.00114
41998 0.00114
41999 0.00114
42000 0.00114
42001 0.00114
42002 0.00114
42003 0.00114
42004 0.00114
42005 0.00114
42006 0.00114
42007 0.00114
42008 0.00114
42009 0.00114
42010 0.00114
42011 0.00114
42012 0.00114
42013 0.00114
42014 0.00114
42015 0.00114
42016 0.00114
42017 0.00114
42018 0.00114
42019 0.00114
42020 0.00114
42021 0.00114
42022 0.00114
42023 0.00114
42024 0.00114
42025 0.00114
42026 0.00114
42027 0.00114
42028 0.00114
42029 0.00114
42030 0.00114
42031 0.00114
42032 0.00114
42033 0.00114
42034 0.00114
42035 0.00114
42036 0.00114
42037 0.00114
42038 0.00114
42039 0.00114
42040 0.00114
42041 0.00114
42042 0.00114
42043 0.00114
42044 0.00114
42045 0.00114
42046 0.00114
42047 0.00114
42048 0.00114
42049 0.00114
42050 0.00114
42051 0.00114
42052 0.00114
42053 0.00114
42054 0.00114
42055 0.00114
42056 0.00114
42057 0.00114
42058 0.00114
42059 0.00114
42060 0.00114
42061 0.00114
42062 0.00114
42063 0.00114
42064 0.00114
42065 0.00114
42066 0.00114
42067 0.00114
42068 0.00114
42069 0.00114
42070 0.00114
42071 0.00114
42072 0.00114
42073 0.00114
42074 0.00114
42075 0.00114
42076 0.00114
42077 0.00114
42078 0.00114
42079 0.00114
42080 0.00114
42081 0.00114
42082 0.00114
42083 0.00114
42084 0.00114
42085 0.00114
42086 0.00114
42087 0.00114
42088 0.00114
42089 0.00114
42090 0.00114
42091 0.00114
42092 0.00114
42093 0.00114
42094 0.00114
42095 0.00114
42096 0.00114
42097 0.00114
42098 0.00114
42099 0.00114
42100 0.00114
42101 0.00114
42102 0.00114
42103 0.00114
42104 0.00114
42105 0.00114
42106 0.00114
42107 0.00114
42108 0.00114
42109 0.00114
42110 0.00114
42111 0.00114
42112 0.00114
42113 0.00114
42114 0.00114
42115 0.00114
42116 0.00114
42117 0.00114
42118 0.00114
42119 0.00114
42120 0.00114
42121 0.00114
42122 0.00114
42123 0.00114
42124 0.00114
42125 0.00114
42126 0.00114
42127 0.00114
42128 0.00114
42129 0.00114
42130 0.00114
42131 0.00114
42132 0.00114
42133 0.00114
42134 0.00114
42135 0.00114
42136 0.00114
42137 0.00114
42138 0.00114
42139 0.00114
42140 0.00114
42141 0.00114
42142 0.00114
42143 0.00114
42144 0.00114
42145 0.00114
42146 0.00114
42147 0.00114
42148 0.00114
42149 0.00114
42150 0.00114
42151 0.00114
42152 0.00114
42153 0.00114
42154 0.00114
42155 0.00114
42156 0.00114
42157 0.00114
42158 0.00114
42159 0.00114
42160 0.00114
42161 0.00114
42162 0.00114
42163 0.00114
42164 0.00114
42165 0.00114
42166 0.00114
42167 0.00114
42168 0.00114
42169 0.00114
42170 0.00114
42171 0.00114
42172 0.00114
42173 0.00114
42174 0.00114
42175 0.00114
42176 0.00114
42177 0.00114
42178 0.00114
42179 0.00114
42180 0.00114
42181 0.00114
42182 0.00114
42183 0.00114
42184 0.00114
42185 0.00114
42186 0.00114
42187 0.00114
42188 0.00114
42189 0.00114
42190 0.00114
42191 0.00114
42192 0.00114
42193 0.00114
42194 0.00114
42195 0.00114
42196 0.00114
42197 0.00114
42198 0.00114
42199 0.00114
42200 0.00114
42201 0.00114
42202 0.00114
42203 0.00114
42204 0.00114
42205 0.00114
42206 0.00114
42207 0.00114
42208 0.00114
42209 0.00114
42210 0.00114
42211 0.00114
42212 0.00114
42213 0.00114
42214 0.00114
42215 0.00114
42216 0.00114
42217 0.00114
42218 0.00114
42219 0.00114
42220 0.00114
42221 0.00114
42222 0.00114
42223 0.00114
42224 0.00114
42225 0.00114
42226 0.00114
42227 0.00114
42228 0.00114
42229 0.00114
42230 0.00114
42231 0.00114
42232 0.00114
42233 0.00114
42234 0.00114
42235 0.00114
42236 0.00114
42237 0.00114
42238 0.00114
42239 0.00114
42240 0.00114
42241 0.00114
42242 0.00114
42243 0.00114
42244 0.00114
42245 0.00114
42246 0.00114
42247 0.00114
42248 0.00114
42249 0.00114
42250 0.00114
42251 0.00114
42252 0.00114
42253 0.00114
42254 0.00114
42255 0.00114
42256 0.00114
42257 0.00114
42258 0.00114
42259 0.00114
42260 0.00114
42261 0.00114
42262 0.00114
42263 0.00114
42264 0.00114
42265 0.00114
42266 0.00114
42267 0.00114
42268 0.00114
42269 0.00114
42270 0.00114
42271 0.00114
42272 0.00114
42273 0.00114
42274 0.00114
42275 0.00114
42276 0.00114
42277 0.00114
42278 0.00114
42279 0.00114
42280 0.00114
42281 0.00114
42282 0.00114
42283 0.00114
42284 0.00114
42285 0.00114
42286 0.00114
42287 0.00114
42288 0.00114
42289 0.00114
42290 0.00114
42291 0.00114
42292 0.00114
42293 0.00114
42294 0.00114
42295 0.00114
42296 0.00114
42297 0.00114
42298 0.00114
42299 0.00114
42300 0.00114
42301 0.00114
42302 0.00114
42303 0.00114
42304 0.00114
42305 0.00114
42306 0.00114
42307 0.00114
42308 0.00114
42309 0.00114
42310 0.00114
42311 0.00114
42312 0.00114
42313 0.00114
42314 0.00114
42315 0.00114
42316 0.00114
42317 0.00114
42318 0.00114
42319 0.00114
42320 0.00114
42321 0.00114
42322 0.00114
42323 0.00114
42324 0.00114
42325 0.00114
42326 0.00114
42327 0.00114
42328 0.00114
42329 0.00114
42330 0.00114
42331 0.00114
42332 0.00114
42333 0.00114
42334 0.00114
42335 0.00114
42336 0.00114
42337 0.00114
42338 0.00114
42339 0.00114
42340 0.00114
42341 0.00114
42342 0.00114
42343 0.00114
42344 0.00114
42345 0.00114
42346 0.00114
42347 0.00114
42348 0.00114
42349 0.00114
42350 0.00114
42351 0.00114
42352 0.00114
42353 0.00114
42354 0.00114
42355 0.00114
42356 0.00114
42357 0.00114
42358 0.00114
42359 0.00114
42360 0.00114
42361 0.00114
42362 0.00114
42363 0.00114
42364 0.00114
42365 0.00114
42366 0.00114
42367 0.00114
42368 0.00114
42369 0.00114
42370 0.00114
42371 0.00114
42372 0.00114
42373 0.00114
42374 0.00114
42375 0.00114
42376 0.00114
42377 0.00114
42378 0.00114
42379 0.00114
42380 0.00114
42381 0.00114
42382 0.00114
42383 0.00114
42384 0.00114
42385 0.00114
42386 0.00114
42387 0.00114
42388 0.00114
42389 0.00114
42390 0.00114
42391 0.00114
42392 0.00114
42393 0.00114
42394 0.00114
42395 0.00114
42396 0.00114
42397 0.00114
42398 0.00114
42399 0.00114
42400 0.00114
42401 0.00114
42402 0.00114
42403 0.00114
42404 0.00114
42405 0.00114
42406 0.00114
42407 0.00114
42408 0.00114
42409 0.00114
42410 0.00114
42411 0.00114
42412 0.00114
42413 0.00114
42414 0.00114
42415 0.00114
42416 0.00114
42417 0.00114
42418 0.00114
42419 0.00114
42420 0.00114
42421 0.00114
42422 0.00114
42423 0.00114
42424 0.00114
42425 0.00114
42426 0.00114
42427 0.00114
42428 0.00114
42429 0.00114
42430 0.00114
42431 0.00114
42432 0.00114
42433 0.00114
42434 0.00114
42435 0.00114
42436 0.00114
42437 0.00114
42438 0.00114
42439 0.00114
42440 0.00114
42441 0.00114
42442 0.00114
42443 0.00114
42444 0.00114
42445 0.00114
42446 0.00114
42447 0.00114
42448 0.00114
42449 0.00114
42450 0.00114
42451 0.00114
42452 0.00114
42453 0.00114
42454 0.00114
42455 0.00114
42456 0.00114
42457 0.00114
42458 0.00114
42459 0.00114
42460 0.00114
42461 0.00114
42462 0.00114
42463 0.00114
42464 0.00114
42465 0.00114
42466 0.00114
42467 0.00114
42468 0.00114
42469 0.00114
42470 0.00114
42471 0.00114
42472 0.00114
42473 0.00114
42474 0.00114
42475 0.00114
42476 0.00114
42477 0.00114
42478 0.00114
42479 0.00114
42480 0.00114
42481 0.00114
42482 0.00114
42483 0.00114
42484 0.00114
42485 0.00114
42486 0.00114
42487 0.00114
42488 0.00114
42489 0.00114
42490 0.00114
42491 0.00114
42492 0.00114
42493 0.00114
42494 0.00114
42495 0.00114
42496 0.00114
42497 0.00114
42498 0.00114
42499 0.00114
42500 0.00114
42501 0.00114
42502 0.00114
42503 0.00114
42504 0.00114
42505 0.00114
42506 0.00114
42507 0.00114
42508 0.00114
42509 0.00114
42510 0.00114
42511 0.00114
42512 0.00114
42513 0.00114
42514 0.00114
42515 0.00114
42516 0.00114
42517 0.00114
42518 0.00114
42519 0.00114
42520 0.00114
42521 0.00114
42522 0.00114
42523 0.00114
42524 0.00114
42525 0.00114
42526 0.00114
42527 0.00114
42528 0.00114
42529 0.00114
42530 0.00114
42531 0.00114
42532 0.00114
42533 0.00114
42534 0.00114
42535 0.00114
42536 0.00114
42537 0.00114
42538 0.00114
42539 0.00114
42540 0.00114
42541 0.00114
42542 0.00114
42543 0.00114
42544 0.00114
42545 0.00114
42546 0.00114
42547 0.00114
42548 0.00114
42549 0.00114
42550 0.00114
42551 0.00114
42552 0.00114
42553 0.00114
42554 0.00114
42555 0.00114
42556 0.00114
42557 0.00114
42558 0.00114
42559 0.00114
42560 0.00114
42561 0.00114
42562 0.00114
42563 0.00114
42564 0.00114
42565 0.00114
42566 0.00114
42567 0.00114
42568 0.00114
42569 0.00114
42570 0.00114
42571 0.00114
42572 0.00114
42573 0.00114
42574 0.00114
42575 0.00114
42576 0.00114
42577 0.00114
42578 0.00114
42579 0.00114
42580 0.00114
42581 0.00114
42582 0.00114
42583 0.00114
42584 0.00114
42585 0.00114
42586 0.00114
42587 0.00114
42588 0.00114
42589 0.00114
42590 0.00114
42591 0.00114
42592 0.00114
42593 0.00114
42594 0.00114
42595 0.00114
42596 0.00114
42597 0.00114
42598 0.00114
42599 0.00114
42600 0.00114
42601 0.00114
42602 0.00114
42603 0.00114
42604 0.00114
42605 0.00114
42606 0.00114
42607 0.00114
42608 0.00114
42609 0.00114
42610 0.00114
42611 0.00114
42612 0.00114
42613 0.00114
42614 0.00114
42615 0.00114
42616 0.00114
42617 0.00114
42618 0.00114
42619 0.00114
42620 0.00114
42621 0.00114
42622 0.00114
42623 0.00114
42624 0.00114
42625 0.00114
42626 0.00114
42627 0.00114
42628 0.00114
42629 0.00114
42630 0.00114
42631 0.00114
42632 0.00114
42633 0.00114
42634 0.00114
42635 0.00114
42636 0.00114
42637 0.00114
42638 0.00114
42639 0.00114
42640 0.00114
42641 0.00114
42642 0.00114
42643 0.00114
42644 0.00114
42645 0.00114
42646 0.00114
42647 0.00114
42648 0.00114
42649 0.00114
42650 0.00114
42651 0.00114
42652 0.00114
42653 0.00114
42654 0.00114
42655 0.00114
42656 0.00114
42657 0.00114
42658 0.00114
42659 0.00114
42660 0.00114
42661 0.00114
42662 0.00114
42663 0.00114
42664 0.00114
42665 0.00114
42666 0.00114
42667 0.00114
42668 0.00114
42669 0.00114
42670 0.00114
42671 0.00114
42672 0.00114
42673 0.00114
42674 0.00114
42675 0.00114
42676 0.00114
42677 0.00114
42678 0.00114
42679 0.00114
42680 0.00114
42681 0.00114
42682 0.00114
42683 0.00114
42684 0.00114
42685 0.00114
42686 0.00114
42687 0.00114
42688 0.00114
42689 0.00114
42690 0.00114
42691 0.00114
42692 0.00114
42693 0.00114
42694 0.00114
42695 0.00114
42696 0.00114
42697 0.00114
42698 0.00114
42699 0.00114
42700 0.00114
42701 0.00114
42702 0.00114
42703 0.00114
42704 0.00114
42705 0.00114
42706 0.00114
42707 0.00114
42708 0.00114
42709 0.00114
42710 0.00114
42711 0.00114
42712 0.00114
42713 0.00114
42714 0.00114
42715 0.00114
42716 0.00114
42717 0.00114
42718 0.00114
42719 0.00114
42720 0.00114
42721 0.00114
42722 0.00114
42723 0.00114
42724 0.00114
42725 0.00114
42726 0.00114
42727 0.00114
42728 0.00114
42729 0.00114
42730 0.00114
42731 0.00114
42732 0.00114
42733 0.00114
42734 0.00114
42735 0.00114
42736 0.00114
42737 0.00114
42738 0.00114
42739 0.00114
42740 0.00114
42741 0.00114
42742 0.00114
42743 0.00114
42744 0.00114
42745 0.00114
42746 0.00114
42747 0.00114
42748 0.00114
42749 0.00114
42750 0.00114
42751 0.00114
42752 0.00114
42753 0.00114
42754 0.00114
42755 0.00114
42756 0.00114
42757 0.00114
42758 0.00114
42759 0.00114
42760 0.00114
42761 0.00114
42762 0.00114
42763 0.00114
42764 0.00114
42765 0.00114
42766 0.00114
42767 0.00114
42768 0.00114
42769 0.00114
42770 0.00114
42771 0.00114
42772 0.00114
42773 0.00114
42774 0.00114
42775 0.00114
42776 0.00114
42777 0.00114
42778 0.00114
42779 0.00114
42780 0.00114
42781 0.00114
42782 0.00114
42783 0.00114
42784 0.00114
42785 0.00114
42786 0.00114
42787 0.00114
42788 0.00114
42789 0.00114
42790 0.00114
42791 0.00114
42792 0.00114
42793 0.00114
42794 0.00114
42795 0.00114
42796 0.00114
42797 0.00114
42798 0.00114
42799 0.00114
42800 0.00114
42801 0.00114
42802 0.00114
42803 0.00114
42804 0.00114
42805 0.00114
42806 0.00114
42807 0.00114
42808 0.00114
42809 0.00114
42810 0.00114
42811 0.00114
42812 0.00114
42813 0.00114
42814 0.00114
42815 0.00114
42816 0.00114
42817 0.00114
42818 0.00114
42819 0.00114
42820 0.00114
42821 0.00114
42822 0.00114
42823 0.00114
42824 0.00114
42825 0.00114
42826 0.00114
42827 0.00114
42828 0.00114
42829 0.00114
42830 0.00114
42831 0.00114
42832 0.00114
42833 0.00114
42834 0.00114
42835 0.00114
42836 0.00114
42837 0.00114
42838 0.00114
42839 0.00114
42840 0.00114
42841 0.00114
42842 0.00114
42843 0.00114
42844 0.00114
42845 0.00114
42846 0.00114
42847 0.00114
42848 0.00114
42849 0.00114
42850 0.00114
42851 0.00114
42852 0.00114
42853 0.00114
42854 0.00114
42855 0.00114
42856 0.00114
42857 0.00114
42858 0.00114
42859 0.00114
42860 0.00114
42861 0.00114
42862 0.00114
42863 0.00114
42864 0.00114
42865 0.00114
42866 0.00114
42867 0.00114
42868 0.00114
42869 0.00114
42870 0.00114
42871 0.00114
42872 0.00114
42873 0.00114
42874 0.00114
42875 0.00114
42876 0.00114
42877 0.00114
42878 0.00114
42879 0.00114
42880 0.00114
42881 0.00114
42882 0.00114
42883 0.00114
42884 0.00114
42885 0.00114
42886 0.00114
42887 0.00114
42888 0.00114
42889 0.00114
42890 0.00114
42891 0.00114
42892 0.00114
42893 0.00114
42894 0.00114
42895 0.00114
42896 0.00114
42897 0.00114
42898 0.00114
42899 0.00114
42900 0.00114
42901 0.00114
42902 0.00114
42903 0.00114
42904 0.00114
42905 0.00114
42906 0.00114
42907 0.00114
42908 0.00114
42909 0.00114
42910 0.00114
42911 0.00114
42912 0.00114
42913 0.00114
42914 0.00114
42915 0.00114
42916 0.00114
42917 0.00114
42918 0.00114
42919 0.00114
42920 0.00114
42921 0.00114
42922 0.00114
42923 0.00114
42924 0.00114
42925 0.00114
42926 0.00114
42927 0.00114
42928 0.00114
42929 0.00114
42930 0.00114
42931 0.00114
42932 0.00114
42933 0.00114
42934 0.00114
42935 0.00114
42936 0.00114
42937 0.00114
42938 0.00114
42939 0.00114
42940 0.00114
42941 0.00114
42942 0.00114
42943 0.00114
42944 0.00114
42945 0.00114
42946 0.00114
42947 0.00114
42948 0.00114
42949 0.00114
42950 0.00114
42951 0.00114
42952 0.00114
42953 0.00114
42954 0.00114
42955 0.00114
42956 0.00114
42957 0.00114
42958 0.00114
42959 0.00114
42960 0.00114
42961 0.00114
42962 0.00114
42963 0.00114
42964 0.00114
42965 0.00114
42966 0.00114
42967 0.00114
42968 0.00114
42969 0.00114
42970 0.00114
42971 0.00114
42972 0.00114
42973 0.00114
42974 0.00114
42975 0.00114
42976 0.00114
42977 0.00114
42978 0.00114
42979 0.00114
42980 0.00114
42981 0.00114
42982 0.00114
42983 0.00114
42984 0.00114
42985 0.00114
42986 0.00114
42987 0.00114
42988 0.00114
42989 0.00114
42990 0.00114
42991 0.00114
42992 0.00114
42993 0.00114
42994 0.00114
42995 0.00114
42996 0.00114
42997 0.00114
42998 0.00114
42999 0.00114
43000 0.00114
43001 0.00114
43002 0.00114
43003 0.00114
43004 0.00114
43005 0.00114
43006 0.00114
43007 0.00114
43008 0.00114
43009 0.00114
43010 0.00114
43011 0.00114
43012 0.00114
43013 0.00114
43014 0.00114
43015 0.00114
43016 0.00114
43017 0.00114
43018 0.00114
43019 0.00114
43020 0.00114
43021 0.00114
43022 0.00114
43023 0.00114
43024 0.00114
43025 0.00114
43026 0.00114
43027 0.00114
43028 0.00114
43029 0.00114
43030 0.00114
43031 0.00114
43032 0.00114
43033 0.00114
43034 0.00114
43035 0.00114
43036 0.00114
43037 0.00114
43038 0.00114
43039 0.00114
43040 0.00114
43041 0.00114
43042 0.00114
43043 0.00114
43044 0.00114
43045 0.00114
43046 0.00114
43047 0.00114
43048 0.00114
43049 0.00114
43050 0.00114
43051 0.00114
43052 0.00114
43053 0.00114
43054 0.00114
43055 0.00114
43056 0.00114
43057 0.00114
43058 0.00114
43059 0.00114
43060 0.00114
43061 0.00114
43062 0.00114
43063 0.00114
43064 0.00114
43065 0.00114
43066 0.00114
43067 0.00114
43068 0.00114
43069 0.00114
43070 0.00114
43071 0.00114
43072 0.00114
43073 0.00114
43074 0.00114
43075 0.00114
43076 0.00114
43077 0.00114
43078 0.00114
43079 0.00114
43080 0.00114
43081 0.00114
43082 0.00114
43083 0.00114
43084 0.00114
43085 0.00114
43086 0.00114
43087 0.00114
43088 0.00114
43089 0.00114
43090 0.00114
43091 0.00114
43092 0.00114
43093 0.00114
43094 0.00114
43095 0.00114
43096 0.00114
43097 0.00114
43098 0.00114
43099 0.00114
43100 0.00114
43101 0.00114
43102 0.00114
43103 0.00114
43104 0.00114
43105 0.00114
43106 0.00114
43107 0.00114
43108 0.00114
43109 0.00114
43110 0.00114
43111 0.00114
43112 0.00114
43113 0.00114
43114 0.00114
43115 0.00114
43116 0.00114
43117 0.00114
43118 0.00114
43119 0.00114
43120 0.00114
43121 0.00114
43122 0.00114
43123 0.00114
43124 0.00114
43125 0.00114
43126 0.00114
43127 0.00114
43128 0.00114
43129 0.00114
43130 0.00114
43131 0.00114
43132 0.00114
43133 0.00114
43134 0.00114
43135 0.00114
43136 0.00114
43137 0.00114
43138 0.00114
43139 0.00114
43140 0.00114
43141 0.00114
43142 0.00114
43143 0.00114
43144 0.00114
43145 0.00114
43146 0.00114
43147 0.00114
43148 0.00114
43149 0.00114
43150 0.00114
43151 0.00114
43152 0.00114
43153 0.00114
43154 0.00114
43155 0.00114
43156 0.00114
43157 0.00114
43158 0.00114
43159 0.00114
43160 0.00114
43161 0.00114
43162 0.00114
43163 0.00114
43164 0.00114
43165 0.00114
43166 0.00114
43167 0.00114
43168 0.00114
43169 0.00114
43170 0.00114
43171 0.00114
43172 0.00114
43173 0.00114
43174 0.00114
43175 0.00114
43176 0.00114
43177 0.00114
43178 0.00114
43179 0.00114
43180 0.00114
43181 0.00114
43182 0.00114
43183 0.00114
43184 0.00114
43185 0.00114
43186 0.00114
43187 0.00114
43188 0.00114
43189 0.00114
43190 0.00114
43191 0.00114
43192 0.00114
43193 0.00114
43194 0.00114
43195 0.00114
43196 0.00114
43197 0.00114
43198 0.00114
43199 0.00114
43200 0.00114
43201 0.00114
43202 0.00114
43203 0.00114
43204 0.00114
43205 0.00114
43206 0.00114
43207 0.00114
43208 0.00114
43209 0.00114
43210 0.00114
43211 0.00114
43212 0.00114
43213 0.00114
43214 0.00114
43215 0.00114
43216 0.00114
43217 0.00114
43218 0.00114
43219 0.00114
43220 0.00114
43221 0.00114
43222 0.00114
43223 0.00114
43224 0.00114
43225 0.00114
43226 0.00114
43227 0.00114
43228 0.00114
43229 0.00114
43230 0.00114
43231 0.00114
43232 0.00114
43233 0.00114
43234 0.00114
43235 0.00114
43236 0.00114
43237 0.00114
43238 0.00114
43239 0.00114
43240 0.00114
43241 0.00114
43242 0.00114
43243 0.00114
43244 0.00114
43245 0.00114
43246 0.00114
43247 0.00114
43248 0.00114
43249 0.00114
43250 0.00114
43251 0.00114
43252 0.00114
43253 0.00114
43254 0.00114
43255 0.00114
43256 0.00114
43257 0.00114
43258 0.00114
43259 0.00114
43260 0.00114
43261 0.00114
43262 0.00114
43263 0.00114
43264 0.00114
43265 0.00114
43266 0.00114
43267 0.00114
43268 0.00114
43269 0.00114
43270 0.00114
43271 0.00114
43272 0.00114
43273 0.00114
43274 0.00114
43275 0.00114
43276 0.00114
43277 0.00114
43278 0.00114
43279 0.00114
43280 0.00114
43281 0.00114
43282 0.00114
43283 0.00114
43284 0.00114
43285 0.00114
43286 0.00114
43287 0.00114
43288 0.00114
43289 0.00114
43290 0.00114
43291 0.00114
43292 0.00114
43293 0.00114
43294 0.00114
43295 0.00114
43296 0.00114
43297 0.00114
43298 0.00114
43299 0.00114
43300 0.00114
43301 0.00114
43302 0.00114
43303 0.00114
43304 0.00114
43305 0.00114
43306 0.00114
43307 0.00114
43308 0.00114
43309 0.00114
43310 0.00114
43311 0.00114
43312 0.00114
43313 0.00114
43314 0.00114
43315 0.00114
43316 0.00114
43317 0.00114
43318 0.00114
43319 0.00114
43320 0.00114
43321 0.00114
43322 0.00114
43323 0.00114
43324 0.00114
43325 0.00114
43326 0.00114
43327 0.00114
43328 0.00114
43329 0.00114
43330 0.00114
43331 0.00114
43332 0.00114
43333 0.00114
43334 0.00114
43335 0.00114
43336 0.00114
43337 0.00114
43338 0.00114
43339 0.00114
43340 0.00114
43341 0.00114
43342 0.00114
43343 0.00114
43344 0.00114
43345 0.00114
43346 0.00114
43347 0.00114
43348 0.00114
43349 0.00114
43350 0.00114
43351 0.00114
43352 0.00114
43353 0.00114
43354 0.00114
43355 0.00114
43356 0.00114
43357 0.00114
43358 0.00114
43359 0.00114
43360 0.00114
43361 0.00114
43362 0.00114
43363 0.00114
43364 0.00114
43365 0.00114
43366 0.00114
43367 0.00114
43368 0.00114
43369 0.00114
43370 0.00114
43371 0.00114
43372 0.00114
43373 0.00114
43374 0.00114
43375 0.00114
43376 0.00114
43377 0.00114
43378 0.00114
43379 0.00114
43380 0.00114
43381 0.00114
43382 0.00114
43383 0.00114
43384 0.00114
43385 0.00114
43386 0.00114
43387 0.00114
43388 0.00114
43389 0.00114
43390 0.00114
43391 0.00114
43392 0.00114
43393 0.00114
43394 0.00114
43395 0.00114
43396 0.00114
43397 0.00114
43398 0.00114
43399 0.00114
43400 0.00114
43401 0.00114
43402 0.00114
43403 0.00114
43404 0.00114
43405 0.00114
43406 0.00114
43407 0.00114
43408 0.00114
43409 0.00114
43410 0.00114
43411 0.00114
43412 0.00114
43413 0.00114
43414 0.00114
43415 0.00114
43416 0.00114
43417 0.00114
43418 0.00114
43419 0.00114
43420 0.00114
43421 0.00114
43422 0.00114
43423 0.00114
43424 0.00114
43425 0.00114
43426 0.00114
43427 0.00114
43428 0.00114
43429 0.00114
43430 0.00114
43431 0.00114
43432 0.00114
43433 0.00114
43434 0.00114
43435 0.00114
43436 0.00114
43437 0.00114
43438 0.00114
43439 0.00114
43440 0.00114
43441 0.00114
43442 0.00114
43443 0.00114
43444 0.00114
43445 0.00114
43446 0.00114
43447 0.00114
43448 0.00114
43449 0.00114
43450 0.00114
43451 0.00114
43452 0.00114
43453 0.00114
43454 0.00114
43455 0.00114
43456 0.00114
43457 0.00114
43458 0.00114
43459 0.00114
43460 0.00114
43461 0.00114
43462 0.00114
43463 0.00114
43464 0.00114
43465 0.00114
43466 0.00114
43467 0.00114
43468 0.00114
43469 0.00114
43470 0.00114
43471 0.00114
43472 0.00114
43473 0.00114
43474 0.00114
43475 0.00114
43476 0.00114
43477 0.00114
43478 0.00114
43479 0.00114
43480 0.00114
43481 0.00114
43482 0.00114
43483 0.00114
43484 0.00114
43485 0.00114
43486 0.00114
43487 0.00114
43488 0.00114
43489 0.00114
43490 0.00114
43491 0.00114
43492 0.00114
43493 0.00114
43494 0.00114
43495 0.00114
43496 0.00114
43497 0.00114
43498 0.00114
43499 0.00114
43500 0.00114
43501 0.00114
43502 0.00114
43503 0.00114
43504 0.00114
43505 0.00114
43506 0.00114
43507 0.00114
43508 0.00114
43509 0.00114
43510 0.00114
43511 0.00114
43512 0.00114
43513 0.00114
43514 0.00114
43515 0.00114
43516 0.00114
43517 0.00114
43518 0.00114
43519 0.00114
43520 0.00114
43521 0.00114
43522 0.00114
43523 0.00114
43524 0.00114
43525 0.00114
43526 0.00114
43527 0.00114
43528 0.00114
43529 0.00114
43530 0.00114
43531 0.00114
43532 0.00114
43533 0.00114
43534 0.00114
43535 0.00114
43536 0.00114
43537 0.00114
43538 0.00114
43539 0.00114
43540 0.00114
43541 0.00114
43542 0.00114
43543 0.00114
43544 0.00114
43545 0.00114
43546 0.00114
43547 0.00114
43548 0.00114
43549 0.00114
43550 0.00114
43551 0.00114
43552 0.00114
43553 0.00114
43554 0.00114
43555 0.00114
43556 0.00114
43557 0.00114
43558 0.00114
43559 0.00114
43560 0.00114
43561 0.00114
43562 0.00114
43563 0.00114
43564 0.00114
43565 0.00114
43566 0.00114
43567 0.00114
43568 0.00114
43569 0.00114
43570 0.00114
43571 0.00114
43572 0.00114
43573 0.00114
43574 0.00114
43575 0.00114
43576 0.00114
43577 0.00114
43578 0.00114
43579 0.00114
43580 0.00114
43581 0.00114
43582 0.00114
43583 0.00114
43584 0.00114
43585 0.00114
43586 0.00114
43587 0.00114
43588 0.00114
43589 0.00114
43590 0.00114
43591 0.00114
43592 0.00114
43593 0.00114
43594 0.00114
43595 0.00114
43596 0.00114
43597 0.00114
43598 0.00114
43599 0.00114
43600 0.00114
43601 0.00114
43602 0.00114
43603 0.00114
43604 0.00114
43605 0.00114
43606 0.00114
43607 0.00114
43608 0.00114
43609 0.00114
43610 0.00114
43611 0.00114
43612 0.00114
43613 0.00114
43614 0.00114
43615 0.00114
43616 0.00114
43617 0.00114
43618 0.00114
43619 0.00114
43620 0.00114
43621 0.00114
43622 0.00114
43623 0.00114
43624 0.00114
43625 0.00114
43626 0.00114
43627 0.00114
43628 0.00114
43629 0.00114
43630 0.00114
43631 0.00114
43632 0.00114
43633 0.00114
43634 0.00114
43635 0.00114
43636 0.00114
43637 0.00114
43638 0.00114
43639 0.00114
43640 0.00114
43641 0.00114
43642 0.00114
43643 0.00114
43644 0.00114
43645 0.00114
43646 0.00114
43647 0.00114
43648 0.00114
43649 0.00114
43650 0.00114
43651 0.00114
43652 0.00114
43653 0.00114
43654 0.00114
43655 0.00114
43656 0.00114
43657 0.00114
43658 0.00114
43659 0.00114
43660 0.00114
43661 0.00114
43662 0.00114
43663 0.00114
43664 0.00114
43665 0.00114
43666 0.00114
43667 0.00114
43668 0.00114
43669 0.00114
43670 0.00114
43671 0.00114
43672 0.00114
43673 0.00114
43674 0.00114
43675 0.00114
43676 0.00114
43677 0.00114
43678 0.00114
43679 0.00114
43680 0.00114
43681 0.00114
43682 0.00114
43683 0.00114
43684 0.00114
43685 0.00114
43686 0.00114
43687 0.00114
43688 0.00114
43689 0.00114
43690 0.00114
43691 0.00114
43692 0.00114
43693 0.00114
43694 0.00114
43695 0.00114
43696 0.00114
43697 0.00114
43698 0.00114
43699 0.00114
43700 0.00114
43701 0.00114
43702 0.00114
43703 0.00114
43704 0.00114
43705 0.00114
43706 0.00114
43707 0.00114
43708 0.00114
43709 0.00114
43710 0.00114
43711 0.00114
43712 0.00114
43713 0.00114
43714 0.00114
43715 0.00114
43716 0.00114
43717 0.00114
43718 0.00114
43719 0.00114
43720 0.00114
43721 0.00114
43722 0.00114
43723 0.00114
43724 0.00114
43725 0.00114
43726 0.00114
43727 0.00114
43728 0.00114
43729 0.00114
43730 0.00114
43731 0.00114
43732 0.00114
43733 0.00114
43734 0.00114
43735 0.00114
43736 0.00114
43737 0.00114
43738 0.00114
43739 0.00114
43740 0.00114
43741 0.00114
43742 0.00114
43743 0.00114
43744 0.00114
43745 0.00114
43746 0.00114
43747 0.00114
43748 0.00114
43749 0.00114
43750 0.00114
43751 0.00114
43752 0.00114
43753 0.00114
43754 0.00114
43755 0.00114
43756 0.00114
43757 0.00114
43758 0.00114
43759 0.00114
43760 0.00114
43761 0.00114
43762 0.00114
43763 0.00114
43764 0.00114
43765 0.00114
43766 0.00114
43767 0.00114
43768 0.00114
43769 0.00114
43770 0.00114
43771 0.00114
43772 0.00114
43773 0.00114
43774 0.00114
43775 0.00114
43776 0.00114
43777 0.00114
43778 0.00114
43779 0.00114
43780 0.00114
43781 0.00114
43782 0.00114
43783 0.00114
43784 0.00114
43785 0.00114
43786 0.00114
43787 0.00114
43788 0.00114
43789 0.00114
43790 0.00114
43791 0.00114
43792 0.00114
43793 0.00114
43794 0.00114
43795 0.00114
43796 0.00114
43797 0.00114
43798 0.00114
43799 0.00114
43800 0.00114
43801 0.00114
43802 0.00114
43803 0.00114
43804 0.00114
43805 0.00114
43806 0.00114
43807 0.00114
43808 0.00114
43809 0.00114
43810 0.00114
43811 0.00114
43812 0.00114
43813 0.00114
43814 0.00114
43815 0.00114
43816 0.00114
43817 0.00114
43818 0.00114
43819 0.00114
43820 0.00114
43821 0.00114
43822 0.00114
43823 0.00114
43824 0.00114
43825 0.00114
43826 0.00114
43827 0.00114
43828 0.00114
43829 0.00114
43830 0.00114
43831 0.00114
43832 0.00114
43833 0.00114
43834 0.00114
43835 0.00114
43836 0.00114
43837 0.00114
43838 0.00114
43839 0.00114
43840 0.00114
43841 0.00114
43842 0.00114
43843 0.00114
43844 0.00114
43845 0.00114
43846 0.00114
43847 0.00114
43848 0.00114
43849 0.00114
43850 0.00114
43851 0.00114
43852 0.00114
43853 0.00114
43854 0.00114
43855 0.00114
43856 0.00114
43857 0.00114
43858 0.00114
43859 0.00114
43860 0.00114
43861 0.00114
43862 0.00114
43863 0.00114
43864 0.00114
43865 0.00114
43866 0.00114
43867 0.00114
43868 0.00114
43869 0.00114
43870 0.00114
43871 0.00114
43872 0.00114
43873 0.00114
43874 0.00114
43875 0.00114
43876 0.00114
43877 0.00114
43878 0.00114
43879 0.00114
43880 0.00114
43881 0.00114
43882 0.00114
43883 0.00114
43884 0.00114
43885 0.00114
43886 0.00114
43887 0.00114
43888 0.00114
43889 0.00114
43890 0.00114
43891 0.00114
43892 0.00114
43893 0.00114
43894 0.00114
43895 0.00114
43896 0.00114
43897 0.00114
43898 0.00114
43899 0.00114
43900 0.00114
43901 0.00114
43902 0.00114
43903 0.00114
43904 0.00114
43905 0.00114
43906 0.00114
43907 0.00114
43908 0.00114
43909 0.00114
43910 0.00114
43911 0.00114
43912 0.00114
43913 0.00114
43914 0.00114
43915 0.00114
43916 0.00114
43917 0.00114
43918 0.00114
43919 0.00114
43920 0.00114
43921 0.00114
43922 0.00114
43923 0.00114
43924 0.00114
43925 0.00114
43926 0.00114
43927 0.00114
43928 0.00114
43929 0.00114
43930 0.00114
43931 0.00114
43932 0.00114
43933 0.00114
43934 0.00114
43935 0.00114
43936 0.00114
43937 0.00114
43938 0.00114
43939 0.00114
43940 0.00114
43941 0.00114
43942 0.00114
43943 0.00114
43944 0.00114
43945 0.00114
43946 0.00114
43947 0.00114
43948 0.00114
43949 0.00114
43950 0.00114
43951 0.00114
43952 0.00114
43953 0.00114
43954 0.00114
43955 0.00114
43956 0.00114
43957 0.00114
43958 0.00114
43959 0.00114
43960 0.00114
43961 0.00114
43962 0.00114
43963 0.00114
43964 0.00114
43965 0.00114
43966 0.00114
43967 0.00114
43968 0.00114
43969 0.00114
43970 0.00114
43971 0.00114
43972 0.00114
43973 0.00114
43974 0.00114
43975 0.00114
43976 0.00114
43977 0.00114
43978 0.00114
43979 0.00114
43980 0.00114
43981 0.00114
43982 0.00114
43983 0.00114
43984 0.00114
43985 0.00114
43986 0.00114
43987 0.00114
43988 0.00114
43989 0.00114
43990 0.00114
43991 0.00114
43992 0.00114
43993 0.00114
43994 0.00114
43995 0.00114
43996 0.00114
43997 0.00114
43998 0.00114
43999 0.00114
44000 0.00114
44001 0.00114
44002 0.00114
44003 0.00114
44004 0.00114
44005 0.00114
44006 0.00114
44007 0.00114
44008 0.00114
44009 0.00114
44010 0.00114
44011 0.00114
44012 0.00114
44013 0.00114
44014 0.00114
44015 0.00114
44016 0.00114
44017 0.00114
44018 0.00114
44019 0.00114
44020 0.00114
44021 0.00114
44022 0.00114
44023 0.00114
44024 0.00114
44025 0.00114
44026 0.00114
44027 0.00114
44028 0.00114
44029 0.00114
44030 0.00114
44031 0.00114
44032 0.00114
44033 0.00114
44034 0.00114
44035 0.00114
44036 0.00114
44037 0.00114
44038 0.00114
44039 0.00114
44040 0.00114
44041 0.00114
44042 0.00114
44043 0.00114
44044 0.00114
44045 0.00114
44046 0.00114
44047 0.00114
44048 0.00114
44049 0.00114
44050 0.00114
44051 0.00114
44052 0.00114
44053 0.00114
44054 0.00114
44055 0.00114
44056 0.00114
44057 0.00114
44058 0.00114
44059 0.00114
44060 0.00114
44061 0.00114
44062 0.00114
44063 0.00114
44064 0.00114
44065 0.00114
44066 0.00114
44067 0.00114
44068 0.00114
44069 0.00114
44070 0.00114
44071 0.00114
44072 0.00114
44073 0.00114
44074 0.00114
44075 0.00114
44076 0.00114
44077 0.00114
44078 0.00114
44079 0.00114
44080 0.00114
44081 0.00114
44082 0.00114
44083 0.00114
44084 0.00114
44085 0.00114
44086 0.00114
44087 0.00114
44088 0.00114
44089 0.00114
44090 0.00114
44091 0.00114
44092 0.00114
44093 0.00114
44094 0.00114
44095 0.00114
44096 0.00114
44097 0.00114
44098 0.00114
44099 0.00114
44100 0.00114
44101 0.00114
44102 0.00114
44103 0.00114
44104 0.00114
44105 0.00114
44106 0.00114
44107 0.00114
44108 0.00114
44109 0.00114
44110 0.00114
44111 0.00114
44112 0.00114
44113 0.00114
44114 0.00114
44115 0.00114
44116 0.00114
44117 0.00114
44118 0.00114
44119 0.00114
44120 0.00114
44121 0.00114
44122 0.00114
44123 0.00114
44124 0.00114
44125 0.00114
44126 0.00114
44127 0.00114
44128 0.00114
44129 0.00114
44130 0.00114
44131 0.00114
44132 0.00114
44133 0.00114
44134 0.00114
44135 0.00114
44136 0.00114
44137 0.00114
44138 0.00114
44139 0.00114
44140 0.00114
44141 0.00114
44142 0.00114
44143 0.00114
44144 0.00114
44145 0.00114
44146 0.00114
44147 0.00114
44148 0.00114
44149 0.00114
44150 0.00114
44151 0.00114
44152 0.00114
44153 0.00114
44154 0.00114
44155 0.00114
44156 0.00114
44157 0.00114
44158 0.00114
44159 0.00114
44160 0.00114
44161 0.00114
44162 0.00114
44163 0.00114
44164 0.00114
44165 0.00114
44166 0.00114
44167 0.00114
44168 0.00114
44169 0.00114
44170 0.00114
44171 0.00114
44172 0.00114
44173 0.00114
44174 0.00114
44175 0.00114
44176 0.00114
44177 0.00114
44178 0.00114
44179 0.00114
44180 0.00114
44181 0.00114
44182 0.00114
44183 0.00114
44184 0.00114
44185 0.00114
44186 0.00114
44187 0.00114
44188 0.00114
44189 0.00114
44190 0.00114
44191 0.00114
44192 0.00114
44193 0.00114
44194 0.00114
44195 0.00114
44196 0.00114
44197 0.00114
44198 0.00114
44199 0.00114
44200 0.00114
44201 0.00114
44202 0.00114
44203 0.00114
44204 0.00114
44205 0.00114
44206 0.00114
44207 0.00114
44208 0.00114
44209 0.00114
44210 0.00114
44211 0.00114
44212 0.00114
44213 0.00114
44214 0.00114
44215 0.00114
44216 0.00114
44217 0.00114
44218 0.00114
44219 0.00114
44220 0.00114
44221 0.00114
44222 0.00114
44223 0.00114
44224 0.00114
44225 0.00114
44226 0.00114
44227 0.00114
44228 0.00114
44229 0.00114
44230 0.00114
44231 0.00114
44232 0.00114
44233 0.00114
44234 0.00114
44235 0.00114
44236 0.00114
44237 0.00114
44238 0.00114
44239 0.00114
44240 0.00114
44241 0.00114
44242 0.00114
44243 0.00114
44244 0.00114
44245 0.00114
44246 0.00114
44247 0.00114
44248 0.00114
44249 0.00114
44250 0.00114
44251 0.00114
44252 0.00114
44253 0.00114
44254 0.00114
44255 0.00114
44256 0.00114
44257 0.00114
44258 0.00114
44259 0.00114
44260 0.00114
44261 0.00114
44262 0.00114
44263 0.00114
44264 0.00114
44265 0.00114
44266 0.00114
44267 0.00114
44268 0.00114
44269 0.00114
44270 0.00114
44271 0.00114
44272 0.00114
44273 0.00114
44274 0.00114
44275 0.00114
44276 0.00114
44277 0.00114
44278 0.00114
44279 0.00114
44280 0.00114
44281 0.00114
44282 0.00114
44283 0.00114
44284 0.00114
44285 0.00114
44286 0.00114
44287 0.00114
44288 0.00114
44289 0.00114
44290 0.00114
44291 0.00114
44292 0.00114
44293 0.00114
44294 0.00114
44295 0.00114
44296 0.00114
44297 0.00114
44298 0.00114
44299 0.00114
44300 0.00114
44301 0.00114
44302 0.00114
44303 0.00114
44304 0.00114
44305 0.00114
44306 0.00114
44307 0.00114
44308 0.00114
44309 0.00114
44310 0.00114
44311 0.00114
44312 0.00114
44313 0.00114
44314 0.00114
44315 0.00114
44316 0.00114
44317 0.00114
44318 0.00114
44319 0.00114
44320 0.00114
44321 0.00114
44322 0.00114
44323 0.00114
44324 0.00114
44325 0.00114
44326 0.00114
44327 0.00114
44328 0.00114
44329 0.00114
44330 0.00114
44331 0.00114
44332 0.00114
44333 0.00114
44334 0.00114
44335 0.00114
44336 0.00114
44337 0.00114
44338 0.00114
44339 0.00114
44340 0.00114
44341 0.00114
44342 0.00114
44343 0.00114
44344 0.00114
44345 0.00114
44346 0.00114
44347 0.00114
44348 0.00114
44349 0.00114
44350 0.00114
44351 0.00114
44352 0.00114
44353 0.00114
44354 0.00114
44355 0.00114
44356 0.00114
44357 0.00114
44358 0.00114
44359 0.00114
44360 0.00114
44361 0.00114
44362 0.00114
44363 0.00114
44364 0.00114
44365 0.00114
44366 0.00114
44367 0.00114
44368 0.00114
44369 0.00114
44370 0.00114
44371 0.00114
44372 0.00114
44373 0.00114
44374 0.00114
44375 0.00114
44376 0.00114
44377 0.00114
44378 0.00114
44379 0.00114
44380 0.00114
44381 0.00114
44382 0.00114
44383 0.00114
44384 0.00114
44385 0.00114
44386 0.00114
44387 0.00114
44388 0.00114
44389 0.00114
44390 0.00114
44391 0.00114
44392 0.00114
44393 0.00114
44394 0.00114
44395 0.00114
44396 0.00114
44397 0.00114
44398 0.00114
44399 0.00114
44400 0.00114
44401 0.00114
44402 0.00114
44403 0.00114
44404 0.00114
44405 0.00114
44406 0.00114
44407 0.00114
44408 0.00114
44409 0.00114
44410 0.00114
44411 0.00114
44412 0.00114
44413 0.00114
44414 0.00114
44415 0.00114
44416 0.00114
44417 0.00114
44418 0.00114
44419 0.00114
44420 0.00114
44421 0.00114
44422 0.00114
44423 0.00114
44424 0.00114
44425 0.00114
44426 0.00114
44427 0.00114
44428 0.00114
44429 0.00114
44430 0.00114
44431 0.00114
44432 0.00114
44433 0.00114
44434 0.00114
44435 0.00114
44436 0.00114
44437 0.00114
44438 0.00114
44439 0.00114
44440 0.00114
44441 0.00114
44442 0.00114
44443 0.00114
44444 0.00114
44445 0.00114
44446 0.00114
44447 0.00114
44448 0.00114
44449 0.00114
44450 0.00114
44451 0.00114
44452 0.00114
44453 0.00114
44454 0.00114
44455 0.00114
44456 0.00114
44457 0.00114
44458 0.00114
44459 0.00114
44460 0.00114
44461 0.00114
44462 0.00114
44463 0.00114
44464 0.00114
44465 0.00114
44466 0.00114
44467 0.00114
44468 0.00114
44469 0.00114
44470 0.00114
44471 0.00114
44472 0.00114
44473 0.00114
44474 0.00114
44475 0.00114
44476 0.00114
44477 0.00114
44478 0.00114
44479 0.00114
44480 0.00114
44481 0.00114
44482 0.00114
44483 0.00114
44484 0.00114
44485 0.00114
44486 0.00114
44487 0.00114
44488 0.00114
44489 0.00114
44490 0.00114
44491 0.00114
44492 0.00114
44493 0.00114
44494 0.00114
44495 0.00114
44496 0.00114
44497 0.00114
44498 0.00114
44499 0.00114
44500 0.00114
44501 0.00114
44502 0.00114
44503 0.00114
44504 0.00114
44505 0.00114
44506 0.00114
44507 0.00114
44508 0.00114
44509 0.00114
44510 0.00114
44511 0.00114
44512 0.00114
44513 0.00114
44514 0.00114
44515 0.00114
44516 0.00114
44517 0.00114
44518 0.00114
44519 0.00114
44520 0.00114
44521 0.00114
44522 0.00114
44523 0.00114
44524 0.00114
44525 0.00114
44526 0.00114
44527 0.00114
44528 0.00114
44529 0.00114
44530 0.00114
44531 0.00114
44532 0.00114
44533 0.00114
44534 0.00114
44535 0.00114
44536 0.00114
44537 0.00114
44538 0.00114
44539 0.00114
44540 0.00114
44541 0.00114
44542 0.00114
44543 0.00114
44544 0.00114
44545 0.00114
44546 0.00114
44547 0.00114
44548 0.00114
44549 0.00114
44550 0.00114
44551 0.00114
44552 0.00114
44553 0.00114
44554 0.00114
44555 0.00114
44556 0.00114
44557 0.00114
44558 0.00114
44559 0.00114
44560 0.00114
44561 0.00114
44562 0.00114
44563 0.00114
44564 0.00114
44565 0.00114
44566 0.00114
44567 0.00114
44568 0.00114
44569 0.00114
44570 0.00114
44571 0.00114
44572 0.00114
44573 0.00114
44574 0.00114
44575 0.00114
44576 0.00114
44577 0.00114
44578 0.00114
44579 0.00114
44580 0.00114
44581 0.00114
44582 0.00114
44583 0.00114
44584 0.00114
44585 0.00114
44586 0.00114
44587 0.00114
44588 0.00114
44589 0.00114
44590 0.00114
44591 0.00114
44592 0.00114
44593 0.00114
44594 0.00114
44595 0.00114
44596 0.00114
44597 0.00114
44598 0.00114
44599 0.00114
44600 0.00114
44601 0.00114
44602 0.00114
44603 0.00114
44604 0.00114
44605 0.00114
44606 0.00114
44607 0.00114
44608 0.00114
44609 0.00114
44610 0.00114
44611 0.00114
44612 0.00114
44613 0.00114
44614 0.00114
44615 0.00114
44616 0.00114
44617 0.00114
44618 0.00114
44619 0.00114
44620 0.00114
44621 0.00114
44622 0.00114
44623 0.00114
44624 0.00114
44625 0.00114
44626 0.00114
44627 0.00114
44628 0.00114
44629 0.00114
44630 0.00114
44631 0.00114
44632 0.00114
44633 0.00114
44634 0.00114
44635 0.00114
44636 0.00114
44637 0.00114
44638 0.00114
44639 0.00114
44640 0.00114
44641 0.00114
44642 0.00114
44643 0.00114
44644 0.00114
44645 0.00114
44646 0.00114
44647 0.00114
44648 0.00114
44649 0.00114
44650 0.00114
44651 0.00114
44652 0.00114
44653 0.00114
44654 0.00114
44655 0.00114
44656 0.00114
44657 0.00114
44658 0.00114
44659 0.00114
44660 0.00114
44661 0.00114
44662 0.00114
44663 0.00114
44664 0.00114
44665 0.00114
44666 0.00114
44667 0.00114
44668 0.00114
44669 0.00114
44670 0.00114
44671 0.00114
44672 0.00114
44673 0.00114
44674 0.00114
44675 0.00114
44676 0.00114
44677 0.00114
44678 0.00114
44679 0.00114
44680 0.00114
44681 0.00114
44682 0.00114
44683 0.00114
44684 0.00114
44685 0.00114
44686 0.00114
44687 0.00114
44688 0.00114
44689 0.00114
44690 0.00114
44691 0.00114
44692 0.00114
44693 0.00114
44694 0.00114
44695 0.00114
44696 0.00114
44697 0.00114
44698 0.00114
44699 0.00114
44700 0.00114
44701 0.00114
44702 0.00114
44703 0.00114
44704 0.00114
44705 0.00114
44706 0.00114
44707 0.00114
44708 0.00114
44709 0.00114
44710 0.00114
44711 0.00114
44712 0.00114
44713 0.00114
44714 0.00114
44715 0.00114
44716 0.00114
44717 0.00114
44718 0.00114
44719 0.00114
44720 0.00114
44721 0.00114
44722 0.00114
44723 0.00114
44724 0.00114
44725 0.00114
44726 0.00114
44727 0.00114
44728 0.00114
44729 0.00114
44730 0.00114
44731 0.00114
44732 0.00114
44733 0.00114
44734 0.00114
44735 0.00114
44736 0.00114
44737 0.00114
44738 0.00114
44739 0.00114
44740 0.00114
44741 0.00114
44742 0.00114
44743 0.00114
44744 0.00114
44745 0.00114
44746 0.00114
44747 0.00114
44748 0.00114
44749 0.00114
44750 0.00114
44751 0.00114
44752 0.00114
44753 0.00114
44754 0.00114
44755 0.00114
44756 0.00114
44757 0.00114
44758 0.00114
44759 0.00114
44760 0.00114
44761 0.00114
44762 0.00114
44763 0.00114
44764 0.00114
44765 0.00114
44766 0.00114
44767 0.00114
44768 0.00114
44769 0.00114
44770 0.00114
44771 0.00114
44772 0.00114
44773 0.00114
44774 0.00114
44775 0.00114
44776 0.00114
44777 0.00114
44778 0.00114
44779 0.00114
44780 0.00114
44781 0.00114
44782 0.00114
44783 0.00114
44784 0.00114
44785 0.00114
44786 0.00114
44787 0.00114
44788 0.00114
44789 0.00114
44790 0.00114
44791 0.00114
44792 0.00114
44793 0.00114
44794 0.00114
44795 0.00114
44796 0.00114
44797 0.00114
44798 0.00114
44799 0.00114
44800 0.00114
44801 0.00114
44802 0.00114
44803 0.00114
44804 0.00114
44805 0.00114
44806 0.00114
44807 0.00114
44808 0.00114
44809 0.00114
44810 0.00114
44811 0.00114
44812 0.00114
44813 0.00114
44814 0.00114
44815 0.00114
44816 0.00114
44817 0.00114
44818 0.00114
44819 0.00114
44820 0.00114
44821 0.00114
44822 0.00114
44823 0.00114
44824 0.00114
44825 0.00114
44826 0.00114
44827 0.00114
44828 0.00114
44829 0.00114
44830 0.00114
44831 0.00114
44832 0.00114
44833 0.00114
44834 0.00114
44835 0.00114
44836 0.00114
44837 0.00114
44838 0.00114
44839 0.00114
44840 0.00114
44841 0.00114
44842 0.00114
44843 0.00114
44844 0.00114
44845 0.00114
44846 0.00114
44847 0.00114
44848 0.00114
44849 0.00114
44850 0.00114
44851 0.00114
44852 0.00114
44853 0.00114
44854 0.00114
44855 0.00114
44856 0.00114
44857 0.00114
44858 0.00114
44859 0.00114
44860 0.00114
44861 0.00114
44862 0.00114
44863 0.00114
44864 0.00114
44865 0.00114
44866 0.00114
44867 0.00114
44868 0.00114
44869 0.00114
44870 0.00114
44871 0.00117
44872 0.00123
44873 0.00126
44874 0.00126
44875 0.00131
44876 0.00131
44877 0.00131
44878 0.00131
44879 0.00131
44880 0.00131
44881 0.00131
44882 0.00131
44883 0.00131
44884 0.00131
44885 0.00131
44886 0.00131
44887 0.00131
44888 0.00131
44889 0.00131
44890 0.00131
44891 0.00131
44892 0.00131
44893 0.00131
44894 0.00131
44895 0.00131
44896 0.00131
44897 0.00131
44898 0.00131
44899 0.00131
44900 0.00131
44901 0.00131
44902 0.00131
44903 0.00131
44904 0.00131
44905 0.00131
44906 0.00131
44907 0.00131
44908 0.00131
44909 0.00131
44910 0.00131
44911 0.00131
44912 0.00131
44913 0.00131
44914 0.00131
44915 0.00131
44916 0.00131
44917 0.00131
44918 0.00131
44919 0.00131
44920 0.00131
44921 0.00131
44922 0.00131
44923 0.00131
44924 0.00131
44925 0.00131
44926 0.00131
44927 0.00131
44928 0.00131
44929 0.00131
44930 0.00131
44931 0.00131
44932 0.00131
44933 0.00131
44934 0.00131
44935 0.00131
44936 0.00131
44937 0.00131
44938 0.00131
44939 0.00131
44940 0.00131
44941 0.00131
44942 0.00131
44943 0.00131
44944 0.00131
44945 0.00131
44946 0.00131
44947 0.00131
44948 0.00131
44949 0.00131
44950 0.00131
44951 0.00131
44952 0.00131
44953 0.00131
44954 0.00131
44955 0.00131
44956 0.00131
44957 0.00131
44958 0.00131
44959 0.00131
44960 0.00131
44961 0.00131
44962 0.00131
44963 0.00131
44964 0.00131
44965 0.00131
44966 0.00131
44967 0.00131
44968 0.00131
44969 0.00131
44970 0.00131
44971 0.00131
44972 0.00131
44973 0.00131
44974 0.00131
44975 0.00131
44976 0.00131
44977 0.00131
44978 0.00131
44979 0.00131
44980 0.00131
44981 0.00131
44982 0.00131
44983 0.00131
44984 0.00131
44985 0.00131
44986 0.00131
44987 0.00131
44988 0.00131
44989 0.00131
44990 0.00131
44991 0.00131
44992 0.00131
44993 0.00131
44994 0.00131
44995 0.00131
44996 0.00131
44997 0.00131
44998 0.00131
44999 0.00131
45000 0.00131
45001 0.00131
45002 0.00131
45003 0.00131
45004 0.00131
45005 0.00131
45006 0.00131
45007 0.00131
45008 0.00131
45009 0.00131
45010 0.00131
45011 0.00131
45012 0.00131
45013 0.00131
45014 0.00131
45015 0.00131
45016 0.00131
45017 0.00131
45018 0.00131
45019 0.00131
45020 0.00131
45021 0.00131
45022 0.00131
45023 0.00131
45024 0.00131
45025 0.00131
45026 0.00131
45027 0.00131
45028 0.00131
45029 0.00131
45030 0.00131
45031 0.00131
45032 0.00131
45033 0.00131
45034 0.00131
45035 0.00131
45036 0.00131
45037 0.00131
45038 0.00131
45039 0.00131
45040 0.00131
45041 0.00131
45042 0.00131
45043 0.00131
45044 0.00131
45045 0.00131
45046 0.00131
45047 0.00131
45048 0.00131
45049 0.00131
45050 0.00131
45051 0.00131
45052 0.00131
45053 0.00131
45054 0.00131
45055 0.00131
45056 0.00131
45057 0.00131
45058 0.00131
45059 0.00131
45060 0.00131
45061 0.00131
45062 0.00131
45063 0.00131
45064 0.00131
45065 0.00131
45066 0.00131
45067 0.00131
45068 0.00131
45069 0.00131
45070 0.00131
45071 0.00131
45072 0.00131
45073 0.00131
45074 0.00131
45075 0.00131
45076 0.00131
45077 0.00131
45078 0.00131
45079 0.00131
45080 0.00131
45081 0.00131
45082 0.00131
45083 0.00131
45084 0.00131
45085 0.00131
45086 0.00131
45087 0.00131
45088 0.00131
45089 0.00131
45090 0.00131
45091 0.00131
45092 0.00131
45093 0.00131
45094 0.00131
45095 0.00131
45096 0.00131
45097 0.00131
45098 0.00131
45099 0.00131
45100 0.00131
45101 0.00131
45102 0.00131
45103 0.00131
45104 0.00131
45105 0.00131
45106 0.00131
45107 0.00131
45108 0.00131
45109 0.00131
45110 0.00131
45111 0.00131
45112 0.00131
45113 0.00131
45114 0.00131
45115 0.00131
45116 0.00131
45117 0.00131
45118 0.00131
45119 0.00131
45120 0.00131
45121 0.00131
45122 0.00131
45123 0.00131
45124 0.00131
45125 0.00131
45126 0.00131
45127 0.00131
45128 0.00131
45129 0.00131
45130 0.00131
45131 0.00131
45132 0.00131
45133 0.00131
45134 0.00131
45135 0.00131
45136 0.00131
45137 0.00131
45138 0.00131
45139 0.00131
45140 0.00131
45141 0.00131
45142 0.00131
45143 0.00131
45144 0.00131
45145 0.00131
45146 0.00131
45147 0.00131
45148 0.00131
45149 0.00131
45150 0.00131
45151 0.00131
45152 0.00131
45153 0.00131
45154 0.00131
45155 0.00131
45156 0.00131
45157 0.00131
45158 0.00131
45159 0.00131
45160 0.00131
45161 0.00131
45162 0.00131
45163 0.00131
45164 0.00131
45165 0.00131
45166 0.00131
45167 0.00131
45168 0.00131
45169 0.00131
45170 0.00131
45171 0.00131
45172 0.00131
45173 0.00131
45174 0.00131
45175 0.00131
45176 0.00131
45177 0.00131
45178 0.00131
45179 0.00131
45180 0.00131
45181 0.00131
45182 0.00131
45183 0.00131
45184 0.00131
45185 0.00131
45186 0.00131
45187 0.00131
45188 0.00131
45189 0.00131
45190 0.00131
45191 0.00131
45192 0.00131
45193 0.00131
45194 0.00131
45195 0.00131
45196 0.00131
45197 0.00131
45198 0.00131
45199 0.00131
45200 0.00131
45201 0.00131
45202 0.00131
45203 0.00131
45204 0.00131
45205 0.00131
45206 0.00131
45207 0.00131
45208 0.00131
45209 0.00131
45210 0.00131
45211 0.00131
45212 0.00131
45213 0.00131
45214 0.00131
45215 0.00131
45216 0.00131
45217 0.00131
45218 0.00131
45219 0.00131
45220 0.00131
45221 0.00131
45222 0.00131
45223 0.00131
45224 0.00131
45225 0.00131
45226 0.00131
45227 0.00131
45228 0.00131
45229 0.00131
45230 0.00131
45231 0.00131
45232 0.00131
45233 0.00131
45234 0.00131
45235 0.00131
45236 0.00131
45237 0.00131
45238 0.00131
45239 0.00131
45240 0.00131
45241 0.00131
45242 0.00131
45243 0.00131
45244 0.00131
45245 0.00131
45246 0.00131
45247 0.00131
45248 0.00131
45249 0.00131
45250 0.00131
45251 0.00131
45252 0.00131
45253 0.00131
45254 0.00131
45255 0.00131
45256 0.00131
45257 0.00131
45258 0.00131
45259 0.00131
45260 0.00131
45261 0.00131
45262 0.00131
45263 0.00131
45264 0.00131
45265 0.00131
45266 0.00131
45267 0.00131
45268 0.00131
45269 0.00131
45270 0.00131
45271 0.00131
45272 0.00131
45273 0.00131
45274 0.00131
45275 0.00131
45276 0.00131
45277 0.00131
45278 0.00131
45279 0.00131
45280 0.00131
45281 0.00131
45282 0.00131
45283 0.00131
45284 0.00131
45285 0.00131
45286 0.00131
45287 0.00131
45288 0.00131
45289 0.00131
45290 0.00131
45291 0.00131
45292 0.00131
45293 0.00131
45294 0.00131
45295 0.00131
45296 0.00131
45297 0.00131
45298 0.00131
45299 0.00131
45300 0.00131
45301 0.00131
45302 0.00131
45303 0.00131
45304 0.00131
45305 0.00131
45306 0.00131
45307 0.00131
45308 0.00131
45309 0.00131
45310 0.00131
45311 0.00131
45312 0.00131
45313 0.00131
45314 0.00131
45315 0.00131
45316 0.00131
45317 0.00131
45318 0.00131
45319 0.00131
45320 0.00131
45321 0.00131
45322 0.00131
45323 0.00131
45324 0.00131
45325 0.00131
45326 0.00131
45327 0.00131
45328 0.00131
45329 0.00131
45330 0.00131
45331 0.00131
45332 0.00131
45333 0.00131
45334 0.00131
45335 0.00131
45336 0.00131
45337 0.00131
45338 0.00131
45339 0.00131
45340 0.00131
45341 0.00131
45342 0.00131
45343 0.00131
45344 0.00131
45345 0.00131
45346 0.00131
45347 0.00131
45348 0.00131
45349 0.00131
45350 0.00131
45351 0.00131
45352 0.00131
45353 0.00131
45354 0.00131
45355 0.00131
45356 0.00131
45357 0.00131
45358 0.00131
45359 0.00131
45360 0.00131
45361 0.00131
45362 0.00131
45363 0.00131
45364 0.00131
45365 0.00131
45366 0.00131
45367 0.00131
45368 0.00131
45369 0.00131
45370 0.00131
45371 0.00131
45372 0.00131
45373 0.00131
45374 0.00131
45375 0.00131
45376 0.00131
45377 0.00131
45378 0.00131
45379 0.00131
45380 0.00131
45381 0.00131
45382 0.00131
45383 0.00131
45384 0.00131
45385 0.00131
45386 0.00131
45387 0.00131
45388 0.00131
45389 0.00131
45390 0.00131
45391 0.00131
45392 0.00131
45393 0.00131
45394 0.00131
45395 0.00131
45396 0.00131
45397 0.00131
45398 0.00131
45399 0.00131
45400 0.00131
45401 0.00131
45402 0.00131
45403 0.00131
45404 0.00131
45405 0.00131
45406 0.00131
45407 0.00131
45408 0.00131
45409 0.00131
45410 0.00131
45411 0.00131
45412 0.00131
45413 0.00131
45414 0.00131
45415 0.00131
45416 0.00131
45417 0.00131
45418 0.00131
45419 0.00131
45420 0.00131
45421 0.00131
45422 0.00131
45423 0.00131
45424 0.00131
45425 0.00131
45426 0.00131
45427 0.00131
45428 0.00131
45429 0.00131
45430 0.00131
45431 0.00131
45432 0.00131
45433 0.00131
45434 0.00131
45435 0.00131
45436 0.00131
45437 0.00131
45438 0.00131
45439 0.00131
45440 0.00131
45441 0.00131
45442 0.00131
45443 0.00131
45444 0.00131
45445 0.00131
45446 0.00131
45447 0.00131
45448 0.00131
45449 0.00131
45450 0.00131
45451 0.00131
45452 0.00131
45453 0.00131
45454 0.00131
45455 0.00131
45456 0.00131
45457 0.00131
45458 0.00131
45459 0.00131
45460 0.00131
45461 0.00131
45462 0.00131
45463 0.00131
45464 0.00131
45465 0.00131
45466 0.00131
45467 0.00131
45468 0.00131
45469 0.00131
45470 0.00131
45471 0.00131
45472 0.00131
45473 0.00131
45474 0.00131
45475 0.00131
45476 0.00131
45477 0.00131
45478 0.00131
45479 0.00131
45480 0.00131
45481 0.00131
45482 0.00131
45483 0.00131
45484 0.00131
45485 0.00131
45486 0.00131
45487 0.00131
45488 0.00131
45489 0.00131
45490 0.00131
45491 0.00131
45492 0.00131
45493 0.00131
45494 0.00131
45495 0.00131
45496 0.00131
45497 0.00131
45498 0.00131
45499 0.00131
45500 0.00131
45501 0.00131
45502 0.00131
45503 0.00131
45504 0.00131
45505 0.00131
45506 0.00131
45507 0.00131
45508 0.00131
45509 0.00131
45510 0.00131
45511 0.00131
45512 0.00131
45513 0.00131
45514 0.00131
45515 0.00131
45516 0.00131
45517 0.00131
45518 0.00131
45519 0.00131
45520 0.00131
45521 0.00131
45522 0.00131
45523 0.00131
45524 0.00131
45525 0.00131
45526 0.00131
45527 0.00131
45528 0.00131
45529 0.00131
45530 0.00131
45531 0.00131
45532 0.00131
45533 0.00131
45534 0.00131
45535 0.00131
45536 0.00131
45537 0.00131
45538 0.00131
45539 0.00131
45540 0.00131
45541 0.00131
45542 0.00131
45543 0.00131
45544 0.00131
45545 0.00131
45546 0.00131
45547 0.00131
45548 0.00131
45549 0.00131
45550 0.00131
45551 0.00131
45552 0.00131
45553 0.00131
45554 0.00131
45555 0.00131
45556 0.00131
45557 0.00131
45558 0.00131
45559 0.00131
45560 0.00131
45561 0.00131
45562 0.00131
45563 0.00131
45564 0.00131
45565 0.00131
45566 0.00131
45567 0.00131
45568 0.00131
45569 0.00131
45570 0.00131
45571 0.00131
45572 0.00131
45573 0.00131
45574 0.00131
45575 0.00131
45576 0.00131
45577 0.00131
45578 0.00131
45579 0.00131
45580 0.00131
45581 0.00131
45582 0.00131
45583 0.00131
45584 0.00131
45585 0.00131
45586 0.00131
45587 0.00131
45588 0.00131
45589 0.00131
45590 0.00131
45591 0.00131
45592 0.00131
45593 0.00131
45594 0.00131
45595 0.00131
45596 0.00131
45597 0.00131
45598 0.00131
45599 0.00131
45600 0.00131
45601 0.00131
45602 0.00131
45603 0.00131
45604 0.00131
45605 0.00131
45606 0.00131
45607 0.00131
45608 0.00131
45609 0.00131
45610 0.00131
45611 0.00131
45612 0.00131
45613 0.00131
45614 0.00131
45615 0.00131
45616 0.00131
45617 0.00131
45618 0.00131
45619 0.00131
45620 0.00131
45621 0.00131
45622 0.00131
45623 0.00131
45624 0.00131
45625 0.00131
45626 0.00131
45627 0.00131
45628 0.00131
45629 0.00131
45630 0.00131
45631 0.00131
45632 0.00131
45633 0.00131
45634 0.00131
45635 0.00131
45636 0.00131
45637 0.00131
45638 0.00131
45639 0.00131
45640 0.00131
45641 0.00131
45642 0.00131
45643 0.00131
45644 0.00131
45645 0.00131
45646 0.00131
45647 0.00131
45648 0.00131
45649 0.00131
45650 0.00131
45651 0.00131
45652 0.00131
45653 0.00131
45654 0.00131
45655 0.00131
45656 0.00131
45657 0.00131
45658 0.00131
45659 0.00131
45660 0.00131
45661 0.00131
45662 0.00131
45663 0.00131
45664 0.00131
45665 0.00131
45666 0.00131
45667 0.00131
45668 0.00131
45669 0.00131
45670 0.00131
45671 0.00131
45672 0.00131
45673 0.00131
45674 0.00131
45675 0.00131
45676 0.00131
45677 0.00131
45678 0.00131
45679 0.00131
45680 0.00131
45681 0.00131
45682 0.00131
45683 0.00131
45684 0.00131
45685 0.00131
45686 0.00131
45687 0.00131
45688 0.00131
45689 0.00131
45690 0.00131
45691 0.00131
45692 0.00131
45693 0.00131
45694 0.00131
45695 0.00131
45696 0.00131
45697 0.00131
45698 0.00131
45699 0.00131
45700 0.00131
45701 0.00131
45702 0.00131
45703 0.00131
45704 0.00131
45705 0.00131
45706 0.00131
45707 0.00131
45708 0.00131
45709 0.00131
45710 0.00131
45711 0.00131
45712 0.00131
45713 0.00131
45714 0.00131
45715 0.00131
45716 0.00131
45717 0.00131
45718 0.00131
45719 0.00131
45720 0.00131
45721 0.00131
45722 0.00131
45723 0.00131
45724 0.00131
45725 0.00131
45726 0.00131
45727 0.00131
45728 0.00131
45729 0.00131
45730 0.00131
45731 0.00131
45732 0.00131
45733 0.00131
45734 0.00131
45735 0.00131
45736 0.00131
45737 0.00131
45738 0.00131
45739 0.00131
45740 0.00131
45741 0.00131
45742 0.00131
45743 0.00131
45744 0.00131
45745 0.00131
45746 0.00131
45747 0.00131
45748 0.00131
45749 0.00131
45750 0.00131
45751 0.00131
45752 0.00131
45753 0.00131
45754 0.00131
45755 0.00131
45756 0.00131
45757 0.00131
45758 0.00131
45759 0.00131
45760 0.00131
45761 0.00131
45762 0.00131
45763 0.00131
45764 0.00131
45765 0.00131
45766 0.00131
45767 0.00131
45768 0.00131
45769 0.00131
45770 0.00131
45771 0.00131
45772 0.00131
45773 0.00131
45774 0.00131
45775 0.00131
45776 0.00131
45777 0.00131
45778 0.00131
45779 0.00131
45780 0.00131
45781 0.00131
45782 0.00131
45783 0.00131
45784 0.00131
45785 0.00131
45786 0.00131
45787 0.00131
45788 0.00131
45789 0.00131
45790 0.00131
45791 0.00131
45792 0.00131
45793 0.00131
45794 0.00131
45795 0.00131
45796 0.00131
45797 0.00131
45798 0.00131
45799 0.00131
45800 0.00131
45801 0.00131
45802 0.00131
45803 0.00131
45804 0.00131
45805 0.00131
45806 0.00131
45807 0.00131
45808 0.00131
45809 0.00131
45810 0.00131
45811 0.00131
45812 0.00131
45813 0.00131
45814 0.00131
45815 0.00131
45816 0.00131
45817 0.00131
45818 0.00131
45819 0.00131
45820 0.00131
45821 0.00131
45822 0.00131
45823 0.00131
45824 0.00131
45825 0.00131
45826 0.00131
45827 0.00131
45828 0.00131
45829 0.00131
45830 0.00131
45831 0.00131
45832 0.00131
45833 0.00131
45834 0.00131
45835 0.00131
45836 0.00131
45837 0.00131
45838 0.00131
45839 0.00131
45840 0.00131
45841 0.00131
45842 0.00131
45843 0.00131
45844 0.00131
45845 0.00131
45846 0.00131
45847 0.00131
45848 0.00131
45849 0.00131
45850 0.00131
45851 0.00131
45852 0.00131
45853 0.00131
45854 0.00131
45855 0.00131
45856 0.00131
45857 0.00131
45858 0.00131
45859 0.00131
45860 0.00131
45861 0.00131
45862 0.00131
45863 0.00131
45864 0.00131
45865 0.00131
45866 0.00131
45867 0.00131
45868 0.00131
45869 0.00131
45870 0.00131
45871 0.00131
45872 0.00131
45873 0.00131
45874 0.00131
45875 0.00131
45876 0.00131
45877 0.00131
45878 0.00131
45879 0.00131
45880 0.00131
45881 0.00131
45882 0.00131
45883 0.00131
45884 0.00131
45885 0.00131
45886 0.00131
45887 0.00131
45888 0.00131
45889 0.00131
45890 0.00131
45891 0.00131
45892 0.00131
45893 0.00131
45894 0.00131
45895 0.00131
45896 0.00131
45897 0.00131
45898 0.00131
45899 0.00131
45900 0.00131
45901 0.00131
45902 0.00131
45903 0.00131
45904 0.00131
45905 0.00131
45906 0.00131
45907 0.00131
45908 0.00131
45909 0.00131
45910 0.00131
45911 0.00131
45912 0.00131
45913 0.00131
45914 0.00131
45915 0.00131
45916 0.00131
45917 0.00131
45918 0.00131
45919 0.00131
45920 0.00131
45921 0.00131
45922 0.00131
45923 0.00131
45924 0.00131
45925 0.00131
45926 0.00131
45927 0.00131
45928 0.00131
45929 0.00131
45930 0.00131
45931 0.00131
45932 0.00131
45933 0.00131
45934 0.00131
45935 0.00131
45936 0.00131
45937 0.00131
45938 0.00131
45939 0.00131
45940 0.00131
45941 0.00131
45942 0.00131
45943 0.00131
45944 0.00131
45945 0.00131
45946 0.00131
45947 0.00131
45948 0.00131
45949 0.00131
45950 0.00131
45951 0.00131
45952 0.00131
45953 0.00131
45954 0.00131
45955 0.00131
45956 0.00131
45957 0.00131
45958 0.00131
45959 0.00131
45960 0.00131
45961 0.00131
45962 0.00131
45963 0.00131
45964 0.00131
45965 0.00131
45966 0.00131
45967 0.00131
45968 0.00131
45969 0.00131
45970 0.00131
45971 0.00131
45972 0.00131
45973 0.00131
45974 0.00131
45975 0.00131
45976 0.00131
45977 0.00131
45978 0.00131
45979 0.00131
45980 0.00131
45981 0.00131
45982 0.00131
45983 0.00131
45984 0.00131
45985 0.00131
45986 0.00131
45987 0.00131
45988 0.00131
45989 0.00131
45990 0.00131
45991 0.00131
45992 0.00131
45993 0.00131
45994 0.00131
45995 0.00131
45996 0.00131
45997 0.00131
45998 0.00131
45999 0.00131
46000 0.00131
46001 0.00131
46002 0.00131
46003 0.00131
46004 0.00131
46005 0.00131
46006 0.00131
46007 0.00131
46008 0.00131
46009 0.00131
46010 0.00131
46011 0.00131
46012 0.00131
46013 0.00131
46014 0.00131
46015 0.00131
46016 0.00131
46017 0.00131
46018 0.00131
46019 0.00131
46020 0.00131
46021 0.00131
46022 0.00131
46023 0.00131
46024 0.00131
46025 0.00131
46026 0.00131
46027 0.00131
46028 0.00131
46029 0.00131
46030 0.00131
46031 0.00131
46032 0.00131
46033 0.00131
46034 0.00131
46035 0.00131
46036 0.00131
46037 0.00131
46038 0.00131
46039 0.00131
46040 0.00131
46041 0.00131
46042 0.00131
46043 0.00131
46044 0.00131
46045 0.00131
46046 0.00131
46047 0.00131
46048 0.00131
46049 0.00131
46050 0.00131
46051 0.00131
46052 0.00131
46053 0.00131
46054 0.00131
46055 0.00131
46056 0.00131
46057 0.00131
46058 0.00131
46059 0.00131
46060 0.00131
46061 0.00131
46062 0.00131
46063 0.00131
46064 0.00131
46065 0.00131
46066 0.00131
46067 0.00131
46068 0.00131
46069 0.00131
46070 0.00131
46071 0.00131
46072 0.00131
46073 0.00131
46074 0.00131
46075 0.00131
46076 0.00131
46077 0.00131
46078 0.00131
46079 0.00131
46080 0.00131
46081 0.00131
46082 0.00131
46083 0.00131
46084 0.00131
46085 0.00131
46086 0.00131
46087 0.00131
46088 0.00131
46089 0.00131
46090 0.00131
46091 0.00131
46092 0.00131
46093 0.00131
46094 0.00131
46095 0.00131
46096 0.00131
46097 0.00131
46098 0.00131
46099 0.00131
46100 0.00131
46101 0.00131
46102 0.00131
46103 0.00131
46104 0.00131
46105 0.00131
46106 0.00131
46107 0.00131
46108 0.00131
46109 0.00131
46110 0.00131
46111 0.00131
46112 0.00131
46113 0.00131
46114 0.00131
46115 0.00131
46116 0.00131
46117 0.00131
46118 0.00131
46119 0.00131
46120 0.00131
46121 0.00131
46122 0.00131
46123 0.00131
46124 0.00131
46125 0.00131
46126 0.00131
46127 0.00131
46128 0.00131
46129 0.00131
46130 0.00131
46131 0.00131
46132 0.00131
46133 0.00131
46134 0.00131
46135 0.00131
46136 0.00131
46137 0.00131
46138 0.00131
46139 0.00131
46140 0.00131
46141 0.00131
46142 0.00131
46143 0.00131
46144 0.00131
46145 0.00131
46146 0.00131
46147 0.00131
46148 0.00131
46149 0.00131
46150 0.00131
46151 0.00131
46152 0.00131
46153 0.00131
46154 0.00131
46155 0.00131
46156 0.00131
46157 0.00131
46158 0.00131
46159 0.00131
46160 0.00131
46161 0.00131
46162 0.00131
46163 0.00131
46164 0.00131
46165 0.00131
46166 0.00131
46167 0.00131
46168 0.00131
46169 0.00131
46170 0.00131
46171 0.00131
46172 0.00131
46173 0.00131
46174 0.00131
46175 0.00131
46176 0.00131
46177 0.00131
46178 0.00131
46179 0.00131
46180 0.00131
46181 0.00131
46182 0.00131
46183 0.00131
46184 0.00131
46185 0.00131
46186 0.00131
46187 0.00131
46188 0.00131
46189 0.00131
46190 0.00131
46191 0.00131
46192 0.00131
46193 0.00131
46194 0.00131
46195 0.00131
46196 0.00131
46197 0.00131
46198 0.00131
46199 0.00131
46200 0.00131
46201 0.00131
46202 0.00131
46203 0.00131
46204 0.00131
46205 0.00131
46206 0.00131
46207 0.00131
46208 0.00131
46209 0.00131
46210 0.00131
46211 0.00131
46212 0.00131
46213 0.00131
46214 0.00131
46215 0.00131
46216 0.00131
46217 0.00131
46218 0.00131
46219 0.00131
46220 0.00131
46221 0.00131
46222 0.00131
46223 0.00131
46224 0.00131
46225 0.00131
46226 0.00131
46227 0.00131
46228 0.00131
46229 0.00131
46230 0.00131
46231 0.00131
46232 0.00131
46233 0.00131
46234 0.00131
46235 0.00131
46236 0.00131
46237 0.00131
46238 0.00131
46239 0.00131
46240 0.00131
46241 0.00131
46242 0.00131
46243 0.00131
46244 0.00131
46245 0.00131
46246 0.00131
46247 0.00131
46248 0.00131
46249 0.00131
46250 0.00131
46251 0.00131
46252 0.00131
46253 0.00131
46254 0.00131
46255 0.00131
46256 0.00131
46257 0.00131
46258 0.00131
46259 0.00131
46260 0.00131
46261 0.00131
46262 0.00131
46263 0.00131
46264 0.00131
46265 0.00131
46266 0.00131
46267 0.00131
46268 0.00131
46269 0.00131
46270 0.00131
46271 0.00131
46272 0.00131
46273 0.00131
46274 0.00131
46275 0.00131
46276 0.00131
46277 0.00131
46278 0.00131
46279 0.00131
46280 0.00131
46281 0.00131
46282 0.00131
46283 0.00131
46284 0.00131
46285 0.00131
46286 0.00131
46287 0.00131
46288 0.00131
46289 0.00131
46290 0.00131
46291 0.00131
46292 0.00131
46293 0.00131
46294 0.00131
46295 0.00131
46296 0.00131
46297 0.00131
46298 0.00131
46299 0.00131
46300 0.00131
46301 0.00131
46302 0.00131
46303 0.00131
46304 0.00131
46305 0.00131
46306 0.00131
46307 0.00131
46308 0.00131
46309 0.00131
46310 0.00131
46311 0.00131
46312 0.00131
46313 0.00131
46314 0.00131
46315 0.00131
46316 0.00131
46317 0.00131
46318 0.00131
46319 0.00131
46320 0.00131
46321 0.00131
46322 0.00131
46323 0.00131
46324 0.00131
46325 0.00131
46326 0.00131
46327 0.00131
46328 0.00131
46329 0.00131
46330 0.00131
46331 0.00131
46332 0.00131
46333 0.00131
46334 0.00131
46335 0.00131
46336 0.00131
46337 0.00131
46338 0.00131
46339 0.00131
46340 0.00131
46341 0.00131
46342 0.00131
46343 0.00131
46344 0.00131
46345 0.00131
46346 0.00131
46347 0.00131
46348 0.00131
46349 0.00131
46350 0.00131
46351 0.00131
46352 0.00131
46353 0.00131
46354 0.00131
46355 0.00131
46356 0.00131
46357 0.00131
46358 0.00131
46359 0.00131
46360 0.00131
46361 0.00131
46362 0.00131
46363 0.00131
46364 0.00131
46365 0.00131
46366 0.00131
46367 0.00131
46368 0.00131
46369 0.00131
46370 0.00131
46371 0.00131
46372 0.00131
46373 0.00131
46374 0.00131
46375 0.00131
46376 0.00131
46377 0.00131
46378 0.00131
46379 0.00131
46380 0.00131
46381 0.00131
46382 0.00131
46383 0.00131
46384 0.00131
46385 0.00131
46386 0.00131
46387 0.00131
46388 0.00131
46389 0.00131
46390 0.00131
46391 0.00131
46392 0.00131
46393 0.00131
46394 0.00131
46395 0.00131
46396 0.00131
46397 0.00131
46398 0.00131
46399 0.00131
46400 0.00131
46401 0.00131
46402 0.00131
46403 0.00131
46404 0.00131
46405 0.00131
46406 0.00131
46407 0.00131
46408 0.00131
46409 0.00131
46410 0.00131
46411 0.00131
46412 0.00131
46413 0.00131
46414 0.00131
46415 0.00131
46416 0.00131
46417 0.00131
46418 0.00131
46419 0.00131
46420 0.00131
46421 0.00131
46422 0.00131
46423 0.00131
46424 0.00131
46425 0.00131
46426 0.00131
46427 0.00131
46428 0.00131
46429 0.00131
46430 0.00131
46431 0.00131
46432 0.00131
46433 0.00131
46434 0.00131
46435 0.00131
46436 0.00131
46437 0.00131
46438 0.00131
46439 0.00131
46440 0.00131
46441 0.00131
46442 0.00131
46443 0.00131
46444 0.00131
46445 0.00131
46446 0.00131
46447 0.00131
46448 0.00131
46449 0.00131
46450 0.00131
46451 0.00131
46452 0.00131
46453 0.00131
46454 0.00131
46455 0.00131
46456 0.00131
46457 0.00131
46458 0.00131
46459 0.00131
46460 0.00131
46461 0.00131
46462 0.00131
46463 0.00131
46464 0.00131
46465 0.00131
46466 0.00131
46467 0.00131
46468 0.00131
46469 0.00131
46470 0.00131
46471 0.00131
46472 0.00131
46473 0.00131
46474 0.00131
46475 0.00131
46476 0.00131
46477 0.00131
46478 0.00131
46479 0.00131
46480 0.00131
46481 0.00131
46482 0.00131
46483 0.00131
46484 0.00131
46485 0.00131
46486 0.00131
46487 0.00131
46488 0.00131
46489 0.00131
46490 0.00131
46491 0.00131
46492 0.00131
46493 0.00131
46494 0.00131
46495 0.00131
46496 0.00131
46497 0.00131
46498 0.00131
46499 0.00131
46500 0.00131
46501 0.00131
46502 0.00131
46503 0.00131
46504 0.00131
46505 0.00131
46506 0.00131
46507 0.00131
46508 0.00131
46509 0.00131
46510 0.00131
46511 0.00131
46512 0.00131
46513 0.00131
46514 0.00131
46515 0.00131
46516 0.00131
46517 0.00131
46518 0.00131
46519 0.00131
46520 0.00131
46521 0.00131
46522 0.00131
46523 0.00131
46524 0.00131
46525 0.00131
46526 0.00131
46527 0.00131
46528 0.00131
46529 0.00131
46530 0.00131
46531 0.00131
46532 0.00131
46533 0.00131
46534 0.00131
46535 0.00131
46536 0.00131
46537 0.00131
46538 0.00131
46539 0.00131
46540 0.00131
46541 0.00131
46542 0.00131
46543 0.00131
46544 0.00131
46545 0.00131
46546 0.00131
46547 0.00131
46548 0.00131
46549 0.00131
46550 0.00131
46551 0.00131
46552 0.00131
46553 0.00131
46554 0.00131
46555 0.00131
46556 0.00131
46557 0.00131
46558 0.00131
46559 0.00131
46560 0.00131
46561 0.00131
46562 0.00131
46563 0.00131
46564 0.00131
46565 0.00131
46566 0.00131
46567 0.00131
46568 0.00131
46569 0.00131
46570 0.00131
46571 0.00131
46572 0.00131
46573 0.00131
46574 0.00131
46575 0.00131
46576 0.00131
46577 0.00131
46578 0.00131
46579 0.00131
46580 0.00131
46581 0.00131
46582 0.00131
46583 0.00131
46584 0.00131
46585 0.00131
46586 0.00131
46587 0.00131
46588 0.00131
46589 0.00131
46590 0.00131
46591 0.00131
46592 0.00131
46593 0.00131
46594 0.00131
46595 0.00131
46596 0.00131
46597 0.00131
46598 0.00131
46599 0.00131
46600 0.00131
46601 0.00131
46602 0.00131
46603 0.00131
46604 0.00131
46605 0.00131
46606 0.00131
46607 0.00131
46608 0.00131
46609 0.00131
46610 0.00131
46611 0.00131
46612 0.00131
46613 0.00131
46614 0.00131
46615 0.00131
46616 0.00131
46617 0.00131
46618 0.00131
46619 0.00131
46620 0.00131
46621 0.00131
46622 0.00131
46623 0.00131
46624 0.00131
46625 0.00131
46626 0.00131
46627 0.00131
46628 0.00131
46629 0.00131
46630 0.00131
46631 0.00131
46632 0.00131
46633 0.00131
46634 0.00131
46635 0.00131
46636 0.00131
46637 0.00131
46638 0.00131
46639 0.00131
46640 0.00131
46641 0.00131
46642 0.00131
46643 0.00131
46644 0.00131
46645 0.00131
46646 0.00131
46647 0.00131
46648 0.00131
46649 0.00131
46650 0.00131
46651 0.00131
46652 0.00131
46653 0.00131
46654 0.00131
46655 0.00131
46656 0.00131
46657 0.00131
46658 0.00131
46659 0.00131
46660 0.00131
46661 0.00131
46662 0.00131
46663 0.00131
46664 0.00131
46665 0.00131
46666 0.00131
46667 0.00131
46668 0.00131
46669 0.00131
46670 0.00131
46671 0.00131
46672 0.00131
46673 0.00131
46674 0.00131
46675 0.00131
46676 0.00131
46677 0.00131
46678 0.00131
46679 0.00131
46680 0.00131
46681 0.00131
46682 0.00131
46683 0.00131
46684 0.00131
46685 0.00131
46686 0.00131
46687 0.00131
46688 0.00131
46689 0.00131
46690 0.00131
46691 0.00131
46692 0.00131
46693 0.00131
46694 0.00131
46695 0.00131
46696 0.00131
46697 0.00131
46698 0.00131
46699 0.00131
46700 0.00131
46701 0.00131
46702 0.00131
46703 0.00131
46704 0.00131
46705 0.00131
46706 0.00131
46707 0.00131
46708 0.00131
46709 0.00131
46710 0.00131
46711 0.00131
46712 0.00131
46713 0.00131
46714 0.00131
46715 0.00131
46716 0.00131
46717 0.00131
46718 0.00131
46719 0.00131
46720 0.00131
46721 0.00131
46722 0.00131
46723 0.00131
46724 0.00131
46725 0.00131
46726 0.00131
46727 0.00131
46728 0.00131
46729 0.00131
46730 0.00131
46731 0.00131
46732 0.00131
46733 0.00131
46734 0.00131
46735 0.00131
46736 0.00131
46737 0.00131
46738 0.00131
46739 0.00131
46740 0.00131
46741 0.00131
46742 0.00131
46743 0.00131
46744 0.00131
46745 0.00131
46746 0.00131
46747 0.00131
46748 0.00131
46749 0.00131
46750 0.00131
46751 0.00131
46752 0.00131
46753 0.00131
46754 0.00131
46755 0.00131
46756 0.00131
46757 0.00131
46758 0.00131
46759 0.00131
46760 0.00131
46761 0.00131
46762 0.00131
46763 0.00131
46764 0.00131
46765 0.00131
46766 0.00131
46767 0.00131
46768 0.00131
46769 0.00131
46770 0.00131
46771 0.00131
46772 0.00131
46773 0.00131
46774 0.00131
46775 0.00131
46776 0.00131
46777 0.00131
46778 0.00131
46779 0.00131
46780 0.00131
46781 0.00131
46782 0.00131
46783 0.00131
46784 0.00131
46785 0.00131
46786 0.00131
46787 0.00131
46788 0.00131
46789 0.00131
46790 0.00131
46791 0.00131
46792 0.00131
46793 0.00131
46794 0.00131
46795 0.00131
46796 0.00131
46797 0.00131
46798 0.00131
46799 0.00131
46800 0.00131
46801 0.00131
46802 0.00131
46803 0.00131
46804 0.00131
46805 0.00131
46806 0.00131
46807 0.00131
46808 0.00131
46809 0.00131
46810 0.00131
46811 0.00131
46812 0.00131
46813 0.00131
46814 0.00131
46815 0.00131
46816 0.00131
46817 0.00131
46818 0.00131
46819 0.00131
46820 0.00131
46821 0.00131
46822 0.00131
46823 0.00131
46824 0.00131
46825 0.00131
46826 0.00131
46827 0.00131
46828 0.00131
46829 0.00131
46830 0.00131
46831 0.00131
46832 0.00131
46833 0.00131
46834 0.00131
46835 0.00131
46836 0.00131
46837 0.00131
46838 0.00131
46839 0.00131
46840 0.00131
46841 0.00131
46842 0.00131
46843 0.00131
46844 0.00131
46845 0.00131
46846 0.00131
46847 0.00131
46848 0.00131
46849 0.00131
46850 0.00131
46851 0.00131
46852 0.00131
46853 0.00131
46854 0.00131
46855 0.00131
46856 0.00131
46857 0.00131
46858 0.00131
46859 0.00131
46860 0.00131
46861 0.00131
46862 0.00131
46863 0.00131
46864 0.00131
46865 0.00131
46866 0.00131
46867 0.00131
46868 0.00131
46869 0.00131
46870 0.00131
46871 0.00131
46872 0.00131
46873 0.00131
46874 0.00131
46875 0.00131
46876 0.00131
46877 0.00131
46878 0.00131
46879 0.00131
46880 0.00131
46881 0.00131
46882 0.00131
46883 0.00131
46884 0.00131
46885 0.00131
46886 0.00131
46887 0.00131
46888 0.00131
46889 0.00131
46890 0.00131
46891 0.00131
46892 0.00131
46893 0.00131
46894 0.00131
46895 0.00131
46896 0.00131
46897 0.00131
46898 0.00131
46899 0.00131
46900 0.00131
46901 0.00131
46902 0.00131
46903 0.00131
46904 0.00131
46905 0.00131
46906 0.00131
46907 0.00131
46908 0.00131
46909 0.00131
46910 0.00131
46911 0.00131
46912 0.00131
46913 0.00131
46914 0.00131
46915 0.00131
46916 0.00131
46917 0.00131
46918 0.00131
46919 0.00131
46920 0.00131
46921 0.00131
46922 0.00131
46923 0.00131
46924 0.00131
46925 0.00131
46926 0.00131
46927 0.00131
46928 0.00131
46929 0.00131
46930 0.00131
46931 0.00131
46932 0.00131
46933 0.00131
46934 0.00131
46935 0.00131
46936 0.00131
46937 0.00131
46938 0.00131
46939 0.00131
46940 0.00131
46941 0.00131
46942 0.00131
46943 0.00131
46944 0.00131
46945 0.00131
46946 0.00131
46947 0.00131
46948 0.00131
46949 0.00131
46950 0.00131
46951 0.00131
46952 0.00131
46953 0.00131
46954 0.00131
46955 0.00131
46956 0.00131
46957 0.00131
46958 0.00131
46959 0.00131
46960 0.00131
46961 0.00131
46962 0.00131
46963 0.00131
46964 0.00131
46965 0.00131
46966 0.00131
46967 0.00131
46968 0.00131
46969 0.00131
46970 0.00131
46971 0.00131
46972 0.00131
46973 0.00131
46974 0.00131
46975 0.00131
46976 0.00131
46977 0.00131
46978 0.00131
46979 0.00131
46980 0.00131
46981 0.00131
46982 0.00131
46983 0.00131
46984 0.00131
46985 0.00131
46986 0.00131
46987 0.00131
46988 0.00131
46989 0.00131
46990 0.00131
46991 0.00131
46992 0.00131
46993 0.00131
46994 0.00131
46995 0.00131
46996 0.00131
46997 0.00131
46998 0.00131
46999 0.00131
47000 0.00131
47001 0.00131
47002 0.00131
47003 0.00131
47004 0.00131
47005 0.00131
47006 0.00131
47007 0.00131
47008 0.00131
47009 0.00131
47010 0.00131
47011 0.00131
47012 0.00131
47013 0.00131
47014 0.00131
47015 0.00131
47016 0.00131
47017 0.00131
47018 0.00131
47019 0.00131
47020 0.00131
47021 0.00131
47022 0.00131
47023 0.00131
47024 0.00131
47025 0.00131
47026 0.00131
47027 0.00131
47028 0.00131
47029 0.00131
47030 0.00131
47031 0.00131
47032 0.00131
47033 0.00131
47034 0.00131
47035 0.00131
47036 0.00131
47037 0.00131
47038 0.00131
47039 0.00131
47040 0.00131
47041 0.00131
47042 0.00131
47043 0.00131
47044 0.00131
47045 0.00131
47046 0.00131
47047 0.00131
47048 0.00131
47049 0.00131
47050 0.00131
47051 0.00131
47052 0.00131
47053 0.00131
47054 0.00131
47055 0.00131
47056 0.00131
47057 0.00131
47058 0.00131
47059 0.00131
47060 0.00131
47061 0.00131
47062 0.00131
47063 0.00131
47064 0.00131
47065 0.00131
47066 0.00131
47067 0.00131
47068 0.00131
47069 0.00131
47070 0.00131
47071 0.00131
47072 0.00131
47073 0.00131
47074 0.00131
47075 0.00131
47076 0.00131
47077 0.00131
47078 0.00131
47079 0.00131
47080 0.00131
47081 0.00131
47082 0.00131
47083 0.00131
47084 0.00131
47085 0.00131
47086 0.00131
47087 0.00131
47088 0.00131
47089 0.00131
47090 0.00131
47091 0.00131
47092 0.00131
47093 0.00131
47094 0.00131
47095 0.00131
47096 0.00131
47097 0.00131
47098 0.00131
47099 0.00131
47100 0.00131
47101 0.00131
47102 0.00131
47103 0.00131
47104 0.00131
47105 0.00131
47106 0.00131
47107 0.00131
47108 0.00131
47109 0.00131
47110 0.00131
47111 0.00131
47112 0.00131
47113 0.00131
47114 0.00131
47115 0.00131
47116 0.00131
47117 0.00131
47118 0.00131
47119 0.00131
47120 0.00131
47121 0.00131
47122 0.00131
47123 0.00131
47124 0.00131
47125 0.00131
47126 0.00131
47127 0.00131
47128 0.00131
47129 0.00131
47130 0.00131
47131 0.00131
47132 0.00131
47133 0.00131
47134 0.00131
47135 0.00131
47136 0.00131
47137 0.00131
47138 0.00131
47139 0.00131
47140 0.00131
47141 0.00131
47142 0.00131
47143 0.00131
47144 0.00131
47145 0.00131
47146 0.00131
47147 0.00131
47148 0.00131
47149 0.00131
47150 0.00131
47151 0.00131
47152 0.00131
47153 0.00131
47154 0.00131
47155 0.00131
47156 0.00131
47157 0.00131
47158 0.00131
47159 0.00131
47160 0.00131
47161 0.00131
47162 0.00131
47163 0.00131
47164 0.00131
47165 0.00131
47166 0.00131
47167 0.00131
47168 0.00131
47169 0.00131
47170 0.00131
47171 0.00131
47172 0.00131
47173 0.00131
47174 0.00131
47175 0.00131
47176 0.00131
47177 0.00131
47178 0.00131
47179 0.00131
47180 0.00131
47181 0.00131
47182 0.00131
47183 0.00131
47184 0.00131
47185 0.00131
47186 0.00131
47187 0.00131
47188 0.00131
47189 0.00131
47190 0.00131
47191 0.00131
47192 0.00131
47193 0.00131
47194 0.00131
47195 0.00131
47196 0.00131
47197 0.00131
47198 0.00131
47199 0.00131
47200 0.00131
47201 0.00131
47202 0.00131
47203 0.00131
47204 0.00131
47205 0.00131
47206 0.00131
47207 0.00131
47208 0.00131
47209 0.00131
47210 0.00131
47211 0.00131
47212 0.00131
47213 0.00131
47214 0.00131
47215 0.00131
47216 0.00131
47217 0.00131
47218 0.00131
47219 0.00131
47220 0.00131
47221 0.00131
47222 0.00131
47223 0.00131
47224 0.00131
47225 0.00131
47226 0.00131
47227 0.00131
47228 0.00131
47229 0.00131
47230 0.00131
47231 0.00131
47232 0.00131
47233 0.00131
47234 0.00131
47235 0.00131
47236 0.00131
47237 0.00131
47238 0.00131
47239 0.00131
47240 0.00131
47241 0.00131
47242 0.00131
47243 0.00131
47244 0.00131
47245 0.00131
47246 0.00131
47247 0.00131
47248 0.00131
47249 0.00131
47250 0.00131
47251 0.00131
47252 0.00131
47253 0.00131
47254 0.00131
47255 0.00131
47256 0.00131
47257 0.00131
47258 0.00131
47259 0.00131
47260 0.00131
47261 0.00131
47262 0.00131
47263 0.00131
47264 0.00131
47265 0.00131
47266 0.00131
47267 0.00131
47268 0.00131
47269 0.00131
47270 0.00131
47271 0.00131
47272 0.00131
47273 0.00131
47274 0.00131
47275 0.00131
47276 0.00131
47277 0.00131
47278 0.00131
47279 0.00131
47280 0.00131
47281 0.00131
47282 0.00131
47283 0.00131
47284 0.00131
47285 0.00131
47286 0.00131
47287 0.00131
47288 0.00131
47289 0.00131
47290 0.00131
47291 0.00131
47292 0.00131
47293 0.00131
47294 0.00131
47295 0.00131
47296 0.00131
47297 0.00131
47298 0.00131
47299 0.00131
47300 0.00131
47301 0.00131
47302 0.00131
47303 0.00131
47304 0.00131
47305 0.00131
47306 0.00131
47307 0.00131
47308 0.00131
47309 0.00131
47310 0.00131
47311 0.00131
47312 0.00131
47313 0.00131
47314 0.00131
47315 0.00131
47316 0.00131
47317 0.00131
47318 0.00131
47319 0.00131
47320 0.00131
47321 0.00131
47322 0.00131
47323 0.00131
47324 0.00131
47325 0.00131
47326 0.00131
47327 0.00131
47328 0.00131
47329 0.00131
47330 0.00131
47331 0.00131
47332 0.00131
47333 0.00131
47334 0.00131
47335 0.00131
47336 0.00131
47337 0.00131
47338 0.00131
47339 0.00131
47340 0.00131
47341 0.00131
47342 0.00131
47343 0.00131
47344 0.00131
47345 0.00131
47346 0.00131
47347 0.00131
47348 0.00131
47349 0.00131
47350 0.00131
47351 0.00131
47352 0.00131
47353 0.00131
47354 0.00131
47355 0.00131
47356 0.00131
47357 0.00131
47358 0.00131
47359 0.00131
47360 0.00131
47361 0.00131
47362 0.00131
47363 0.00131
47364 0.00131
47365 0.00131
47366 0.00131
47367 0.00131
47368 0.00131
47369 0.00131
47370 0.00131
47371 0.00131
47372 0.00131
47373 0.00131
47374 0.00131
47375 0.00131
47376 0.00131
47377 0.00131
47378 0.00131
47379 0.00131
47380 0.00131
47381 0.00131
47382 0.00131
47383 0.00131
47384 0.00131
47385 0.00131
47386 0.00131
47387 0.00131
47388 0.00131
47389 0.00131
47390 0.00131
47391 0.00131
47392 0.00131
47393 0.00131
47394 0.00131
47395 0.00131
47396 0.00131
47397 0.00131
47398 0.00131
47399 0.00131
47400 0.00131
47401 0.00131
47402 0.00131
47403 0.00131
47404 0.00131
47405 0.00131
47406 0.00131
47407 0.00131
47408 0.00131
47409 0.00131
47410 0.00131
47411 0.00131
47412 0.00131
47413 0.00131
47414 0.00131
47415 0.00131
47416 0.00131
47417 0.00131
47418 0.00131
47419 0.00131
47420 0.00131
47421 0.00131
47422 0.00131
47423 0.00131
47424 0.00131
47425 0.00131
47426 0.00131
47427 0.00131
47428 0.00131
47429 0.00131
47430 0.00131
47431 0.00131
47432 0.00131
47433 0.00131
47434 0.00131
47435 0.00131
47436 0.00131
47437 0.00131
47438 0.00131
47439 0.00131
47440 0.00131
47441 0.00131
47442 0.00131
47443 0.00131
47444 0.00131
47445 0.00131
47446 0.00131
47447 0.00131
47448 0.00131
47449 0.00131
47450 0.00131
47451 0.00131
47452 0.00131
47453 0.00131
47454 0.00131
47455 0.00131
47456 0.00131
47457 0.00131
47458 0.00131
47459 0.00131
47460 0.00131
47461 0.00131
47462 0.00131
47463 0.00131
47464 0.00131
47465 0.00131
47466 0.00131
47467 0.00131
47468 0.00131
47469 0.00131
47470 0.00131
47471 0.00131
47472 0.00131
47473 0.00131
47474 0.00131
47475 0.00131
47476 0.00131
47477 0.00131
47478 0.00131
47479 0.00131
47480 0.00131
47481 0.00131
47482 0.00131
47483 0.00131
47484 0.00131
47485 0.00131
47486 0.00131
47487 0.00131
47488 0.00131
47489 0.00131
47490 0.00131
47491 0.00131
47492 0.00131
47493 0.00131
47494 0.00131
47495 0.00131
47496 0.00131
47497 0.00131
47498 0.00131
47499 0.00131
47500 0.00131
47501 0.00131
47502 0.00131
47503 0.00131
47504 0.00131
47505 0.00131
47506 0.00131
47507 0.00131
47508 0.00131
47509 0.00131
47510 0.00131
47511 0.00131
47512 0.00131
47513 0.00131
47514 0.00131
47515 0.00131
47516 0.00131
47517 0.00131
47518 0.00131
47519 0.00131
47520 0.00131
47521 0.00131
47522 0.00131
47523 0.00131
47524 0.00131
47525 0.00131
47526 0.00131
47527 0.00131
47528 0.00131
47529 0.00131
47530 0.00131
47531 0.00131
47532 0.00131
47533 0.00131
47534 0.00131
47535 0.00131
47536 0.00131
47537 0.00131
47538 0.00131
47539 0.00131
47540 0.00131
47541 0.00131
47542 0.00131
47543 0.00131
47544 0.00131
47545 0.00131
47546 0.00131
47547 0.00131
47548 0.00131
47549 0.00131
47550 0.00131
47551 0.00131
47552 0.00131
47553 0.00131
47554 0.00131
47555 0.00131
47556 0.00131
47557 0.00131
47558 0.00131
47559 0.00131
47560 0.00131
47561 0.00131
47562 0.00131
47563 0.00131
47564 0.00131
47565 0.00131
47566 0.00131
47567 0.00131
47568 0.00131
47569 0.00131
47570 0.00131
47571 0.00131
47572 0.00131
47573 0.00131
47574 0.00131
47575 0.00131
47576 0.00131
47577 0.00131
47578 0.00131
47579 0.00131
47580 0.00131
47581 0.00131
47582 0.00131
47583 0.00131
47584 0.00131
47585 0.00131
47586 0.00131
47587 0.00131
47588 0.00131
47589 0.00131
47590 0.00131
47591 0.00131
47592 0.00131
47593 0.00131
47594 0.00131
47595 0.00131
47596 0.00131
47597 0.00131
47598 0.00131
47599 0.00131
47600 0.00131
47601 0.00131
47602 0.00131
47603 0.00131
47604 0.00131
47605 0.00131
47606 0.00131
47607 0.00131
47608 0.00131
47609 0.00131
47610 0.00131
47611 0.00131
47612 0.00131
47613 0.00131
47614 0.00131
47615 0.00131
47616 0.00131
47617 0.00131
47618 0.00131
47619 0.00131
47620 0.00131
47621 0.00131
47622 0.00131
47623 0.00131
47624 0.00131
47625 0.00131
47626 0.00131
47627 0.00131
47628 0.00131
47629 0.00131
47630 0.00131
47631 0.00131
47632 0.00131
47633 0.00131
47634 0.00131
47635 0.00131
47636 0.00131
47637 0.00131
47638 0.00131
47639 0.00131
47640 0.00131
47641 0.00131
47642 0.00131
47643 0.00131
47644 0.00131
47645 0.00131
47646 0.00131
47647 0.00131
47648 0.00131
47649 0.00131
47650 0.00131
47651 0.00131
47652 0.00131
47653 0.00131
47654 0.00131
47655 0.00131
47656 0.00131
47657 0.00131
47658 0.00131
47659 0.00131
47660 0.00131
47661 0.00131
47662 0.00131
47663 0.00131
47664 0.00131
47665 0.00131
47666 0.00131
47667 0.00131
47668 0.00131
47669 0.00131
47670 0.00131
47671 0.00131
47672 0.00131
47673 0.00131
47674 0.00131
47675 0.00131
47676 0.00131
47677 0.00131
47678 0.00131
47679 0.00131
47680 0.00131
47681 0.00131
47682 0.00131
47683 0.00131
47684 0.00131
47685 0.00131
47686 0.00131
47687 0.00131
47688 0.00131
47689 0.00131
47690 0.00131
47691 0.00131
47692 0.00131
47693 0.00131
47694 0.00131
47695 0.00131
47696 0.00131
47697 0.00131
47698 0.00131
47699 0.00131
47700 0.00131
47701 0.00131
47702 0.00131
47703 0.00131
47704 0.00131
47705 0.00131
47706 0.00131
47707 0.00131
47708 0.00131
47709 0.00131
47710 0.00131
47711 0.00131
47712 0.00131
47713 0.00131
47714 0.00131
47715 0.00131
47716 0.00131
47717 0.00131
47718 0.00131
47719 0.00131
47720 0.00131
47721 0.00131
47722 0.00131
47723 0.00131
47724 0.00131
47725 0.00131
47726 0.00131
47727 0.00131
47728 0.00131
47729 0.00131
47730 0.00131
47731 0.00131
47732 0.00131
47733 0.00131
47734 0.00131
47735 0.00131
47736 0.00131
47737 0.00131
47738 0.00131
47739 0.00131
47740 0.00131
47741 0.00131
47742 0.00131
47743 0.00131
47744 0.00131
47745 0.00131
47746 0.00131
47747 0.00131
47748 0.00131
47749 0.00131
47750 0.00131
47751 0.00131
47752 0.00131
47753 0.00131
47754 0.00131
47755 0.00131
47756 0.00131
47757 0.00131
47758 0.00131
47759 0.00131
47760 0.00131
47761 0.00131
47762 0.00131
47763 0.00131
47764 0.00131
47765 0.00131
47766 0.00131
47767 0.00131
47768 0.00131
47769 0.00131
47770 0.00131
47771 0.00131
47772 0.00131
47773 0.00131
47774 0.00131
47775 0.00131
47776 0.00131
47777 0.00131
47778 0.00131
47779 0.00131
47780 0.00131
47781 0.00131
47782 0.00131
47783 0.00131
47784 0.00131
47785 0.00131
47786 0.00131
47787 0.00131
47788 0.00131
47789 0.00131
47790 0.00131
47791 0.00131
47792 0.00131
47793 0.00131
47794 0.00131
47795 0.00131
47796 0.00131
47797 0.00131
47798 0.00131
47799 0.00131
47800 0.00131
47801 0.00131
47802 0.00131
47803 0.00131
47804 0.00131
47805 0.00131
47806 0.00131
47807 0.00131
47808 0.00131
47809 0.00131
47810 0.00131
47811 0.00131
47812 0.00131
47813 0.00131
47814 0.00131
47815 0.00131
47816 0.00131
47817 0.00131
47818 0.00131
47819 0.00131
47820 0.00131
47821 0.00131
47822 0.00131
47823 0.00131
47824 0.00131
47825 0.00131
47826 0.00131
47827 0.00131
47828 0.00131
47829 0.00131
47830 0.00131
47831 0.00131
47832 0.00131
47833 0.00131
47834 0.00131
47835 0.00131
47836 0.00131
47837 0.00131
47838 0.00131
47839 0.00131
47840 0.00131
47841 0.00131
47842 0.00131
47843 0.00131
47844 0.00131
47845 0.00131
47846 0.00131
47847 0.00131
47848 0.00131
47849 0.00131
47850 0.00131
47851 0.00131
47852 0.00131
47853 0.00131
47854 0.00131
47855 0.00131
47856 0.00131
47857 0.00131
47858 0.00131
47859 0.00131
47860 0.00131
47861 0.00131
47862 0.00131
47863 0.00131
47864 0.00131
47865 0.00131
47866 0.00131
47867 0.00131
47868 0.00131
47869 0.00131
47870 0.00131
47871 0.00131
47872 0.00131
47873 0.00131
47874 0.00131
47875 0.00131
47876 0.00131
47877 0.00131
47878 0.00131
47879 0.00131
47880 0.00131
47881 0.00131
47882 0.00131
47883 0.00131
47884 0.00131
47885 0.00131
47886 0.00131
47887 0.00131
47888 0.00131
47889 0.00131
47890 0.00131
47891 0.00131
47892 0.00131
47893 0.00131
47894 0.00131
47895 0.00131
47896 0.00131
47897 0.00131
47898 0.00131
47899 0.00131
47900 0.00131
47901 0.00131
47902 0.00131
47903 0.00131
47904 0.00131
47905 0.00131
47906 0.00131
47907 0.00131
47908 0.00131
47909 0.00131
47910 0.00131
47911 0.00131
47912 0.00131
47913 0.00131
47914 0.00131
47915 0.00131
47916 0.00131
47917 0.00131
47918 0.00131
47919 0.00131
47920 0.00131
47921 0.00131
47922 0.00131
47923 0.00131
47924 0.00131
47925 0.00131
47926 0.00131
47927 0.00131
47928 0.00131
47929 0.00131
47930 0.00131
47931 0.00131
47932 0.00131
47933 0.00131
47934 0.00131
47935 0.00131
47936 0.00131
47937 0.00131
47938 0.00131
47939 0.00131
47940 0.00131
47941 0.00131
47942 0.00131
47943 0.00131
47944 0.00131
47945 0.00131
47946 0.00131
47947 0.00131
47948 0.00131
47949 0.00131
47950 0.00131
47951 0.00131
47952 0.00131
47953 0.00131
47954 0.00131
47955 0.00131
47956 0.00131
47957 0.00131
47958 0.00131
47959 0.00131
47960 0.00131
47961 0.00131
47962 0.00131
47963 0.00131
47964 0.00131
47965 0.00131
47966 0.00131
47967 0.00131
47968 0.00131
47969 0.00131
47970 0.00131
47971 0.00131
47972 0.00131
47973 0.00131
47974 0.00131
47975 0.00131
47976 0.00131
47977 0.00131
47978 0.00131
47979 0.00131
47980 0.00131
47981 0.00131
47982 0.00131
47983 0.00131
47984 0.00131
47985 0.00131
47986 0.00131
47987 0.00131
47988 0.00131
47989 0.00131
47990 0.00131
47991 0.00131
47992 0.00131
47993 0.00131
47994 0.00131
47995 0.00131
47996 0.00131
47997 0.00131
47998 0.00131
47999 0.00131
48000 0.00131
48001 0.00131
48002 0.00131
48003 0.00131
48004 0.00131
48005 0.00131
48006 0.00131
48007 0.00131
48008 0.00131
48009 0.00131
48010 0.00131
48011 0.00131
48012 0.00131
48013 0.00131
48014 0.00131
48015 0.00131
48016 0.00131
48017 0.00131
48018 0.00131
48019 0.00131
48020 0.00131
48021 0.00131
48022 0.00131
48023 0.00131
48024 0.00131
48025 0.00131
48026 0.00131
48027 0.00131
48028 0.00131
48029 0.00131
48030 0.00131
48031 0.00131
48032 0.00131
48033 0.00131
48034 0.00131
48035 0.00131
48036 0.00131
48037 0.00131
48038 0.00131
48039 0.00131
48040 0.00131
48041 0.00131
48042 0.00131
48043 0.00131
48044 0.00131
48045 0.00131
48046 0.00131
48047 0.00131
48048 0.00131
48049 0.00131
48050 0.00131
48051 0.00131
48052 0.00131
48053 0.00131
48054 0.00131
48055 0.00131
48056 0.00131
48057 0.00131
48058 0.00131
48059 0.00131
48060 0.00131
48061 0.00131
48062 0.00131
48063 0.00131
48064 0.00131
48065 0.00131
48066 0.00131
48067 0.00131
48068 0.00131
48069 0.00131
48070 0.00131
48071 0.00131
48072 0.00131
48073 0.00131
48074 0.00131
48075 0.00131
48076 0.00131
48077 0.00131
48078 0.00131
48079 0.00131
48080 0.00131
48081 0.00131
48082 0.00131
48083 0.00131
48084 0.00131
48085 0.00131
48086 0.00131
48087 0.00131
48088 0.00131
48089 0.00131
48090 0.00131
48091 0.00131
48092 0.00131
48093 0.00131
48094 0.00131
48095 0.00131
48096 0.00131
48097 0.00131
48098 0.00131
48099 0.00131
48100 0.00131
48101 0.00131
48102 0.00131
48103 0.00131
48104 0.00131
48105 0.00131
48106 0.00131
48107 0.00131
48108 0.00131
48109 0.00131
48110 0.00131
48111 0.00131
48112 0.00131
48113 0.00131
48114 0.00131
48115 0.00131
48116 0.00131
48117 0.00131
48118 0.00131
48119 0.00131
48120 0.00131
48121 0.00131
48122 0.00131
48123 0.00131
48124 0.00131
48125 0.00131
48126 0.00131
48127 0.00131
48128 0.00131
48129 0.00131
48130 0.00131
48131 0.00131
48132 0.00131
48133 0.00131
48134 0.00131
48135 0.00131
48136 0.00131
48137 0.00131
48138 0.00131
48139 0.00131
48140 0.00131
48141 0.00131
48142 0.00131
48143 0.00131
48144 0.00131
48145 0.00131
48146 0.00131
48147 0.00131
48148 0.00131
48149 0.00131
48150 0.00131
48151 0.00131
48152 0.00131
48153 0.00131
48154 0.00131
48155 0.00131
48156 0.00131
48157 0.00131
48158 0.00131
48159 0.00131
48160 0.00131
48161 0.00131
48162 0.00131
48163 0.00131
48164 0.00131
48165 0.00131
48166 0.00131
48167 0.00131
48168 0.00131
48169 0.00131
48170 0.00131
48171 0.00131
48172 0.00131
48173 0.00131
48174 0.00131
48175 0.00131
48176 0.00131
48177 0.00131
48178 0.00131
48179 0.00131
48180 0.00131
48181 0.00131
48182 0.00131
48183 0.00131
48184 0.00131
48185 0.00131
48186 0.00131
48187 0.00131
48188 0.00131
48189 0.00131
48190 0.00131
48191 0.00131
48192 0.00131
48193 0.00131
48194 0.00131
48195 0.00131
48196 0.00131
48197 0.00131
48198 0.00131
48199 0.00131
48200 0.00131
48201 0.00131
48202 0.00131
48203 0.00131
48204 0.00131
48205 0.00131
48206 0.00131
48207 0.00131
48208 0.00131
48209 0.00131
48210 0.00131
48211 0.00131
48212 0.00131
48213 0.00131
48214 0.00131
48215 0.00131
48216 0.00131
48217 0.00131
48218 0.00131
48219 0.00131
48220 0.00131
48221 0.00131
48222 0.00131
48223 0.00131
48224 0.00131
48225 0.00131
48226 0.00131
48227 0.00131
48228 0.00131
48229 0.00131
48230 0.00131
48231 0.00131
48232 0.00131
48233 0.00131
48234 0.00131
48235 0.00131
48236 0.00131
48237 0.00131
48238 0.00131
48239 0.00131
48240 0.00131
48241 0.00131
48242 0.00131
48243 0.00131
48244 0.00131
48245 0.00131
48246 0.00131
48247 0.00131
48248 0.00131
48249 0.00131
48250 0.00131
48251 0.00131
48252 0.00131
48253 0.00131
48254 0.00131
48255 0.00131
48256 0.00131
48257 0.00131
48258 0.00131
48259 0.00131
48260 0.00131
48261 0.00131
48262 0.00131
48263 0.00131
48264 0.00131
48265 0.00131
48266 0.00131
48267 0.00131
48268 0.00131
48269 0.00131
48270 0.00131
48271 0.00131
48272 0.00131
48273 0.00131
48274 0.00131
48275 0.00131
48276 0.00131
48277 0.00131
48278 0.00131
48279 0.00131
48280 0.00131
48281 0.00131
48282 0.00131
48283 0.00131
48284 0.00131
48285 0.00131
48286 0.00131
48287 0.00131
48288 0.00131
48289 0.00131
48290 0.00131
48291 0.00131
48292 0.00131
48293 0.00131
48294 0.00131
48295 0.00131
48296 0.00131
48297 0.00131
48298 0.00131
48299 0.00131
48300 0.00131
48301 0.00131
48302 0.00131
48303 0.00131
48304 0.00131
48305 0.00131
48306 0.00131
48307 0.00131
48308 0.00131
48309 0.00131
48310 0.00131
48311 0.00131
48312 0.00131
48313 0.00131
48314 0.00131
48315 0.00131
48316 0.00131
48317 0.00131
48318 0.00131
48319 0.00131
48320 0.00131
48321 0.00131
48322 0.00131
48323 0.00131
48324 0.00131
48325 0.00131
48326 0.00131
48327 0.00131
48328 0.00131
48329 0.00131
48330 0.00131
48331 0.00131
48332 0.00131
48333 0.00131
48334 0.00131
48335 0.00131
48336 0.00131
48337 0.00131
48338 0.00131
48339 0.00131
48340 0.00131
48341 0.00131
48342 0.00131
48343 0.00131
48344 0.00131
48345 0.00131
48346 0.00131
48347 0.00131
48348 0.00131
48349 0.00131
48350 0.00131
48351 0.00131
48352 0.00131
48353 0.00131
48354 0.00131
48355 0.00131
48356 0.00131
48357 0.00131
48358 0.00131
48359 0.00131
48360 0.00131
48361 0.00131
48362 0.00131
48363 0.00131
48364 0.00131
48365 0.00131
48366 0.00131
48367 0.00131
48368 0.00131
48369 0.00131
48370 0.00131
48371 0.00131
48372 0.00131
48373 0.00131
48374 0.00131
48375 0.00131
48376 0.00131
48377 0.00131
48378 0.00131
48379 0.00131
48380 0.00131
48381 0.00131
48382 0.00131
48383 0.00131
48384 0.00131
48385 0.00131
48386 0.00131
48387 0.00131
48388 0.00131
48389 0.00131
48390 0.00131
48391 0.00131
48392 0.00131
48393 0.00131
48394 0.00131
48395 0.00131
48396 0.00131
48397 0.00131
48398 0.00131
48399 0.00131
48400 0.00131
48401 0.00131
48402 0.00131
48403 0.00131
48404 0.00131
48405 0.00131
48406 0.00131
48407 0.00131
48408 0.00131
48409 0.00131
48410 0.00131
48411 0.00131
48412 0.00131
48413 0.00131
48414 0.00131
48415 0.00131
48416 0.00131
48417 0.00131
48418 0.00131
48419 0.00131
48420 0.00131
48421 0.00131
48422 0.00131
48423 0.00131
48424 0.00131
48425 0.00131
48426 0.00131
48427 0.00131
48428 0.00131
48429 0.00131
48430 0.00131
48431 0.00131
48432 0.00131
48433 0.00131
48434 0.00131
48435 0.00131
48436 0.00131
48437 0.00131
48438 0.00131
48439 0.00131
48440 0.00131
48441 0.00131
48442 0.00131
48443 0.00131
48444 0.00131
48445 0.00131
48446 0.00131
48447 0.00131
48448 0.00131
48449 0.00131
48450 0.00131
48451 0.00131
48452 0.00131
48453 0.00131
48454 0.00131
48455 0.00131
48456 0.00131
48457 0.00131
48458 0.00131
48459 0.00131
48460 0.00131
48461 0.00131
48462 0.00131
48463 0.00131
48464 0.00131
48465 0.00131
48466 0.00131
48467 0.00131
48468 0.00131
48469 0.00131
48470 0.00131
48471 0.00131
48472 0.00131
48473 0.00131
48474 0.00131
48475 0.00131
48476 0.00131
48477 0.00131
48478 0.00131
48479 0.00131
48480 0.00131
48481 0.00131
48482 0.00131
48483 0.00131
48484 0.00131
48485 0.00131
48486 0.00131
48487 0.00131
48488 0.00131
48489 0.00131
48490 0.00131
48491 0.00131
48492 0.00131
48493 0.00131
48494 0.00131
48495 0.00131
48496 0.00131
48497 0.00131
48498 0.00131
48499 0.00131
48500 0.00131
48501 0.00131
48502 0.00131
48503 0.00131
48504 0.00131
48505 0.00131
48506 0.00131
48507 0.00131
48508 0.00131
48509 0.00131
48510 0.00131
48511 0.00131
48512 0.00131
48513 0.00131
48514 0.00131
48515 0.00131
48516 0.00131
48517 0.00131
48518 0.00131
48519 0.00131
48520 0.00131
48521 0.00131
48522 0.00131
48523 0.00131
48524 0.00131
48525 0.00131
48526 0.00131
48527 0.00131
48528 0.00131
48529 0.00131
48530 0.00131
48531 0.00131
48532 0.00131
48533 0.00131
48534 0.00131
48535 0.00131
48536 0.00131
48537 0.00131
48538 0.00131
48539 0.00131
48540 0.00131
48541 0.00131
48542 0.00131
48543 0.00131
48544 0.00131
48545 0.00131
48546 0.00131
48547 0.00131
48548 0.00131
48549 0.00131
48550 0.00131
48551 0.00131
48552 0.00131
48553 0.00131
48554 0.00131
48555 0.00131
48556 0.00131
48557 0.00131
48558 0.00131
48559 0.00131
48560 0.00131
48561 0.00131
48562 0.00131
48563 0.00131
48564 0.00131
48565 0.00131
48566 0.00131
48567 0.00131
48568 0.00131
48569 0.00131
48570 0.00131
48571 0.00131
48572 0.00131
48573 0.00131
48574 0.00131
48575 0.00131
48576 0.00131
48577 0.00131
48578 0.00131
48579 0.00131
48580 0.00131
48581 0.00131
48582 0.00131
48583 0.00131
48584 0.00131
48585 0.00131
48586 0.00131
48587 0.00131
48588 0.00131
48589 0.00131
48590 0.00131
48591 0.00131
48592 0.00131
48593 0.00131
48594 0.00131
48595 0.00131
48596 0.00131
48597 0.00131
48598 0.00131
48599 0.00131
48600 0.00131
48601 0.00131
48602 0.00131
48603 0.00131
48604 0.00131
48605 0.00131
48606 0.00131
48607 0.00131
48608 0.00131
48609 0.00131
48610 0.00131
48611 0.00131
48612 0.00131
48613 0.00131
48614 0.00131
48615 0.00131
48616 0.00131
48617 0.00131
48618 0.00131
48619 0.00131
48620 0.00131
48621 0.00131
48622 0.00131
48623 0.00131
48624 0.00131
48625 0.00131
48626 0.00131
48627 0.00131
48628 0.00131
48629 0.00131
48630 0.00131
48631 0.00131
48632 0.00131
48633 0.00131
48634 0.00131
48635 0.00131
48636 0.00131
48637 0.00131
48638 0.00131
48639 0.00131
48640 0.00131
48641 0.00131
48642 0.00131
48643 0.00131
48644 0.00131
48645 0.00131
48646 0.00131
48647 0.00131
48648 0.00131
48649 0.00131
48650 0.00131
48651 0.00131
48652 0.00131
48653 0.00131
48654 0.00131
48655 0.00131
48656 0.00131
48657 0.00131
48658 0.00131
48659 0.00131
48660 0.00131
48661 0.00131
48662 0.00131
48663 0.00131
48664 0.00131
48665 0.00131
48666 0.00131
48667 0.00131
48668 0.00131
48669 0.00131
48670 0.00131
48671 0.00131
48672 0.00131
48673 0.00131
48674 0.00131
48675 0.00131
48676 0.00131
48677 0.00131
48678 0.00131
48679 0.00131
48680 0.00131
48681 0.00131
48682 0.00131
48683 0.00131
48684 0.00131
48685 0.00131
48686 0.00131
48687 0.00131
48688 0.00131
48689 0.00131
48690 0.00131
48691 0.00131
48692 0.00131
48693 0.00131
48694 0.00131
48695 0.00131
48696 0.00131
48697 0.00131
48698 0.00131
48699 0.00131
48700 0.00131
48701 0.00131
48702 0.00131
48703 0.00131
48704 0.00139
48705 0.00139
48706 0.00139
48707 0.00139
48708 0.00139
48709 0.00139
48710 0.00139
48711 0.00139
48712 0.00139
48713 0.00139
48714 0.00139
48715 0.00139
48716 0.00139
48717 0.00139
48718 0.00139
48719 0.00139
48720 0.00139
48721 0.00139
48722 0.00139
48723 0.00139
48724 0.00139
48725 0.00139
48726 0.00139
48727 0.00139
48728 0.00139
48729 0.00139
48730 0.00139
48731 0.00139
48732 0.00139
48733 0.00139
48734 0.00139
48735 0.00139
48736 0.00139
48737 0.00139
48738 0.00139
48739 0.00139
48740 0.00139
48741 0.00139
48742 0.00139
48743 0.00139
48744 0.00139
48745 0.00139
48746 0.00139
48747 0.00139
48748 0.00139
48749 0.00139
48750 0.00139
48751 0.00139
48752 0.00139
48753 0.00139
48754 0.00139
48755 0.00139
48756 0.00139
48757 0.00139
48758 0.00139
48759 0.00139
48760 0.00139
48761 0.00139
48762 0.00139
48763 0.00139
48764 0.00139
48765 0.00139
48766 0.00139
48767 0.00139
48768 0.00139
48769 0.00139
48770 0.00139
48771 0.00139
48772 0.00139
48773 0.00139
48774 0.00139
48775 0.00139
48776 0.00139
48777 0.00139
48778 0.00139
48779 0.00139
48780 0.00139
48781 0.00139
48782 0.00139
48783 0.00139
48784 0.00139
48785 0.00139
48786 0.00139
48787 0.00139
48788 0.00139
48789 0.00139
48790 0.00139
48791 0.00139
48792 0.00139
48793 0.00139
48794 0.00139
48795 0.00139
48796 0.00139
48797 0.00139
48798 0.00139
48799 0.00139
48800 0.00139
48801 0.00139
48802 0.00139
48803 0.00139
48804 0.00139
48805 0.00139
48806 0.00139
48807 0.00139
48808 0.00139
48809 0.00139
48810 0.00139
48811 0.00139
48812 0.00139
48813 0.00139
48814 0.00139
48815 0.00139
48816 0.00139
48817 0.00139
48818 0.00139
48819 0.00139
48820 0.00139
48821 0.00139
48822 0.00139
48823 0.00139
48824 0.00139
48825 0.00139
48826 0.00139
48827 0.00139
48828 0.00139
48829 0.00139
48830 0.00139
48831 0.00139
48832 0.00139
48833 0.00139
48834 0.00139
48835 0.00139
48836 0.00139
48837 0.00139
48838 0.00139
48839 0.00139
48840 0.00139
48841 0.00139
48842 0.00139
48843 0.00139
48844 0.00139
48845 0.00139
48846 0.00139
48847 0.00139
48848 0.00139
48849 0.00139
48850 0.00139
48851 0.00139
48852 0.00139
48853 0.00139
48854 0.00139
48855 0.00139
48856 0.00139
48857 0.00139
48858 0.00139
48859 0.00139
48860 0.00139
48861 0.00139
48862 0.00139
48863 0.00139
48864 0.00139
48865 0.00139
48866 0.00139
48867 0.00139
48868 0.00139
48869 0.00139
48870 0.00139
48871 0.00139
48872 0.00139
48873 0.00139
48874 0.00139
48875 0.00139
48876 0.00139
48877 0.00139
48878 0.00139
48879 0.00139
48880 0.00139
48881 0.00139
48882 0.00139
48883 0.00139
48884 0.00139
48885 0.00139
48886 0.00139
48887 0.00139
48888 0.00139
48889 0.00139
48890 0.00139
48891 0.00139
48892 0.00139
48893 0.00139
48894 0.00139
48895 0.00139
48896 0.00139
48897 0.00139
48898 0.00139
48899 0.00139
48900 0.00139
48901 0.00139
48902 0.00139
48903 0.00139
48904 0.00139
48905 0.00139
48906 0.00139
48907 0.00139
48908 0.00139
48909 0.00139
48910 0.00139
48911 0.00139
48912 0.00139
48913 0.00139
48914 0.00139
48915 0.00139
48916 0.00139
48917 0.00139
48918 0.00139
48919 0.00139
48920 0.00139
48921 0.00139
48922 0.00139
48923 0.00139
48924 0.00139
48925 0.00139
48926 0.00139
48927 0.00139
48928 0.00139
48929 0.00139
48930 0.00139
48931 0.00139
48932 0.00139
48933 0.00139
48934 0.00139
48935 0.00139
48936 0.00139
48937 0.00139
48938 0.00139
48939 0.00139
48940 0.00139
48941 0.00139
48942 0.00139
48943 0.00139
48944 0.00139
48945 0.00139
48946 0.00139
48947 0.00139
48948 0.00139
48949 0.00139
48950 0.00139
48951 0.00139
48952 0.00139
48953 0.00139
48954 0.00139
48955 0.00139
48956 0.00139
48957 0.00139
48958 0.00139
48959 0.00139
48960 0.00139
48961 0.00139
48962 0.00139
48963 0.00139
48964 0.00139
48965 0.00139
48966 0.00139
48967 0.00139
48968 0.00139
48969 0.00139
48970 0.00139
48971 0.00139
48972 0.00139
48973 0.00139
48974 0.00139
48975 0.00139
48976 0.00139
48977 0.00139
48978 0.00139
48979 0.00139
48980 0.00139
48981 0.00139
48982 0.00139
48983 0.00139
48984 0.00139
48985 0.00139
48986 0.00139
48987 0.00139
48988 0.00139
48989 0.00139
48990 0.00139
48991 0.00139
48992 0.00139
48993 0.00139
48994 0.00139
48995 0.00139
48996 0.00139
48997 0.00139
48998 0.00139
48999 0.00139
49000 0.00139
49001 0.00139
49002 0.00139
49003 0.00139
49004 0.00139
49005 0.00139
49006 0.00139
49007 0.00139
49008 0.00139
49009 0.00139
49010 0.00139
49011 0.00139
49012 0.00139
49013 0.00139
49014 0.00139
49015 0.00139
49016 0.00139
49017 0.00139
49018 0.00139
49019 0.00139
49020 0.00139
49021 0.00139
49022 0.00139
49023 0.00139
49024 0.00139
49025 0.00139
49026 0.00139
49027 0.00139
49028 0.00139
49029 0.00139
49030 0.00139
49031 0.00139
49032 0.00139
49033 0.00139
49034 0.00139
49035 0.00139
49036 0.00139
49037 0.00139
49038 0.00139
49039 0.00139
49040 0.00139
49041 0.00139
49042 0.00139
49043 0.00139
49044 0.00139
49045 0.00139
49046 0.00139
49047 0.00139
49048 0.00139
49049 0.00139
49050 0.00139
49051 0.00139
49052 0.00139
49053 0.00139
49054 0.00139
49055 0.00139
49056 0.00139
49057 0.00139
49058 0.00139
49059 0.00139
49060 0.00139
49061 0.00139
49062 0.00139
49063 0.00139
49064 0.00139
49065 0.00139
49066 0.00139
49067 0.00139
49068 0.00139
49069 0.00139
49070 0.00139
49071 0.00139
49072 0.00139
49073 0.00139
49074 0.00139
49075 0.00139
49076 0.00139
49077 0.00139
49078 0.00139
49079 0.00139
49080 0.00139
49081 0.00139
49082 0.00139
49083 0.00139
49084 0.00139
49085 0.00139
49086 0.00139
49087 0.00139
49088 0.00139
49089 0.00139
49090 0.00139
49091 0.00139
49092 0.00139
49093 0.00139
49094 0.00139
49095 0.00139
49096 0.00139
49097 0.00139
49098 0.00139
49099 0.00139
49100 0.00139
49101 0.00139
49102 0.00139
49103 0.00139
49104 0.00139
49105 0.00139
49106 0.00139
49107 0.00139
49108 0.00139
49109 0.00139
49110 0.00139
49111 0.00139
49112 0.00139
49113 0.00139
49114 0.00139
49115 0.00139
49116 0.00139
49117 0.00139
49118 0.00139
49119 0.00139
49120 0.00139
49121 0.00139
49122 0.00139
49123 0.00139
49124 0.00139
49125 0.00139
49126 0.00139
49127 0.00139
49128 0.00139
49129 0.00139
49130 0.00139
49131 0.00139
49132 0.00139
49133 0.00139
49134 0.00139
49135 0.00139
49136 0.00139
49137 0.00139
49138 0.00139
49139 0.00139
49140 0.00139
49141 0.00139
49142 0.00139
49143 0.00139
49144 0.00139
49145 0.00139
49146 0.00139
49147 0.00139
49148 0.00139
49149 0.00139
49150 0.00139
49151 0.00139
49152 0.00139
49153 0.00139
49154 0.00139
49155 0.00139
49156 0.00139
49157 0.00139
49158 0.00139
49159 0.00139
49160 0.00139
49161 0.00139
49162 0.00139
49163 0.00139
49164 0.00139
49165 0.00139
49166 0.00139
49167 0.00139
49168 0.00139
49169 0.00139
49170 0.00139
49171 0.00139
49172 0.00139
49173 0.00139
49174 0.00139
49175 0.00139
49176 0.00139
49177 0.00139
49178 0.00139
49179 0.00139
49180 0.00139
49181 0.00139
49182 0.00139
49183 0.00139
49184 0.00139
49185 0.00139
49186 0.00139
49187 0.00139
49188 0.00139
49189 0.00139
49190 0.00139
49191 0.00139
49192 0.00139
49193 0.00139
49194 0.00139
49195 0.00139
49196 0.00139
49197 0.00139
49198 0.00139
49199 0.00139
49200 0.00139
49201 0.00139
49202 0.00139
49203 0.00139
49204 0.00139
49205 0.00139
49206 0.00139
49207 0.00139
49208 0.00139
49209 0.00139
49210 0.00139
49211 0.00139
49212 0.00139
49213 0.00139
49214 0.00139
49215 0.00139
49216 0.00139
49217 0.00139
49218 0.00139
49219 0.00139
49220 0.00139
49221 0.00139
49222 0.00139
49223 0.00139
49224 0.00139
49225 0.00139
49226 0.00139
49227 0.00139
49228 0.00139
49229 0.00139
49230 0.00139
49231 0.00139
49232 0.00139
49233 0.00139
49234 0.00139
49235 0.00139
49236 0.00139
49237 0.00139
49238 0.00139
49239 0.00139
49240 0.00139
49241 0.00139
49242 0.00139
49243 0.00139
49244 0.00139
49245 0.00139
49246 0.00139
49247 0.00139
49248 0.00139
49249 0.00139
49250 0.00139
49251 0.00139
49252 0.00139
49253 0.00139
49254 0.00139
49255 0.00139
49256 0.00139
49257 0.00139
49258 0.00139
49259 0.00139
49260 0.00139
49261 0.00139
49262 0.00139
49263 0.00139
49264 0.00139
49265 0.00139
49266 0.00139
49267 0.00139
49268 0.00139
49269 0.00139
49270 0.00139
49271 0.00139
49272 0.00139
49273 0.00139
49274 0.00139
49275 0.00139
49276 0.00139
49277 0.00139
49278 0.00139
49279 0.00139
49280 0.00139
49281 0.00139
49282 0.00139
49283 0.00139
49284 0.00139
49285 0.00139
49286 0.00139
49287 0.00139
49288 0.00139
49289 0.00139
49290 0.00139
49291 0.00139
49292 0.00139
49293 0.00139
49294 0.00139
49295 0.00139
49296 0.00139
49297 0.00139
49298 0.00139
49299 0.00139
49300 0.00139
49301 0.00139
49302 0.00139
49303 0.00139
49304 0.00139
49305 0.00139
49306 0.00139
49307 0.00139
49308 0.00139
49309 0.00139
49310 0.00139
49311 0.00139
49312 0.00139
49313 0.00139
49314 0.00139
49315 0.00139
49316 0.00139
49317 0.00139
49318 0.00139
49319 0.00139
49320 0.00139
49321 0.00139
49322 0.00139
49323 0.00139
49324 0.00139
49325 0.00139
49326 0.00139
49327 0.00139
49328 0.00139
49329 0.00139
49330 0.00139
49331 0.00139
49332 0.00139
49333 0.00139
49334 0.00139
49335 0.00139
49336 0.00139
49337 0.00139
49338 0.00139
49339 0.00139
49340 0.00139
49341 0.00139
49342 0.00139
49343 0.00139
49344 0.00139
49345 0.00139
49346 0.00139
49347 0.00139
49348 0.00139
49349 0.00139
49350 0.00139
49351 0.00139
49352 0.00139
49353 0.00139
49354 0.00139
49355 0.00139
49356 0.00139
49357 0.00139
49358 0.00139
49359 0.00139
49360 0.00139
49361 0.00139
49362 0.00139
49363 0.00139
49364 0.00139
49365 0.00139
49366 0.00139
49367 0.00139
49368 0.00139
49369 0.00139
49370 0.00139
49371 0.00139
49372 0.00139
49373 0.00139
49374 0.00139
49375 0.00139
49376 0.00139
49377 0.00139
49378 0.00139
49379 0.00139
49380 0.00139
49381 0.00139
49382 0.00139
49383 0.00139
49384 0.00139
49385 0.00139
49386 0.00139
49387 0.00139
49388 0.00139
49389 0.00139
49390 0.00139
49391 0.00139
49392 0.00139
49393 0.00139
49394 0.00139
49395 0.00139
49396 0.00139
49397 0.00139
49398 0.00139
49399 0.00139
49400 0.00139
49401 0.00139
49402 0.00139
49403 0.00139
49404 0.00139
49405 0.00139
49406 0.00139
49407 0.00139
49408 0.00139
49409 0.00139
49410 0.00139
49411 0.00139
49412 0.00139
49413 0.00139
49414 0.00139
49415 0.00139
49416 0.00139
49417 0.00139
49418 0.00139
49419 0.00139
49420 0.00139
49421 0.00139
49422 0.00139
49423 0.00139
49424 0.00139
49425 0.00139
49426 0.00139
49427 0.00139
49428 0.00139
49429 0.00139
49430 0.00139
49431 0.00139
49432 0.00139
49433 0.00139
49434 0.00139
49435 0.00139
49436 0.00139
49437 0.00139
49438 0.00139
49439 0.00139
49440 0.00139
49441 0.00139
49442 0.00139
49443 0.00139
49444 0.00139
49445 0.00139
49446 0.00139
49447 0.00139
49448 0.00139
49449 0.00139
49450 0.00139
49451 0.00139
49452 0.00139
49453 0.00139
49454 0.00139
49455 0.00139
49456 0.00139
49457 0.00139
49458 0.00139
49459 0.00139
49460 0.00139
49461 0.00139
49462 0.00139
49463 0.00139
49464 0.00139
49465 0.00139
49466 0.00139
49467 0.00139
49468 0.00139
49469 0.00139
49470 0.00139
49471 0.00139
49472 0.00139
49473 0.00139
49474 0.00139
49475 0.00139
49476 0.00139
49477 0.00139
49478 0.00139
49479 0.00139
49480 0.00139
49481 0.00139
49482 0.00139
49483 0.00139
49484 0.00139
49485 0.00139
49486 0.00139
49487 0.00139
49488 0.00139
49489 0.00139
49490 0.00139
49491 0.00139
49492 0.00139
49493 0.00139
49494 0.00139
49495 0.00139
49496 0.00139
49497 0.00139
49498 0.00139
49499 0.00139
49500 0.00139
49501 0.00139
49502 0.00139
49503 0.00139
49504 0.00139
49505 0.00139
49506 0.00139
49507 0.00139
49508 0.00139
49509 0.00139
49510 0.00139
49511 0.00139
49512 0.00139
49513 0.00139
49514 0.00139
49515 0.00139
49516 0.00139
49517 0.00139
49518 0.00139
49519 0.00139
49520 0.00139
49521 0.00139
49522 0.00139
49523 0.00139
49524 0.00139
49525 0.00139
49526 0.00139
49527 0.00139
49528 0.00139
49529 0.00139
49530 0.00139
49531 0.00139
49532 0.00139
49533 0.00139
49534 0.00139
49535 0.00139
49536 0.00139
49537 0.00139
49538 0.00139
49539 0.00139
49540 0.00139
49541 0.00139
49542 0.00139
49543 0.00139
49544 0.00139
49545 0.00139
49546 0.00139
49547 0.00139
49548 0.00139
49549 0.00139
49550 0.00139
49551 0.00139
49552 0.00139
49553 0.00139
49554 0.00139
49555 0.00139
49556 0.00139
49557 0.00139
49558 0.00139
49559 0.00139
49560 0.00139
49561 0.00139
49562 0.00139
49563 0.00139
49564 0.00139
49565 0.00139
49566 0.00139
49567 0.00139
49568 0.00139
49569 0.00139
49570 0.00139
49571 0.00139
49572 0.00139
49573 0.00139
49574 0.00139
49575 0.00139
49576 0.00139
49577 0.00139
49578 0.00139
49579 0.00139
49580 0.00139
49581 0.00139
49582 0.00139
49583 0.00139
49584 0.00139
49585 0.00139
49586 0.00139
49587 0.00139
49588 0.00139
49589 0.00139
49590 0.00139
49591 0.00139
49592 0.00139
49593 0.00139
49594 0.00139
49595 0.00139
49596 0.00139
49597 0.00139
49598 0.00139
49599 0.00139
49600 0.00139
49601 0.00139
49602 0.00139
49603 0.00139
49604 0.00139
49605 0.00139
49606 0.00139
49607 0.00139
49608 0.00139
49609 0.00139
49610 0.00139
49611 0.00139
49612 0.00139
49613 0.00139
49614 0.00139
49615 0.00139
49616 0.00139
49617 0.00139
49618 0.00139
49619 0.00139
49620 0.00139
49621 0.00139
49622 0.00139
49623 0.00139
49624 0.00139
49625 0.00139
49626 0.00139
49627 0.00139
49628 0.00139
49629 0.00139
49630 0.00139
49631 0.00139
49632 0.00139
49633 0.00139
49634 0.00139
49635 0.00139
49636 0.00139
49637 0.00139
49638 0.00139
49639 0.00139
49640 0.00139
49641 0.00139
49642 0.00139
49643 0.00139
49644 0.00139
49645 0.00139
49646 0.00139
49647 0.00139
49648 0.00139
49649 0.00139
49650 0.00139
49651 0.00139
49652 0.00139
49653 0.00139
49654 0.00139
49655 0.00139
49656 0.00139
49657 0.00139
49658 0.00139
49659 0.00139
49660 0.00139
49661 0.0014
49662 0.0014
49663 0.0014
49664 0.0014
49665 0.0014
49666 0.0014
49667 0.0014
49668 0.0014
49669 0.0014
49670 0.0014
49671 0.0014
49672 0.0014
49673 0.0014
49674 0.0014
49675 0.0014
49676 0.0014
49677 0.0014
49678 0.0014
49679 0.0014
49680 0.0014
49681 0.0014
49682 0.0014
49683 0.0014
49684 0.0014
49685 0.0014
49686 0.0014
49687 0.0014
49688 0.0014
49689 0.0014
49690 0.0014
49691 0.0014
49692 0.0014
49693 0.0014
49694 0.0014
49695 0.0014
49696 0.0014
49697 0.0014
49698 0.0014
49699 0.0014
49700 0.0014
49701 0.0014
49702 0.0014
49703 0.0014
49704 0.0014
49705 0.0014
49706 0.0014
49707 0.00142
49708 0.00142
49709 0.00142
49710 0.00142
49711 0.00142
49712 0.00142
49713 0.00142
49714 0.00142
49715 0.00142
49716 0.00142
49717 0.00142
49718 0.00142
49719 0.00142
49720 0.00146
49721 0.00146
49722 0.00146
49723 0.00146
49724 0.00146
49725 0.00146
49726 0.00146
49727 0.00146
49728 0.00146
49729 0.00146
49730 0.00146
49731 0.00146
49732 0.00146
49733 0.00146
49734 0.00146
49735 0.00146
49736 0.00146
49737 0.00146
49738 0.00146
49739 0.00146
49740 0.00146
49741 0.00146
49742 0.00146
49743 0.00146
49744 0.00146
49745 0.00146
49746 0.00146
49747 0.00146
49748 0.00146
49749 0.00146
49750 0.00146
49751 0.00146
49752 0.00146
49753 0.00146
49754 0.00146
49755 0.00146
49756 0.00146
49757 0.00146
49758 0.00146
49759 0.00146
49760 0.00146
49761 0.00146
49762 0.00146
49763 0.00146
49764 0.00146
49765 0.00146
49766 0.00146
49767 0.00146
49768 0.00146
49769 0.00146
49770 0.00146
49771 0.00146
49772 0.00146
49773 0.00146
49774 0.00146
49775 0.00146
49776 0.00146
49777 0.00146
49778 0.00146
49779 0.00146
49780 0.00146
49781 0.00146
49782 0.00146
49783 0.00146
49784 0.00146
49785 0.00146
49786 0.00146
49787 0.00146
49788 0.00146
49789 0.00146
49790 0.00146
49791 0.00146
49792 0.00146
49793 0.00146
49794 0.00146
49795 0.00146
49796 0.00146
49797 0.00146
49798 0.00146
49799 0.00148
49800 0.00148
49801 0.00148
49802 0.00148
49803 0.00148
49804 0.00148
49805 0.00148
49806 0.00148
49807 0.00148
49808 0.00148
49809 0.00148
49810 0.00148
49811 0.00148
49812 0.00148
49813 0.00148
49814 0.00148
49815 0.00148
49816 0.00148
49817 0.00148
49818 0.00148
49819 0.00148
49820 0.00148
49821 0.00148
49822 0.00148
49823 0.00148
49824 0.00148
49825 0.00148
49826 0.00148
49827 0.00148
49828 0.00148
49829 0.00148
49830 0.0015
49831 0.0015
49832 0.0015
49833 0.0015
49834 0.0015
49835 0.0015
49836 0.0015
49837 0.0015
49838 0.0015
49839 0.0015
49840 0.0015
49841 0.0015
49842 0.0015
49843 0.0015
49844 0.0015
49845 0.0015
49846 0.0015
49847 0.00157
49848 0.00157
49849 0.00157
49850 0.00157
49851 0.00157
49852 0.00157
49853 0.00157
49854 0.00157
49855 0.00157
49856 0.00157
49857 0.00157
49858 0.00157
49859 0.00157
49860 0.00157
49861 0.00157
49862 0.00157
49863 0.00157
49864 0.00157
49865 0.00157
49866 0.00157
49867 0.00157
49868 0.00157
49869 0.00157
49870 0.00157
49871 0.00157
49872 0.00157
49873 0.00157
49874 0.00157
49875 0.00157
49876 0.00157
49877 0.00157
49878 0.00157
49879 0.00157
49880 0.00157
49881 0.00157
49882 0.00157
49883 0.00157
49884 0.00157
49885 0.00157
49886 0.00157
49887 0.00157
49888 0.00157
49889 0.00157
49890 0.00157
49891 0.00157
49892 0.00157
49893 0.00157
49894 0.00157
49895 0.00157
49896 0.00157
49897 0.00157
49898 0.00157
49899 0.00157
49900 0.00157
49901 0.00157
49902 0.00157
49903 0.00157
49904 0.00157
49905 0.00157
49906 0.00157
49907 0.00157
49908 0.00157
49909 0.00157
49910 0.00157
49911 0.00157
49912 0.00157
49913 0.00157
49914 0.00157
49915 0.00157
49916 0.00157
49917 0.00157
49918 0.00157
49919 0.00157
49920 0.00157
49921 0.00157
49922 0.00157
49923 0.00157
49924 0.00157
49925 0.00157
49926 0.00157
49927 0.00157
49928 0.00157
49929 0.00157
49930 0.00157
49931 0.00157
49932 0.00157
49933 0.00157
49934 0.00157
49935 0.0016
49936 0.0016
49937 0.0016
49938 0.0016
49939 0.0016
49940 0.0016
49941 0.0016
49942 0.0016
49943 0.0016
49944 0.0016
49945 0.0016
49946 0.0016
49947 0.0016
49948 0.0016
49949 0.0016
49950 0.0016
49951 0.0016
49952 0.0016
49953 0.0016
49954 0.0016
49955 0.0016
49956 0.0016
49957 0.0016
49958 0.00161
49959 0.00161
49960 0.00161
49961 0.00161
49962 0.00161
49963 0.00161
49964 0.00161
49965 0.00161
49966 0.00161
49967 0.00161
49968 0.00161
49969 0.00161
49970 0.00161
49971 0.00161
49972 0.00161
49973 0.00161
49974 0.00161
49975 0.00161
49976 0.00161
49977 0.00161
49978 0.00161
49979 0.00161
49980 0.00161
49981 0.00161
49982 0.00161
49983 0.00161
49984 0.00161
49985 0.00164
49986 0.00164
49987 0.00164
49988 0.00164
49989 0.00164
49990 0.00165
49991 0.00166
49992 0.00166
49993 0.00168
49994 0.0017
49995 0.00173
49996 0.00176
49997 0.00177
49998 0.00177
49999 0.00179
===============================================
================== Validation ==================
validation_valid           = 0
validation_fast_median     = 0
validation_exact_median    = 0
validation_mean_abs_diff   = 0
validation_fast_seconds    = 0
validation_exact_seconds   = 0
===============================================
note: sensitivity uses a fixed calibrated FC belt built at the
      nominal N_sig=0 profile-fit background point, and validation
      compares it against the slower nested toy construction.
