==================== Input ====================
datafile                   = data/finaldata/step4f_run1to20_eg_doubleonly_allpatterns_500ns.txt
events_used                = 18
skipped_non5               = 0
skipped_outside_win        = 1560
N_mu_eff_nom               = 1708.778834
N_mu_eff_sigma             = 25.89154932
br_scan_points             = 101
n_calib_toys               = 150
n_sens_toys                = 5000
seed                       = 246813579
n_validation_toys          = 0
n_validation_inner         = 0
===============================================
==================== Fits =====================
data_free_status           = 0
data_free_nll             = 271.8102312
data_free_N_sig_hat       = 1.057778487e-08
data_free_N_rmd_hat       = 1.657337196
data_free_N_acc_hat       = 15.32538077
data_bg0_status            = 0
data_bg0_nll              = 271.8102311
data_bg0_N_sig_fixed      = 0
data_bg0_N_rmd_hat        = 1.657664819
data_bg0_N_acc_hat        = 15.32459549
===============================================
================== Calibration =================
# BR  N_sig_nom  n_valid  q50  q90  q95
0 0 150 0 0 0
2e-05 0.03417557668 150 0.06835094549 0.06835114943 0.06835115379
4e-05 0.06835115335 150 0.1367021247 1.551834115 3.308788524
6e-05 0.10252673 150 0.205053271 0.2050534703 2.730865755
8e-05 0.1367023067 150 0.2734044943 2.182717071 2.246961139
0.0001 0.1708778834 150 0.3417556544 1.848813151 1.872682864
0.00012 0.2050534601 150 0.4101067958 1.56309545 1.578545278
0.00014 0.2392290367 150 0.4784580544 1.300854146 1.338914912
0.00016 0.2734046134 150 0.5468091651 1.137690164 1.140412608
0.00018 0.3075801901 150 0.6151604356 0.9729898552 1.610056502
0.0002 0.3417557668 150 0.6835114865 0.8323069356 3.606243839
0.00022 0.3759313435 150 0.7518614406 0.751862825 0.7518628278
0.00024 0.4101069201 150 0.8202131201 0.8202140077 2.390092934
0.00026 0.4442824968 150 0.8885645739 0.8885651906 2.635574257
0.00028 0.4784580735 150 0.9569149668 2.190328235 2.650236378
0.0003 0.5126336502 150 1.025266923 1.025267563 2.442798964
0.00032 0.5468092268 150 1.093617228 1.971237148 2.270846121
0.00034 0.5809848035 150 1.161969295 1.952879521 2.097986642
0.00036 0.6151603802 150 1.230319411 1.933470417 1.946394834
0.00038 0.6493359569 150 1.298671528 1.793989257 1.873367843
0.0004 0.6835115335 150 1.367013 1.65365454 4.169001011
0.00042 0.7176871102 150 1.435356084 1.523009315 1.572794709
0.00044 0.7518626869 150 1.498113081 1.503725938 3.702114852
0.00046 0.7860382636 150 1.569765644 1.57207713 1.572077144
0.00048 0.8202138403 150 1.37201792 1.640428347 2.596655524
0.0005 0.8543894169 150 1.083173495 1.708779515 3.039873276
0.00052 0.8885649936 150 1.015459467 1.777130772 2.973868645
0.00054 0.9227405703 150 0.9376850303 1.845481987 2.875791623
0.00056 0.956916147 150 1.379492791 2.66083175 2.764444091
0.00058 0.9910917236 150 0.7852677661 1.982184429 2.612974642
0.0006 1.0252673 150 0.7095908862 2.077898391 2.477455073
0.00062 1.059442877 150 0.6574042911 2.118886862 2.225275781
0.00064 1.093618454 150 0.5845798132 2.187238102 2.241951612
0.00066 1.12779403 150 0.5422557887 2.255589313 2.255589332
0.00068 1.161969607 150 0.4909801375 2.323940444 2.323940561
0.0007 1.196145184 150 0.4452685982 2.392291767 2.392291798
0.00072 1.23032076 150 0.4040768095 2.46064298 3.825151432
0.00074 1.264496337 150 0.3611621389 2.528994247 2.996440112
0.00076 1.298671914 150 0.3188175611 2.597345486 2.597345511
0.00078 1.33284749 150 0.2887911626 2.665696628 2.665696756
0.0008 1.367023067 150 0.3052576986 2.73404798 3.249663493
0.00082 1.401198644 150 0.2255695298 2.826111625 3.17746234
0.00084 1.43537422 150 0.1975430775 2.870750495 3.002409761
0.00086 1.469549797 150 0.1764366542 2.939101601 2.939101741
0.00088 1.503725374 150 0.1969278834 3.00745268 3.007452944
0.0009 1.53790095 150 0.6137034409 3.075804168 3.07580426
0.00092 1.572076527 150 0.2808433738 3.144155427 3.144155517
0.00094 1.606252104 150 0.2719761367 3.212506539 3.212506714
0.00096 1.640427681 150 0.3167103469 3.280857946 3.280858047
0.00098 1.674603257 150 0.3539398878 3.349208897 3.349209239
0.001 1.708778834 150 0.3606644792 3.417560462 3.417560567
0.00102 1.742954411 150 0.379633254 3.485911048 3.485911847
0.00104 1.777129987 150 0.4134922143 3.554263062 3.554263126
0.00106 1.811305564 150 0.4491642136 3.622614298 3.622614404
0.00108 1.845481141 150 0.4885942564 3.690965512 3.69096563
0.0011 1.879656717 150 0.5105460706 3.718080437 3.759316627
0.00112 1.913832294 150 0.5295988086 3.827666862 3.827668178
0.00114 1.948007871 150 0.5624037242 3.896017667 3.89601944
0.00116 1.982183447 150 0.5972256984 3.964282114 3.964370683
0.00118 2.016359024 150 0.5743507538 4.032720702 4.032722024
0.0012 2.050534601 150 0.6353181142 4.100970201 4.101073281
0.00122 2.084710177 150 0.7005348443 4.169424634 4.169424693
0.00124 2.118885754 150 0.7361421237 4.237773471 4.237775851
0.00126 2.153061331 150 0.7733783006 4.306126635 4.306127253
0.00128 2.187236907 150 0.8094135696 4.374477169 4.374478571
0.0013 2.221412484 150 0.8477406745 4.442829035 4.44282986
0.00132 2.255588061 150 0.8843613497 4.219016919 4.511180717
0.00134 2.289763637 150 0.9251261474 4.579526056 4.579532458
0.00136 2.323939214 150 0.9614253826 4.647883316 4.647883737
0.00138 2.358114791 150 0.1603095173 4.715909534 4.716234935
0.0014 2.392290367 150 0.8855682105 3.811204432 4.784586138
0.00142 2.426465944 150 0.1272830308 3.701038697 4.852937612
0.00144 2.460641521 150 0.7988131888 4.913213998 4.921288963
0.00146 2.494817097 150 0.407627403 1.934518085 3.551782738
0.00148 2.528992674 150 0.2350736269 1.83838934 5.057626142
0.0015 2.563168251 150 0.6164707375 3.195653553 5.121514069
0.00152 2.597343827 150 0.6451692104 5.070464052 5.194694056
0.00154 2.631519404 150 0.5960693432 3.848232668 5.263045663
0.00156 2.665694981 150 0.566090356 5.329170521 5.331396892
0.00158 2.699870558 150 0.5203122078 3.004379399 5.377449136
0.0016 2.734046134 150 0.4874994701 2.816365175 5.337383623
0.00162 2.768221711 150 0.4462744985 1.554195774 4.513861961
0.00164 2.802397288 150 0.4487778997 2.715141405 5.065681324
0.00166 2.836572864 150 0.4151299255 4.214190718 5.673153759
0.00168 2.870748441 150 0.3910971132 1.896481883 5.05396764
0.0017 2.904924018 150 0.3449150861 2.164266724 3.384384765
0.00172 2.939099594 150 0.3417135403 2.424530226 4.512887412
0.00174 2.973275171 150 0.3635488119 2.186893779 5.764345676
0.00176 3.007450748 150 0.3917549867 2.292627153 5.959348987
0.00178 3.041626324 150 0.4079233559 2.25792 5.584649037
0.0018 3.075801901 150 0.4339510241 2.14563651 3.615498269
0.00182 3.109977478 150 0.4582969845 2.093017585 3.48204838
0.00184 3.144153054 150 0.4787224348 2.038353846 3.144752329
0.00186 3.178328631 150 0.5077675453 3.400888092 6.342853419
0.00188 3.212504208 150 0.5336604461 3.248980174 4.869244688
0.0019 3.246679784 150 0.5586260472 3.205709202 6.492698589
0.00192 3.280855361 150 0.5880455872 2.185720989 3.142854239
0.00194 3.315030938 150 0.6154238947 2.321499911 3.201630814
0.00196 3.349206514 150 0.6396379726 3.091244674 4.623644129
0.00198 3.383382091 150 0.6596770485 2.33306463 2.92512008
0.002 3.417557668 150 0.5829763685 2.37993604 3.472026793
calibration_seconds        = 599.0992569
===============================================
=================== Observed ===================
observed_fast_ok           = 1
observed_fast_BR90         = 0.00066
observed_fast_Nsig90_nom   = 1.12779403
# BR  q_obs  p_value  accepted
0 0 1 1
2e-05 0.06835109109 0.3333333333 1
4e-05 0.1367022479 0.3666666667 1
6e-05 0.2050534071 0.3333333333 1
8e-05 0.2734045687 0.42 1
0.0001 0.3417557325 0.4533333333 1
0.00012 0.4101068987 0.44 1
0.00014 0.4784580673 0.4933333333 1
0.00016 0.5468092382 0.42 1
0.00018 0.6151604114 0.5466666667 1
0.0002 0.6835115869 0.4 1
0.00022 0.7518627648 0.2266666667 1
0.00024 0.820213945 0.2666666667 1
0.00026 0.8885651276 0.26 1
0.00028 0.9569163125 0.2666666667 1
0.0003 1.0252675 0.3266666667 1
0.00032 1.093618689 0.2466666667 1
0.00034 1.161969881 0.2866666667 1
0.00036 1.230321075 0.32 1
0.00038 1.298672272 0.32 1
0.0004 1.367023471 0.28 1
0.00042 1.435374672 0.2466666667 1
0.00044 1.503725876 0.1866666667 1
0.00046 1.572077082 0.16 1
0.00048 1.64042829 0.2 1
0.0005 1.7087795 0.1066666667 1
0.00052 1.777130713 0.1866666667 1
0.00054 1.845481929 0.1466666667 1
0.00056 1.913833146 0.1933333333 1
0.00058 1.982184366 0.2 1
0.0006 2.050535588 0.14 1
0.00062 2.118886813 0.1533333333 1
0.00064 2.18723804 0.1266666667 1
0.00066 2.255589269 0.14 1
0.00068 2.323940501 0.09333333333 0
0.0007 2.392291735 0.1333333333 0
0.00072 2.460642971 0.1066666667 0
0.00074 2.52899421 0.1266666667 0
0.00076 2.597345451 0.1333333333 0
0.00078 2.665696694 0.08666666667 0
0.0008 2.73404794 0.12 0
0.00082 2.802399187 0.14 0
0.00084 2.870750438 0.1333333333 0
0.00086 2.93910169 0.08 0
0.00088 3.007452945 0.05333333333 0
0.0009 3.075804203 0.08666666667 0
0.00092 3.144155462 0.07333333333 0
0.00094 3.212506724 0.05333333333 0
0.00096 3.280857989 0.07333333333 0
0.00098 3.349209255 0.04666666667 0
0.001 3.417560524 0.08666666667 0
0.00102 3.485911796 0.07333333333 0
0.00104 3.554263069 0.08 0
0.00106 3.622614345 0.1 0
0.00108 3.690965624 0.05333333333 0
0.0011 3.759316904 0.03333333333 0
0.00112 3.827668187 0.04666666667 0
0.00114 3.896019473 0.03333333333 0
0.00116 3.96437076 0.05333333333 0
0.00118 4.03272205 0.04666666667 0
0.0012 4.101073343 0.04666666667 0
0.00122 4.169424637 0.1 0
0.00124 4.237775934 0.04666666667 0
0.00126 4.306127234 0.06666666667 0
0.00128 4.374478535 0.06 0
0.0013 4.442829839 0.06666666667 0
0.00132 4.511181146 0.02666666667 0
0.00134 4.579532454 0.05333333333 0
0.00136 4.647883765 0.04666666667 0
0.00138 4.716235079 0.04666666667 0
0.0014 4.784586394 0.02666666667 0
0.00142 4.852937712 0.04 0
0.00144 4.921289033 0.04 0
0.00146 4.989640356 0.006666666667 0
0.00148 5.057991681 0.006666666667 0
0.0015 5.126343008 0.02 0
0.00152 5.194694338 0.04 0
0.00154 5.26304567 0.05333333333 0
0.00156 5.331397004 0.03333333333 0
0.00158 5.399748341 0.02666666667 0
0.0016 5.46809968 0.02 0
0.00162 5.536451021 0.006666666667 0
0.00164 5.604802365 0.02 0
0.00166 5.673153711 0.06 0
0.00168 5.74150506 0.02 0
0.0017 5.80985641 0.006666666667 0
0.00172 5.878207763 0.01333333333 0
0.00174 5.946559119 0.02 0
0.00176 6.014910477 0.02666666667 0
0.00178 6.083261837 0.006666666667 0
0.0018 6.151613199 0.01333333333 0
0.00182 6.219964564 0 0
0.00184 6.288315931 0 0
0.00186 6.3566673 0.02 0
0.00188 6.425018672 0.01333333333 0
0.0019 6.493370046 0.02666666667 0
0.00192 6.561721423 0.01333333333 0
0.00194 6.630072801 0.006666666667 0
0.00196 6.698424183 0 0
0.00198 6.766775566 0 0
0.002 6.835126952 0 0
===============================================
================= Sensitivity ==================
sensitivity_valid_toys     = 5000
sensitivity_BR50           = 0.001
sensitivity_Nsig50_nom     = 1.708778834
sensitivity_BR16           = 0.00044
sensitivity_BR84           = 0.00108
sensitivity_BR05           = 0
sensitivity_BR95           = 0.0013
sensitivity_seconds_total  = 17.10845492
===============================================
=============== Sensitivity Toys ==============
# toy_index  BR90
0 0
1 0
2 0
3 0
4 0
5 0
6 0
7 0
8 0
9 0
10 0
11 0
12 0
13 0
14 0
15 0
16 0
17 0
18 0
19 0
20 0
21 0
22 0
23 0
24 0
25 0
26 0
27 0
28 0
29 0
30 0
31 0
32 0
33 0
34 0
35 0
36 0
37 0
38 0
39 0
40 0
41 0
42 0
43 0
44 0
45 0
46 0
47 0
48 0
49 0
50 0
51 0
52 0
53 0
54 0
55 0
56 0
57 0
58 0
59 0
60 0
61 0
62 0
63 0
64 0
65 0
66 0
67 0
68 0
69 0
70 0
71 0
72 0
73 0
74 0
75 0
76 0
77 0
78 0
79 0
80 0
81 0
82 0
83 0
84 0
85 0
86 0
87 0
88 0
89 0
90 0
91 0
92 0
93 0
94 0
95 0
96 0
97 0
98 0
99 0
100 0
101 0
102 0
103 0
104 0
105 0
106 0
107 0
108 0
109 0
110 0
111 0
112 0
113 0
114 0
115 0
116 0
117 0
118 0
119 0
120 0
121 0
122 0
123 0
124 0
125 0
126 0
127 0
128 0
129 0
130 0
131 0
132 0
133 0
134 0
135 0
136 0
137 0
138 0
139 0
140 0
141 0
142 0
143 0
144 0
145 0
146 0
147 0
148 0
149 0
150 0
151 0
152 0
153 0
154 0
155 0
156 0
157 0
158 0
159 0
160 0
161 0
162 0
163 0
164 0
165 0
166 0
167 0
168 0
169 0
170 0
171 0
172 0
173 0
174 0
175 0
176 0
177 0
178 0
179 0
180 0
181 0
182 0
183 0
184 0
185 0
186 0
187 0
188 0
189 0
190 0
191 0
192 0
193 0
194 0
195 0
196 0
197 0
198 0
199 0
200 0
201 0
202 0
203 0
204 0
205 0
206 0
207 0
208 0
209 0
210 0
211 0
212 0
213 0
214 0
215 0
216 0
217 0
218 0
219 0
220 0
221 0
222 0
223 0
224 0
225 0
226 0
227 0
228 0
229 0
230 0
231 0
232 0
233 0
234 0
235 0
236 0
237 0
238 0
239 0
240 0
241 0
242 0
243 0
244 0
245 0
246 0
247 0
248 0
249 0
250 0
251 0
252 0
253 0
254 0
255 0
256 0
257 0
258 0
259 0
260 0
261 0
262 0
263 0
264 0
265 0
266 0
267 0
268 0
269 0
270 0
271 0
272 0
273 0
274 0
275 0
276 0
277 0
278 0
279 0
280 0
281 0
282 0
283 0
284 0
285 0
286 0
287 0
288 0
289 0
290 0
291 0
292 0
293 0
294 0
295 0
296 0
297 0
298 0
299 0
300 0
301 0
302 0
303 0
304 0
305 0
306 0
307 0
308 0
309 0
310 0
311 0
312 0
313 0
314 0
315 0
316 0
317 0
318 0
319 0
320 0
321 0
322 0
323 0
324 0
325 0
326 0
327 0
328 0
329 0
330 0
331 0
332 0
333 0
334 0
335 0
336 0
337 0
338 0
339 0
340 0
341 0
342 0
343 0
344 0
345 0
346 0
347 0
348 0
349 0
350 0
351 0
352 0
353 0
354 0
355 0
356 0
357 0
358 0
359 0
360 0
361 0
362 0
363 0
364 0
365 0
366 0
367 0
368 0
369 0
370 0
371 0
372 0
373 0
374 0
375 0
376 0
377 0
378 0
379 0
380 0
381 0
382 0
383 0
384 0
385 0
386 0
387 0
388 0
389 0
390 0
391 0
392 0
393 0
394 0
395 0
396 0
397 0
398 0
399 0
400 0
401 0
402 0
403 0
404 0
405 0
406 0
407 0
408 0
409 0
410 0
411 0
412 0
413 0
414 0
415 0
416 0
417 0
418 0
419 0
420 0
421 0
422 0
423 0
424 0
425 0
426 0
427 0
428 0
429 0
430 0
431 0
432 0
433 0
434 0
435 0
436 0
437 0
438 0
439 0
440 0
441 0
442 0
443 0
444 0
445 0
446 0
447 0
448 0
449 0
450 0
451 0
452 0
453 0
454 0
455 0
456 0
457 0
458 0
459 0
460 0
461 0
462 0
463 0
464 0
465 0
466 0
467 0
468 0
469 0
470 0
471 0
472 0
473 0
474 0
475 0
476 0
477 0
478 0
479 0
480 0
481 0
482 0
483 0
484 0
485 0
486 0
487 0
488 0
489 0
490 0
491 0
492 0
493 0
494 0
495 0
496 0
497 0
498 0
499 0
500 0
501 0
502 0
503 0
504 0
505 0
506 0
507 0
508 0
509 0
510 0
511 0
512 0
513 0
514 0
515 0
516 0
517 0
518 0
519 0
520 0
521 0
522 0
523 0
524 0
525 0
526 0
527 0
528 0
529 0
530 0
531 0
532 0
533 0
534 0
535 0
536 0
537 0
538 0
539 0
540 0
541 0
542 0
543 0
544 0
545 0
546 0
547 0
548 0
549 0
550 0
551 0
552 0
553 0
554 0
555 0
556 0
557 0
558 0
559 0
560 0
561 0
562 0
563 0
564 0
565 0
566 0
567 0
568 0
569 0
570 0
571 0
572 0
573 0
574 0
575 0
576 0
577 0
578 0
579 0
580 0
581 0
582 0
583 0
584 0
585 0
586 0
587 0
588 0
589 0
590 0
591 0
592 0
593 0
594 0
595 0
596 0
597 0
598 0
599 0
600 0
601 0
602 0
603 0
604 0
605 0
606 0
607 0
608 0
609 0
610 0
611 0
612 0
613 0
614 0
615 0
616 0
617 0
618 0
619 0
620 0
621 0
622 0
623 0
624 0
625 0
626 0
627 0
628 0
629 0
630 0
631 0
632 0
633 0
634 0
635 0
636 0
637 0
638 0
639 0
640 0
641 0
642 0
643 0
644 0
645 0
646 0
647 0
648 0
649 0
650 2e-05
651 2e-05
652 2e-05
653 2e-05
654 2e-05
655 2e-05
656 2e-05
657 2e-05
658 2e-05
659 2e-05
660 2e-05
661 2e-05
662 2e-05
663 2e-05
664 2e-05
665 2e-05
666 2e-05
667 2e-05
668 2e-05
669 2e-05
670 2e-05
671 2e-05
672 2e-05
673 2e-05
674 2e-05
675 2e-05
676 2e-05
677 2e-05
678 2e-05
679 2e-05
680 2e-05
681 2e-05
682 4e-05
683 4e-05
684 4e-05
685 4e-05
686 6e-05
687 6e-05
688 6e-05
689 8e-05
690 8e-05
691 0.00012
692 0.00014
693 0.00016
694 0.00016
695 0.00022
696 0.00024
697 0.00026
698 0.00042
699 0.00042
700 0.00044
701 0.00044
702 0.00044
703 0.00044
704 0.00044
705 0.00044
706 0.00044
707 0.00044
708 0.00044
709 0.00044
710 0.00044
711 0.00044
712 0.00044
713 0.00044
714 0.00044
715 0.00044
716 0.00044
717 0.00044
718 0.00044
719 0.00044
720 0.00044
721 0.00044
722 0.00044
723 0.00044
724 0.00044
725 0.00044
726 0.00044
727 0.00044
728 0.00044
729 0.00044
730 0.00044
731 0.00044
732 0.00044
733 0.00044
734 0.00044
735 0.00044
736 0.00044
737 0.00044
738 0.00044
739 0.00044
740 0.00044
741 0.00044
742 0.00044
743 0.00044
744 0.00044
745 0.00044
746 0.00044
747 0.00044
748 0.00044
749 0.00044
750 0.00044
751 0.00044
752 0.00044
753 0.00044
754 0.00044
755 0.00044
756 0.00044
757 0.00044
758 0.00044
759 0.00044
760 0.00044
761 0.00044
762 0.00044
763 0.00044
764 0.00044
765 0.00044
766 0.00044
767 0.00044
768 0.00044
769 0.00044
770 0.00044
771 0.00044
772 0.00044
773 0.00044
774 0.00044
775 0.00044
776 0.00044
777 0.00044
778 0.00044
779 0.00044
780 0.00044
781 0.00044
782 0.00044
783 0.00044
784 0.00044
785 0.00044
786 0.00044
787 0.00044
788 0.00044
789 0.00044
790 0.00044
791 0.00044
792 0.00044
793 0.00044
794 0.00044
795 0.00044
796 0.00044
797 0.00044
798 0.00044
799 0.00044
800 0.00044
801 0.00044
802 0.00044
803 0.00044
804 0.00044
805 0.00044
806 0.00044
807 0.00044
808 0.00044
809 0.00044
810 0.00044
811 0.00044
812 0.00044
813 0.00044
814 0.00044
815 0.00044
816 0.00044
817 0.00044
818 0.00044
819 0.00044
820 0.00044
821 0.00044
822 0.00044
823 0.00044
824 0.00044
825 0.00044
826 0.00044
827 0.00044
828 0.00044
829 0.00044
830 0.00044
831 0.00044
832 0.00044
833 0.00044
834 0.00044
835 0.00044
836 0.00044
837 0.00044
838 0.00044
839 0.00044
840 0.00044
841 0.00044
842 0.00044
843 0.00044
844 0.00044
845 0.00044
846 0.00044
847 0.00044
848 0.00044
849 0.00044
850 0.00044
851 0.00044
852 0.00044
853 0.00044
854 0.00044
855 0.00044
856 0.00044
857 0.00044
858 0.00044
859 0.00044
860 0.00044
861 0.00044
862 0.00044
863 0.00044
864 0.00044
865 0.00044
866 0.00044
867 0.00044
868 0.00044
869 0.00044
870 0.00044
871 0.00044
872 0.00044
873 0.00044
874 0.00044
875 0.00044
876 0.00044
877 0.00044
878 0.00044
879 0.00044
880 0.00044
881 0.00044
882 0.00044
883 0.00044
884 0.00044
885 0.00044
886 0.00044
887 0.00044
888 0.00044
889 0.00044
890 0.00044
891 0.00044
892 0.00044
893 0.00044
894 0.00044
895 0.00044
896 0.00044
897 0.00044
898 0.00044
899 0.00044
900 0.00044
901 0.00044
902 0.00044
903 0.00044
904 0.00044
905 0.00044
906 0.00044
907 0.00044
908 0.00044
909 0.00044
910 0.00044
911 0.00044
912 0.00044
913 0.00044
914 0.00044
915 0.00044
916 0.00044
917 0.00044
918 0.00044
919 0.00044
920 0.00044
921 0.00044
922 0.00044
923 0.00044
924 0.00044
925 0.00044
926 0.00044
927 0.00044
928 0.00044
929 0.00044
930 0.00044
931 0.00044
932 0.00044
933 0.00044
934 0.00044
935 0.00044
936 0.00044
937 0.00044
938 0.00044
939 0.00044
940 0.00044
941 0.00044
942 0.00044
943 0.00044
944 0.00044
945 0.00044
946 0.00044
947 0.00044
948 0.00044
949 0.00044
950 0.00044
951 0.00044
952 0.00044
953 0.00044
954 0.00044
955 0.00044
956 0.00044
957 0.00044
958 0.00044
959 0.00044
960 0.00044
961 0.00044
962 0.00044
963 0.00044
964 0.00044
965 0.00044
966 0.00044
967 0.00044
968 0.00044
969 0.00044
970 0.00048
971 0.00048
972 0.00048
973 0.00048
974 0.00048
975 0.00048
976 0.00048
977 0.00048
978 0.00048
979 0.00048
980 0.00048
981 0.00048
982 0.00048
983 0.00048
984 0.00048
985 0.00048
986 0.00048
987 0.00048
988 0.00048
989 0.00048
990 0.00048
991 0.00048
992 0.00048
993 0.00048
994 0.00048
995 0.00048
996 0.00048
997 0.00048
998 0.00048
999 0.00048
1000 0.00048
1001 0.00048
1002 0.00048
1003 0.00048
1004 0.00048
1005 0.00048
1006 0.00048
1007 0.00048
1008 0.00048
1009 0.00048
1010 0.00048
1011 0.00048
1012 0.00048
1013 0.00048
1014 0.00048
1015 0.00048
1016 0.00048
1017 0.00048
1018 0.00048
1019 0.00048
1020 0.00048
1021 0.00048
1022 0.00048
1023 0.00048
1024 0.00048
1025 0.00048
1026 0.00048
1027 0.00048
1028 0.00048
1029 0.00048
1030 0.00048
1031 0.00048
1032 0.00048
1033 0.00048
1034 0.00048
1035 0.00048
1036 0.00048
1037 0.00048
1038 0.00048
1039 0.00048
1040 0.00048
1041 0.00048
1042 0.00048
1043 0.00048
1044 0.00048
1045 0.00048
1046 0.00048
1047 0.00048
1048 0.00048
1049 0.00048
1050 0.00048
1051 0.00048
1052 0.00048
1053 0.00048
1054 0.00048
1055 0.00048
1056 0.00048
1057 0.00048
1058 0.00048
1059 0.00048
1060 0.00048
1061 0.00048
1062 0.00048
1063 0.00048
1064 0.00048
1065 0.00048
1066 0.00048
1067 0.00048
1068 0.00048
1069 0.00048
1070 0.00048
1071 0.00048
1072 0.00048
1073 0.00048
1074 0.00048
1075 0.00048
1076 0.00048
1077 0.00048
1078 0.00048
1079 0.00048
1080 0.00048
1081 0.00048
1082 0.00048
1083 0.00048
1084 0.00048
1085 0.00048
1086 0.00048
1087 0.00048
1088 0.00048
1089 0.00048
1090 0.00048
1091 0.00048
1092 0.00048
1093 0.00048
1094 0.00048
1095 0.00048
1096 0.00048
1097 0.00048
1098 0.00048
1099 0.00048
1100 0.00048
1101 0.00048
1102 0.00048
1103 0.00048
1104 0.00048
1105 0.00048
1106 0.00048
1107 0.00048
1108 0.00048
1109 0.00048
1110 0.00048
1111 0.00048
1112 0.00048
1113 0.00048
1114 0.00048
1115 0.00048
1116 0.00048
1117 0.00048
1118 0.00048
1119 0.00048
1120 0.00048
1121 0.00048
1122 0.00048
1123 0.00048
1124 0.00048
1125 0.00048
1126 0.00048
1127 0.00048
1128 0.00048
1129 0.00048
1130 0.00048
1131 0.00048
1132 0.00048
1133 0.00048
1134 0.00048
1135 0.00048
1136 0.00048
1137 0.00048
1138 0.00048
1139 0.00048
1140 0.00048
1141 0.00048
1142 0.00048
1143 0.00048
1144 0.00048
1145 0.00048
1146 0.00048
1147 0.00048
1148 0.00048
1149 0.00048
1150 0.00048
1151 0.00048
1152 0.00048
1153 0.00048
1154 0.00048
1155 0.00048
1156 0.00048
1157 0.00048
1158 0.00048
1159 0.00048
1160 0.00048
1161 0.00048
1162 0.00048
1163 0.00048
1164 0.00048
1165 0.00048
1166 0.00048
1167 0.00048
1168 0.00048
1169 0.00048
1170 0.00048
1171 0.00048
1172 0.00048
1173 0.00048
1174 0.00048
1175 0.00048
1176 0.00048
1177 0.00048
1178 0.00048
1179 0.00048
1180 0.00048
1181 0.00048
1182 0.00048
1183 0.00048
1184 0.00048
1185 0.00048
1186 0.00048
1187 0.00048
1188 0.00048
1189 0.00048
1190 0.00048
1191 0.00048
1192 0.00048
1193 0.00048
1194 0.00048
1195 0.00048
1196 0.00048
1197 0.00048
1198 0.00048
1199 0.00048
1200 0.00048
1201 0.00048
1202 0.00048
1203 0.00048
1204 0.00048
1205 0.00048
1206 0.00048
1207 0.00048
1208 0.00048
1209 0.00048
1210 0.00048
1211 0.00048
1212 0.00048
1213 0.00048
1214 0.00048
1215 0.00048
1216 0.00048
1217 0.00048
1218 0.00048
1219 0.00048
1220 0.00048
1221 0.00048
1222 0.00048
1223 0.00048
1224 0.00048
1225 0.00048
1226 0.00048
1227 0.00048
1228 0.00048
1229 0.00048
1230 0.00048
1231 0.00048
1232 0.00048
1233 0.00048
1234 0.00048
1235 0.00048
1236 0.00048
1237 0.00048
1238 0.00048
1239 0.00048
1240 0.00048
1241 0.00048
1242 0.00048
1243 0.00048
1244 0.00048
1245 0.00048
1246 0.00048
1247 0.00048
1248 0.00048
1249 0.00048
1250 0.00048
1251 0.00048
1252 0.00048
1253 0.00048
1254 0.00048
1255 0.00048
1256 0.00048
1257 0.00048
1258 0.00048
1259 0.00048
1260 0.00048
1261 0.00048
1262 0.00048
1263 0.00048
1264 0.00048
1265 0.00048
1266 0.00048
1267 0.00048
1268 0.00048
1269 0.00048
1270 0.00048
1271 0.00048
1272 0.00048
1273 0.00048
1274 0.00048
1275 0.00048
1276 0.00048
1277 0.00048
1278 0.00048
1279 0.00048
1280 0.00048
1281 0.00048
1282 0.00048
1283 0.00048
1284 0.00048
1285 0.00048
1286 0.00048
1287 0.00048
1288 0.00048
1289 0.00048
1290 0.00048
1291 0.00048
1292 0.00048
1293 0.00048
1294 0.00048
1295 0.00048
1296 0.00048
1297 0.00048
1298 0.00048
1299 0.00048
1300 0.00048
1301 0.00048
1302 0.00048
1303 0.00048
1304 0.00048
1305 0.00048
1306 0.00048
1307 0.00048
1308 0.00048
1309 0.00048
1310 0.00048
1311 0.00048
1312 0.00048
1313 0.00048
1314 0.00048
1315 0.00048
1316 0.00048
1317 0.00048
1318 0.00048
1319 0.00048
1320 0.00048
1321 0.00048
1322 0.00048
1323 0.00048
1324 0.00048
1325 0.00048
1326 0.00048
1327 0.00048
1328 0.00048
1329 0.00048
1330 0.00048
1331 0.00048
1332 0.00048
1333 0.00048
1334 0.00048
1335 0.00048
1336 0.00048
1337 0.00048
1338 0.00048
1339 0.00048
1340 0.00048
1341 0.00048
1342 0.00048
1343 0.00048
1344 0.00048
1345 0.00048
1346 0.00048
1347 0.00048
1348 0.00048
1349 0.00048
1350 0.00048
1351 0.00048
1352 0.00048
1353 0.00048
1354 0.00048
1355 0.00048
1356 0.00048
1357 0.00048
1358 0.00048
1359 0.00048
1360 0.00048
1361 0.00048
1362 0.00048
1363 0.00048
1364 0.00048
1365 0.00048
1366 0.00048
1367 0.00048
1368 0.00048
1369 0.00048
1370 0.00048
1371 0.00048
1372 0.00048
1373 0.00048
1374 0.00048
1375 0.00048
1376 0.00048
1377 0.00048
1378 0.00048
1379 0.00048
1380 0.00048
1381 0.00048
1382 0.00048
1383 0.00048
1384 0.00048
1385 0.00048
1386 0.00048
1387 0.00048
1388 0.00048
1389 0.00048
1390 0.00048
1391 0.00048
1392 0.00066
1393 0.00066
1394 0.00066
1395 0.00066
1396 0.00066
1397 0.00066
1398 0.00066
1399 0.00066
1400 0.00066
1401 0.00066
1402 0.00066
1403 0.00066
1404 0.00066
1405 0.00066
1406 0.00066
1407 0.00066
1408 0.00066
1409 0.00066
1410 0.00066
1411 0.00066
1412 0.00066
1413 0.00066
1414 0.00066
1415 0.00066
1416 0.00066
1417 0.00066
1418 0.00066
1419 0.00066
1420 0.00066
1421 0.00066
1422 0.00066
1423 0.00066
1424 0.00066
1425 0.00066
1426 0.00066
1427 0.00066
1428 0.00066
1429 0.00066
1430 0.00066
1431 0.00066
1432 0.00066
1433 0.00066
1434 0.00066
1435 0.00066
1436 0.00066
1437 0.00066
1438 0.00066
1439 0.00066
1440 0.00066
1441 0.00066
1442 0.00066
1443 0.00066
1444 0.00066
1445 0.00066
1446 0.00066
1447 0.00066
1448 0.00066
1449 0.00066
1450 0.00066
1451 0.00066
1452 0.00066
1453 0.00066
1454 0.00066
1455 0.00066
1456 0.00066
1457 0.00066
1458 0.00066
1459 0.00066
1460 0.00066
1461 0.00066
1462 0.00066
1463 0.00066
1464 0.00066
1465 0.00066
1466 0.00066
1467 0.00066
1468 0.00066
1469 0.00066
1470 0.00066
1471 0.00066
1472 0.00066
1473 0.00066
1474 0.00066
1475 0.00066
1476 0.00066
1477 0.00066
1478 0.00066
1479 0.00066
1480 0.00066
1481 0.00066
1482 0.00066
1483 0.00066
1484 0.00066
1485 0.00066
1486 0.00066
1487 0.00066
1488 0.00066
1489 0.00066
1490 0.00066
1491 0.00066
1492 0.00066
1493 0.00066
1494 0.00066
1495 0.00066
1496 0.00066
1497 0.00066
1498 0.00066
1499 0.00066
1500 0.00066
1501 0.00066
1502 0.00066
1503 0.00066
1504 0.00066
1505 0.00066
1506 0.00066
1507 0.00066
1508 0.00066
1509 0.00066
1510 0.00066
1511 0.00066
1512 0.00066
1513 0.00066
1514 0.00066
1515 0.00066
1516 0.00066
1517 0.00066
1518 0.00066
1519 0.00066
1520 0.00066
1521 0.00066
1522 0.00066
1523 0.00066
1524 0.00066
1525 0.00066
1526 0.00066
1527 0.00066
1528 0.00066
1529 0.00066
1530 0.00066
1531 0.00066
1532 0.00066
1533 0.00066
1534 0.00066
1535 0.00066
1536 0.00066
1537 0.00066
1538 0.00066
1539 0.00066
1540 0.00066
1541 0.00066
1542 0.00066
1543 0.00066
1544 0.00066
1545 0.00066
1546 0.00066
1547 0.00066
1548 0.00066
1549 0.00066
1550 0.00066
1551 0.00066
1552 0.00066
1553 0.00066
1554 0.00066
1555 0.00066
1556 0.00066
1557 0.00066
1558 0.00066
1559 0.00066
1560 0.00066
1561 0.00066
1562 0.00066
1563 0.00066
1564 0.00066
1565 0.00066
1566 0.00066
1567 0.00066
1568 0.00066
1569 0.00066
1570 0.00066
1571 0.00066
1572 0.00066
1573 0.00066
1574 0.00066
1575 0.00066
1576 0.00066
1577 0.00066
1578 0.00066
1579 0.00066
1580 0.00066
1581 0.00066
1582 0.00066
1583 0.00066
1584 0.00066
1585 0.00066
1586 0.00066
1587 0.00066
1588 0.00066
1589 0.00066
1590 0.00066
1591 0.00066
1592 0.00066
1593 0.00066
1594 0.00066
1595 0.00066
1596 0.00066
1597 0.00066
1598 0.00066
1599 0.00066
1600 0.00066
1601 0.00066
1602 0.00066
1603 0.00066
1604 0.00066
1605 0.00066
1606 0.00066
1607 0.00066
1608 0.00066
1609 0.00066
1610 0.00066
1611 0.00066
1612 0.00066
1613 0.00066
1614 0.00066
1615 0.00066
1616 0.00066
1617 0.00066
1618 0.00066
1619 0.00066
1620 0.00066
1621 0.00066
1622 0.00066
1623 0.00066
1624 0.00066
1625 0.00066
1626 0.00066
1627 0.00066
1628 0.00066
1629 0.00066
1630 0.00066
1631 0.00066
1632 0.00066
1633 0.00066
1634 0.00066
1635 0.00066
1636 0.00066
1637 0.00066
1638 0.00066
1639 0.00066
1640 0.00066
1641 0.00066
1642 0.00066
1643 0.00066
1644 0.00066
1645 0.00066
1646 0.00066
1647 0.00066
1648 0.00066
1649 0.00066
1650 0.00066
1651 0.00066
1652 0.00066
1653 0.00066
1654 0.00066
1655 0.00066
1656 0.00066
1657 0.00066
1658 0.00066
1659 0.00066
1660 0.00066
1661 0.00066
1662 0.00066
1663 0.00066
1664 0.00066
1665 0.00066
1666 0.00066
1667 0.00066
1668 0.00066
1669 0.00066
1670 0.00066
1671 0.00066
1672 0.00066
1673 0.00066
1674 0.00066
1675 0.00066
1676 0.00066
1677 0.00066
1678 0.00066
1679 0.00066
1680 0.00066
1681 0.00066
1682 0.00066
1683 0.00066
1684 0.00066
1685 0.00066
1686 0.00066
1687 0.00066
1688 0.00066
1689 0.00066
1690 0.00066
1691 0.00066
1692 0.00066
1693 0.00066
1694 0.00066
1695 0.00066
1696 0.00066
1697 0.00066
1698 0.00066
1699 0.00066
1700 0.00066
1701 0.00066
1702 0.00066
1703 0.00066
1704 0.00066
1705 0.00066
1706 0.00066
1707 0.00066
1708 0.00076
1709 0.00076
1710 0.00076
1711 0.00076
1712 0.00076
1713 0.00076
1714 0.00076
1715 0.00076
1716 0.00076
1717 0.00076
1718 0.00076
1719 0.00076
1720 0.00076
1721 0.00076
1722 0.00076
1723 0.00076
1724 0.00076
1725 0.00076
1726 0.00076
1727 0.00076
1728 0.00076
1729 0.00076
1730 0.00076
1731 0.00076
1732 0.00076
1733 0.00076
1734 0.00076
1735 0.00076
1736 0.00076
1737 0.00076
1738 0.00076
1739 0.00076
1740 0.00076
1741 0.00076
1742 0.00076
1743 0.00076
1744 0.00076
1745 0.00076
1746 0.00076
1747 0.00076
1748 0.00076
1749 0.00076
1750 0.00076
1751 0.00076
1752 0.00076
1753 0.00076
1754 0.00076
1755 0.00076
1756 0.00076
1757 0.00076
1758 0.00076
1759 0.00076
1760 0.00076
1761 0.00076
1762 0.00076
1763 0.00076
1764 0.00076
1765 0.00076
1766 0.00076
1767 0.00076
1768 0.00076
1769 0.00076
1770 0.00076
1771 0.00076
1772 0.00076
1773 0.00076
1774 0.00076
1775 0.00076
1776 0.00076
1777 0.00076
1778 0.00076
1779 0.00076
1780 0.00076
1781 0.00076
1782 0.00076
1783 0.00076
1784 0.00076
1785 0.00076
1786 0.00076
1787 0.00076
1788 0.00076
1789 0.00076
1790 0.00076
1791 0.00076
1792 0.00076
1793 0.00076
1794 0.00076
1795 0.00076
1796 0.00076
1797 0.00076
1798 0.00076
1799 0.00076
1800 0.00076
1801 0.00076
1802 0.00076
1803 0.00076
1804 0.00076
1805 0.00076
1806 0.00076
1807 0.00076
1808 0.00076
1809 0.00076
1810 0.00076
1811 0.00076
1812 0.00076
1813 0.00076
1814 0.00076
1815 0.00076
1816 0.00076
1817 0.00076
1818 0.00076
1819 0.00076
1820 0.00076
1821 0.00076
1822 0.00076
1823 0.00076
1824 0.00076
1825 0.00076
1826 0.00076
1827 0.00076
1828 0.00076
1829 0.00076
1830 0.00076
1831 0.00076
1832 0.00076
1833 0.00076
1834 0.00076
1835 0.00076
1836 0.00076
1837 0.00076
1838 0.00076
1839 0.00076
1840 0.00076
1841 0.00076
1842 0.00076
1843 0.00076
1844 0.00076
1845 0.00076
1846 0.00076
1847 0.00076
1848 0.00076
1849 0.00076
1850 0.00076
1851 0.00076
1852 0.00076
1853 0.00076
1854 0.00076
1855 0.00076
1856 0.00076
1857 0.00076
1858 0.00076
1859 0.00076
1860 0.00076
1861 0.00076
1862 0.00076
1863 0.00076
1864 0.00076
1865 0.00076
1866 0.00076
1867 0.00076
1868 0.00076
1869 0.00076
1870 0.00076
1871 0.00076
1872 0.00076
1873 0.00076
1874 0.00076
1875 0.00076
1876 0.00076
1877 0.00076
1878 0.00076
1879 0.00076
1880 0.00076
1881 0.00076
1882 0.00076
1883 0.00076
1884 0.00076
1885 0.00076
1886 0.00076
1887 0.00076
1888 0.00076
1889 0.00076
1890 0.00076
1891 0.00076
1892 0.00076
1893 0.00076
1894 0.00076
1895 0.00076
1896 0.00076
1897 0.00076
1898 0.00076
1899 0.00076
1900 0.00076
1901 0.00076
1902 0.00078
1903 0.00084
1904 0.00084
1905 0.00084
1906 0.00084
1907 0.00084
1908 0.00084
1909 0.00084
1910 0.00084
1911 0.00084
1912 0.00084
1913 0.00084
1914 0.00084
1915 0.00084
1916 0.00084
1917 0.00084
1918 0.00084
1919 0.00084
1920 0.00084
1921 0.00084
1922 0.00084
1923 0.00084
1924 0.00084
1925 0.00084
1926 0.00084
1927 0.00084
1928 0.00084
1929 0.00084
1930 0.00084
1931 0.00084
1932 0.00084
1933 0.00084
1934 0.00084
1935 0.00084
1936 0.00084
1937 0.00084
1938 0.00084
1939 0.00084
1940 0.00084
1941 0.00084
1942 0.00084
1943 0.00084
1944 0.00084
1945 0.00084
1946 0.00084
1947 0.00084
1948 0.00084
1949 0.00084
1950 0.00084
1951 0.00084
1952 0.00084
1953 0.00084
1954 0.00084
1955 0.00084
1956 0.00086
1957 0.00086
1958 0.00086
1959 0.00086
1960 0.00086
1961 0.00086
1962 0.00086
1963 0.00086
1964 0.00086
1965 0.00086
1966 0.00086
1967 0.00086
1968 0.00086
1969 0.00086
1970 0.00086
1971 0.00086
1972 0.00086
1973 0.00086
1974 0.00086
1975 0.00086
1976 0.00086
1977 0.00086
1978 0.00086
1979 0.00086
1980 0.00086
1981 0.00086
1982 0.00086
1983 0.00086
1984 0.00086
1985 0.00086
1986 0.00086
1987 0.00086
1988 0.00086
1989 0.00086
1990 0.00086
1991 0.00086
1992 0.00086
1993 0.00086
1994 0.00086
1995 0.00086
1996 0.00086
1997 0.00086
1998 0.00086
1999 0.00086
2000 0.00086
2001 0.00086
2002 0.00086
2003 0.00086
2004 0.00086
2005 0.00086
2006 0.00086
2007 0.00086
2008 0.00086
2009 0.00086
2010 0.00086
2011 0.00086
2012 0.00086
2013 0.00086
2014 0.00086
2015 0.00086
2016 0.00086
2017 0.00086
2018 0.00086
2019 0.00086
2020 0.00086
2021 0.00086
2022 0.00086
2023 0.00086
2024 0.00086
2025 0.00086
2026 0.00086
2027 0.00086
2028 0.00086
2029 0.00086
2030 0.00086
2031 0.00086
2032 0.00086
2033 0.00086
2034 0.00086
2035 0.00086
2036 0.00086
2037 0.00086
2038 0.00086
2039 0.00086
2040 0.00086
2041 0.00086
2042 0.00086
2043 0.00086
2044 0.00086
2045 0.00086
2046 0.00086
2047 0.00086
2048 0.00086
2049 0.00086
2050 0.00086
2051 0.00086
2052 0.00086
2053 0.00086
2054 0.00086
2055 0.00086
2056 0.00086
2057 0.00086
2058 0.00086
2059 0.00086
2060 0.00086
2061 0.00086
2062 0.00086
2063 0.00086
2064 0.00086
2065 0.00086
2066 0.00086
2067 0.00086
2068 0.00086
2069 0.00086
2070 0.00086
2071 0.00086
2072 0.00086
2073 0.00086
2074 0.00086
2075 0.00086
2076 0.00086
2077 0.00086
2078 0.00086
2079 0.00086
2080 0.00086
2081 0.00086
2082 0.00086
2083 0.00086
2084 0.00086
2085 0.00086
2086 0.00086
2087 0.00086
2088 0.00086
2089 0.00086
2090 0.00086
2091 0.00086
2092 0.00086
2093 0.00086
2094 0.00086
2095 0.00086
2096 0.00086
2097 0.00086
2098 0.00086
2099 0.00086
2100 0.00086
2101 0.00086
2102 0.00086
2103 0.00086
2104 0.00086
2105 0.00086
2106 0.00086
2107 0.00086
2108 0.00086
2109 0.00086
2110 0.00086
2111 0.00086
2112 0.00086
2113 0.00086
2114 0.00086
2115 0.00086
2116 0.00086
2117 0.00086
2118 0.00086
2119 0.00086
2120 0.00086
2121 0.00086
2122 0.00086
2123 0.00086
2124 0.00086
2125 0.00086
2126 0.00086
2127 0.00086
2128 0.00086
2129 0.00086
2130 0.00086
2131 0.00086
2132 0.00086
2133 0.00086
2134 0.00086
2135 0.00086
2136 0.00086
2137 0.00086
2138 0.00086
2139 0.00086
2140 0.00086
2141 0.00086
2142 0.00086
2143 0.00086
2144 0.00086
2145 0.00086
2146 0.00086
2147 0.00086
2148 0.00086
2149 0.00086
2150 0.00086
2151 0.00086
2152 0.00086
2153 0.00086
2154 0.00086
2155 0.00086
2156 0.00086
2157 0.00086
2158 0.00086
2159 0.00086
2160 0.00086
2161 0.00086
2162 0.00086
2163 0.00086
2164 0.00086
2165 0.00086
2166 0.00086
2167 0.00086
2168 0.00086
2169 0.00086
2170 0.00086
2171 0.00086
2172 0.00086
2173 0.00086
2174 0.00086
2175 0.00086
2176 0.00086
2177 0.00086
2178 0.00086
2179 0.00086
2180 0.00086
2181 0.00086
2182 0.00086
2183 0.00086
2184 0.00086
2185 0.00086
2186 0.00086
2187 0.00086
2188 0.00086
2189 0.00086
2190 0.00086
2191 0.00086
2192 0.00086
2193 0.00086
2194 0.00086
2195 0.00086
2196 0.00086
2197 0.00086
2198 0.00086
2199 0.00086
2200 0.00086
2201 0.00086
2202 0.00086
2203 0.00086
2204 0.00086
2205 0.00086
2206 0.00086
2207 0.00086
2208 0.00086
2209 0.00086
2210 0.00086
2211 0.00086
2212 0.00086
2213 0.00086
2214 0.00086
2215 0.00086
2216 0.00086
2217 0.00086
2218 0.00086
2219 0.00086
2220 0.00086
2221 0.00086
2222 0.00086
2223 0.00086
2224 0.00086
2225 0.00086
2226 0.00086
2227 0.00086
2228 0.00086
2229 0.00086
2230 0.00086
2231 0.00086
2232 0.00086
2233 0.00086
2234 0.00086
2235 0.00086
2236 0.00086
2237 0.00086
2238 0.00086
2239 0.00086
2240 0.00086
2241 0.00086
2242 0.00086
2243 0.00086
2244 0.00086
2245 0.00086
2246 0.00086
2247 0.00086
2248 0.00086
2249 0.00086
2250 0.00086
2251 0.00086
2252 0.00086
2253 0.00086
2254 0.00086
2255 0.00086
2256 0.00086
2257 0.00086
2258 0.00086
2259 0.00086
2260 0.00086
2261 0.00086
2262 0.00086
2263 0.00086
2264 0.00086
2265 0.00086
2266 0.00086
2267 0.00086
2268 0.00086
2269 0.00086
2270 0.00086
2271 0.00086
2272 0.00086
2273 0.00086
2274 0.00086
2275 0.00086
2276 0.00086
2277 0.00086
2278 0.00086
2279 0.00086
2280 0.00086
2281 0.00086
2282 0.00086
2283 0.00086
2284 0.00086
2285 0.00086
2286 0.00086
2287 0.00086
2288 0.00086
2289 0.00086
2290 0.00086
2291 0.00086
2292 0.00086
2293 0.00086
2294 0.00086
2295 0.00086
2296 0.00086
2297 0.00086
2298 0.00086
2299 0.00086
2300 0.00086
2301 0.00086
2302 0.00086
2303 0.00086
2304 0.00086
2305 0.00086
2306 0.00086
2307 0.00086
2308 0.00086
2309 0.00086
2310 0.00086
2311 0.00086
2312 0.00086
2313 0.00086
2314 0.00086
2315 0.00086
2316 0.00086
2317 0.00086
2318 0.00086
2319 0.00086
2320 0.00086
2321 0.00086
2322 0.00086
2323 0.00086
2324 0.00086
2325 0.00086
2326 0.00086
2327 0.00086
2328 0.00086
2329 0.00086
2330 0.00086
2331 0.00086
2332 0.00086
2333 0.00086
2334 0.00086
2335 0.00086
2336 0.00086
2337 0.00086
2338 0.00086
2339 0.00086
2340 0.00086
2341 0.00086
2342 0.00086
2343 0.00086
2344 0.00086
2345 0.00086
2346 0.00086
2347 0.00086
2348 0.00086
2349 0.00086
2350 0.00086
2351 0.00086
2352 0.00086
2353 0.00086
2354 0.00096
2355 0.00096
2356 0.00096
2357 0.00096
2358 0.00096
2359 0.00096
2360 0.00096
2361 0.00096
2362 0.00096
2363 0.00096
2364 0.00096
2365 0.00096
2366 0.00096
2367 0.00096
2368 0.00096
2369 0.00096
2370 0.00096
2371 0.00096
2372 0.00096
2373 0.00096
2374 0.00096
2375 0.00096
2376 0.00096
2377 0.00096
2378 0.00096
2379 0.00096
2380 0.00096
2381 0.00096
2382 0.00096
2383 0.00096
2384 0.00096
2385 0.00096
2386 0.00096
2387 0.00096
2388 0.00096
2389 0.00096
2390 0.00096
2391 0.00096
2392 0.00096
2393 0.00096
2394 0.00096
2395 0.00096
2396 0.00096
2397 0.00096
2398 0.00096
2399 0.00096
2400 0.00096
2401 0.00096
2402 0.00096
2403 0.00096
2404 0.00096
2405 0.00096
2406 0.00096
2407 0.00096
2408 0.00096
2409 0.00096
2410 0.00096
2411 0.00096
2412 0.00096
2413 0.00096
2414 0.00096
2415 0.00096
2416 0.00096
2417 0.00096
2418 0.00096
2419 0.00096
2420 0.00096
2421 0.00096
2422 0.00096
2423 0.00096
2424 0.00096
2425 0.00096
2426 0.00096
2427 0.00096
2428 0.00096
2429 0.00096
2430 0.00096
2431 0.00096
2432 0.00096
2433 0.00096
2434 0.00096
2435 0.00096
2436 0.00096
2437 0.00096
2438 0.00096
2439 0.00096
2440 0.00096
2441 0.00096
2442 0.00096
2443 0.00096
2444 0.00096
2445 0.00096
2446 0.00096
2447 0.00096
2448 0.00096
2449 0.00096
2450 0.001
2451 0.001
2452 0.001
2453 0.001
2454 0.001
2455 0.001
2456 0.001
2457 0.001
2458 0.001
2459 0.001
2460 0.001
2461 0.001
2462 0.001
2463 0.001
2464 0.001
2465 0.001
2466 0.001
2467 0.001
2468 0.001
2469 0.001
2470 0.001
2471 0.001
2472 0.001
2473 0.001
2474 0.001
2475 0.001
2476 0.001
2477 0.001
2478 0.001
2479 0.001
2480 0.001
2481 0.001
2482 0.001
2483 0.001
2484 0.001
2485 0.001
2486 0.001
2487 0.001
2488 0.001
2489 0.001
2490 0.001
2491 0.001
2492 0.001
2493 0.001
2494 0.001
2495 0.001
2496 0.001
2497 0.001
2498 0.001
2499 0.001
2500 0.001
2501 0.001
2502 0.001
2503 0.001
2504 0.001
2505 0.001
2506 0.001
2507 0.001
2508 0.001
2509 0.001
2510 0.001
2511 0.001
2512 0.001
2513 0.001
2514 0.001
2515 0.001
2516 0.001
2517 0.001
2518 0.001
2519 0.001
2520 0.001
2521 0.001
2522 0.001
2523 0.001
2524 0.001
2525 0.001
2526 0.001
2527 0.001
2528 0.001
2529 0.001
2530 0.001
2531 0.001
2532 0.001
2533 0.001
2534 0.001
2535 0.001
2536 0.001
2537 0.001
2538 0.001
2539 0.001
2540 0.001
2541 0.001
2542 0.001
2543 0.001
2544 0.001
2545 0.001
2546 0.001
2547 0.001
2548 0.001
2549 0.001
2550 0.001
2551 0.001
2552 0.001
2553 0.001
2554 0.001
2555 0.001
2556 0.001
2557 0.001
2558 0.001
2559 0.001
2560 0.001
2561 0.001
2562 0.001
2563 0.001
2564 0.001
2565 0.001
2566 0.001
2567 0.001
2568 0.001
2569 0.001
2570 0.001
2571 0.001
2572 0.001
2573 0.001
2574 0.001
2575 0.001
2576 0.001
2577 0.001
2578 0.001
2579 0.001
2580 0.001
2581 0.001
2582 0.001
2583 0.001
2584 0.001
2585 0.001
2586 0.001
2587 0.001
2588 0.001
2589 0.001
2590 0.001
2591 0.001
2592 0.001
2593 0.001
2594 0.001
2595 0.001
2596 0.001
2597 0.001
2598 0.001
2599 0.001
2600 0.001
2601 0.001
2602 0.001
2603 0.001
2604 0.001
2605 0.001
2606 0.001
2607 0.001
2608 0.001
2609 0.001
2610 0.001
2611 0.001
2612 0.001
2613 0.001
2614 0.001
2615 0.001
2616 0.001
2617 0.001
2618 0.001
2619 0.001
2620 0.001
2621 0.001
2622 0.001
2623 0.001
2624 0.001
2625 0.001
2626 0.001
2627 0.001
2628 0.001
2629 0.001
2630 0.001
2631 0.001
2632 0.001
2633 0.001
2634 0.001
2635 0.001
2636 0.001
2637 0.001
2638 0.001
2639 0.001
2640 0.001
2641 0.001
2642 0.001
2643 0.001
2644 0.001
2645 0.001
2646 0.001
2647 0.001
2648 0.001
2649 0.001
2650 0.001
2651 0.001
2652 0.001
2653 0.001
2654 0.001
2655 0.001
2656 0.001
2657 0.001
2658 0.001
2659 0.001
2660 0.001
2661 0.001
2662 0.001
2663 0.001
2664 0.001
2665 0.001
2666 0.001
2667 0.001
2668 0.001
2669 0.001
2670 0.001
2671 0.001
2672 0.001
2673 0.001
2674 0.001
2675 0.001
2676 0.001
2677 0.001
2678 0.001
2679 0.001
2680 0.001
2681 0.001
2682 0.001
2683 0.001
2684 0.001
2685 0.001
2686 0.001
2687 0.001
2688 0.001
2689 0.001
2690 0.001
2691 0.001
2692 0.001
2693 0.001
2694 0.001
2695 0.001
2696 0.001
2697 0.001
2698 0.001
2699 0.001
2700 0.001
2701 0.001
2702 0.001
2703 0.001
2704 0.001
2705 0.001
2706 0.001
2707 0.001
2708 0.001
2709 0.001
2710 0.001
2711 0.001
2712 0.001
2713 0.001
2714 0.001
2715 0.001
2716 0.001
2717 0.001
2718 0.001
2719 0.001
2720 0.001
2721 0.001
2722 0.001
2723 0.001
2724 0.001
2725 0.001
2726 0.001
2727 0.00108
2728 0.00108
2729 0.00108
2730 0.00108
2731 0.00108
2732 0.00108
2733 0.00108
2734 0.00108
2735 0.00108
2736 0.00108
2737 0.00108
2738 0.00108
2739 0.00108
2740 0.00108
2741 0.00108
2742 0.00108
2743 0.00108
2744 0.00108
2745 0.00108
2746 0.00108
2747 0.00108
2748 0.00108
2749 0.00108
2750 0.00108
2751 0.00108
2752 0.00108
2753 0.00108
2754 0.00108
2755 0.00108
2756 0.00108
2757 0.00108
2758 0.00108
2759 0.00108
2760 0.00108
2761 0.00108
2762 0.00108
2763 0.00108
2764 0.00108
2765 0.00108
2766 0.00108
2767 0.00108
2768 0.00108
2769 0.00108
2770 0.00108
2771 0.00108
2772 0.00108
2773 0.00108
2774 0.00108
2775 0.00108
2776 0.00108
2777 0.00108
2778 0.00108
2779 0.00108
2780 0.00108
2781 0.00108
2782 0.00108
2783 0.00108
2784 0.00108
2785 0.00108
2786 0.00108
2787 0.00108
2788 0.00108
2789 0.00108
2790 0.00108
2791 0.00108
2792 0.00108
2793 0.00108
2794 0.00108
2795 0.00108
2796 0.00108
2797 0.00108
2798 0.00108
2799 0.00108
2800 0.00108
2801 0.00108
2802 0.00108
2803 0.00108
2804 0.00108
2805 0.00108
2806 0.00108
2807 0.00108
2808 0.00108
2809 0.00108
2810 0.00108
2811 0.00108
2812 0.00108
2813 0.00108
2814 0.00108
2815 0.00108
2816 0.00108
2817 0.00108
2818 0.00108
2819 0.00108
2820 0.00108
2821 0.00108
2822 0.00108
2823 0.00108
2824 0.00108
2825 0.00108
2826 0.00108
2827 0.00108
2828 0.00108
2829 0.00108
2830 0.00108
2831 0.00108
2832 0.00108
2833 0.00108
2834 0.00108
2835 0.00108
2836 0.00108
2837 0.00108
2838 0.00108
2839 0.00108
2840 0.00108
2841 0.00108
2842 0.00108
2843 0.00108
2844 0.00108
2845 0.00108
2846 0.00108
2847 0.00108
2848 0.00108
2849 0.00108
2850 0.00108
2851 0.00108
2852 0.00108
2853 0.00108
2854 0.00108
2855 0.00108
2856 0.00108
2857 0.00108
2858 0.00108
2859 0.00108
2860 0.00108
2861 0.00108
2862 0.00108
2863 0.00108
2864 0.00108
2865 0.00108
2866 0.00108
2867 0.00108
2868 0.00108
2869 0.00108
2870 0.00108
2871 0.00108
2872 0.00108
2873 0.00108
2874 0.00108
2875 0.00108
2876 0.00108
2877 0.00108
2878 0.00108
2879 0.00108
2880 0.00108
2881 0.00108
2882 0.00108
2883 0.00108
2884 0.00108
2885 0.00108
2886 0.00108
2887 0.00108
2888 0.00108
2889 0.00108
2890 0.00108
2891 0.00108
2892 0.00108
2893 0.00108
2894 0.00108
2895 0.00108
2896 0.00108
2897 0.00108
2898 0.00108
2899 0.00108
2900 0.00108
2901 0.00108
2902 0.00108
2903 0.00108
2904 0.00108
2905 0.00108
2906 0.00108
2907 0.00108
2908 0.00108
2909 0.00108
2910 0.00108
2911 0.00108
2912 0.00108
2913 0.00108
2914 0.00108
2915 0.00108
2916 0.00108
2917 0.00108
2918 0.00108
2919 0.00108
2920 0.00108
2921 0.00108
2922 0.00108
2923 0.00108
2924 0.00108
2925 0.00108
2926 0.00108
2927 0.00108
2928 0.00108
2929 0.00108
2930 0.00108
2931 0.00108
2932 0.00108
2933 0.00108
2934 0.00108
2935 0.00108
2936 0.00108
2937 0.00108
2938 0.00108
2939 0.00108
2940 0.00108
2941 0.00108
2942 0.00108
2943 0.00108
2944 0.00108
2945 0.00108
2946 0.00108
2947 0.00108
2948 0.00108
2949 0.00108
2950 0.00108
2951 0.00108
2952 0.00108
2953 0.00108
2954 0.00108
2955 0.00108
2956 0.00108
2957 0.00108
2958 0.00108
2959 0.00108
2960 0.00108
2961 0.00108
2962 0.00108
2963 0.00108
2964 0.00108
2965 0.00108
2966 0.00108
2967 0.00108
2968 0.00108
2969 0.00108
2970 0.00108
2971 0.00108
2972 0.00108
2973 0.00108
2974 0.00108
2975 0.00108
2976 0.00108
2977 0.00108
2978 0.00108
2979 0.00108
2980 0.00108
2981 0.00108
2982 0.00108
2983 0.00108
2984 0.00108
2985 0.00108
2986 0.00108
2987 0.00108
2988 0.00108
2989 0.00108
2990 0.00108
2991 0.00108
2992 0.00108
2993 0.00108
2994 0.00108
2995 0.00108
2996 0.00108
2997 0.00108
2998 0.00108
2999 0.00108
3000 0.00108
3001 0.00108
3002 0.00108
3003 0.00108
3004 0.00108
3005 0.00108
3006 0.00108
3007 0.00108
3008 0.00108
3009 0.00108
3010 0.00108
3011 0.00108
3012 0.00108
3013 0.00108
3014 0.00108
3015 0.00108
3016 0.00108
3017 0.00108
3018 0.00108
3019 0.00108
3020 0.00108
3021 0.00108
3022 0.00108
3023 0.00108
3024 0.00108
3025 0.00108
3026 0.00108
3027 0.00108
3028 0.00108
3029 0.00108
3030 0.00108
3031 0.00108
3032 0.00108
3033 0.00108
3034 0.00108
3035 0.00108
3036 0.00108
3037 0.00108
3038 0.00108
3039 0.00108
3040 0.00108
3041 0.00108
3042 0.00108
3043 0.00108
3044 0.00108
3045 0.00108
3046 0.00108
3047 0.00108
3048 0.00108
3049 0.00108
3050 0.00108
3051 0.00108
3052 0.00108
3053 0.00108
3054 0.00108
3055 0.00108
3056 0.00108
3057 0.00108
3058 0.00108
3059 0.00108
3060 0.00108
3061 0.00108
3062 0.00108
3063 0.00108
3064 0.00108
3065 0.00108
3066 0.00108
3067 0.00108
3068 0.00108
3069 0.00108
3070 0.00108
3071 0.00108
3072 0.00108
3073 0.00108
3074 0.00108
3075 0.00108
3076 0.00108
3077 0.00108
3078 0.00108
3079 0.00108
3080 0.00108
3081 0.00108
3082 0.00108
3083 0.00108
3084 0.00108
3085 0.00108
3086 0.00108
3087 0.00108
3088 0.00108
3089 0.00108
3090 0.00108
3091 0.00108
3092 0.00108
3093 0.00108
3094 0.00108
3095 0.00108
3096 0.00108
3097 0.00108
3098 0.00108
3099 0.00108
3100 0.00108
3101 0.00108
3102 0.00108
3103 0.00108
3104 0.00108
3105 0.00108
3106 0.00108
3107 0.00108
3108 0.00108
3109 0.00108
3110 0.00108
3111 0.00108
3112 0.00108
3113 0.00108
3114 0.00108
3115 0.00108
3116 0.00108
3117 0.00108
3118 0.00108
3119 0.00108
3120 0.00108
3121 0.00108
3122 0.00108
3123 0.00108
3124 0.00108
3125 0.00108
3126 0.00108
3127 0.00108
3128 0.00108
3129 0.00108
3130 0.00108
3131 0.00108
3132 0.00108
3133 0.00108
3134 0.00108
3135 0.00108
3136 0.00108
3137 0.00108
3138 0.00108
3139 0.00108
3140 0.00108
3141 0.00108
3142 0.00108
3143 0.00108
3144 0.00108
3145 0.00108
3146 0.00108
3147 0.00108
3148 0.00108
3149 0.00108
3150 0.00108
3151 0.00108
3152 0.00108
3153 0.00108
3154 0.00108
3155 0.00108
3156 0.00108
3157 0.00108
3158 0.00108
3159 0.00108
3160 0.00108
3161 0.00108
3162 0.00108
3163 0.00108
3164 0.00108
3165 0.00108
3166 0.00108
3167 0.00108
3168 0.00108
3169 0.00108
3170 0.00108
3171 0.00108
3172 0.00108
3173 0.00108
3174 0.00108
3175 0.00108
3176 0.00108
3177 0.00108
3178 0.00108
3179 0.00108
3180 0.00108
3181 0.00108
3182 0.00108
3183 0.00108
3184 0.00108
3185 0.00108
3186 0.00108
3187 0.00108
3188 0.00108
3189 0.00108
3190 0.00108
3191 0.00108
3192 0.00108
3193 0.00108
3194 0.00108
3195 0.00108
3196 0.00108
3197 0.00108
3198 0.00108
3199 0.00108
3200 0.00108
3201 0.00108
3202 0.00108
3203 0.00108
3204 0.00108
3205 0.00108
3206 0.00108
3207 0.00108
3208 0.00108
3209 0.00108
3210 0.00108
3211 0.00108
3212 0.00108
3213 0.00108
3214 0.00108
3215 0.00108
3216 0.00108
3217 0.00108
3218 0.00108
3219 0.00108
3220 0.00108
3221 0.00108
3222 0.00108
3223 0.00108
3224 0.00108
3225 0.00108
3226 0.00108
3227 0.00108
3228 0.00108
3229 0.00108
3230 0.00108
3231 0.00108
3232 0.00108
3233 0.00108
3234 0.00108
3235 0.00108
3236 0.00108
3237 0.00108
3238 0.00108
3239 0.00108
3240 0.00108
3241 0.00108
3242 0.00108
3243 0.00108
3244 0.00108
3245 0.00108
3246 0.00108
3247 0.00108
3248 0.00108
3249 0.00108
3250 0.00108
3251 0.00108
3252 0.00108
3253 0.00108
3254 0.00108
3255 0.00108
3256 0.00108
3257 0.00108
3258 0.00108
3259 0.00108
3260 0.00108
3261 0.00108
3262 0.00108
3263 0.00108
3264 0.00108
3265 0.00108
3266 0.00108
3267 0.00108
3268 0.00108
3269 0.00108
3270 0.00108
3271 0.00108
3272 0.00108
3273 0.00108
3274 0.00108
3275 0.00108
3276 0.00108
3277 0.00108
3278 0.00108
3279 0.00108
3280 0.00108
3281 0.00108
3282 0.00108
3283 0.00108
3284 0.00108
3285 0.00108
3286 0.00108
3287 0.00108
3288 0.00108
3289 0.00108
3290 0.00108
3291 0.00108
3292 0.00108
3293 0.00108
3294 0.00108
3295 0.00108
3296 0.00108
3297 0.00108
3298 0.00108
3299 0.00108
3300 0.00108
3301 0.00108
3302 0.00108
3303 0.00108
3304 0.00108
3305 0.00108
3306 0.00108
3307 0.00108
3308 0.00108
3309 0.00108
3310 0.00108
3311 0.00108
3312 0.00108
3313 0.00108
3314 0.00108
3315 0.00108
3316 0.00108
3317 0.00108
3318 0.00108
3319 0.00108
3320 0.00108
3321 0.00108
3322 0.00108
3323 0.00108
3324 0.00108
3325 0.00108
3326 0.00108
3327 0.00108
3328 0.00108
3329 0.00108
3330 0.00108
3331 0.00108
3332 0.00108
3333 0.00108
3334 0.00108
3335 0.00108
3336 0.00108
3337 0.00108
3338 0.00108
3339 0.00108
3340 0.00108
3341 0.00108
3342 0.00108
3343 0.00108
3344 0.00108
3345 0.00108
3346 0.00108
3347 0.00108
3348 0.00108
3349 0.00108
3350 0.00108
3351 0.00108
3352 0.00108
3353 0.00108
3354 0.00108
3355 0.00108
3356 0.00108
3357 0.00108
3358 0.00108
3359 0.00108
3360 0.00108
3361 0.00108
3362 0.00108
3363 0.00108
3364 0.00108
3365 0.00108
3366 0.00108
3367 0.00108
3368 0.00108
3369 0.00108
3370 0.00108
3371 0.00108
3372 0.00108
3373 0.00108
3374 0.00108
3375 0.00108
3376 0.00108
3377 0.00108
3378 0.00108
3379 0.00108
3380 0.00108
3381 0.00108
3382 0.00108
3383 0.00108
3384 0.00108
3385 0.00108
3386 0.00108
3387 0.00108
3388 0.00108
3389 0.00108
3390 0.00108
3391 0.00108
3392 0.00108
3393 0.00108
3394 0.00108
3395 0.00108
3396 0.00108
3397 0.00108
3398 0.00108
3399 0.00108
3400 0.00108
3401 0.00108
3402 0.00108
3403 0.00108
3404 0.00108
3405 0.00108
3406 0.00108
3407 0.00108
3408 0.00108
3409 0.00108
3410 0.00108
3411 0.00108
3412 0.00108
3413 0.00108
3414 0.00108
3415 0.00108
3416 0.00108
3417 0.00108
3418 0.00108
3419 0.00108
3420 0.00108
3421 0.00108
3422 0.00108
3423 0.00108
3424 0.00108
3425 0.00108
3426 0.00108
3427 0.00108
3428 0.00108
3429 0.00108
3430 0.00108
3431 0.00108
3432 0.00108
3433 0.00108
3434 0.00108
3435 0.00108
3436 0.00108
3437 0.00108
3438 0.00108
3439 0.00108
3440 0.00108
3441 0.00108
3442 0.00108
3443 0.00108
3444 0.00108
3445 0.00108
3446 0.00108
3447 0.00108
3448 0.00108
3449 0.00108
3450 0.00108
3451 0.00108
3452 0.00108
3453 0.00108
3454 0.00108
3455 0.00108
3456 0.00108
3457 0.00108
3458 0.00108
3459 0.00108
3460 0.00108
3461 0.00108
3462 0.00108
3463 0.00108
3464 0.00108
3465 0.00108
3466 0.00108
3467 0.00108
3468 0.00108
3469 0.00108
3470 0.00108
3471 0.00108
3472 0.00108
3473 0.00108
3474 0.00108
3475 0.00108
3476 0.00108
3477 0.00108
3478 0.00108
3479 0.00108
3480 0.00108
3481 0.00108
3482 0.00108
3483 0.00108
3484 0.00108
3485 0.00108
3486 0.00108
3487 0.00108
3488 0.00108
3489 0.00108
3490 0.00108
3491 0.00108
3492 0.00108
3493 0.00108
3494 0.00108
3495 0.00108
3496 0.00108
3497 0.00108
3498 0.00108
3499 0.00108
3500 0.00108
3501 0.00108
3502 0.00108
3503 0.00108
3504 0.00108
3505 0.00108
3506 0.00108
3507 0.00108
3508 0.00108
3509 0.00108
3510 0.00108
3511 0.00108
3512 0.00108
3513 0.00108
3514 0.00108
3515 0.00108
3516 0.00108
3517 0.00108
3518 0.00108
3519 0.00108
3520 0.00108
3521 0.00108
3522 0.00108
3523 0.00108
3524 0.00108
3525 0.00108
3526 0.00108
3527 0.00108
3528 0.00108
3529 0.00108
3530 0.00108
3531 0.00108
3532 0.00108
3533 0.00108
3534 0.00108
3535 0.00108
3536 0.00108
3537 0.00108
3538 0.00108
3539 0.00108
3540 0.00108
3541 0.00108
3542 0.00108
3543 0.00108
3544 0.00108
3545 0.00108
3546 0.00108
3547 0.00108
3548 0.00108
3549 0.00108
3550 0.00108
3551 0.00108
3552 0.00108
3553 0.00108
3554 0.00108
3555 0.00108
3556 0.00108
3557 0.00108
3558 0.00108
3559 0.00108
3560 0.00108
3561 0.00108
3562 0.00108
3563 0.00108
3564 0.00108
3565 0.00108
3566 0.00108
3567 0.00108
3568 0.00108
3569 0.00108
3570 0.00108
3571 0.00108
3572 0.00108
3573 0.00108
3574 0.00108
3575 0.00108
3576 0.00108
3577 0.00108
3578 0.00108
3579 0.00108
3580 0.00108
3581 0.00108
3582 0.00108
3583 0.00108
3584 0.00108
3585 0.00108
3586 0.00108
3587 0.00108
3588 0.00108
3589 0.00108
3590 0.00108
3591 0.00108
3592 0.00108
3593 0.00108
3594 0.00108
3595 0.00108
3596 0.00108
3597 0.00108
3598 0.00108
3599 0.00108
3600 0.00108
3601 0.00108
3602 0.00108
3603 0.00108
3604 0.00108
3605 0.00108
3606 0.00108
3607 0.00108
3608 0.00108
3609 0.00108
3610 0.00108
3611 0.00108
3612 0.00108
3613 0.00108
3614 0.00108
3615 0.00108
3616 0.00108
3617 0.00108
3618 0.00108
3619 0.00108
3620 0.00108
3621 0.00108
3622 0.00108
3623 0.00108
3624 0.00108
3625 0.00108
3626 0.00108
3627 0.00108
3628 0.00108
3629 0.00108
3630 0.00108
3631 0.00108
3632 0.00108
3633 0.00108
3634 0.00108
3635 0.00108
3636 0.00108
3637 0.00108
3638 0.00108
3639 0.00108
3640 0.00108
3641 0.00108
3642 0.00108
3643 0.00108
3644 0.00108
3645 0.00108
3646 0.00108
3647 0.00108
3648 0.00108
3649 0.00108
3650 0.00108
3651 0.00108
3652 0.00108
3653 0.00108
3654 0.00108
3655 0.00108
3656 0.00108
3657 0.00108
3658 0.00108
3659 0.00108
3660 0.00108
3661 0.00108
3662 0.00108
3663 0.00108
3664 0.00108
3665 0.00108
3666 0.00108
3667 0.00108
3668 0.00108
3669 0.00108
3670 0.00108
3671 0.00108
3672 0.00108
3673 0.00108
3674 0.00108
3675 0.00108
3676 0.00108
3677 0.00108
3678 0.00108
3679 0.00108
3680 0.00108
3681 0.00108
3682 0.00108
3683 0.00108
3684 0.00108
3685 0.00108
3686 0.00108
3687 0.00108
3688 0.00108
3689 0.00108
3690 0.00108
3691 0.00108
3692 0.00108
3693 0.00108
3694 0.00108
3695 0.00108
3696 0.00108
3697 0.00108
3698 0.00108
3699 0.00108
3700 0.00108
3701 0.00108
3702 0.00108
3703 0.00108
3704 0.00108
3705 0.00108
3706 0.00108
3707 0.00108
3708 0.00108
3709 0.00108
3710 0.00108
3711 0.00108
3712 0.00108
3713 0.00108
3714 0.00108
3715 0.00108
3716 0.00108
3717 0.00108
3718 0.00108
3719 0.00108
3720 0.00108
3721 0.00108
3722 0.00108
3723 0.00108
3724 0.00108
3725 0.00108
3726 0.00108
3727 0.00108
3728 0.00108
3729 0.00108
3730 0.00108
3731 0.00108
3732 0.00108
3733 0.00108
3734 0.00108
3735 0.00108
3736 0.00108
3737 0.00108
3738 0.00108
3739 0.00108
3740 0.00108
3741 0.00108
3742 0.00108
3743 0.00108
3744 0.00108
3745 0.00108
3746 0.00108
3747 0.00108
3748 0.00108
3749 0.00108
3750 0.00108
3751 0.00108
3752 0.00108
3753 0.00108
3754 0.00108
3755 0.00108
3756 0.00108
3757 0.00108
3758 0.00108
3759 0.00108
3760 0.00108
3761 0.00108
3762 0.00108
3763 0.00108
3764 0.00108
3765 0.00108
3766 0.00108
3767 0.00108
3768 0.00108
3769 0.00108
3770 0.00108
3771 0.00108
3772 0.00108
3773 0.00108
3774 0.00108
3775 0.00108
3776 0.00108
3777 0.00108
3778 0.00108
3779 0.00108
3780 0.00108
3781 0.00108
3782 0.00108
3783 0.00108
3784 0.00108
3785 0.00108
3786 0.00108
3787 0.00108
3788 0.00108
3789 0.00108
3790 0.00108
3791 0.00108
3792 0.00108
3793 0.00108
3794 0.00108
3795 0.00108
3796 0.00108
3797 0.00108
3798 0.00108
3799 0.00108
3800 0.00108
3801 0.00108
3802 0.00108
3803 0.00108
3804 0.00108
3805 0.00108
3806 0.00108
3807 0.00108
3808 0.00108
3809 0.00108
3810 0.00108
3811 0.00108
3812 0.00108
3813 0.00108
3814 0.00108
3815 0.00108
3816 0.00108
3817 0.00108
3818 0.00108
3819 0.00108
3820 0.00108
3821 0.00108
3822 0.00108
3823 0.00108
3824 0.00108
3825 0.00108
3826 0.00108
3827 0.00108
3828 0.00108
3829 0.00108
3830 0.00108
3831 0.00108
3832 0.00108
3833 0.00108
3834 0.00108
3835 0.00108
3836 0.00108
3837 0.00108
3838 0.00108
3839 0.00108
3840 0.00108
3841 0.00108
3842 0.00108
3843 0.00108
3844 0.00108
3845 0.00108
3846 0.00108
3847 0.00108
3848 0.00108
3849 0.00108
3850 0.00108
3851 0.00108
3852 0.00108
3853 0.00108
3854 0.00108
3855 0.00108
3856 0.00108
3857 0.00108
3858 0.00108
3859 0.00108
3860 0.00108
3861 0.00108
3862 0.00108
3863 0.00108
3864 0.00108
3865 0.00108
3866 0.00108
3867 0.00108
3868 0.00108
3869 0.00108
3870 0.00108
3871 0.00108
3872 0.00108
3873 0.00108
3874 0.00108
3875 0.00108
3876 0.00108
3877 0.00108
3878 0.00108
3879 0.00108
3880 0.00108
3881 0.00108
3882 0.00108
3883 0.00108
3884 0.00108
3885 0.00108
3886 0.00108
3887 0.00108
3888 0.00108
3889 0.00108
3890 0.00108
3891 0.00108
3892 0.00108
3893 0.00108
3894 0.00108
3895 0.00108
3896 0.00108
3897 0.00108
3898 0.00108
3899 0.00108
3900 0.00108
3901 0.00108
3902 0.00108
3903 0.00108
3904 0.00108
3905 0.00108
3906 0.00108
3907 0.00108
3908 0.00108
3909 0.00108
3910 0.00108
3911 0.00108
3912 0.00108
3913 0.00108
3914 0.00108
3915 0.00108
3916 0.00108
3917 0.00108
3918 0.00108
3919 0.00108
3920 0.00108
3921 0.00108
3922 0.00108
3923 0.00108
3924 0.00108
3925 0.00108
3926 0.00108
3927 0.00108
3928 0.00108
3929 0.00108
3930 0.00108
3931 0.00108
3932 0.00108
3933 0.00108
3934 0.00108
3935 0.00108
3936 0.00108
3937 0.00108
3938 0.00108
3939 0.00108
3940 0.00108
3941 0.00108
3942 0.00108
3943 0.00108
3944 0.00108
3945 0.00108
3946 0.00108
3947 0.00108
3948 0.00108
3949 0.00108
3950 0.00108
3951 0.00108
3952 0.00108
3953 0.00108
3954 0.00108
3955 0.00108
3956 0.00108
3957 0.00108
3958 0.00108
3959 0.00108
3960 0.00108
3961 0.00108
3962 0.00108
3963 0.00108
3964 0.00108
3965 0.00108
3966 0.00108
3967 0.00108
3968 0.00108
3969 0.00108
3970 0.00108
3971 0.00108
3972 0.00108
3973 0.00108
3974 0.00108
3975 0.00108
3976 0.00108
3977 0.00108
3978 0.00108
3979 0.00108
3980 0.00108
3981 0.00108
3982 0.00108
3983 0.00108
3984 0.00108
3985 0.00108
3986 0.00108
3987 0.00108
3988 0.00108
3989 0.00108
3990 0.00108
3991 0.00108
3992 0.00108
3993 0.00108
3994 0.00108
3995 0.00108
3996 0.00108
3997 0.00108
3998 0.00108
3999 0.00108
4000 0.00108
4001 0.00108
4002 0.00108
4003 0.00108
4004 0.00108
4005 0.00108
4006 0.00108
4007 0.00108
4008 0.00108
4009 0.00108
4010 0.00108
4011 0.00108
4012 0.00108
4013 0.00108
4014 0.00108
4015 0.00108
4016 0.00108
4017 0.00108
4018 0.00108
4019 0.00108
4020 0.00108
4021 0.00108
4022 0.00108
4023 0.00108
4024 0.00108
4025 0.00108
4026 0.00108
4027 0.00108
4028 0.00108
4029 0.00108
4030 0.00108
4031 0.00108
4032 0.00108
4033 0.00108
4034 0.00108
4035 0.00108
4036 0.00108
4037 0.00108
4038 0.00108
4039 0.00108
4040 0.00108
4041 0.00108
4042 0.00108
4043 0.00108
4044 0.00108
4045 0.00108
4046 0.00108
4047 0.00108
4048 0.00108
4049 0.00108
4050 0.00108
4051 0.00108
4052 0.00108
4053 0.00108
4054 0.00108
4055 0.00108
4056 0.00108
4057 0.00108
4058 0.00108
4059 0.00108
4060 0.00108
4061 0.00108
4062 0.00108
4063 0.00108
4064 0.00108
4065 0.00108
4066 0.00108
4067 0.00108
4068 0.00108
4069 0.00108
4070 0.00108
4071 0.00108
4072 0.00108
4073 0.00108
4074 0.00108
4075 0.00108
4076 0.00108
4077 0.00108
4078 0.00108
4079 0.00108
4080 0.00108
4081 0.00108
4082 0.00108
4083 0.00108
4084 0.00108
4085 0.00108
4086 0.00108
4087 0.00108
4088 0.00108
4089 0.00108
4090 0.00108
4091 0.00108
4092 0.00108
4093 0.00108
4094 0.00108
4095 0.00108
4096 0.00108
4097 0.00108
4098 0.00108
4099 0.00108
4100 0.00108
4101 0.00108
4102 0.00108
4103 0.00108
4104 0.00108
4105 0.00108
4106 0.00108
4107 0.00108
4108 0.00108
4109 0.00108
4110 0.00108
4111 0.00108
4112 0.00108
4113 0.00108
4114 0.00108
4115 0.00108
4116 0.00108
4117 0.00108
4118 0.00108
4119 0.00108
4120 0.00108
4121 0.00108
4122 0.00108
4123 0.00108
4124 0.00108
4125 0.00108
4126 0.00108
4127 0.00108
4128 0.00108
4129 0.00108
4130 0.00108
4131 0.00108
4132 0.00108
4133 0.00108
4134 0.00108
4135 0.00108
4136 0.00108
4137 0.00108
4138 0.00108
4139 0.00108
4140 0.00108
4141 0.00108
4142 0.00108
4143 0.00108
4144 0.00108
4145 0.00108
4146 0.00108
4147 0.00108
4148 0.00108
4149 0.00108
4150 0.00108
4151 0.00108
4152 0.00108
4153 0.00108
4154 0.00108
4155 0.00108
4156 0.00108
4157 0.00108
4158 0.00108
4159 0.00108
4160 0.00108
4161 0.00108
4162 0.00108
4163 0.00108
4164 0.00108
4165 0.00108
4166 0.00108
4167 0.00108
4168 0.00108
4169 0.00108
4170 0.00108
4171 0.00108
4172 0.00108
4173 0.00108
4174 0.00108
4175 0.00108
4176 0.00108
4177 0.00108
4178 0.00108
4179 0.00108
4180 0.00108
4181 0.00108
4182 0.00108
4183 0.00108
4184 0.00108
4185 0.00108
4186 0.00108
4187 0.00108
4188 0.00108
4189 0.00108
4190 0.00108
4191 0.00108
4192 0.00108
4193 0.00108
4194 0.00108
4195 0.00108
4196 0.00108
4197 0.00108
4198 0.00108
4199 0.00108
4200 0.00108
4201 0.00108
4202 0.00108
4203 0.00108
4204 0.00108
4205 0.00108
4206 0.00108
4207 0.00108
4208 0.00108
4209 0.00108
4210 0.00108
4211 0.00108
4212 0.00108
4213 0.00108
4214 0.00108
4215 0.00108
4216 0.00108
4217 0.00108
4218 0.00108
4219 0.00108
4220 0.00108
4221 0.00108
4222 0.00108
4223 0.00108
4224 0.00108
4225 0.00108
4226 0.00108
4227 0.00108
4228 0.00108
4229 0.00108
4230 0.00108
4231 0.00108
4232 0.00108
4233 0.00108
4234 0.00108
4235 0.00108
4236 0.00108
4237 0.00108
4238 0.00108
4239 0.00108
4240 0.00108
4241 0.00108
4242 0.00108
4243 0.00108
4244 0.00108
4245 0.00108
4246 0.00108
4247 0.00108
4248 0.00108
4249 0.00108
4250 0.00108
4251 0.00108
4252 0.00108
4253 0.00108
4254 0.00108
4255 0.00108
4256 0.00108
4257 0.00108
4258 0.00108
4259 0.00108
4260 0.00108
4261 0.00108
4262 0.00108
4263 0.00108
4264 0.00108
4265 0.00108
4266 0.00108
4267 0.00108
4268 0.00108
4269 0.00108
4270 0.00108
4271 0.00108
4272 0.00108
4273 0.00108
4274 0.00108
4275 0.00108
4276 0.00108
4277 0.00108
4278 0.00108
4279 0.00108
4280 0.00108
4281 0.00108
4282 0.00108
4283 0.00108
4284 0.00108
4285 0.00108
4286 0.00108
4287 0.00108
4288 0.00108
4289 0.00108
4290 0.00108
4291 0.00108
4292 0.00108
4293 0.00108
4294 0.00108
4295 0.00108
4296 0.00108
4297 0.00108
4298 0.00108
4299 0.00108
4300 0.00108
4301 0.00108
4302 0.00108
4303 0.00108
4304 0.00108
4305 0.00108
4306 0.00108
4307 0.00108
4308 0.00108
4309 0.00108
4310 0.00108
4311 0.00108
4312 0.00108
4313 0.00108
4314 0.00108
4315 0.00108
4316 0.00108
4317 0.00108
4318 0.00108
4319 0.00108
4320 0.00108
4321 0.00108
4322 0.00108
4323 0.00108
4324 0.00108
4325 0.00108
4326 0.00108
4327 0.00108
4328 0.00108
4329 0.00108
4330 0.00108
4331 0.00108
4332 0.00108
4333 0.00108
4334 0.00108
4335 0.00108
4336 0.00108
4337 0.00108
4338 0.00108
4339 0.00108
4340 0.00108
4341 0.00108
4342 0.00108
4343 0.00108
4344 0.00108
4345 0.00108
4346 0.00108
4347 0.00108
4348 0.00108
4349 0.00108
4350 0.00108
4351 0.00108
4352 0.00108
4353 0.00108
4354 0.00108
4355 0.00108
4356 0.00108
4357 0.00108
4358 0.00108
4359 0.00108
4360 0.00108
4361 0.00108
4362 0.00108
4363 0.00108
4364 0.00108
4365 0.00108
4366 0.00108
4367 0.00108
4368 0.00108
4369 0.00108
4370 0.00108
4371 0.00108
4372 0.00108
4373 0.00108
4374 0.00108
4375 0.00108
4376 0.00108
4377 0.00108
4378 0.00108
4379 0.00108
4380 0.00108
4381 0.00108
4382 0.00108
4383 0.00108
4384 0.00108
4385 0.00108
4386 0.00108
4387 0.00108
4388 0.00108
4389 0.00108
4390 0.00108
4391 0.00108
4392 0.00108
4393 0.00108
4394 0.00108
4395 0.00108
4396 0.00108
4397 0.00108
4398 0.00108
4399 0.00108
4400 0.00108
4401 0.00108
4402 0.00108
4403 0.00108
4404 0.00108
4405 0.00108
4406 0.00108
4407 0.00108
4408 0.00108
4409 0.00108
4410 0.00108
4411 0.00108
4412 0.00108
4413 0.00108
4414 0.00108
4415 0.00108
4416 0.00108
4417 0.00108
4418 0.00108
4419 0.00108
4420 0.00108
4421 0.00108
4422 0.00108
4423 0.00108
4424 0.00108
4425 0.00108
4426 0.00108
4427 0.00108
4428 0.00108
4429 0.00108
4430 0.00108
4431 0.00108
4432 0.00108
4433 0.00108
4434 0.00108
4435 0.00108
4436 0.00108
4437 0.00108
4438 0.00108
4439 0.00108
4440 0.00108
4441 0.00108
4442 0.00108
4443 0.00108
4444 0.00108
4445 0.00108
4446 0.00108
4447 0.00108
4448 0.00108
4449 0.00108
4450 0.00108
4451 0.00108
4452 0.00108
4453 0.00108
4454 0.00108
4455 0.00108
4456 0.00108
4457 0.00108
4458 0.00108
4459 0.00108
4460 0.00108
4461 0.00108
4462 0.00108
4463 0.00108
4464 0.00108
4465 0.00108
4466 0.00108
4467 0.00108
4468 0.00108
4469 0.00108
4470 0.00108
4471 0.00108
4472 0.00108
4473 0.00108
4474 0.00108
4475 0.00108
4476 0.00108
4477 0.00108
4478 0.00108
4479 0.00108
4480 0.00108
4481 0.00108
4482 0.00108
4483 0.00108
4484 0.00108
4485 0.00108
4486 0.00108
4487 0.00108
4488 0.00108
4489 0.00108
4490 0.00108
4491 0.00108
4492 0.00108
4493 0.00108
4494 0.00108
4495 0.00108
4496 0.00108
4497 0.00108
4498 0.00108
4499 0.00108
4500 0.00108
4501 0.00108
4502 0.00108
4503 0.00108
4504 0.00108
4505 0.00108
4506 0.00108
4507 0.00108
4508 0.00108
4509 0.00108
4510 0.00108
4511 0.00108
4512 0.00108
4513 0.00108
4514 0.00108
4515 0.00108
4516 0.00108
4517 0.00108
4518 0.00108
4519 0.00108
4520 0.00108
4521 0.00108
4522 0.00108
4523 0.00108
4524 0.00108
4525 0.00108
4526 0.00108
4527 0.00108
4528 0.00108
4529 0.00108
4530 0.00108
4531 0.00108
4532 0.00108
4533 0.00108
4534 0.00108
4535 0.00108
4536 0.00108
4537 0.00108
4538 0.00108
4539 0.00108
4540 0.00108
4541 0.00108
4542 0.00108
4543 0.00108
4544 0.00108
4545 0.00108
4546 0.00108
4547 0.00108
4548 0.00108
4549 0.00108
4550 0.00108
4551 0.00108
4552 0.00108
4553 0.00108
4554 0.00108
4555 0.00108
4556 0.00108
4557 0.00108
4558 0.00108
4559 0.00108
4560 0.00108
4561 0.00108
4562 0.00108
4563 0.00108
4564 0.00108
4565 0.00108
4566 0.00108
4567 0.00108
4568 0.00108
4569 0.00108
4570 0.00108
4571 0.00108
4572 0.00108
4573 0.00108
4574 0.00108
4575 0.00108
4576 0.00108
4577 0.00108
4578 0.00108
4579 0.00108
4580 0.00108
4581 0.00108
4582 0.00108
4583 0.00108
4584 0.00108
4585 0.00108
4586 0.00108
4587 0.00108
4588 0.00108
4589 0.00108
4590 0.00108
4591 0.00108
4592 0.00108
4593 0.00108
4594 0.00108
4595 0.00108
4596 0.00108
4597 0.00108
4598 0.00108
4599 0.00108
4600 0.00108
4601 0.00108
4602 0.00108
4603 0.00108
4604 0.00108
4605 0.00108
4606 0.00108
4607 0.00108
4608 0.00108
4609 0.00108
4610 0.00108
4611 0.00108
4612 0.00108
4613 0.00108
4614 0.00108
4615 0.00108
4616 0.00108
4617 0.00108
4618 0.00108
4619 0.00108
4620 0.00108
4621 0.00108
4622 0.0013
4623 0.0013
4624 0.0013
4625 0.0013
4626 0.0013
4627 0.0013
4628 0.0013
4629 0.0013
4630 0.0013
4631 0.0013
4632 0.0013
4633 0.0013
4634 0.0013
4635 0.0013
4636 0.0013
4637 0.0013
4638 0.0013
4639 0.0013
4640 0.0013
4641 0.0013
4642 0.0013
4643 0.0013
4644 0.0013
4645 0.0013
4646 0.0013
4647 0.0013
4648 0.0013
4649 0.0013
4650 0.0013
4651 0.0013
4652 0.0013
4653 0.0013
4654 0.0013
4655 0.0013
4656 0.0013
4657 0.0013
4658 0.0013
4659 0.0013
4660 0.0013
4661 0.0013
4662 0.0013
4663 0.0013
4664 0.0013
4665 0.0013
4666 0.0013
4667 0.0013
4668 0.0013
4669 0.0013
4670 0.0013
4671 0.0013
4672 0.0013
4673 0.0013
4674 0.0013
4675 0.0013
4676 0.0013
4677 0.0013
4678 0.0013
4679 0.0013
4680 0.0013
4681 0.0013
4682 0.0013
4683 0.0013
4684 0.0013
4685 0.0013
4686 0.0013
4687 0.0013
4688 0.0013
4689 0.0013
4690 0.0013
4691 0.0013
4692 0.0013
4693 0.0013
4694 0.0013
4695 0.0013
4696 0.0013
4697 0.0013
4698 0.0013
4699 0.0013
4700 0.0013
4701 0.0013
4702 0.0013
4703 0.0013
4704 0.0013
4705 0.0013
4706 0.0013
4707 0.0013
4708 0.0013
4709 0.0013
4710 0.0013
4711 0.0013
4712 0.0013
4713 0.0013
4714 0.0013
4715 0.0013
4716 0.0013
4717 0.0013
4718 0.0013
4719 0.0013
4720 0.0013
4721 0.0013
4722 0.0013
4723 0.0013
4724 0.0013
4725 0.0013
4726 0.0013
4727 0.0013
4728 0.0013
4729 0.0013
4730 0.0013
4731 0.0013
4732 0.0013
4733 0.0013
4734 0.0013
4735 0.0013
4736 0.0013
4737 0.0013
4738 0.0013
4739 0.0013
4740 0.0013
4741 0.0013
4742 0.0013
4743 0.0013
4744 0.0013
4745 0.0013
4746 0.0013
4747 0.0013
4748 0.0013
4749 0.0013
4750 0.0013
4751 0.0013
4752 0.0013
4753 0.0013
4754 0.0013
4755 0.0013
4756 0.0013
4757 0.0013
4758 0.0013
4759 0.0013
4760 0.0013
4761 0.0013
4762 0.0013
4763 0.0013
4764 0.0013
4765 0.0013
4766 0.0013
4767 0.0013
4768 0.0013
4769 0.0013
4770 0.0013
4771 0.0013
4772 0.0013
4773 0.0013
4774 0.0013
4775 0.0013
4776 0.0013
4777 0.0013
4778 0.0013
4779 0.0013
4780 0.0013
4781 0.0013
4782 0.0013
4783 0.0013
4784 0.0013
4785 0.0013
4786 0.0013
4787 0.0013
4788 0.0013
4789 0.0013
4790 0.0013
4791 0.0013
4792 0.0013
4793 0.0013
4794 0.0013
4795 0.0013
4796 0.0013
4797 0.0013
4798 0.0013
4799 0.0013
4800 0.0013
4801 0.0013
4802 0.0013
4803 0.0013
4804 0.0013
4805 0.0013
4806 0.0013
4807 0.0013
4808 0.0013
4809 0.0013
4810 0.0013
4811 0.0013
4812 0.0013
4813 0.0013
4814 0.0013
4815 0.0013
4816 0.0013
4817 0.0013
4818 0.0013
4819 0.0013
4820 0.0013
4821 0.0013
4822 0.0013
4823 0.0013
4824 0.0013
4825 0.0013
4826 0.0013
4827 0.0013
4828 0.0013
4829 0.0013
4830 0.0013
4831 0.0013
4832 0.0013
4833 0.0013
4834 0.0013
4835 0.0013
4836 0.0013
4837 0.0013
4838 0.0013
4839 0.0013
4840 0.0013
4841 0.0013
4842 0.0013
4843 0.0013
4844 0.0013
4845 0.0013
4846 0.0013
4847 0.0013
4848 0.0013
4849 0.0013
4850 0.0013
4851 0.0013
4852 0.0013
4853 0.0013
4854 0.0013
4855 0.0013
4856 0.0013
4857 0.0013
4858 0.0013
4859 0.0013
4860 0.0013
4861 0.0013
4862 0.0013
4863 0.0013
4864 0.00138
4865 0.00138
4866 0.00138
4867 0.00138
4868 0.00138
4869 0.00138
4870 0.00138
4871 0.00138
4872 0.00138
4873 0.00138
4874 0.00138
4875 0.00138
4876 0.00138
4877 0.00138
4878 0.00138
4879 0.00138
4880 0.00138
4881 0.00138
4882 0.00138
4883 0.00138
4884 0.00138
4885 0.00138
4886 0.00138
4887 0.00138
4888 0.00138
4889 0.00138
4890 0.00138
4891 0.00138
4892 0.00138
4893 0.00138
4894 0.00138
4895 0.00138
4896 0.00138
4897 0.00138
4898 0.00138
4899 0.00138
4900 0.00138
4901 0.00138
4902 0.00138
4903 0.00138
4904 0.00138
4905 0.00138
4906 0.00138
4907 0.00138
4908 0.00138
4909 0.00138
4910 0.00138
4911 0.00138
4912 0.00138
4913 0.00138
4914 0.00138
4915 0.00138
4916 0.00138
4917 0.00138
4918 0.00138
4919 0.00138
4920 0.00138
4921 0.00138
4922 0.00138
4923 0.00138
4924 0.00138
4925 0.00138
4926 0.00138
4927 0.00138
4928 0.00138
4929 0.00138
4930 0.00138
4931 0.0014
4932 0.0014
4933 0.0014
4934 0.0014
4935 0.0014
4936 0.0014
4937 0.0014
4938 0.0014
4939 0.0014
4940 0.0014
4941 0.0014
4942 0.0014
4943 0.0014
4944 0.0014
4945 0.0014
4946 0.0014
4947 0.00144
4948 0.00144
4949 0.00144
4950 0.00144
4951 0.00144
4952 0.00144
4953 0.00144
4954 0.00144
4955 0.00144
4956 0.00144
4957 0.00144
4958 0.00144
4959 0.00144
4960 0.00144
4961 0.00144
4962 0.00144
4963 0.00144
4964 0.00144
4965 0.00144
4966 0.00144
4967 0.00144
4968 0.00144
4969 0.00144
4970 0.00144
4971 0.00144
4972 0.00144
4973 0.00144
4974 0.00144
4975 0.00144
4976 0.00144
4977 0.00144
4978 0.00144
4979 0.00144
4980 0.00144
4981 0.00144
4982 0.00144
4983 0.00144
4984 0.00144
4985 0.00144
4986 0.00144
4987 0.00144
4988 0.00144
4989 0.00144
4990 0.00144
4991 0.00144
4992 0.00144
4993 0.00144
4994 0.00144
4995 0.00144
4996 0.00144
4997 0.0016
4998 0.0016
4999 0.0016
===============================================
================== Validation ==================
validation_valid           = 0
validation_fast_median     = 0
validation_exact_median    = 0
validation_mean_abs_diff   = 0
validation_fast_seconds    = 0
validation_exact_seconds   = 0
===============================================
note: sensitivity uses a fixed calibrated FC belt built at the
      nominal N_sig=0 profile-fit background point, and validation
      compares it against the slower nested toy construction.
4
5599 0.00064
5600 0.00064
5601 0.00064
5602 0.00064
5603 0.00064
5604 0.00064
5605 0.00064
5606 0.00064
5607 0.00064
5608 0.00064
5609 0.00064
5610 0.00064
5611 0.00064
5612 0.00064
5613 0.00064
5614 0.00064
5615 0.00064
5616 0.00064
5617 0.00064
5618 0.00064
5619 0.00064
5620 0.00064
5621 0.00064
5622 0.00064
5623 0.00064
5624 0.00064
5625 0.00064
5626 0.00064
5627 0.00064
5628 0.00064
5629 0.00064
5630 0.00064
5631 0.00064
5632 0.00064
5633 0.00064
5634 0.00064
5635 0.00064
5636 0.00064
5637 0.00064
5638 0.00064
5639 0.00064
5640 0.00064
5641 0.00064
5642 0.00064
5643 0.00064
5644 0.00064
5645 0.00064
5646 0.00064
5647 0.00064
5648 0.00064
5649 0.00064
5650 0.00064
5651 0.00064
5652 0.00064
5653 0.00064
5654 0.00064
5655 0.00064
5656 0.00064
5657 0.00064
5658 0.00064
5659 0.00064
5660 0.00064
5661 0.00064
5662 0.00064
5663 0.00064
5664 0.00064
5665 0.00064
5666 0.00064
5667 0.00064
5668 0.00064
5669 0.00064
5670 0.00064
5671 0.00064
5672 0.00064
5673 0.00064
5674 0.00064
5675 0.00064
5676 0.00064
5677 0.00064
5678 0.00064
5679 0.00064
5680 0.00064
5681 0.00064
5682 0.00064
5683 0.00064
5684 0.00064
5685 0.00064
5686 0.00064
5687 0.00064
5688 0.00064
5689 0.00064
5690 0.00064
5691 0.00064
5692 0.00064
5693 0.00064
5694 0.00064
5695 0.00064
5696 0.00064
5697 0.00064
5698 0.00064
5699 0.00064
5700 0.00064
5701 0.00064
5702 0.00064
5703 0.00064
5704 0.00064
5705 0.00064
5706 0.00064
5707 0.00064
5708 0.00064
5709 0.00064
5710 0.00064
5711 0.00064
5712 0.00064
5713 0.00064
5714 0.00064
5715 0.00064
5716 0.00064
5717 0.00064
5718 0.00064
5719 0.00064
5720 0.00064
5721 0.00064
5722 0.00064
5723 0.00064
5724 0.00064
5725 0.00064
5726 0.00064
5727 0.00064
5728 0.00064
5729 0.00064
5730 0.00064
5731 0.00064
5732 0.00064
5733 0.00064
5734 0.00064
5735 0.00064
5736 0.00064
5737 0.00064
5738 0.00064
5739 0.00064
5740 0.00064
5741 0.00064
5742 0.00064
5743 0.00064
5744 0.00064
5745 0.00064
5746 0.00064
5747 0.00064
5748 0.00064
5749 0.00064
5750 0.00064
5751 0.00064
5752 0.00064
5753 0.00064
5754 0.00064
5755 0.00064
5756 0.00064
5757 0.00064
5758 0.00064
5759 0.00064
5760 0.00064
5761 0.00064
5762 0.00064
5763 0.00064
5764 0.00064
5765 0.00064
5766 0.00064
5767 0.00064
5768 0.00064
5769 0.00064
5770 0.00064
5771 0.00064
5772 0.00064
5773 0.00064
5774 0.00064
5775 0.00064
5776 0.00064
5777 0.00064
5778 0.00064
5779 0.00064
5780 0.00064
5781 0.00064
5782 0.00064
5783 0.00064
5784 0.00064
5785 0.00064
5786 0.00064
5787 0.00064
5788 0.00064
5789 0.00064
5790 0.00064
5791 0.00064
5792 0.00064
5793 0.00064
5794 0.00064
5795 0.00064
5796 0.00064
5797 0.00064
5798 0.00064
5799 0.00064
5800 0.00064
5801 0.00064
5802 0.00064
5803 0.00064
5804 0.00064
5805 0.00064
5806 0.00064
5807 0.00064
5808 0.00064
5809 0.00064
5810 0.00064
5811 0.00064
5812 0.00064
5813 0.00064
5814 0.00064
5815 0.00064
5816 0.00064
5817 0.00064
5818 0.00064
5819 0.00064
5820 0.00064
5821 0.00064
5822 0.00064
5823 0.00064
5824 0.00064
5825 0.00064
5826 0.00064
5827 0.00064
5828 0.00064
5829 0.00064
5830 0.00064
5831 0.00064
5832 0.00064
5833 0.00064
5834 0.00064
5835 0.00064
5836 0.00064
5837 0.00064
5838 0.00064
5839 0.00064
5840 0.00064
5841 0.00064
5842 0.00064
5843 0.00064
5844 0.00064
5845 0.00064
5846 0.00064
5847 0.00064
5848 0.00064
5849 0.00064
5850 0.00064
5851 0.00064
5852 0.00064
5853 0.00064
5854 0.00064
5855 0.00064
5856 0.00064
5857 0.00064
5858 0.00064
5859 0.00064
5860 0.00064
5861 0.00064
5862 0.00064
5863 0.00064
5864 0.00064
5865 0.00064
5866 0.00064
5867 0.00064
5868 0.00064
5869 0.00064
5870 0.00064
5871 0.00064
5872 0.00064
5873 0.00064
5874 0.00064
5875 0.00064
5876 0.00064
5877 0.00064
5878 0.00064
5879 0.00064
5880 0.00064
5881 0.00064
5882 0.00064
5883 0.00064
5884 0.00064
5885 0.00064
5886 0.00064
5887 0.00064
5888 0.00064
5889 0.00064
5890 0.00064
5891 0.00064
5892 0.00064
5893 0.00064
5894 0.00064
5895 0.00064
5896 0.00064
5897 0.00064
5898 0.00064
5899 0.00064
5900 0.00064
5901 0.00064
5902 0.00064
5903 0.00064
5904 0.00064
5905 0.00064
5906 0.00064
5907 0.00064
5908 0.00064
5909 0.00064
5910 0.00064
5911 0.00064
5912 0.00064
5913 0.00064
5914 0.00064
5915 0.00064
5916 0.00064
5917 0.00064
5918 0.00064
5919 0.00064
5920 0.00064
5921 0.00064
5922 0.00064
5923 0.00064
5924 0.00064
5925 0.00064
5926 0.00064
5927 0.00064
5928 0.00064
5929 0.00064
5930 0.00064
5931 0.00064
5932 0.00064
5933 0.00064
5934 0.00064
5935 0.00064
5936 0.00064
5937 0.00064
5938 0.00064
5939 0.00064
5940 0.00064
5941 0.00064
5942 0.0007
5943 0.00072
5944 0.00078
5945 0.00078
5946 0.00078
5947 0.00078
5948 0.00078
5949 0.00078
5950 0.00078
5951 0.00078
5952 0.00078
5953 0.00078
5954 0.00078
5955 0.00078
5956 0.00078
5957 0.00078
5958 0.00078
5959 0.00078
5960 0.00078
5961 0.00078
5962 0.00078
5963 0.00078
5964 0.00078
5965 0.00078
5966 0.00078
5967 0.00078
5968 0.00078
5969 0.00078
5970 0.00078
5971 0.00078
5972 0.00078
5973 0.00078
5974 0.00078
5975 0.00078
5976 0.00078
5977 0.00078
5978 0.00078
5979 0.00078
5980 0.00078
5981 0.00078
5982 0.00078
5983 0.00078
5984 0.00078
5985 0.00078
5986 0.00078
5987 0.00078
5988 0.00078
5989 0.00078
5990 0.00078
5991 0.00078
5992 0.00078
5993 0.00078
5994 0.00078
5995 0.00078
5996 0.00078
5997 0.00078
5998 0.00078
5999 0.00078
6000 0.00078
6001 0.00078
6002 0.00078
6003 0.00078
6004 0.00078
6005 0.00078
6006 0.00078
6007 0.00078
6008 0.00078
6009 0.00078
6010 0.00078
6011 0.00078
6012 0.00078
6013 0.00078
6014 0.00078
6015 0.00078
6016 0.00078
6017 0.00078
6018 0.00078
6019 0.00078
6020 0.00078
6021 0.00078
6022 0.00078
6023 0.00078
6024 0.00078
6025 0.00078
6026 0.00078
6027 0.00078
6028 0.00078
6029 0.00078
6030 0.00078
6031 0.00078
6032 0.00078
6033 0.00078
6034 0.00078
6035 0.00078
6036 0.00078
6037 0.00078
6038 0.00078
6039 0.00078
6040 0.00078
6041 0.00078
6042 0.00078
6043 0.00078
6044 0.00078
6045 0.00078
6046 0.00078
6047 0.00078
6048 0.00078
6049 0.00078
6050 0.00078
6051 0.00078
6052 0.00078
6053 0.00078
6054 0.00078
6055 0.00078
6056 0.00078
6057 0.00078
6058 0.00078
6059 0.00078
6060 0.00078
6061 0.00078
6062 0.00078
6063 0.00078
6064 0.00078
6065 0.00078
6066 0.00078
6067 0.00078
6068 0.00078
6069 0.00078
6070 0.00078
6071 0.00078
6072 0.00078
6073 0.00078
6074 0.00078
6075 0.00078
6076 0.00078
6077 0.00078
6078 0.00078
6079 0.00078
6080 0.00078
6081 0.00078
6082 0.00078
6083 0.00078
6084 0.00078
6085 0.00078
6086 0.00078
6087 0.00078
6088 0.00078
6089 0.00078
6090 0.00078
6091 0.00078
6092 0.00078
6093 0.00078
6094 0.00078
6095 0.00078
6096 0.00078
6097 0.00078
6098 0.00078
6099 0.00078
6100 0.00078
6101 0.00078
6102 0.00078
6103 0.00078
6104 0.00078
6105 0.00078
6106 0.00078
6107 0.00078
6108 0.00078
6109 0.00078
6110 0.00078
6111 0.00078
6112 0.00078
6113 0.00078
6114 0.00078
6115 0.00078
6116 0.00078
6117 0.00078
6118 0.00078
6119 0.00078
6120 0.00078
6121 0.00078
6122 0.00078
6123 0.00078
6124 0.00078
6125 0.00078
6126 0.00078
6127 0.00078
6128 0.00078
6129 0.00078
6130 0.00078
6131 0.00078
6132 0.00078
6133 0.00078
6134 0.00078
6135 0.00078
6136 0.00078
6137 0.00078
6138 0.00078
6139 0.00078
6140 0.00078
6141 0.00078
6142 0.00078
6143 0.00078
6144 0.00078
6145 0.00078
6146 0.00078
6147 0.00078
6148 0.00078
6149 0.00078
6150 0.00078
6151 0.00078
6152 0.00078
6153 0.00078
6154 0.00078
6155 0.00078
6156 0.00078
6157 0.00078
6158 0.00078
6159 0.00078
6160 0.0008
6161 0.00084
6162 0.00084
6163 0.00084
6164 0.00084
6165 0.00084
6166 0.00084
6167 0.00084
6168 0.00084
6169 0.00084
6170 0.00084
6171 0.00084
6172 0.00084
6173 0.00084
6174 0.00084
6175 0.00084
6176 0.00084
6177 0.00084
6178 0.00084
6179 0.00084
6180 0.00084
6181 0.00084
6182 0.00084
6183 0.00084
6184 0.00084
6185 0.00084
6186 0.00084
6187 0.00084
6188 0.00084
6189 0.00084
6190 0.00084
6191 0.00084
6192 0.00084
6193 0.00084
6194 0.00084
6195 0.00084
6196 0.00084
6197 0.00084
6198 0.00084
6199 0.00084
6200 0.00084
6201 0.00084
6202 0.00084
6203 0.00084
6204 0.00084
6205 0.00084
6206 0.00084
6207 0.00084
6208 0.00084
6209 0.00084
6210 0.00084
6211 0.00084
6212 0.00084
6213 0.00084
6214 0.00084
6215 0.00084
6216 0.00084
6217 0.00084
6218 0.00084
6219 0.00084
6220 0.00084
6221 0.00084
6222 0.00084
6223 0.00084
6224 0.00084
6225 0.00084
6226 0.00084
6227 0.00084
6228 0.00084
6229 0.00084
6230 0.00084
6231 0.00084
6232 0.00084
6233 0.00084
6234 0.00084
6235 0.00084
6236 0.00084
6237 0.00084
6238 0.00084
6239 0.00084
6240 0.00084
6241 0.00084
6242 0.00084
6243 0.00084
6244 0.00084
6245 0.00084
6246 0.00084
6247 0.00084
6248 0.00084
6249 0.00084
6250 0.00084
6251 0.00084
6252 0.00084
6253 0.00084
6254 0.00084
6255 0.00084
6256 0.00084
6257 0.00084
6258 0.00084
6259 0.00084
6260 0.00084
6261 0.00084
6262 0.00084
6263 0.00084
6264 0.00084
6265 0.00084
6266 0.00084
6267 0.00084
6268 0.00084
6269 0.00084
6270 0.00084
6271 0.00084
6272 0.00084
6273 0.00084
6274 0.00084
6275 0.00084
6276 0.00084
6277 0.00084
6278 0.00084
6279 0.00084
6280 0.00084
6281 0.00084
6282 0.00084
6283 0.00084
6284 0.00084
6285 0.00084
6286 0.00084
6287 0.00084
6288 0.00084
6289 0.00084
6290 0.00084
6291 0.00084
6292 0.00084
6293 0.00084
6294 0.00084
6295 0.00084
6296 0.00084
6297 0.00084
6298 0.00084
6299 0.00084
6300 0.00084
6301 0.00084
6302 0.00084
6303 0.00084
6304 0.00084
6305 0.00084
6306 0.00084
6307 0.00084
6308 0.00084
6309 0.00084
6310 0.00084
6311 0.00084
6312 0.00084
6313 0.00084
6314 0.00084
6315 0.00084
6316 0.00084
6317 0.00084
6318 0.00084
6319 0.00084
6320 0.00084
6321 0.00084
6322 0.00084
6323 0.00084
6324 0.00084
6325 0.00084
6326 0.00084
6327 0.00084
6328 0.00084
6329 0.00084
6330 0.00084
6331 0.00084
6332 0.00084
6333 0.00084
6334 0.00084
6335 0.00084
6336 0.00084
6337 0.00084
6338 0.00084
6339 0.00084
6340 0.00084
6341 0.00084
6342 0.00084
6343 0.00084
6344 0.00084
6345 0.00084
6346 0.00084
6347 0.00084
6348 0.00084
6349 0.00084
6350 0.00084
6351 0.00084
6352 0.00084
6353 0.00084
6354 0.00084
6355 0.00084
6356 0.00084
6357 0.00084
6358 0.00084
6359 0.00084
6360 0.00084
6361 0.00084
6362 0.00084
6363 0.00084
6364 0.00084
6365 0.00084
6366 0.00084
6367 0.00084
6368 0.00084
6369 0.00084
6370 0.00084
6371 0.00084
6372 0.00084
6373 0.00084
6374 0.00084
6375 0.00084
6376 0.00084
6377 0.00084
6378 0.00084
6379 0.00084
6380 0.00084
6381 0.00084
6382 0.00084
6383 0.00084
6384 0.00084
6385 0.00084
6386 0.00084
6387 0.00084
6388 0.00084
6389 0.00084
6390 0.00084
6391 0.00084
6392 0.00084
6393 0.00084
6394 0.00084
6395 0.00084
6396 0.00084
6397 0.00084
6398 0.00084
6399 0.00084
6400 0.00084
6401 0.00084
6402 0.00084
6403 0.00084
6404 0.00084
6405 0.00084
6406 0.00084
6407 0.00084
6408 0.00084
6409 0.00084
6410 0.00084
6411 0.00084
6412 0.00084
6413 0.00084
6414 0.00084
6415 0.00084
6416 0.00084
6417 0.00084
6418 0.00084
6419 0.00084
6420 0.00084
6421 0.00084
6422 0.00084
6423 0.00084
6424 0.00084
6425 0.00084
6426 0.00084
6427 0.00084
6428 0.00084
6429 0.00084
6430 0.00084
6431 0.00084
6432 0.00084
6433 0.00084
6434 0.00084
6435 0.00084
6436 0.00084
6437 0.00084
6438 0.00084
6439 0.00084
6440 0.00084
6441 0.00084
6442 0.00084
6443 0.00084
6444 0.00084
6445 0.00084
6446 0.00084
6447 0.00084
6448 0.00084
6449 0.00084
6450 0.00084
6451 0.00084
6452 0.00084
6453 0.00084
6454 0.00084
6455 0.00084
6456 0.00084
6457 0.00084
6458 0.00084
6459 0.00084
6460 0.00084
6461 0.00084
6462 0.00084
6463 0.00084
6464 0.00084
6465 0.00084
6466 0.00084
6467 0.00084
6468 0.00084
6469 0.00084
6470 0.00084
6471 0.00084
6472 0.00084
6473 0.00084
6474 0.00084
6475 0.00084
6476 0.00084
6477 0.00084
6478 0.00084
6479 0.00084
6480 0.00084
6481 0.00084
6482 0.00084
6483 0.00084
6484 0.00084
6485 0.00084
6486 0.00084
6487 0.00084
6488 0.00084
6489 0.00084
6490 0.00084
6491 0.00084
6492 0.00084
6493 0.00084
6494 0.00084
6495 0.00084
6496 0.00084
6497 0.00084
6498 0.00084
6499 0.00084
6500 0.00084
6501 0.00084
6502 0.00084
6503 0.00084
6504 0.00084
6505 0.00084
6506 0.00084
6507 0.00084
6508 0.00084
6509 0.00084
6510 0.00084
6511 0.00084
6512 0.00084
6513 0.00084
6514 0.00084
6515 0.00084
6516 0.00084
6517 0.00084
6518 0.00084
6519 0.00084
6520 0.00084
6521 0.00084
6522 0.00084
6523 0.00084
6524 0.00084
6525 0.00084
6526 0.00084
6527 0.00084
6528 0.00084
6529 0.00084
6530 0.00084
6531 0.00084
6532 0.00084
6533 0.00084
6534 0.00084
6535 0.00084
6536 0.00084
6537 0.00084
6538 0.00084
6539 0.00084
6540 0.00084
6541 0.00084
6542 0.00084
6543 0.00084
6544 0.00084
6545 0.00084
6546 0.00084
6547 0.00084
6548 0.00084
6549 0.00084
6550 0.00084
6551 0.00084
6552 0.00084
6553 0.00084
6554 0.00084
6555 0.00084
6556 0.00084
6557 0.00084
6558 0.00084
6559 0.00084
6560 0.00084
6561 0.00084
6562 0.00084
6563 0.00084
6564 0.00084
6565 0.00084
6566 0.00084
6567 0.00084
6568 0.00084
6569 0.00084
6570 0.00084
6571 0.00084
6572 0.00084
6573 0.00084
6574 0.00084
6575 0.00084
6576 0.00084
6577 0.00084
6578 0.00084
6579 0.00084
6580 0.00084
6581 0.00084
6582 0.00084
6583 0.00084
6584 0.00084
6585 0.00084
6586 0.00084
6587 0.00084
6588 0.00084
6589 0.00084
6590 0.00084
6591 0.00084
6592 0.00084
6593 0.00084
6594 0.00084
6595 0.00084
6596 0.00084
6597 0.00084
6598 0.00084
6599 0.00084
6600 0.00084
6601 0.00084
6602 0.00084
6603 0.00084
6604 0.00084
6605 0.00084
6606 0.00084
6607 0.00084
6608 0.00084
6609 0.00084
6610 0.00084
6611 0.00084
6612 0.00084
6613 0.00084
6614 0.00086
6615 0.00086
6616 0.00086
6617 0.00086
6618 0.00086
6619 0.00086
6620 0.00086
6621 0.00086
6622 0.00086
6623 0.00086
6624 0.00086
6625 0.00086
6626 0.00086
6627 0.00086
6628 0.00086
6629 0.00086
6630 0.00086
6631 0.00086
6632 0.00086
6633 0.00086
6634 0.00086
6635 0.00086
6636 0.00086
6637 0.00086
6638 0.00086
6639 0.00086
6640 0.00086
6641 0.00086
6642 0.00086
6643 0.00086
6644 0.00086
6645 0.00086
6646 0.00086
6647 0.00086
6648 0.00086
6649 0.00086
6650 0.00086
6651 0.00086
6652 0.00086
6653 0.00086
6654 0.00086
6655 0.00086
6656 0.00086
6657 0.00086
6658 0.00086
6659 0.00086
6660 0.00086
6661 0.00086
6662 0.00086
6663 0.00086
6664 0.00086
6665 0.00086
6666 0.00086
6667 0.00086
6668 0.00086
6669 0.00086
6670 0.00086
6671 0.00086
6672 0.00086
6673 0.00086
6674 0.00086
6675 0.00086
6676 0.00086
6677 0.00086
6678 0.00086
6679 0.00086
6680 0.00086
6681 0.00086
6682 0.00086
6683 0.00086
6684 0.00086
6685 0.00086
6686 0.00086
6687 0.00086
6688 0.00086
6689 0.00086
6690 0.00086
6691 0.00086
6692 0.00086
6693 0.00086
6694 0.00086
6695 0.00086
6696 0.00086
6697 0.00086
6698 0.00086
6699 0.00086
6700 0.00086
6701 0.00086
6702 0.00086
6703 0.00086
6704 0.00086
6705 0.00086
6706 0.00086
6707 0.00086
6708 0.00086
6709 0.00086
6710 0.00086
6711 0.00086
6712 0.00086
6713 0.00086
6714 0.00086
6715 0.00086
6716 0.00086
6717 0.00086
6718 0.00086
6719 0.00086
6720 0.00086
6721 0.00086
6722 0.00086
6723 0.00086
6724 0.00086
6725 0.00086
6726 0.00086
6727 0.00086
6728 0.00086
6729 0.00086
6730 0.00086
6731 0.00086
6732 0.00086
6733 0.00086
6734 0.00086
6735 0.00086
6736 0.00086
6737 0.00086
6738 0.00086
6739 0.00086
6740 0.00086
6741 0.00086
6742 0.00086
6743 0.00086
6744 0.00086
6745 0.00086
6746 0.00086
6747 0.00086
6748 0.00086
6749 0.00086
6750 0.00086
6751 0.00086
6752 0.00086
6753 0.00086
6754 0.00086
6755 0.00086
6756 0.00086
6757 0.00086
6758 0.00086
6759 0.00086
6760 0.00086
6761 0.00086
6762 0.00086
6763 0.00086
6764 0.00086
6765 0.00086
6766 0.00086
6767 0.00086
6768 0.00086
6769 0.00086
6770 0.00086
6771 0.00086
6772 0.00086
6773 0.00086
6774 0.00086
6775 0.00086
6776 0.00086
6777 0.00086
6778 0.00086
6779 0.00086
6780 0.00086
6781 0.00086
6782 0.00086
6783 0.00086
6784 0.00086
6785 0.00086
6786 0.00086
6787 0.00086
6788 0.00086
6789 0.00086
6790 0.00086
6791 0.00086
6792 0.00086
6793 0.00086
6794 0.00086
6795 0.00086
6796 0.00086
6797 0.00086
6798 0.00086
6799 0.00086
6800 0.00086
6801 0.00086
6802 0.00086
6803 0.00086
6804 0.00086
6805 0.00086
6806 0.00086
6807 0.00086
6808 0.00086
6809 0.00086
6810 0.00086
6811 0.00086
6812 0.00086
6813 0.00086
6814 0.00086
6815 0.00086
6816 0.00086
6817 0.00086
6818 0.00086
6819 0.00086
6820 0.00086
6821 0.00086
6822 0.00086
6823 0.00086
6824 0.00086
6825 0.00086
6826 0.00086
6827 0.00086
6828 0.00086
6829 0.00086
6830 0.00086
6831 0.00086
6832 0.00086
6833 0.00086
6834 0.00086
6835 0.00086
6836 0.00086
6837 0.00086
6838 0.00086
6839 0.00086
6840 0.00086
6841 0.00086
6842 0.00086
6843 0.00086
6844 0.00086
6845 0.00086
6846 0.00086
6847 0.00086
6848 0.00086
6849 0.00086
6850 0.00086
6851 0.00086
6852 0.00086
6853 0.00086
6854 0.00086
6855 0.00086
6856 0.00086
6857 0.00086
6858 0.00086
6859 0.00086
6860 0.00086
6861 0.00086
6862 0.00086
6863 0.00086
6864 0.00086
6865 0.00086
6866 0.00086
6867 0.00086
6868 0.00086
6869 0.00086
6870 0.00086
6871 0.00086
6872 0.00086
6873 0.00086
6874 0.00086
6875 0.00086
6876 0.00086
6877 0.00086
6878 0.00086
6879 0.00086
6880 0.00086
6881 0.00086
6882 0.00086
6883 0.00086
6884 0.00086
6885 0.00086
6886 0.00086
6887 0.00086
6888 0.00086
6889 0.00086
6890 0.00086
6891 0.00086
6892 0.00086
6893 0.00086
6894 0.00086
6895 0.00086
6896 0.00086
6897 0.00086
6898 0.00086
6899 0.00086
6900 0.00086
6901 0.00086
6902 0.00086
6903 0.00086
6904 0.00086
6905 0.00086
6906 0.00086
6907 0.00086
6908 0.00086
6909 0.00086
6910 0.00086
6911 0.00086
6912 0.00086
6913 0.00086
6914 0.00086
6915 0.00086
6916 0.00086
6917 0.00086
6918 0.00086
6919 0.00086
6920 0.00086
6921 0.00086
6922 0.00086
6923 0.00086
6924 0.00086
6925 0.00086
6926 0.00086
6927 0.00086
6928 0.00086
6929 0.00086
6930 0.00086
6931 0.00086
6932 0.00086
6933 0.00086
6934 0.00086
6935 0.00086
6936 0.00086
6937 0.00086
6938 0.00086
6939 0.00086
6940 0.00086
6941 0.00086
6942 0.00086
6943 0.00086
6944 0.00086
6945 0.00086
6946 0.00086
6947 0.00086
6948 0.00086
6949 0.00086
6950 0.00086
6951 0.00086
6952 0.00086
6953 0.00086
6954 0.00086
6955 0.00086
6956 0.00086
6957 0.00086
6958 0.00086
6959 0.00086
6960 0.00086
6961 0.00086
6962 0.00086
6963 0.00086
6964 0.00086
6965 0.00086
6966 0.00086
6967 0.00086
6968 0.00086
6969 0.00086
6970 0.00086
6971 0.00086
6972 0.00086
6973 0.00086
6974 0.00086
6975 0.00086
6976 0.00086
6977 0.00086
6978 0.00086
6979 0.00086
6980 0.00086
6981 0.00086
6982 0.00086
6983 0.00086
6984 0.00086
6985 0.00086
6986 0.00086
6987 0.00086
6988 0.00086
6989 0.00086
6990 0.00086
6991 0.00086
6992 0.00086
6993 0.00086
6994 0.00086
6995 0.00086
6996 0.00086
6997 0.00086
6998 0.00086
6999 0.00086
7000 0.00086
7001 0.00086
7002 0.00086
7003 0.00086
7004 0.00086
7005 0.00086
7006 0.00086
7007 0.00086
7008 0.00086
7009 0.00086
7010 0.00086
7011 0.00086
7012 0.00086
7013 0.00086
7014 0.00086
7015 0.00086
7016 0.00086
7017 0.00086
7018 0.00086
7019 0.00086
7020 0.00086
7021 0.00086
7022 0.00086
7023 0.00086
7024 0.00086
7025 0.00086
7026 0.00086
7027 0.00086
7028 0.00086
7029 0.00086
7030 0.00086
7031 0.00086
7032 0.00086
7033 0.00086
7034 0.00086
7035 0.00086
7036 0.00086
7037 0.00086
7038 0.00086
7039 0.00086
7040 0.00086
7041 0.00086
7042 0.00086
7043 0.00086
7044 0.00086
7045 0.00086
7046 0.00086
7047 0.00086
7048 0.00086
7049 0.00086
7050 0.00086
7051 0.00086
7052 0.00086
7053 0.00086
7054 0.00086
7055 0.00086
7056 0.00086
7057 0.00086
7058 0.00086
7059 0.00086
7060 0.00086
7061 0.00086
7062 0.00086
7063 0.00086
7064 0.00086
7065 0.00086
7066 0.00086
7067 0.00086
7068 0.00086
7069 0.00086
7070 0.00086
7071 0.00086
7072 0.00086
7073 0.00086
7074 0.00086
7075 0.00086
7076 0.00086
7077 0.00086
7078 0.00086
7079 0.00086
7080 0.00086
7081 0.00086
7082 0.00086
7083 0.00086
7084 0.00086
7085 0.00086
7086 0.00086
7087 0.00086
7088 0.00086
7089 0.00086
7090 0.00086
7091 0.00086
7092 0.00086
7093 0.00086
7094 0.00086
7095 0.00086
7096 0.00086
7097 0.00086
7098 0.00086
7099 0.00086
7100 0.00086
7101 0.00086
7102 0.00086
7103 0.00086
7104 0.00086
7105 0.00086
7106 0.00086
7107 0.00086
7108 0.00086
7109 0.00086
7110 0.00086
7111 0.00086
7112 0.00086
7113 0.00086
7114 0.00086
7115 0.00086
7116 0.00086
7117 0.00086
7118 0.00086
7119 0.00086
7120 0.00086
7121 0.00086
7122 0.00086
7123 0.00086
7124 0.00086
7125 0.00086
7126 0.00086
7127 0.00086
7128 0.00086
7129 0.00086
7130 0.00086
7131 0.00086
7132 0.00086
7133 0.00086
7134 0.00086
7135 0.00086
7136 0.00086
7137 0.00086
7138 0.00086
7139 0.00086
7140 0.00086
7141 0.00086
7142 0.00086
7143 0.00086
7144 0.00086
7145 0.00086
7146 0.00086
7147 0.00086
7148 0.00086
7149 0.00086
7150 0.00086
7151 0.00086
7152 0.00086
7153 0.00086
7154 0.00086
7155 0.00086
7156 0.00086
7157 0.00086
7158 0.00086
7159 0.00086
7160 0.00086
7161 0.00086
7162 0.00086
7163 0.00086
7164 0.00086
7165 0.00086
7166 0.00086
7167 0.00086
7168 0.00086
7169 0.00086
7170 0.00086
7171 0.00086
7172 0.00086
7173 0.00086
7174 0.00086
7175 0.00086
7176 0.00086
7177 0.00086
7178 0.00086
7179 0.00086
7180 0.00086
7181 0.00086
7182 0.00086
7183 0.00086
7184 0.00086
7185 0.00086
7186 0.00086
7187 0.00086
7188 0.00086
7189 0.00086
7190 0.00086
7191 0.00086
7192 0.00086
7193 0.00086
7194 0.00086
7195 0.00086
7196 0.00086
7197 0.00086
7198 0.00086
7199 0.00086
7200 0.00086
7201 0.00086
7202 0.00086
7203 0.00086
7204 0.00086
7205 0.00086
7206 0.00086
7207 0.00086
7208 0.00086
7209 0.00086
7210 0.00086
7211 0.00086
7212 0.00086
7213 0.00086
7214 0.00086
7215 0.00086
7216 0.00086
7217 0.00086
7218 0.00086
7219 0.00086
7220 0.00086
7221 0.00086
7222 0.00086
7223 0.00086
7224 0.00086
7225 0.00086
7226 0.00086
7227 0.00086
7228 0.00086
7229 0.00086
7230 0.00086
7231 0.00086
7232 0.00086
7233 0.00086
7234 0.00086
7235 0.00086
7236 0.00086
7237 0.00086
7238 0.00086
7239 0.00086
7240 0.00086
7241 0.00086
7242 0.00086
7243 0.00086
7244 0.00086
7245 0.00086
7246 0.00086
7247 0.00086
7248 0.00086
7249 0.00086
7250 0.00086
7251 0.00086
7252 0.00086
7253 0.00086
7254 0.00086
7255 0.00086
7256 0.00086
7257 0.00086
7258 0.00086
7259 0.00086
7260 0.00086
7261 0.00086
7262 0.00086
7263 0.00086
7264 0.00086
7265 0.00086
7266 0.00086
7267 0.00086
7268 0.00086
7269 0.00086
7270 0.00086
7271 0.00086
7272 0.00086
7273 0.00086
7274 0.00086
7275 0.00086
7276 0.00086
7277 0.00086
7278 0.00086
7279 0.00086
7280 0.00086
7281 0.00086
7282 0.00086
7283 0.00086
7284 0.00086
7285 0.00086
7286 0.00086
7287 0.00086
7288 0.00086
7289 0.00086
7290 0.00086
7291 0.00086
7292 0.00086
7293 0.00086
7294 0.00086
7295 0.00086
7296 0.00086
7297 0.00086
7298 0.00086
7299 0.00086
7300 0.00086
7301 0.00086
7302 0.00086
7303 0.00086
7304 0.00086
7305 0.00086
7306 0.00086
7307 0.00086
7308 0.00086
7309 0.00086
7310 0.00086
7311 0.00086
7312 0.00086
7313 0.00086
7314 0.00086
7315 0.00086
7316 0.00086
7317 0.00086
7318 0.00086
7319 0.00086
7320 0.00086
7321 0.00086
7322 0.00086
7323 0.00086
7324 0.00086
7325 0.00086
7326 0.00086
7327 0.00086
7328 0.00086
7329 0.00086
7330 0.00086
7331 0.00086
7332 0.00086
7333 0.00086
7334 0.00086
7335 0.00086
7336 0.00086
7337 0.00086
7338 0.00086
7339 0.00086
7340 0.00086
7341 0.00086
7342 0.00086
7343 0.00086
7344 0.00086
7345 0.00086
7346 0.00086
7347 0.00086
7348 0.00086
7349 0.00086
7350 0.00086
7351 0.00086
7352 0.00086
7353 0.00086
7354 0.00086
7355 0.00086
7356 0.00086
7357 0.00086
7358 0.00086
7359 0.00086
7360 0.00086
7361 0.00086
7362 0.00086
7363 0.00086
7364 0.00086
7365 0.00086
7366 0.00086
7367 0.00086
7368 0.00086
7369 0.00086
7370 0.00086
7371 0.00086
7372 0.00086
7373 0.00086
7374 0.00086
7375 0.00086
7376 0.00086
7377 0.00086
7378 0.00086
7379 0.00086
7380 0.00086
7381 0.00086
7382 0.00086
7383 0.00086
7384 0.00086
7385 0.00086
7386 0.00086
7387 0.00086
7388 0.00086
7389 0.00086
7390 0.00086
7391 0.00086
7392 0.00086
7393 0.00086
7394 0.00086
7395 0.00086
7396 0.00086
7397 0.00086
7398 0.00086
7399 0.00086
7400 0.00086
7401 0.00086
7402 0.00086
7403 0.00086
7404 0.00086
7405 0.00086
7406 0.00086
7407 0.00086
7408 0.00086
7409 0.00086
7410 0.00086
7411 0.00086
7412 0.00086
7413 0.00086
7414 0.00086
7415 0.00086
7416 0.00086
7417 0.00086
7418 0.00086
7419 0.00086
7420 0.00086
7421 0.00086
7422 0.00086
7423 0.00086
7424 0.00086
7425 0.00086
7426 0.00086
7427 0.00086
7428 0.00086
7429 0.00086
7430 0.00086
7431 0.00086
7432 0.00086
7433 0.00086
7434 0.00086
7435 0.00086
7436 0.00086
7437 0.00086
7438 0.00086
7439 0.00086
7440 0.00086
7441 0.00086
7442 0.00086
7443 0.00086
7444 0.00086
7445 0.00086
7446 0.00086
7447 0.00086
7448 0.00086
7449 0.00086
7450 0.00086
7451 0.00086
7452 0.00086
7453 0.00086
7454 0.00086
7455 0.00086
7456 0.00086
7457 0.00086
7458 0.00086
7459 0.00086
7460 0.00086
7461 0.00086
7462 0.00086
7463 0.00086
7464 0.00086
7465 0.00086
7466 0.00086
7467 0.00086
7468 0.00086
7469 0.00086
7470 0.00086
7471 0.00086
7472 0.00086
7473 0.00086
7474 0.00086
7475 0.00086
7476 0.00086
7477 0.00086
7478 0.00086
7479 0.00086
7480 0.00086
7481 0.00086
7482 0.00086
7483 0.00086
7484 0.00086
7485 0.00086
7486 0.00086
7487 0.00086
7488 0.00086
7489 0.00086
7490 0.00086
7491 0.00086
7492 0.00086
7493 0.00086
7494 0.00086
7495 0.00086
7496 0.00086
7497 0.00086
7498 0.00086
7499 0.00086
7500 0.00086
7501 0.00086
7502 0.00086
7503 0.00086
7504 0.00086
7505 0.00086
7506 0.00086
7507 0.00086
7508 0.00086
7509 0.00086
7510 0.00086
7511 0.00086
7512 0.00086
7513 0.00086
7514 0.00086
7515 0.00086
7516 0.00086
7517 0.00086
7518 0.00086
7519 0.00086
7520 0.00086
7521 0.00086
7522 0.00086
7523 0.00086
7524 0.00086
7525 0.00086
7526 0.00086
7527 0.00086
7528 0.00086
7529 0.00086
7530 0.00086
7531 0.00086
7532 0.00086
7533 0.00086
7534 0.00086
7535 0.00086
7536 0.00086
7537 0.00086
7538 0.00086
7539 0.00086
7540 0.00086
7541 0.00086
7542 0.00086
7543 0.00086
7544 0.00086
7545 0.00086
7546 0.00086
7547 0.00086
7548 0.00086
7549 0.00086
7550 0.00086
7551 0.00086
7552 0.00086
7553 0.00086
7554 0.00086
7555 0.00086
7556 0.00086
7557 0.00086
7558 0.00086
7559 0.00086
7560 0.00086
7561 0.00086
7562 0.00086
7563 0.00086
7564 0.00086
7565 0.00086
7566 0.00086
7567 0.00086
7568 0.00086
7569 0.00086
7570 0.00086
7571 0.00086
7572 0.00086
7573 0.00086
7574 0.00086
7575 0.00086
7576 0.00086
7577 0.00086
7578 0.00086
7579 0.00086
7580 0.00086
7581 0.00086
7582 0.00086
7583 0.00086
7584 0.00086
7585 0.00086
7586 0.00086
7587 0.00086
7588 0.00086
7589 0.00086
7590 0.00086
7591 0.00086
7592 0.00086
7593 0.00086
7594 0.00086
7595 0.00086
7596 0.00086
7597 0.00086
7598 0.00086
7599 0.00086
7600 0.00086
7601 0.00086
7602 0.00086
7603 0.00086
7604 0.00086
7605 0.00086
7606 0.00086
7607 0.00086
7608 0.00086
7609 0.00086
7610 0.00086
7611 0.00086
7612 0.00086
7613 0.00086
7614 0.00086
7615 0.00086
7616 0.00086
7617 0.00086
7618 0.00086
7619 0.00086
7620 0.00086
7621 0.00086
7622 0.00086
7623 0.00086
7624 0.00086
7625 0.00086
7626 0.00086
7627 0.00086
7628 0.00086
7629 0.00086
7630 0.00086
7631 0.00086
7632 0.00086
7633 0.00086
7634 0.00086
7635 0.00086
7636 0.00086
7637 0.00086
7638 0.00086
7639 0.00086
7640 0.00086
7641 0.00086
7642 0.00086
7643 0.00086
7644 0.00086
7645 0.00086
7646 0.00086
7647 0.00086
7648 0.00086
7649 0.00086
7650 0.00086
7651 0.00086
7652 0.00086
7653 0.00086
7654 0.00086
7655 0.00086
7656 0.00086
7657 0.00086
7658 0.00086
7659 0.00086
7660 0.00086
7661 0.00086
7662 0.00086
7663 0.00086
7664 0.00086
7665 0.00086
7666 0.00086
7667 0.00086
7668 0.00086
7669 0.00086
7670 0.00086
7671 0.00086
7672 0.00086
7673 0.00086
7674 0.00086
7675 0.00086
7676 0.00086
7677 0.00086
7678 0.00086
7679 0.00086
7680 0.00086
7681 0.00086
7682 0.00086
7683 0.00086
7684 0.00086
7685 0.00086
7686 0.00086
7687 0.00086
7688 0.00086
7689 0.00086
7690 0.00086
7691 0.00086
7692 0.00086
7693 0.00086
7694 0.00086
7695 0.00086
7696 0.00086
7697 0.00086
7698 0.00086
7699 0.00086
7700 0.00086
7701 0.00086
7702 0.00086
7703 0.00086
7704 0.00086
7705 0.00086
7706 0.00086
7707 0.00086
7708 0.00086
7709 0.00086
7710 0.00086
7711 0.00086
7712 0.00086
7713 0.00086
7714 0.00086
7715 0.00086
7716 0.00086
7717 0.00086
7718 0.00086
7719 0.00086
7720 0.00086
7721 0.00086
7722 0.00086
7723 0.00086
7724 0.00086
7725 0.00086
7726 0.00086
7727 0.00086
7728 0.00086
7729 0.00086
7730 0.00086
7731 0.00086
7732 0.00086
7733 0.00086
7734 0.00086
7735 0.00086
7736 0.00086
7737 0.00086
7738 0.00086
7739 0.00086
7740 0.00086
7741 0.00086
7742 0.00086
7743 0.00086
7744 0.00086
7745 0.00086
7746 0.00086
7747 0.00086
7748 0.00086
7749 0.00086
7750 0.00086
7751 0.00086
7752 0.00086
7753 0.00086
7754 0.00086
7755 0.00086
7756 0.00086
7757 0.00086
7758 0.00086
7759 0.00086
7760 0.00086
7761 0.00086
7762 0.00086
7763 0.00086
7764 0.00086
7765 0.00086
7766 0.00086
7767 0.00086
7768 0.00086
7769 0.00086
7770 0.00086
7771 0.00086
7772 0.00086
7773 0.00086
7774 0.00086
7775 0.00086
7776 0.00086
7777 0.00086
7778 0.00086
7779 0.00086
7780 0.00086
7781 0.00086
7782 0.00086
7783 0.00086
7784 0.00086
7785 0.00086
7786 0.00086
7787 0.00086
7788 0.00086
7789 0.00086
7790 0.00086
7791 0.00086
7792 0.00086
7793 0.00086
7794 0.00086
7795 0.00086
7796 0.00086
7797 0.00086
7798 0.00086
7799 0.00086
7800 0.00086
7801 0.00086
7802 0.00086
7803 0.00086
7804 0.00086
7805 0.00086
7806 0.00086
7807 0.00086
7808 0.00086
7809 0.00086
7810 0.00086
7811 0.00086
7812 0.00086
7813 0.00086
7814 0.00086
7815 0.00086
7816 0.00086
7817 0.00086
7818 0.00086
7819 0.00086
7820 0.00086
7821 0.00086
7822 0.00086
7823 0.00086
7824 0.00086
7825 0.00086
7826 0.00086
7827 0.00086
7828 0.00086
7829 0.00086
7830 0.00086
7831 0.00086
7832 0.00086
7833 0.00086
7834 0.00086
7835 0.00086
7836 0.00086
7837 0.00086
7838 0.00086
7839 0.00086
7840 0.00086
7841 0.00086
7842 0.00086
7843 0.00086
7844 0.00086
7845 0.00086
7846 0.00086
7847 0.00086
7848 0.00086
7849 0.00086
7850 0.00086
7851 0.00086
7852 0.00086
7853 0.00086
7854 0.00086
7855 0.00086
7856 0.00086
7857 0.00086
7858 0.00086
7859 0.00086
7860 0.00086
7861 0.00086
7862 0.00086
7863 0.00086
7864 0.00086
7865 0.00086
7866 0.00086
7867 0.00086
7868 0.00086
7869 0.00086
7870 0.00086
7871 0.00086
7872 0.00086
7873 0.00086
7874 0.00086
7875 0.00086
7876 0.00086
7877 0.00086
7878 0.00086
7879 0.00086
7880 0.00086
7881 0.00086
7882 0.00086
7883 0.00086
7884 0.00086
7885 0.00086
7886 0.00086
7887 0.00086
7888 0.00086
7889 0.00086
7890 0.00086
7891 0.00086
7892 0.00086
7893 0.00086
7894 0.00086
7895 0.00086
7896 0.00086
7897 0.00086
7898 0.00086
7899 0.00086
7900 0.00086
7901 0.00086
7902 0.00086
7903 0.00086
7904 0.00086
7905 0.00086
7906 0.00086
7907 0.00086
7908 0.00086
7909 0.00086
7910 0.00086
7911 0.00086
7912 0.00086
7913 0.00086
7914 0.00086
7915 0.00086
7916 0.00086
7917 0.00086
7918 0.00086
7919 0.00086
7920 0.00086
7921 0.00086
7922 0.00086
7923 0.00086
7924 0.00086
7925 0.00086
7926 0.00086
7927 0.00086
7928 0.00086
7929 0.00086
7930 0.00086
7931 0.00086
7932 0.00086
7933 0.00086
7934 0.00086
7935 0.00086
7936 0.00086
7937 0.00086
7938 0.00086
7939 0.00086
7940 0.00086
7941 0.00086
7942 0.00086
7943 0.00086
7944 0.00086
7945 0.00086
7946 0.00086
7947 0.00086
7948 0.00086
7949 0.00086
7950 0.00086
7951 0.00086
7952 0.00086
7953 0.00086
7954 0.00086
7955 0.00086
7956 0.00086
7957 0.00086
7958 0.00086
7959 0.00086
7960 0.00086
7961 0.00086
7962 0.00086
7963 0.00086
7964 0.00086
7965 0.00086
7966 0.00086
7967 0.00086
7968 0.00086
7969 0.00086
7970 0.00086
7971 0.00086
7972 0.00086
7973 0.00086
7974 0.00086
7975 0.00086
7976 0.00086
7977 0.00086
7978 0.00086
7979 0.00086
7980 0.00086
7981 0.00086
7982 0.00086
7983 0.00086
7984 0.00086
7985 0.00086
7986 0.00086
7987 0.00086
7988 0.00086
7989 0.00086
7990 0.00086
7991 0.00086
7992 0.00086
7993 0.00086
7994 0.00086
7995 0.00086
7996 0.00086
7997 0.00086
7998 0.00086
7999 0.00086
8000 0.00086
8001 0.00086
8002 0.00086
8003 0.00086
8004 0.00086
8005 0.00086
8006 0.00086
8007 0.00086
8008 0.00086
8009 0.00086
8010 0.00086
8011 0.00086
8012 0.00086
8013 0.00086
8014 0.00086
8015 0.00086
8016 0.00086
8017 0.00086
8018 0.00086
8019 0.00086
8020 0.00086
8021 0.00086
8022 0.00086
8023 0.00086
8024 0.00086
8025 0.00086
8026 0.00086
8027 0.00086
8028 0.00086
8029 0.00086
8030 0.00086
8031 0.00086
8032 0.00086
8033 0.00086
8034 0.00086
8035 0.00086
8036 0.00086
8037 0.00086
8038 0.00086
8039 0.00086
8040 0.00086
8041 0.00086
8042 0.00086
8043 0.00086
8044 0.00086
8045 0.00086
8046 0.00086
8047 0.00086
8048 0.00086
8049 0.00086
8050 0.00086
8051 0.00086
8052 0.00086
8053 0.00086
8054 0.00086
8055 0.00086
8056 0.00086
8057 0.00086
8058 0.00086
8059 0.00086
8060 0.00086
8061 0.00086
8062 0.00086
8063 0.00086
8064 0.00086
8065 0.00086
8066 0.00086
8067 0.00086
8068 0.00086
8069 0.00086
8070 0.00086
8071 0.00086
8072 0.00086
8073 0.00086
8074 0.00086
8075 0.00086
8076 0.00086
8077 0.00086
8078 0.00086
8079 0.00086
8080 0.00086
8081 0.00086
8082 0.00086
8083 0.00086
8084 0.00086
8085 0.00086
8086 0.00086
8087 0.00086
8088 0.00086
8089 0.00086
8090 0.00086
8091 0.00086
8092 0.00086
8093 0.00086
8094 0.00086
8095 0.00086
8096 0.00086
8097 0.00086
8098 0.00086
8099 0.00086
8100 0.00086
8101 0.00086
8102 0.00086
8103 0.00086
8104 0.00086
8105 0.00086
8106 0.00086
8107 0.00086
8108 0.00086
8109 0.00086
8110 0.00086
8111 0.00086
8112 0.00086
8113 0.00086
8114 0.00086
8115 0.00086
8116 0.00086
8117 0.00086
8118 0.00086
8119 0.00086
8120 0.00086
8121 0.00086
8122 0.00086
8123 0.00086
8124 0.00086
8125 0.00086
8126 0.00086
8127 0.00086
8128 0.00086
8129 0.00086
8130 0.00086
8131 0.00086
8132 0.00086
8133 0.00086
8134 0.00086
8135 0.00086
8136 0.00086
8137 0.00086
8138 0.00086
8139 0.00086
8140 0.00086
8141 0.00086
8142 0.00086
8143 0.00086
8144 0.00086
8145 0.00086
8146 0.00086
8147 0.00086
8148 0.00086
8149 0.00086
8150 0.00086
8151 0.00086
8152 0.00086
8153 0.00086
8154 0.00086
8155 0.00086
8156 0.00086
8157 0.00086
8158 0.00086
8159 0.00086
8160 0.00086
8161 0.00086
8162 0.00086
8163 0.00086
8164 0.00086
8165 0.00086
8166 0.00086
8167 0.00086
8168 0.00086
8169 0.00086
8170 0.00086
8171 0.00086
8172 0.00086
8173 0.00086
8174 0.00086
8175 0.00086
8176 0.00086
8177 0.00086
8178 0.00086
8179 0.00086
8180 0.00086
8181 0.00086
8182 0.00086
8183 0.00086
8184 0.00086
8185 0.00086
8186 0.00086
8187 0.00086
8188 0.00086
8189 0.00086
8190 0.00086
8191 0.00086
8192 0.00086
8193 0.00086
8194 0.00086
8195 0.00086
8196 0.00086
8197 0.00086
8198 0.00086
8199 0.00086
8200 0.00086
8201 0.00086
8202 0.00086
8203 0.00086
8204 0.00086
8205 0.00086
8206 0.00086
8207 0.00086
8208 0.00086
8209 0.00086
8210 0.00086
8211 0.00086
8212 0.00086
8213 0.00086
8214 0.00086
8215 0.00086
8216 0.00086
8217 0.00086
8218 0.00086
8219 0.00086
8220 0.00086
8221 0.00086
8222 0.00086
8223 0.00086
8224 0.00086
8225 0.00086
8226 0.00086
8227 0.00086
8228 0.00086
8229 0.00086
8230 0.00086
8231 0.00086
8232 0.00086
8233 0.00086
8234 0.00086
8235 0.00086
8236 0.00086
8237 0.00086
8238 0.00086
8239 0.00086
8240 0.00086
8241 0.00086
8242 0.00086
8243 0.00086
8244 0.00086
8245 0.00086
8246 0.00086
8247 0.00086
8248 0.00086
8249 0.00086
8250 0.00086
8251 0.00086
8252 0.00086
8253 0.00086
8254 0.00086
8255 0.00086
8256 0.00086
8257 0.00086
8258 0.00086
8259 0.00086
8260 0.00086
8261 0.00086
8262 0.00086
8263 0.00086
8264 0.00086
8265 0.00086
8266 0.00086
8267 0.00086
8268 0.00086
8269 0.00086
8270 0.00086
8271 0.00086
8272 0.00086
8273 0.00086
8274 0.00086
8275 0.00086
8276 0.00086
8277 0.00086
8278 0.00086
8279 0.00086
8280 0.00086
8281 0.00086
8282 0.00086
8283 0.00086
8284 0.00086
8285 0.00086
8286 0.00086
8287 0.00086
8288 0.00086
8289 0.00086
8290 0.00086
8291 0.00086
8292 0.00086
8293 0.00086
8294 0.00086
8295 0.00086
8296 0.00086
8297 0.00086
8298 0.00086
8299 0.00086
8300 0.00086
8301 0.00086
8302 0.00086
8303 0.00086
8304 0.00086
8305 0.00086
8306 0.00086
8307 0.00086
8308 0.00086
8309 0.00086
8310 0.00086
8311 0.00086
8312 0.00086
8313 0.00086
8314 0.00086
8315 0.00086
8316 0.00086
8317 0.00086
8318 0.00086
8319 0.00086
8320 0.00086
8321 0.00086
8322 0.00086
8323 0.00086
8324 0.00086
8325 0.00086
8326 0.00086
8327 0.00086
8328 0.00086
8329 0.00086
8330 0.00086
8331 0.00086
8332 0.00086
8333 0.00086
8334 0.00086
8335 0.00086
8336 0.00086
8337 0.00086
8338 0.00086
8339 0.00086
8340 0.00086
8341 0.00086
8342 0.00086
8343 0.00086
8344 0.00086
8345 0.00086
8346 0.00086
8347 0.00086
8348 0.00086
8349 0.00086
8350 0.00086
8351 0.00086
8352 0.00086
8353 0.00086
8354 0.00086
8355 0.00086
8356 0.00086
8357 0.00086
8358 0.00086
8359 0.00086
8360 0.00086
8361 0.00086
8362 0.00086
8363 0.00086
8364 0.00086
8365 0.00086
8366 0.00086
8367 0.00086
8368 0.00086
8369 0.00086
8370 0.00086
8371 0.00086
8372 0.00086
8373 0.00086
8374 0.00086
8375 0.00086
8376 0.00086
8377 0.00086
8378 0.00086
8379 0.00086
8380 0.00086
8381 0.00086
8382 0.00086
8383 0.00086
8384 0.00086
8385 0.00086
8386 0.00086
8387 0.00086
8388 0.00086
8389 0.00086
8390 0.00086
8391 0.00086
8392 0.00086
8393 0.00086
8394 0.00086
8395 0.00086
8396 0.00086
8397 0.00086
8398 0.00086
8399 0.00086
8400 0.00086
8401 0.00086
8402 0.00086
8403 0.00086
8404 0.00086
8405 0.00086
8406 0.00086
8407 0.00086
8408 0.00086
8409 0.00086
8410 0.00086
8411 0.00086
8412 0.00086
8413 0.00086
8414 0.00086
8415 0.00086
8416 0.00086
8417 0.00086
8418 0.00086
8419 0.00086
8420 0.00086
8421 0.00086
8422 0.00086
8423 0.00086
8424 0.00086
8425 0.00086
8426 0.00086
8427 0.00086
8428 0.00086
8429 0.00086
8430 0.00086
8431 0.00086
8432 0.00086
8433 0.00086
8434 0.00086
8435 0.00086
8436 0.00086
8437 0.00086
8438 0.00086
8439 0.00086
8440 0.00086
8441 0.00086
8442 0.00086
8443 0.00086
8444 0.00086
8445 0.00086
8446 0.00086
8447 0.00086
8448 0.00086
8449 0.00086
8450 0.00086
8451 0.00086
8452 0.00086
8453 0.00086
8454 0.00086
8455 0.00086
8456 0.00086
8457 0.00086
8458 0.00086
8459 0.00086
8460 0.00086
8461 0.00086
8462 0.00086
8463 0.00086
8464 0.00086
8465 0.00086
8466 0.00086
8467 0.00086
8468 0.00086
8469 0.00086
8470 0.00086
8471 0.00086
8472 0.00086
8473 0.00086
8474 0.00086
8475 0.00086
8476 0.00086
8477 0.00086
8478 0.00086
8479 0.00086
8480 0.00086
8481 0.00086
8482 0.00086
8483 0.00086
8484 0.00086
8485 0.00086
8486 0.00086
8487 0.00086
8488 0.00086
8489 0.00086
8490 0.00086
8491 0.00086
8492 0.00086
8493 0.00086
8494 0.00086
8495 0.00086
8496 0.00086
8497 0.00086
8498 0.00086
8499 0.00086
8500 0.00086
8501 0.00086
8502 0.00086
8503 0.00086
8504 0.00086
8505 0.00086
8506 0.00086
8507 0.00086
8508 0.00086
8509 0.00086
8510 0.00086
8511 0.00086
8512 0.00086
8513 0.00086
8514 0.00086
8515 0.00086
8516 0.00086
8517 0.00086
8518 0.00086
8519 0.00086
8520 0.00086
8521 0.00086
8522 0.00086
8523 0.00086
8524 0.00086
8525 0.00086
8526 0.00086
8527 0.00086
8528 0.00086
8529 0.00086
8530 0.00086
8531 0.00086
8532 0.00086
8533 0.00086
8534 0.00086
8535 0.00086
8536 0.00086
8537 0.00086
8538 0.00086
8539 0.00086
8540 0.00086
8541 0.00086
8542 0.00086
8543 0.00086
8544 0.00086
8545 0.00086
8546 0.00086
8547 0.00086
8548 0.00086
8549 0.00086
8550 0.00086
8551 0.00086
8552 0.00086
8553 0.00086
8554 0.00086
8555 0.00086
8556 0.00086
8557 0.00086
8558 0.00086
8559 0.00086
8560 0.00086
8561 0.00086
8562 0.00086
8563 0.00086
8564 0.00086
8565 0.00086
8566 0.00086
8567 0.00086
8568 0.00086
8569 0.00086
8570 0.00086
8571 0.00086
8572 0.00086
8573 0.00086
8574 0.00086
8575 0.00086
8576 0.00086
8577 0.00086
8578 0.00086
8579 0.00086
8580 0.00086
8581 0.00086
8582 0.00086
8583 0.00086
8584 0.00086
8585 0.00086
8586 0.00086
8587 0.00086
8588 0.00086
8589 0.00086
8590 0.00086
8591 0.00086
8592 0.00086
8593 0.00086
8594 0.00086
8595 0.00086
8596 0.00086
8597 0.00086
8598 0.00086
8599 0.00086
8600 0.00086
8601 0.00086
8602 0.00086
8603 0.00086
8604 0.00086
8605 0.00086
8606 0.00086
8607 0.00086
8608 0.00086
8609 0.00086
8610 0.00086
8611 0.00086
8612 0.00086
8613 0.00086
8614 0.00086
8615 0.00086
8616 0.00086
8617 0.00086
8618 0.00086
8619 0.00086
8620 0.00086
8621 0.00086
8622 0.00086
8623 0.00086
8624 0.00086
8625 0.00086
8626 0.00086
8627 0.00086
8628 0.00086
8629 0.00086
8630 0.00086
8631 0.00086
8632 0.00086
8633 0.00086
8634 0.00086
8635 0.00086
8636 0.00086
8637 0.00086
8638 0.00086
8639 0.00086
8640 0.00086
8641 0.00086
8642 0.00086
8643 0.00086
8644 0.00086
8645 0.00086
8646 0.00086
8647 0.00086
8648 0.00086
8649 0.00086
8650 0.00086
8651 0.00086
8652 0.00086
8653 0.00086
8654 0.00086
8655 0.00086
8656 0.00086
8657 0.00086
8658 0.00086
8659 0.00086
8660 0.00086
8661 0.00086
8662 0.00086
8663 0.00086
8664 0.00086
8665 0.00086
8666 0.00086
8667 0.00086
8668 0.00086
8669 0.00086
8670 0.00086
8671 0.00086
8672 0.00086
8673 0.00086
8674 0.00086
8675 0.00086
8676 0.00086
8677 0.00086
8678 0.00086
8679 0.00086
8680 0.00086
8681 0.00086
8682 0.00086
8683 0.00086
8684 0.00086
8685 0.00086
8686 0.00086
8687 0.00086
8688 0.00086
8689 0.00086
8690 0.00086
8691 0.00086
8692 0.00086
8693 0.00086
8694 0.00086
8695 0.00086
8696 0.00086
8697 0.00086
8698 0.00086
8699 0.00086
8700 0.00086
8701 0.00086
8702 0.00086
8703 0.00086
8704 0.00086
8705 0.00086
8706 0.00086
8707 0.00086
8708 0.00086
8709 0.00086
8710 0.00086
8711 0.00086
8712 0.00086
8713 0.00086
8714 0.00086
8715 0.00086
8716 0.00086
8717 0.00086
8718 0.00086
8719 0.00086
8720 0.00086
8721 0.00086
8722 0.00086
8723 0.00086
8724 0.00086
8725 0.00086
8726 0.00086
8727 0.00086
8728 0.00086
8729 0.00086
8730 0.00086
8731 0.00086
8732 0.00086
8733 0.00086
8734 0.00086
8735 0.00086
8736 0.00086
8737 0.00086
8738 0.00086
8739 0.00086
8740 0.00086
8741 0.00086
8742 0.00086
8743 0.00086
8744 0.00086
8745 0.00086
8746 0.00086
8747 0.00086
8748 0.00086
8749 0.00086
8750 0.00086
8751 0.00086
8752 0.00086
8753 0.00086
8754 0.00086
8755 0.00086
8756 0.00086
8757 0.00086
8758 0.00086
8759 0.00086
8760 0.00086
8761 0.00086
8762 0.00086
8763 0.00086
8764 0.00086
8765 0.00086
8766 0.00086
8767 0.00086
8768 0.00086
8769 0.00086
8770 0.00086
8771 0.00086
8772 0.00086
8773 0.00086
8774 0.00086
8775 0.00086
8776 0.00086
8777 0.00086
8778 0.00086
8779 0.00086
8780 0.00086
8781 0.00086
8782 0.00086
8783 0.00086
8784 0.00086
8785 0.00086
8786 0.00086
8787 0.00086
8788 0.00086
8789 0.00086
8790 0.00086
8791 0.00086
8792 0.00086
8793 0.00086
8794 0.00086
8795 0.00086
8796 0.00086
8797 0.00086
8798 0.00086
8799 0.00086
8800 0.00086
8801 0.00086
8802 0.00086
8803 0.00086
8804 0.00086
8805 0.00086
8806 0.00086
8807 0.00086
8808 0.00086
8809 0.00086
8810 0.00086
8811 0.00086
8812 0.00086
8813 0.00086
8814 0.00086
8815 0.00086
8816 0.00086
8817 0.00086
8818 0.00086
8819 0.00086
8820 0.00086
8821 0.00086
8822 0.00086
8823 0.00086
8824 0.00086
8825 0.00086
8826 0.00086
8827 0.00086
8828 0.00086
8829 0.00086
8830 0.00086
8831 0.00086
8832 0.00086
8833 0.00086
8834 0.00086
8835 0.00086
8836 0.00086
8837 0.00086
8838 0.00086
8839 0.00086
8840 0.00086
8841 0.00086
8842 0.00086
8843 0.00086
8844 0.00086
8845 0.00086
8846 0.00086
8847 0.00086
8848 0.00086
8849 0.00086
8850 0.00086
8851 0.00086
8852 0.00086
8853 0.00086
8854 0.00086
8855 0.00086
8856 0.00086
8857 0.00086
8858 0.00086
8859 0.00086
8860 0.00086
8861 0.00086
8862 0.00086
8863 0.00086
8864 0.00086
8865 0.00086
8866 0.00086
8867 0.00086
8868 0.00086
8869 0.00086
8870 0.00086
8871 0.00086
8872 0.00086
8873 0.00086
8874 0.00086
8875 0.00086
8876 0.00086
8877 0.00086
8878 0.00086
8879 0.00086
8880 0.00086
8881 0.00086
8882 0.00086
8883 0.00086
8884 0.00086
8885 0.00086
8886 0.00086
8887 0.00086
8888 0.00086
8889 0.00086
8890 0.00086
8891 0.00086
8892 0.00086
8893 0.00086
8894 0.00086
8895 0.00086
8896 0.00086
8897 0.00086
8898 0.00086
8899 0.00086
8900 0.00086
8901 0.00086
8902 0.00086
8903 0.00086
8904 0.00086
8905 0.00086
8906 0.00086
8907 0.00086
8908 0.00086
8909 0.00086
8910 0.00086
8911 0.00086
8912 0.00086
8913 0.00086
8914 0.00086
8915 0.00086
8916 0.00086
8917 0.00086
8918 0.00086
8919 0.00086
8920 0.00086
8921 0.00086
8922 0.00086
8923 0.00086
8924 0.00086
8925 0.00086
8926 0.00086
8927 0.00086
8928 0.00086
8929 0.00086
8930 0.00086
8931 0.00086
8932 0.00086
8933 0.00086
8934 0.00086
8935 0.00086
8936 0.00086
8937 0.00086
8938 0.00086
8939 0.00086
8940 0.00086
8941 0.00086
8942 0.00086
8943 0.00086
8944 0.00086
8945 0.00086
8946 0.00086
8947 0.00086
8948 0.00086
8949 0.00086
8950 0.00086
8951 0.00086
8952 0.00086
8953 0.00086
8954 0.00086
8955 0.00086
8956 0.00086
8957 0.00086
8958 0.00086
8959 0.00086
8960 0.00086
8961 0.00086
8962 0.00086
8963 0.00086
8964 0.00086
8965 0.00086
8966 0.00086
8967 0.00086
8968 0.00086
8969 0.00086
8970 0.00086
8971 0.00086
8972 0.00086
8973 0.00086
8974 0.00086
8975 0.00086
8976 0.00086
8977 0.00086
8978 0.00086
8979 0.00086
8980 0.00086
8981 0.00086
8982 0.00086
8983 0.00086
8984 0.00086
8985 0.00086
8986 0.00086
8987 0.00086
8988 0.00086
8989 0.00086
8990 0.00086
8991 0.00086
8992 0.00086
8993 0.00086
8994 0.00086
8995 0.00086
8996 0.00086
8997 0.00086
8998 0.00086
8999 0.00086
9000 0.00086
9001 0.00086
9002 0.00086
9003 0.00086
9004 0.00086
9005 0.00086
9006 0.00086
9007 0.00086
9008 0.00086
9009 0.00086
9010 0.00086
9011 0.00086
9012 0.00086
9013 0.00086
9014 0.00086
9015 0.00086
9016 0.00086
9017 0.00086
9018 0.00086
9019 0.00086
9020 0.00086
9021 0.00086
9022 0.00086
9023 0.00086
9024 0.00086
9025 0.00086
9026 0.00086
9027 0.00086
9028 0.00086
9029 0.00086
9030 0.00086
9031 0.00086
9032 0.00086
9033 0.00086
9034 0.00086
9035 0.00086
9036 0.00086
9037 0.00086
9038 0.00086
9039 0.00086
9040 0.00086
9041 0.00086
9042 0.00086
9043 0.00086
9044 0.00086
9045 0.00086
9046 0.00086
9047 0.00086
9048 0.00086
9049 0.00086
9050 0.00086
9051 0.00086
9052 0.00086
9053 0.00086
9054 0.00086
9055 0.00086
9056 0.00086
9057 0.00086
9058 0.00086
9059 0.00086
9060 0.00086
9061 0.00086
9062 0.00086
9063 0.00086
9064 0.00086
9065 0.00086
9066 0.00086
9067 0.00086
9068 0.00086
9069 0.00086
9070 0.00086
9071 0.00086
9072 0.00086
9073 0.00086
9074 0.00086
9075 0.00086
9076 0.00086
9077 0.00086
9078 0.00086
9079 0.00086
9080 0.00086
9081 0.00086
9082 0.00086
9083 0.00086
9084 0.00086
9085 0.00086
9086 0.00086
9087 0.00086
9088 0.00086
9089 0.00086
9090 0.00086
9091 0.00086
9092 0.00086
9093 0.00086
9094 0.00086
9095 0.00086
9096 0.00086
9097 0.00086
9098 0.00086
9099 0.00086
9100 0.00086
9101 0.00086
9102 0.00086
9103 0.00086
9104 0.00086
9105 0.00086
9106 0.00086
9107 0.00086
9108 0.00086
9109 0.00086
9110 0.00086
9111 0.00086
9112 0.00086
9113 0.00086
9114 0.00086
9115 0.00086
9116 0.00086
9117 0.00086
9118 0.00086
9119 0.00086
9120 0.00086
9121 0.00086
9122 0.00086
9123 0.00086
9124 0.00086
9125 0.00086
9126 0.00086
9127 0.00086
9128 0.00086
9129 0.00086
9130 0.00086
9131 0.00086
9132 0.00086
9133 0.00086
9134 0.00086
9135 0.00086
9136 0.00086
9137 0.00086
9138 0.00086
9139 0.00086
9140 0.00086
9141 0.00086
9142 0.00086
9143 0.00086
9144 0.00086
9145 0.00086
9146 0.00086
9147 0.00086
9148 0.00086
9149 0.00086
9150 0.00086
9151 0.00086
9152 0.00086
9153 0.00086
9154 0.00086
9155 0.00086
9156 0.00086
9157 0.00086
9158 0.00086
9159 0.00086
9160 0.00086
9161 0.00086
9162 0.00086
9163 0.00086
9164 0.00086
9165 0.00086
9166 0.00086
9167 0.00086
9168 0.00086
9169 0.00086
9170 0.00086
9171 0.00086
9172 0.00086
9173 0.00086
9174 0.00086
9175 0.00086
9176 0.00086
9177 0.00086
9178 0.00086
9179 0.00086
9180 0.00086
9181 0.00086
9182 0.00086
9183 0.00086
9184 0.00086
9185 0.00086
9186 0.00086
9187 0.00086
9188 0.00086
9189 0.00086
9190 0.00086
9191 0.00086
9192 0.00086
9193 0.00086
9194 0.00086
9195 0.00086
9196 0.00086
9197 0.00086
9198 0.00086
9199 0.00086
9200 0.00086
9201 0.00086
9202 0.00086
9203 0.00086
9204 0.00086
9205 0.00086
9206 0.00086
9207 0.00086
9208 0.00086
9209 0.00086
9210 0.00086
9211 0.00086
9212 0.00086
9213 0.00086
9214 0.00086
9215 0.00086
9216 0.00086
9217 0.00086
9218 0.00086
9219 0.00086
9220 0.00086
9221 0.00086
9222 0.00086
9223 0.00086
9224 0.00086
9225 0.00086
9226 0.00086
9227 0.00086
9228 0.00086
9229 0.00086
9230 0.00086
9231 0.00086
9232 0.00086
9233 0.00086
9234 0.00086
9235 0.00086
9236 0.00086
9237 0.00086
9238 0.00086
9239 0.00086
9240 0.00086
9241 0.00086
9242 0.00086
9243 0.00086
9244 0.00086
9245 0.00086
9246 0.00086
9247 0.00086
9248 0.00086
9249 0.00086
9250 0.00086
9251 0.00086
9252 0.00086
9253 0.00086
9254 0.00086
9255 0.00086
9256 0.00086
9257 0.00086
9258 0.00086
9259 0.00086
9260 0.00086
9261 0.00086
9262 0.00086
9263 0.00086
9264 0.00086
9265 0.00086
9266 0.00086
9267 0.00086
9268 0.00086
9269 0.00086
9270 0.00086
9271 0.00086
9272 0.00086
9273 0.00086
9274 0.00086
9275 0.00086
9276 0.00086
9277 0.00086
9278 0.00086
9279 0.00086
9280 0.00086
9281 0.00086
9282 0.00086
9283 0.00086
9284 0.00086
9285 0.00086
9286 0.00086
9287 0.00086
9288 0.00086
9289 0.00086
9290 0.00086
9291 0.00086
9292 0.00086
9293 0.00086
9294 0.00086
9295 0.00086
9296 0.00086
9297 0.00086
9298 0.00086
9299 0.00086
9300 0.00086
9301 0.00086
9302 0.00086
9303 0.00086
9304 0.00086
9305 0.00086
9306 0.00086
9307 0.00086
9308 0.00086
9309 0.00086
9310 0.00086
9311 0.00086
9312 0.00086
9313 0.00086
9314 0.00086
9315 0.00086
9316 0.00086
9317 0.00086
9318 0.00086
9319 0.00086
9320 0.00086
9321 0.00086
9322 0.00086
9323 0.00086
9324 0.00086
9325 0.00086
9326 0.00086
9327 0.00086
9328 0.00086
9329 0.00086
9330 0.00086
9331 0.00086
9332 0.00086
9333 0.00086
9334 0.00086
9335 0.00086
9336 0.00086
9337 0.00086
9338 0.00086
9339 0.00086
9340 0.00086
9341 0.00086
9342 0.00086
9343 0.00086
9344 0.00086
9345 0.00086
9346 0.00086
9347 0.00086
9348 0.00086
9349 0.00086
9350 0.00086
9351 0.00086
9352 0.00086
9353 0.00086
9354 0.00086
9355 0.00086
9356 0.00086
9357 0.00086
9358 0.00086
9359 0.00086
9360 0.00086
9361 0.00086
9362 0.00086
9363 0.00086
9364 0.00086
9365 0.00086
9366 0.00086
9367 0.00086
9368 0.00086
9369 0.00086
9370 0.00086
9371 0.00086
9372 0.00086
9373 0.00086
9374 0.00086
9375 0.00086
9376 0.00086
9377 0.00086
9378 0.00086
9379 0.00086
9380 0.00086
9381 0.00086
9382 0.00086
9383 0.00086
9384 0.00086
9385 0.00086
9386 0.00086
9387 0.00086
9388 0.00086
9389 0.00086
9390 0.00086
9391 0.00086
9392 0.00086
9393 0.00086
9394 0.00086
9395 0.00086
9396 0.00086
9397 0.00086
9398 0.00086
9399 0.00086
9400 0.00086
9401 0.00086
9402 0.00086
9403 0.00086
9404 0.00086
9405 0.00086
9406 0.00086
9407 0.00086
9408 0.00086
9409 0.00086
9410 0.00086
9411 0.00086
9412 0.00086
9413 0.00086
9414 0.00086
9415 0.00086
9416 0.00086
9417 0.00086
9418 0.00088
9419 0.00088
9420 0.00088
9421 0.00088
9422 0.00088
9423 0.00088
9424 0.00088
9425 0.00088
9426 0.00088
9427 0.00088
9428 0.00088
9429 0.00088
9430 0.00088
9431 0.00088
9432 0.00088
9433 0.00088
9434 0.00088
9435 0.00088
9436 0.00088
9437 0.00088
9438 0.00088
9439 0.00088
9440 0.00088
9441 0.00088
9442 0.00088
9443 0.00088
9444 0.00088
9445 0.00088
9446 0.00088
9447 0.00088
9448 0.00088
9449 0.00088
9450 0.00088
9451 0.00088
9452 0.00088
9453 0.00088
9454 0.00088
9455 0.00088
9456 0.00088
9457 0.00088
9458 0.00088
9459 0.00088
9460 0.00088
9461 0.00088
9462 0.00088
9463 0.00088
9464 0.00088
9465 0.00088
9466 0.00088
9467 0.00088
9468 0.00088
9469 0.00088
9470 0.00088
9471 0.00088
9472 0.00088
9473 0.00088
9474 0.00088
9475 0.00088
9476 0.00088
9477 0.00088
9478 0.00088
9479 0.00088
9480 0.00088
9481 0.00088
9482 0.00088
9483 0.00088
9484 0.00088
9485 0.00088
9486 0.00088
9487 0.00088
9488 0.00088
9489 0.00088
9490 0.00088
9491 0.00088
9492 0.00088
9493 0.00088
9494 0.00088
9495 0.00088
9496 0.00088
9497 0.00088
9498 0.00088
9499 0.00088
9500 0.00088
9501 0.00088
9502 0.00088
9503 0.00088
9504 0.00088
9505 0.00088
9506 0.00088
9507 0.00088
9508 0.00088
9509 0.00088
9510 0.00088
9511 0.00088
9512 0.00088
9513 0.00088
9514 0.00088
9515 0.00088
9516 0.00088
9517 0.00088
9518 0.00088
9519 0.00088
9520 0.00088
9521 0.00088
9522 0.00088
9523 0.00088
9524 0.00088
9525 0.00088
9526 0.00088
9527 0.00088
9528 0.00088
9529 0.00088
9530 0.00088
9531 0.00088
9532 0.00088
9533 0.00088
9534 0.00088
9535 0.00088
9536 0.00088
9537 0.00088
9538 0.00088
9539 0.00088
9540 0.00088
9541 0.00088
9542 0.00088
9543 0.00088
9544 0.00088
9545 0.00088
9546 0.00088
9547 0.00088
9548 0.00088
9549 0.00088
9550 0.00088
9551 0.00088
9552 0.00088
9553 0.00088
9554 0.00088
9555 0.00088
9556 0.00088
9557 0.00088
9558 0.00088
9559 0.00088
9560 0.00088
9561 0.00088
9562 0.00088
9563 0.00088
9564 0.00088
9565 0.00088
9566 0.00088
9567 0.00088
9568 0.00088
9569 0.00088
9570 0.00088
9571 0.00088
9572 0.00088
9573 0.00088
9574 0.00088
9575 0.00088
9576 0.00088
9577 0.00088
9578 0.00088
9579 0.00088
9580 0.00088
9581 0.00088
9582 0.00088
9583 0.00088
9584 0.00088
9585 0.00088
9586 0.00088
9587 0.00088
9588 0.00088
9589 0.00088
9590 0.00088
9591 0.00088
9592 0.00088
9593 0.00088
9594 0.00088
9595 0.00088
9596 0.00088
9597 0.00088
9598 0.00088
9599 0.00088
9600 0.00088
9601 0.00088
9602 0.00088
9603 0.00088
9604 0.00088
9605 0.00088
9606 0.00088
9607 0.00088
9608 0.00088
9609 0.00088
9610 0.00088
9611 0.00088
9612 0.00088
9613 0.00088
9614 0.00088
9615 0.00088
9616 0.00088
9617 0.00088
9618 0.00088
9619 0.00088
9620 0.00088
9621 0.00088
9622 0.00088
9623 0.00088
9624 0.00088
9625 0.00088
9626 0.00088
9627 0.00088
9628 0.00088
9629 0.00088
9630 0.00088
9631 0.00088
9632 0.00088
9633 0.00088
9634 0.00088
9635 0.00088
9636 0.00088
9637 0.00088
9638 0.00088
9639 0.00088
9640 0.00088
9641 0.00088
9642 0.00088
9643 0.00088
9644 0.00088
9645 0.00088
9646 0.00088
9647 0.00088
9648 0.00088
9649 0.00088
9650 0.00088
9651 0.00088
9652 0.00088
9653 0.00088
9654 0.00088
9655 0.00088
9656 0.00088
9657 0.00088
9658 0.00088
9659 0.00088
9660 0.00088
9661 0.00088
9662 0.00088
9663 0.00088
9664 0.00088
9665 0.00088
9666 0.00088
9667 0.00088
9668 0.00088
9669 0.00088
9670 0.00088
9671 0.00088
9672 0.00088
9673 0.00088
9674 0.00088
9675 0.00088
9676 0.00088
9677 0.00088
9678 0.00088
9679 0.00088
9680 0.00088
9681 0.00088
9682 0.00088
9683 0.00088
9684 0.00088
9685 0.00088
9686 0.00088
9687 0.00088
9688 0.00088
9689 0.00088
9690 0.00088
9691 0.00088
9692 0.00088
9693 0.00088
9694 0.00088
9695 0.00088
9696 0.00088
9697 0.00088
9698 0.00088
9699 0.00088
9700 0.00088
9701 0.00088
9702 0.00088
9703 0.00088
9704 0.00088
9705 0.00088
9706 0.00088
9707 0.00088
9708 0.00088
9709 0.00088
9710 0.00088
9711 0.00088
9712 0.00088
9713 0.00088
9714 0.00088
9715 0.00088
9716 0.00088
9717 0.00088
9718 0.00088
9719 0.00088
9720 0.00088
9721 0.00088
9722 0.00088
9723 0.00088
9724 0.00088
9725 0.00088
9726 0.00088
9727 0.00088
9728 0.00088
9729 0.00088
9730 0.00088
9731 0.00088
9732 0.00088
9733 0.00088
9734 0.00088
9735 0.00088
9736 0.00088
9737 0.00088
9738 0.00088
9739 0.00088
9740 0.00088
9741 0.00088
9742 0.00088
9743 0.00088
9744 0.00088
9745 0.00088
9746 0.00088
9747 0.00088
9748 0.00088
9749 0.00088
9750 0.00088
9751 0.00088
9752 0.00088
9753 0.00088
9754 0.00088
9755 0.00088
9756 0.00088
9757 0.00088
9758 0.00088
9759 0.00088
9760 0.00088
9761 0.00088
9762 0.00088
9763 0.00088
9764 0.00088
9765 0.00088
9766 0.00088
9767 0.00088
9768 0.00088
9769 0.00088
9770 0.00088
9771 0.00088
9772 0.00088
9773 0.00088
9774 0.00088
9775 0.00088
9776 0.00088
9777 0.00088
9778 0.00088
9779 0.00088
9780 0.00088
9781 0.00088
9782 0.00088
9783 0.00088
9784 0.00088
9785 0.00088
9786 0.00088
9787 0.00088
9788 0.00088
9789 0.00088
9790 0.00088
9791 0.00088
9792 0.00088
9793 0.00088
9794 0.00088
9795 0.00088
9796 0.00088
9797 0.00088
9798 0.00088
9799 0.00088
9800 0.00088
9801 0.00088
9802 0.00088
9803 0.00088
9804 0.00088
9805 0.00088
9806 0.00088
9807 0.00088
9808 0.00088
9809 0.00088
9810 0.00088
9811 0.00088
9812 0.00088
9813 0.00088
9814 0.00088
9815 0.00088
9816 0.00088
9817 0.00088
9818 0.00088
9819 0.00088
9820 0.00088
9821 0.00088
9822 0.00088
9823 0.00088
9824 0.00088
9825 0.00088
9826 0.00088
9827 0.00088
9828 0.00088
9829 0.00088
9830 0.00088
9831 0.00088
9832 0.00088
9833 0.00088
9834 0.00088
9835 0.00088
9836 0.00088
9837 0.00088
9838 0.00088
9839 0.00088
9840 0.00088
9841 0.00088
9842 0.00088
9843 0.00088
9844 0.00088
9845 0.00088
9846 0.00088
9847 0.00088
9848 0.00088
9849 0.00088
9850 0.00088
9851 0.00088
9852 0.00088
9853 0.00088
9854 0.00088
9855 0.00088
9856 0.00088
9857 0.00088
9858 0.00088
9859 0.00088
9860 0.00088
9861 0.00088
9862 0.00088
9863 0.00088
9864 0.00088
9865 0.00088
9866 0.00088
9867 0.00088
9868 0.00088
9869 0.00088
9870 0.00088
9871 0.00088
9872 0.00088
9873 0.00088
9874 0.00088
9875 0.00088
9876 0.00088
9877 0.00088
9878 0.00088
9879 0.00088
9880 0.00088
9881 0.00088
9882 0.00088
9883 0.00088
9884 0.00088
9885 0.00088
9886 0.00088
9887 0.00088
9888 0.00088
9889 0.00088
9890 0.00088
9891 0.00088
9892 0.00088
9893 0.00088
9894 0.00088
9895 0.00088
9896 0.00088
9897 0.00088
9898 0.00088
9899 0.00088
9900 0.00088
9901 0.00088
9902 0.00088
9903 0.00088
9904 0.00088
9905 0.00088
9906 0.00088
9907 0.00088
9908 0.00088
9909 0.00088
9910 0.00088
9911 0.00088
9912 0.00088
9913 0.00088
9914 0.00088
9915 0.00088
9916 0.00088
9917 0.00088
9918 0.00088
9919 0.00088
9920 0.00088
9921 0.00088
9922 0.00088
9923 0.00088
9924 0.00088
9925 0.00088
9926 0.00088
9927 0.00088
9928 0.00088
9929 0.00088
9930 0.00088
9931 0.00088
9932 0.00088
9933 0.00088
9934 0.00088
9935 0.00088
9936 0.00088
9937 0.00088
9938 0.00088
9939 0.00088
9940 0.00088
9941 0.00088
9942 0.00088
9943 0.00088
9944 0.00088
9945 0.00088
9946 0.00088
9947 0.00088
9948 0.00088
9949 0.00088
9950 0.00088
9951 0.00088
9952 0.00088
9953 0.00088
9954 0.00088
9955 0.00088
9956 0.00088
9957 0.00088
9958 0.00088
9959 0.00088
9960 0.00088
9961 0.00088
9962 0.00088
9963 0.00088
9964 0.00088
9965 0.00088
9966 0.00088
9967 0.00088
9968 0.00088
9969 0.00088
9970 0.00088
9971 0.00088
9972 0.00088
9973 0.00088
9974 0.00088
9975 0.00088
9976 0.00088
9977 0.00088
9978 0.00088
9979 0.00088
9980 0.00088
9981 0.00088
9982 0.00088
9983 0.00088
9984 0.00088
9985 0.00088
9986 0.00088
9987 0.00088
9988 0.00088
9989 0.00088
9990 0.00088
9991 0.00088
9992 0.00088
9993 0.00088
9994 0.00088
9995 0.00088
9996 0.00088
9997 0.00088
9998 0.00088
9999 0.00088
10000 0.00088
10001 0.00088
10002 0.00088
10003 0.00088
10004 0.00088
10005 0.00088
10006 0.00088
10007 0.00088
10008 0.00088
10009 0.00088
10010 0.00088
10011 0.00088
10012 0.00088
10013 0.00088
10014 0.00088
10015 0.00088
10016 0.00088
10017 0.00088
10018 0.00088
10019 0.00088
10020 0.00088
10021 0.00088
10022 0.00088
10023 0.00088
10024 0.00088
10025 0.00088
10026 0.00088
10027 0.00088
10028 0.00088
10029 0.00088
10030 0.00088
10031 0.00088
10032 0.00088
10033 0.00088
10034 0.00088
10035 0.00088
10036 0.00088
10037 0.00088
10038 0.00088
10039 0.00088
10040 0.00088
10041 0.00088
10042 0.00088
10043 0.00088
10044 0.00088
10045 0.00088
10046 0.00088
10047 0.00088
10048 0.00088
10049 0.00088
10050 0.00088
10051 0.00088
10052 0.00088
10053 0.00088
10054 0.00088
10055 0.00088
10056 0.00088
10057 0.00088
10058 0.00088
10059 0.00088
10060 0.00088
10061 0.00088
10062 0.00088
10063 0.00088
10064 0.00088
10065 0.00088
10066 0.00088
10067 0.00088
10068 0.00088
10069 0.00088
10070 0.00088
10071 0.00088
10072 0.00088
10073 0.00088
10074 0.00088
10075 0.00088
10076 0.00088
10077 0.00088
10078 0.00088
10079 0.00088
10080 0.00088
10081 0.00088
10082 0.00088
10083 0.00088
10084 0.00088
10085 0.00088
10086 0.00088
10087 0.00088
10088 0.00088
10089 0.00088
10090 0.00088
10091 0.00088
10092 0.00088
10093 0.00088
10094 0.00088
10095 0.00088
10096 0.00088
10097 0.00088
10098 0.00088
10099 0.00088
10100 0.00088
10101 0.00088
10102 0.00088
10103 0.00088
10104 0.00088
10105 0.00088
10106 0.00088
10107 0.00088
10108 0.00088
10109 0.00088
10110 0.00088
10111 0.00088
10112 0.00088
10113 0.00088
10114 0.00088
10115 0.00088
10116 0.00088
10117 0.00088
10118 0.00088
10119 0.00088
10120 0.00088
10121 0.00088
10122 0.00088
10123 0.00088
10124 0.00088
10125 0.00088
10126 0.00088
10127 0.00088
10128 0.00088
10129 0.00088
10130 0.00088
10131 0.00088
10132 0.00088
10133 0.00088
10134 0.00088
10135 0.00088
10136 0.00088
10137 0.00088
10138 0.00088
10139 0.00088
10140 0.00088
10141 0.00088
10142 0.00088
10143 0.00088
10144 0.00088
10145 0.00088
10146 0.00088
10147 0.00088
10148 0.00088
10149 0.00088
10150 0.00088
10151 0.00088
10152 0.00088
10153 0.00088
10154 0.00088
10155 0.00088
10156 0.00088
10157 0.00088
10158 0.00088
10159 0.00088
10160 0.00088
10161 0.00088
10162 0.00088
10163 0.00088
10164 0.00088
10165 0.00088
10166 0.00088
10167 0.00088
10168 0.00088
10169 0.00088
10170 0.00088
10171 0.00088
10172 0.00088
10173 0.00088
10174 0.00088
10175 0.00088
10176 0.00088
10177 0.00088
10178 0.00088
10179 0.00088
10180 0.00088
10181 0.00088
10182 0.00088
10183 0.00088
10184 0.00088
10185 0.00088
10186 0.00088
10187 0.00088
10188 0.00088
10189 0.00088
10190 0.00088
10191 0.00088
10192 0.00088
10193 0.00088
10194 0.00088
10195 0.00088
10196 0.00088
10197 0.00088
10198 0.00088
10199 0.00088
10200 0.00088
10201 0.00088
10202 0.00088
10203 0.00088
10204 0.00088
10205 0.00088
10206 0.00088
10207 0.00088
10208 0.00088
10209 0.00088
10210 0.00088
10211 0.00088
10212 0.00088
10213 0.00088
10214 0.00088
10215 0.00088
10216 0.00088
10217 0.00088
10218 0.00088
10219 0.00088
10220 0.00088
10221 0.00088
10222 0.00088
10223 0.00088
10224 0.00088
10225 0.00088
10226 0.00088
10227 0.00088
10228 0.00088
10229 0.00088
10230 0.00088
10231 0.00088
10232 0.00088
10233 0.00088
10234 0.00088
10235 0.00088
10236 0.00088
10237 0.00088
10238 0.00088
10239 0.00088
10240 0.00088
10241 0.00088
10242 0.00088
10243 0.00088
10244 0.00088
10245 0.00088
10246 0.00088
10247 0.00088
10248 0.00088
10249 0.00088
10250 0.00088
10251 0.00088
10252 0.00088
10253 0.00088
10254 0.00088
10255 0.00088
10256 0.00088
10257 0.00088
10258 0.00088
10259 0.00088
10260 0.00088
10261 0.00088
10262 0.00088
10263 0.00088
10264 0.00088
10265 0.00088
10266 0.00088
10267 0.00088
10268 0.00088
10269 0.00088
10270 0.00088
10271 0.00088
10272 0.00088
10273 0.00088
10274 0.00088
10275 0.00088
10276 0.00088
10277 0.00088
10278 0.00088
10279 0.00088
10280 0.00088
10281 0.00088
10282 0.00088
10283 0.00088
10284 0.00088
10285 0.00088
10286 0.00088
10287 0.00088
10288 0.00088
10289 0.00088
10290 0.00088
10291 0.00088
10292 0.00088
10293 0.00088
10294 0.00088
10295 0.00088
10296 0.00088
10297 0.00088
10298 0.00088
10299 0.00088
10300 0.00088
10301 0.00088
10302 0.00088
10303 0.00088
10304 0.00088
10305 0.00088
10306 0.00088
10307 0.00088
10308 0.00088
10309 0.00088
10310 0.00088
10311 0.00088
10312 0.00088
10313 0.00088
10314 0.00088
10315 0.00088
10316 0.00088
10317 0.00088
10318 0.00088
10319 0.00088
10320 0.00088
10321 0.00088
10322 0.00088
10323 0.00088
10324 0.00088
10325 0.00088
10326 0.00088
10327 0.00088
10328 0.00088
10329 0.00088
10330 0.00088
10331 0.00088
10332 0.00088
10333 0.00088
10334 0.00088
10335 0.00088
10336 0.00088
10337 0.00088
10338 0.00088
10339 0.00088
10340 0.00088
10341 0.00088
10342 0.00088
10343 0.00088
10344 0.00088
10345 0.00088
10346 0.00088
10347 0.00088
10348 0.00088
10349 0.00088
10350 0.00088
10351 0.00088
10352 0.00088
10353 0.00088
10354 0.00088
10355 0.00088
10356 0.00088
10357 0.00088
10358 0.00088
10359 0.00088
10360 0.00088
10361 0.00088
10362 0.00088
10363 0.00088
10364 0.00088
10365 0.00088
10366 0.00088
10367 0.00088
10368 0.00088
10369 0.00088
10370 0.00088
10371 0.00088
10372 0.00088
10373 0.00088
10374 0.00088
10375 0.00088
10376 0.00088
10377 0.00088
10378 0.00088
10379 0.00088
10380 0.00088
10381 0.00088
10382 0.00088
10383 0.00088
10384 0.00088
10385 0.00088
10386 0.00088
10387 0.00088
10388 0.00088
10389 0.00088
10390 0.00088
10391 0.00088
10392 0.00088
10393 0.00088
10394 0.00088
10395 0.00088
10396 0.00088
10397 0.00088
10398 0.00088
10399 0.00088
10400 0.00088
10401 0.00088
10402 0.00088
10403 0.00088
10404 0.00088
10405 0.00088
10406 0.00088
10407 0.00088
10408 0.00088
10409 0.00088
10410 0.00088
10411 0.00088
10412 0.00088
10413 0.00088
10414 0.00088
10415 0.00088
10416 0.00088
10417 0.00088
10418 0.00088
10419 0.00088
10420 0.00088
10421 0.00088
10422 0.00088
10423 0.00088
10424 0.00088
10425 0.00088
10426 0.00088
10427 0.00088
10428 0.00088
10429 0.00088
10430 0.00088
10431 0.00088
10432 0.00088
10433 0.00088
10434 0.00088
10435 0.00088
10436 0.00088
10437 0.00088
10438 0.00088
10439 0.00088
10440 0.00088
10441 0.00088
10442 0.00088
10443 0.00088
10444 0.00088
10445 0.00088
10446 0.00088
10447 0.00088
10448 0.00088
10449 0.00088
10450 0.00088
10451 0.00088
10452 0.00088
10453 0.00088
10454 0.00088
10455 0.00088
10456 0.00088
10457 0.00088
10458 0.00088
10459 0.00088
10460 0.00088
10461 0.00088
10462 0.00088
10463 0.00088
10464 0.00088
10465 0.00088
10466 0.00088
10467 0.00088
10468 0.00088
10469 0.00088
10470 0.00088
10471 0.00088
10472 0.00088
10473 0.00088
10474 0.00088
10475 0.00088
10476 0.00088
10477 0.00088
10478 0.00088
10479 0.00088
10480 0.00088
10481 0.00088
10482 0.00088
10483 0.00088
10484 0.00088
10485 0.00088
10486 0.00088
10487 0.00088
10488 0.00088
10489 0.00088
10490 0.00088
10491 0.00088
10492 0.00088
10493 0.00088
10494 0.00088
10495 0.00088
10496 0.00088
10497 0.00088
10498 0.00088
10499 0.00088
10500 0.00088
10501 0.00088
10502 0.00088
10503 0.00088
10504 0.00088
10505 0.00088
10506 0.00088
10507 0.00088
10508 0.00088
10509 0.00088
10510 0.00088
10511 0.00088
10512 0.00088
10513 0.00088
10514 0.00088
10515 0.00088
10516 0.00088
10517 0.00088
10518 0.00088
10519 0.00088
10520 0.00088
10521 0.00088
10522 0.00088
10523 0.00088
10524 0.00088
10525 0.00088
10526 0.00088
10527 0.00088
10528 0.00088
10529 0.00088
10530 0.00088
10531 0.00088
10532 0.00088
10533 0.00088
10534 0.00088
10535 0.00088
10536 0.00088
10537 0.00088
10538 0.00088
10539 0.00088
10540 0.00088
10541 0.00088
10542 0.00088
10543 0.00088
10544 0.00088
10545 0.00088
10546 0.00088
10547 0.00088
10548 0.00088
10549 0.00088
10550 0.00088
10551 0.00088
10552 0.00088
10553 0.00088
10554 0.00088
10555 0.00088
10556 0.00088
10557 0.00088
10558 0.00088
10559 0.00088
10560 0.00088
10561 0.00088
10562 0.00088
10563 0.00088
10564 0.00088
10565 0.00088
10566 0.00088
10567 0.00088
10568 0.00088
10569 0.00088
10570 0.00088
10571 0.00088
10572 0.00088
10573 0.00088
10574 0.00088
10575 0.00088
10576 0.00088
10577 0.00088
10578 0.00088
10579 0.00088
10580 0.00088
10581 0.00088
10582 0.00088
10583 0.00088
10584 0.00088
10585 0.00088
10586 0.00088
10587 0.00088
10588 0.00088
10589 0.00088
10590 0.00088
10591 0.00088
10592 0.00088
10593 0.00088
10594 0.00088
10595 0.00088
10596 0.00088
10597 0.00088
10598 0.00088
10599 0.00088
10600 0.00088
10601 0.00088
10602 0.00088
10603 0.00088
10604 0.00088
10605 0.00088
10606 0.00088
10607 0.00088
10608 0.00088
10609 0.00088
10610 0.00088
10611 0.00088
10612 0.00088
10613 0.00088
10614 0.00088
10615 0.00088
10616 0.00088
10617 0.00088
10618 0.00088
10619 0.00088
10620 0.00088
10621 0.00088
10622 0.00088
10623 0.00088
10624 0.00088
10625 0.00088
10626 0.00088
10627 0.00088
10628 0.00088
10629 0.00088
10630 0.00088
10631 0.00088
10632 0.00088
10633 0.00088
10634 0.00088
10635 0.00088
10636 0.00088
10637 0.00088
10638 0.00088
10639 0.00088
10640 0.00088
10641 0.00088
10642 0.00088
10643 0.00088
10644 0.00088
10645 0.00088
10646 0.00088
10647 0.00088
10648 0.00088
10649 0.00088
10650 0.00088
10651 0.00088
10652 0.00088
10653 0.00088
10654 0.00088
10655 0.00088
10656 0.00088
10657 0.00088
10658 0.00088
10659 0.00088
10660 0.00088
10661 0.00088
10662 0.00088
10663 0.00088
10664 0.00088
10665 0.00088
10666 0.00088
10667 0.00088
10668 0.00088
10669 0.00088
10670 0.00088
10671 0.00088
10672 0.00088
10673 0.00088
10674 0.00088
10675 0.00088
10676 0.00088
10677 0.00088
10678 0.00088
10679 0.00088
10680 0.00088
10681 0.00088
10682 0.00088
10683 0.00088
10684 0.00088
10685 0.00088
10686 0.00088
10687 0.00088
10688 0.00088
10689 0.00088
10690 0.00088
10691 0.00088
10692 0.00088
10693 0.00088
10694 0.00088
10695 0.00088
10696 0.00088
10697 0.00088
10698 0.00088
10699 0.00088
10700 0.00088
10701 0.00088
10702 0.00088
10703 0.00088
10704 0.00088
10705 0.00088
10706 0.00088
10707 0.00088
10708 0.00088
10709 0.00088
10710 0.00088
10711 0.00088
10712 0.00088
10713 0.00088
10714 0.00088
10715 0.00088
10716 0.00088
10717 0.00088
10718 0.00088
10719 0.00088
10720 0.00088
10721 0.00088
10722 0.00088
10723 0.00088
10724 0.00088
10725 0.00088
10726 0.00088
10727 0.00088
10728 0.00088
10729 0.00088
10730 0.00088
10731 0.00088
10732 0.00088
10733 0.00088
10734 0.00088
10735 0.00088
10736 0.00088
10737 0.00088
10738 0.00088
10739 0.00088
10740 0.00088
10741 0.00088
10742 0.00088
10743 0.00088
10744 0.00088
10745 0.00088
10746 0.00088
10747 0.00088
10748 0.00088
10749 0.00088
10750 0.00088
10751 0.00088
10752 0.00088
10753 0.00088
10754 0.00088
10755 0.00088
10756 0.00088
10757 0.00088
10758 0.00088
10759 0.00088
10760 0.00088
10761 0.00088
10762 0.00088
10763 0.00088
10764 0.00088
10765 0.00088
10766 0.00088
10767 0.00088
10768 0.00088
10769 0.00088
10770 0.00088
10771 0.001
10772 0.00108
10773 0.00108
10774 0.00108
10775 0.00108
10776 0.00108
10777 0.00108
10778 0.00108
10779 0.00108
10780 0.00108
10781 0.00108
10782 0.00108
10783 0.00108
10784 0.00108
10785 0.00108
10786 0.00108
10787 0.00108
10788 0.00108
10789 0.00108
10790 0.00108
10791 0.00108
10792 0.00108
10793 0.00108
10794 0.00108
10795 0.00108
10796 0.00108
10797 0.00108
10798 0.00108
10799 0.00108
10800 0.00108
10801 0.00108
10802 0.00108
10803 0.00108
10804 0.00108
10805 0.00108
10806 0.00108
10807 0.00108
10808 0.00108
10809 0.00108
10810 0.00108
10811 0.00108
10812 0.00108
10813 0.00108
10814 0.00108
10815 0.00108
10816 0.00108
10817 0.00108
10818 0.00108
10819 0.00108
10820 0.00108
10821 0.00108
10822 0.00108
10823 0.00108
10824 0.00108
10825 0.00108
10826 0.00108
10827 0.00108
10828 0.00108
10829 0.00108
10830 0.00108
10831 0.00108
10832 0.00108
10833 0.00108
10834 0.00108
10835 0.00108
10836 0.00108
10837 0.00108
10838 0.00108
10839 0.00108
10840 0.00108
10841 0.00108
10842 0.00108
10843 0.00108
10844 0.00108
10845 0.00108
10846 0.00108
10847 0.00108
10848 0.00108
10849 0.00108
10850 0.00108
10851 0.00108
10852 0.00108
10853 0.00108
10854 0.00108
10855 0.00108
10856 0.00108
10857 0.00108
10858 0.00108
10859 0.00108
10860 0.00108
10861 0.00108
10862 0.00108
10863 0.00108
10864 0.00108
10865 0.00108
10866 0.00108
10867 0.00108
10868 0.00108
10869 0.00108
10870 0.00108
10871 0.00108
10872 0.00108
10873 0.00108
10874 0.00108
10875 0.00108
10876 0.00108
10877 0.00108
10878 0.00108
10879 0.00108
10880 0.00108
10881 0.00108
10882 0.00108
10883 0.00108
10884 0.00108
10885 0.00108
10886 0.00108
10887 0.00108
10888 0.00108
10889 0.00108
10890 0.00108
10891 0.00108
10892 0.00108
10893 0.00108
10894 0.00108
10895 0.00108
10896 0.00108
10897 0.00108
10898 0.00108
10899 0.00108
10900 0.00108
10901 0.00108
10902 0.00108
10903 0.00108
10904 0.00108
10905 0.00108
10906 0.00108
10907 0.00108
10908 0.00108
10909 0.00108
10910 0.00108
10911 0.00108
10912 0.00108
10913 0.00108
10914 0.00108
10915 0.00108
10916 0.00108
10917 0.00108
10918 0.00108
10919 0.00108
10920 0.00108
10921 0.00108
10922 0.00108
10923 0.00108
10924 0.00108
10925 0.00108
10926 0.00108
10927 0.00108
10928 0.00108
10929 0.00108
10930 0.00108
10931 0.00108
10932 0.00108
10933 0.00108
10934 0.00108
10935 0.00108
10936 0.00108
10937 0.00108
10938 0.00108
10939 0.00108
10940 0.00108
10941 0.00108
10942 0.00108
10943 0.00108
10944 0.00108
10945 0.00108
10946 0.00108
10947 0.00108
10948 0.00108
10949 0.00108
10950 0.00108
10951 0.00108
10952 0.00108
10953 0.00108
10954 0.00108
10955 0.00108
10956 0.00108
10957 0.00108
10958 0.00108
10959 0.00108
10960 0.00108
10961 0.00108
10962 0.00108
10963 0.00108
10964 0.00108
10965 0.00108
10966 0.00108
10967 0.00108
10968 0.00108
10969 0.00108
10970 0.00108
10971 0.00108
10972 0.00108
10973 0.00108
10974 0.00108
10975 0.00108
10976 0.00108
10977 0.00108
10978 0.00108
10979 0.00108
10980 0.00108
10981 0.00108
10982 0.00108
10983 0.00108
10984 0.00108
10985 0.00108
10986 0.00108
10987 0.00108
10988 0.00108
10989 0.00108
10990 0.00108
10991 0.00108
10992 0.00108
10993 0.00108
10994 0.00108
10995 0.00108
10996 0.00108
10997 0.00108
10998 0.00108
10999 0.00108
11000 0.00108
11001 0.00108
11002 0.00108
11003 0.00108
11004 0.00108
11005 0.00108
11006 0.00108
11007 0.00108
11008 0.00108
11009 0.00108
11010 0.00108
11011 0.00108
11012 0.00108
11013 0.00108
11014 0.00108
11015 0.00108
11016 0.00108
11017 0.00108
11018 0.00108
11019 0.00108
11020 0.00108
11021 0.00108
11022 0.00108
11023 0.00108
11024 0.00108
11025 0.00108
11026 0.00108
11027 0.00108
11028 0.00108
11029 0.00108
11030 0.00108
11031 0.00108
11032 0.00108
11033 0.00108
11034 0.00108
11035 0.00108
11036 0.00108
11037 0.00108
11038 0.00108
11039 0.00108
11040 0.00108
11041 0.00108
11042 0.00108
11043 0.00108
11044 0.00108
11045 0.00108
11046 0.00108
11047 0.00108
11048 0.00108
11049 0.00108
11050 0.00108
11051 0.00108
11052 0.00108
11053 0.00108
11054 0.00108
11055 0.00108
11056 0.00108
11057 0.00108
11058 0.00108
11059 0.00108
11060 0.00108
11061 0.00108
11062 0.00108
11063 0.00108
11064 0.00108
11065 0.00108
11066 0.00108
11067 0.00108
11068 0.00108
11069 0.00108
11070 0.00108
11071 0.00108
11072 0.00108
11073 0.00108
11074 0.00108
11075 0.00108
11076 0.00108
11077 0.00108
11078 0.00108
11079 0.00108
11080 0.00108
11081 0.00108
11082 0.00108
11083 0.00108
11084 0.00108
11085 0.00108
11086 0.00108
11087 0.00108
11088 0.00108
11089 0.00108
11090 0.00108
11091 0.00108
11092 0.00108
11093 0.00108
11094 0.00108
11095 0.00108
11096 0.00108
11097 0.00108
11098 0.00108
11099 0.00108
11100 0.00108
11101 0.00108
11102 0.00108
11103 0.00108
11104 0.00108
11105 0.00108
11106 0.00108
11107 0.00108
11108 0.00108
11109 0.00108
11110 0.00108
11111 0.00108
11112 0.00108
11113 0.00108
11114 0.00108
11115 0.00108
11116 0.00108
11117 0.00108
11118 0.00108
11119 0.00108
11120 0.00108
11121 0.00108
11122 0.00108
11123 0.00108
11124 0.00108
11125 0.00108
11126 0.00108
11127 0.00108
11128 0.00108
11129 0.00108
11130 0.00108
11131 0.00108
11132 0.00108
11133 0.00108
11134 0.00108
11135 0.00108
11136 0.00108
11137 0.00108
11138 0.00108
11139 0.00108
11140 0.00108
11141 0.00108
11142 0.00108
11143 0.00108
11144 0.00108
11145 0.00108
11146 0.00108
11147 0.00108
11148 0.00108
11149 0.00108
11150 0.00108
11151 0.00108
11152 0.00108
11153 0.00108
11154 0.00108
11155 0.00108
11156 0.00108
11157 0.00108
11158 0.00108
11159 0.00108
11160 0.00108
11161 0.00108
11162 0.00108
11163 0.00108
11164 0.00108
11165 0.00108
11166 0.00108
11167 0.00108
11168 0.00108
11169 0.00108
11170 0.00108
11171 0.00108
11172 0.00108
11173 0.00108
11174 0.00108
11175 0.00108
11176 0.00108
11177 0.00108
11178 0.00108
11179 0.00108
11180 0.00108
11181 0.00108
11182 0.00108
11183 0.00108
11184 0.00108
11185 0.00108
11186 0.00108
11187 0.00108
11188 0.00108
11189 0.00108
11190 0.00108
11191 0.00108
11192 0.00108
11193 0.00108
11194 0.00108
11195 0.00108
11196 0.00108
11197 0.00108
11198 0.00108
11199 0.00108
11200 0.00108
11201 0.00108
11202 0.00108
11203 0.00108
11204 0.00108
11205 0.00108
11206 0.00108
11207 0.00108
11208 0.00108
11209 0.00108
11210 0.00108
11211 0.00108
11212 0.00108
11213 0.00108
11214 0.00108
11215 0.00108
11216 0.00108
11217 0.00108
11218 0.00108
11219 0.00108
11220 0.00108
11221 0.00108
11222 0.00108
11223 0.00108
11224 0.00108
11225 0.00108
11226 0.00108
11227 0.00108
11228 0.00108
11229 0.00108
11230 0.00108
11231 0.00108
11232 0.00108
11233 0.00108
11234 0.00108
11235 0.00108
11236 0.00108
11237 0.00108
11238 0.00108
11239 0.00108
11240 0.00108
11241 0.00108
11242 0.00108
11243 0.00108
11244 0.00108
11245 0.00108
11246 0.00108
11247 0.00108
11248 0.00108
11249 0.00108
11250 0.00108
11251 0.00108
11252 0.00108
11253 0.00108
11254 0.00108
11255 0.00108
11256 0.00108
11257 0.00108
11258 0.00108
11259 0.00108
11260 0.00108
11261 0.00108
11262 0.00108
11263 0.00108
11264 0.00108
11265 0.00108
11266 0.00108
11267 0.00108
11268 0.00108
11269 0.00108
11270 0.00108
11271 0.00108
11272 0.00108
11273 0.00108
11274 0.00108
11275 0.00108
11276 0.00108
11277 0.00108
11278 0.00108
11279 0.00108
11280 0.00108
11281 0.00108
11282 0.00108
11283 0.00108
11284 0.00108
11285 0.00108
11286 0.00108
11287 0.00108
11288 0.00108
11289 0.00108
11290 0.00108
11291 0.00108
11292 0.00108
11293 0.00108
11294 0.00108
11295 0.00108
11296 0.00108
11297 0.00108
11298 0.00108
11299 0.00108
11300 0.00108
11301 0.00108
11302 0.00108
11303 0.00108
11304 0.00108
11305 0.00108
11306 0.00108
11307 0.00108
11308 0.00108
11309 0.00108
11310 0.00108
11311 0.00108
11312 0.00108
11313 0.00108
11314 0.00108
11315 0.00108
11316 0.00108
11317 0.00108
11318 0.00108
11319 0.00108
11320 0.00108
11321 0.00108
11322 0.00108
11323 0.00108
11324 0.00108
11325 0.00108
11326 0.00108
11327 0.00108
11328 0.00108
11329 0.00108
11330 0.00108
11331 0.00108
11332 0.00108
11333 0.00108
11334 0.00108
11335 0.00108
11336 0.00108
11337 0.00108
11338 0.00108
11339 0.00108
11340 0.00108
11341 0.00108
11342 0.00108
11343 0.00108
11344 0.00108
11345 0.00108
11346 0.00108
11347 0.00108
11348 0.00108
11349 0.00108
11350 0.00108
11351 0.00108
11352 0.00108
11353 0.00108
11354 0.00108
11355 0.00108
11356 0.00108
11357 0.00108
11358 0.00108
11359 0.00108
11360 0.00108
11361 0.00108
11362 0.00108
11363 0.00108
11364 0.00108
11365 0.00108
11366 0.00108
11367 0.00108
11368 0.00108
11369 0.00108
11370 0.00108
11371 0.00108
11372 0.00108
11373 0.00108
11374 0.00108
11375 0.00108
11376 0.00108
11377 0.00108
11378 0.00108
11379 0.00108
11380 0.00108
11381 0.00108
11382 0.00108
11383 0.00108
11384 0.00108
11385 0.00108
11386 0.00108
11387 0.00108
11388 0.00108
11389 0.00108
11390 0.00108
11391 0.00108
11392 0.00108
11393 0.00108
11394 0.00108
11395 0.00108
11396 0.00108
11397 0.00108
11398 0.00108
11399 0.00108
11400 0.00108
11401 0.00108
11402 0.00108
11403 0.00108
11404 0.00108
11405 0.00108
11406 0.00108
11407 0.00108
11408 0.00108
11409 0.00108
11410 0.00108
11411 0.00108
11412 0.00108
11413 0.00108
11414 0.00108
11415 0.00108
11416 0.00108
11417 0.00108
11418 0.00108
11419 0.00108
11420 0.00108
11421 0.00108
11422 0.00108
11423 0.00108
11424 0.00108
11425 0.00108
11426 0.00108
11427 0.00108
11428 0.00108
11429 0.00108
11430 0.00108
11431 0.00108
11432 0.00108
11433 0.00108
11434 0.00108
11435 0.00108
11436 0.00108
11437 0.00108
11438 0.00108
11439 0.00108
11440 0.00108
11441 0.00108
11442 0.00108
11443 0.00108
11444 0.00108
11445 0.00108
11446 0.00108
11447 0.00108
11448 0.00108
11449 0.00108
11450 0.00108
11451 0.00108
11452 0.00108
11453 0.00108
11454 0.00108
11455 0.00108
11456 0.00108
11457 0.00108
11458 0.00108
11459 0.00108
11460 0.00108
11461 0.00108
11462 0.00108
11463 0.00108
11464 0.00108
11465 0.00108
11466 0.00108
11467 0.00108
11468 0.00108
11469 0.00108
11470 0.00108
11471 0.00108
11472 0.00108
11473 0.00108
11474 0.00108
11475 0.00108
11476 0.00108
11477 0.00108
11478 0.00108
11479 0.00108
11480 0.00108
11481 0.00108
11482 0.00108
11483 0.00108
11484 0.00108
11485 0.00108
11486 0.00108
11487 0.00108
11488 0.00108
11489 0.00108
11490 0.00108
11491 0.00108
11492 0.00108
11493 0.00108
11494 0.00108
11495 0.00108
11496 0.00108
11497 0.00108
11498 0.00108
11499 0.00108
11500 0.00108
11501 0.00108
11502 0.00108
11503 0.00108
11504 0.00108
11505 0.00108
11506 0.00108
11507 0.00108
11508 0.00108
11509 0.00108
11510 0.00108
11511 0.00108
11512 0.00108
11513 0.00108
11514 0.00108
11515 0.00108
11516 0.00108
11517 0.00108
11518 0.00108
11519 0.00108
11520 0.00108
11521 0.00108
11522 0.00108
11523 0.00108
11524 0.00108
11525 0.00108
11526 0.00108
11527 0.00108
11528 0.00108
11529 0.00108
11530 0.00108
11531 0.00108
11532 0.00108
11533 0.00108
11534 0.00108
11535 0.00108
11536 0.00108
11537 0.00108
11538 0.00108
11539 0.00108
11540 0.00108
11541 0.00108
11542 0.00108
11543 0.00108
11544 0.00108
11545 0.00108
11546 0.00108
11547 0.00108
11548 0.00108
11549 0.00108
11550 0.00108
11551 0.00108
11552 0.00108
11553 0.00108
11554 0.00108
11555 0.00108
11556 0.00108
11557 0.00108
11558 0.00108
11559 0.00108
11560 0.00108
11561 0.00108
11562 0.00108
11563 0.00108
11564 0.00108
11565 0.00108
11566 0.00108
11567 0.00108
11568 0.00108
11569 0.00108
11570 0.00108
11571 0.00108
11572 0.00108
11573 0.00108
11574 0.00108
11575 0.00108
11576 0.00108
11577 0.00108
11578 0.00108
11579 0.00108
11580 0.00108
11581 0.00108
11582 0.00108
11583 0.00108
11584 0.00108
11585 0.00108
11586 0.00108
11587 0.00108
11588 0.00108
11589 0.00108
11590 0.00108
11591 0.00108
11592 0.00108
11593 0.00108
11594 0.00108
11595 0.00108
11596 0.00108
11597 0.00108
11598 0.00108
11599 0.00108
11600 0.00108
11601 0.00108
11602 0.00108
11603 0.00108
11604 0.00108
11605 0.00108
11606 0.00108
11607 0.00108
11608 0.00108
11609 0.00108
11610 0.00108
11611 0.00108
11612 0.00108
11613 0.00108
11614 0.00108
11615 0.00108
11616 0.00108
11617 0.00108
11618 0.00108
11619 0.00108
11620 0.00108
11621 0.00108
11622 0.00108
11623 0.00108
11624 0.00108
11625 0.00108
11626 0.00108
11627 0.00108
11628 0.00108
11629 0.00108
11630 0.00108
11631 0.00108
11632 0.00108
11633 0.00108
11634 0.00108
11635 0.00108
11636 0.00108
11637 0.00108
11638 0.00108
11639 0.00108
11640 0.00108
11641 0.00108
11642 0.00108
11643 0.00108
11644 0.00108
11645 0.00108
11646 0.00108
11647 0.00108
11648 0.00108
11649 0.00108
11650 0.00108
11651 0.00108
11652 0.00108
11653 0.00108
11654 0.00108
11655 0.00108
11656 0.00108
11657 0.00108
11658 0.00108
11659 0.00108
11660 0.00108
11661 0.00108
11662 0.00108
11663 0.00108
11664 0.00108
11665 0.00108
11666 0.00108
11667 0.00108
11668 0.00108
11669 0.00108
11670 0.00108
11671 0.00108
11672 0.00108
11673 0.00108
11674 0.00108
11675 0.00108
11676 0.00108
11677 0.00108
11678 0.00108
11679 0.00108
11680 0.00108
11681 0.00108
11682 0.00108
11683 0.00108
11684 0.00108
11685 0.00108
11686 0.00108
11687 0.00108
11688 0.00108
11689 0.00108
11690 0.00108
11691 0.00108
11692 0.00108
11693 0.00108
11694 0.00108
11695 0.00108
11696 0.00108
11697 0.00108
11698 0.00108
11699 0.00108
11700 0.00108
11701 0.00108
11702 0.00108
11703 0.00108
11704 0.00108
11705 0.00108
11706 0.00108
11707 0.00108
11708 0.00108
11709 0.00108
11710 0.00108
11711 0.00108
11712 0.00108
11713 0.00108
11714 0.00108
11715 0.00108
11716 0.00108
11717 0.00108
11718 0.00108
11719 0.00108
11720 0.00108
11721 0.00108
11722 0.00108
11723 0.00108
11724 0.00108
11725 0.00108
11726 0.00108
11727 0.00108
11728 0.00108
11729 0.00108
11730 0.00108
11731 0.00108
11732 0.00108
11733 0.00108
11734 0.00108
11735 0.00108
11736 0.00108
11737 0.00108
11738 0.00108
11739 0.00108
11740 0.00108
11741 0.00108
11742 0.00108
11743 0.00108
11744 0.00108
11745 0.00108
11746 0.00108
11747 0.00108
11748 0.00108
11749 0.00108
11750 0.00108
11751 0.00108
11752 0.00108
11753 0.00108
11754 0.00108
11755 0.00108
11756 0.00108
11757 0.00108
11758 0.00108
11759 0.00108
11760 0.00108
11761 0.00108
11762 0.00108
11763 0.00108
11764 0.00108
11765 0.00108
11766 0.00108
11767 0.00108
11768 0.00108
11769 0.00108
11770 0.00108
11771 0.00108
11772 0.00108
11773 0.00108
11774 0.00108
11775 0.00108
11776 0.00108
11777 0.00108
11778 0.00108
11779 0.00108
11780 0.00108
11781 0.00108
11782 0.00108
11783 0.00108
11784 0.00108
11785 0.00108
11786 0.00108
11787 0.00108
11788 0.00108
11789 0.00108
11790 0.00108
11791 0.00108
11792 0.00108
11793 0.00108
11794 0.00108
11795 0.00108
11796 0.00108
11797 0.00108
11798 0.00108
11799 0.00108
11800 0.00108
11801 0.00108
11802 0.00108
11803 0.00108
11804 0.00108
11805 0.00108
11806 0.00108
11807 0.00108
11808 0.00108
11809 0.00108
11810 0.00108
11811 0.00108
11812 0.00108
11813 0.00108
11814 0.00108
11815 0.00108
11816 0.00108
11817 0.00108
11818 0.00108
11819 0.00108
11820 0.00108
11821 0.00108
11822 0.00108
11823 0.00108
11824 0.00108
11825 0.00108
11826 0.00108
11827 0.00108
11828 0.00108
11829 0.00108
11830 0.00108
11831 0.00108
11832 0.00108
11833 0.00108
11834 0.00108
11835 0.00108
11836 0.00108
11837 0.00108
11838 0.00108
11839 0.00108
11840 0.00108
11841 0.00108
11842 0.00108
11843 0.00108
11844 0.00108
11845 0.00108
11846 0.00108
11847 0.00108
11848 0.00108
11849 0.00108
11850 0.00108
11851 0.00108
11852 0.00108
11853 0.00108
11854 0.00108
11855 0.00108
11856 0.00108
11857 0.00108
11858 0.00108
11859 0.00108
11860 0.00108
11861 0.00108
11862 0.00108
11863 0.00108
11864 0.00108
11865 0.00108
11866 0.00108
11867 0.00108
11868 0.00108
11869 0.00108
11870 0.00108
11871 0.00108
11872 0.00108
11873 0.00108
11874 0.00108
11875 0.00108
11876 0.00108
11877 0.00108
11878 0.00108
11879 0.00108
11880 0.00108
11881 0.00108
11882 0.00108
11883 0.00108
11884 0.00108
11885 0.00108
11886 0.00108
11887 0.00108
11888 0.00108
11889 0.00108
11890 0.00108
11891 0.00108
11892 0.00108
11893 0.00108
11894 0.00108
11895 0.00108
11896 0.00108
11897 0.00108
11898 0.00108
11899 0.00108
11900 0.00108
11901 0.00108
11902 0.00108
11903 0.00108
11904 0.00108
11905 0.00108
11906 0.00108
11907 0.00108
11908 0.00108
11909 0.00108
11910 0.00108
11911 0.00108
11912 0.00108
11913 0.00108
11914 0.00108
11915 0.00108
11916 0.00108
11917 0.00108
11918 0.00108
11919 0.00108
11920 0.00108
11921 0.00108
11922 0.00108
11923 0.00108
11924 0.00108
11925 0.00108
11926 0.00108
11927 0.00108
11928 0.00108
11929 0.00108
11930 0.00108
11931 0.00108
11932 0.00108
11933 0.00108
11934 0.00108
11935 0.00108
11936 0.00108
11937 0.00108
11938 0.00108
11939 0.00108
11940 0.00108
11941 0.00108
11942 0.00108
11943 0.00108
11944 0.00108
11945 0.00108
11946 0.00108
11947 0.00108
11948 0.00108
11949 0.00108
11950 0.00108
11951 0.00108
11952 0.00108
11953 0.00108
11954 0.00108
11955 0.00108
11956 0.00108
11957 0.00108
11958 0.00108
11959 0.00108
11960 0.00108
11961 0.00108
11962 0.00108
11963 0.00108
11964 0.00108
11965 0.00108
11966 0.00108
11967 0.00108
11968 0.00108
11969 0.00108
11970 0.00108
11971 0.00108
11972 0.00108
11973 0.00108
11974 0.00108
11975 0.00108
11976 0.00108
11977 0.00108
11978 0.00108
11979 0.00108
11980 0.00108
11981 0.00108
11982 0.00108
11983 0.00108
11984 0.00108
11985 0.00108
11986 0.00108
11987 0.00108
11988 0.00108
11989 0.00108
11990 0.00108
11991 0.00108
11992 0.00108
11993 0.00108
11994 0.00108
11995 0.00108
11996 0.00108
11997 0.00108
11998 0.00108
11999 0.00108
12000 0.00108
12001 0.00108
12002 0.00108
12003 0.00108
12004 0.00108
12005 0.00108
12006 0.00108
12007 0.00108
12008 0.00108
12009 0.00108
12010 0.00108
12011 0.00108
12012 0.00108
12013 0.00108
12014 0.00108
12015 0.00108
12016 0.00108
12017 0.00108
12018 0.00108
12019 0.00108
12020 0.00108
12021 0.00108
12022 0.00108
12023 0.00108
12024 0.00108
12025 0.00108
12026 0.00108
12027 0.00108
12028 0.00108
12029 0.00108
12030 0.00108
12031 0.00108
12032 0.00108
12033 0.00108
12034 0.00108
12035 0.00108
12036 0.00108
12037 0.00108
12038 0.00108
12039 0.00108
12040 0.00108
12041 0.00108
12042 0.00108
12043 0.00108
12044 0.00108
12045 0.00108
12046 0.00108
12047 0.00108
12048 0.00108
12049 0.00108
12050 0.00108
12051 0.00108
12052 0.00108
12053 0.00108
12054 0.00108
12055 0.00108
12056 0.00108
12057 0.00108
12058 0.00108
12059 0.00108
12060 0.00108
12061 0.00108
12062 0.00108
12063 0.00108
12064 0.00108
12065 0.00108
12066 0.00108
12067 0.00108
12068 0.00108
12069 0.00108
12070 0.00108
12071 0.00108
12072 0.00108
12073 0.00108
12074 0.00108
12075 0.00108
12076 0.00108
12077 0.00108
12078 0.00108
12079 0.00108
12080 0.00108
12081 0.00108
12082 0.00108
12083 0.00108
12084 0.00108
12085 0.00108
12086 0.00108
12087 0.00108
12088 0.00108
12089 0.00108
12090 0.00108
12091 0.00108
12092 0.00108
12093 0.00108
12094 0.00108
12095 0.00108
12096 0.00108
12097 0.00108
12098 0.00108
12099 0.00108
12100 0.00108
12101 0.00108
12102 0.00108
12103 0.00108
12104 0.00108
12105 0.00108
12106 0.00108
12107 0.00108
12108 0.00108
12109 0.00108
12110 0.00108
12111 0.00108
12112 0.00108
12113 0.00108
12114 0.00108
12115 0.00108
12116 0.00108
12117 0.00108
12118 0.00108
12119 0.00108
12120 0.00108
12121 0.00108
12122 0.00108
12123 0.00108
12124 0.00108
12125 0.00108
12126 0.00108
12127 0.00108
12128 0.00108
12129 0.00108
12130 0.00108
12131 0.00108
12132 0.00108
12133 0.00108
12134 0.00108
12135 0.00108
12136 0.00108
12137 0.00108
12138 0.00108
12139 0.00108
12140 0.00108
12141 0.00108
12142 0.00108
12143 0.00108
12144 0.00108
12145 0.00108
12146 0.00108
12147 0.00108
12148 0.00108
12149 0.00108
12150 0.00108
12151 0.00108
12152 0.00108
12153 0.00108
12154 0.00108
12155 0.00108
12156 0.00108
12157 0.00108
12158 0.00108
12159 0.00108
12160 0.00108
12161 0.00108
12162 0.00108
12163 0.00108
12164 0.00108
12165 0.00108
12166 0.00108
12167 0.00108
12168 0.00108
12169 0.00108
12170 0.00108
12171 0.00108
12172 0.00108
12173 0.00108
12174 0.00108
12175 0.00108
12176 0.00108
12177 0.00108
12178 0.00108
12179 0.00108
12180 0.00108
12181 0.00108
12182 0.00108
12183 0.00108
12184 0.00108
12185 0.00108
12186 0.00108
12187 0.00108
12188 0.00108
12189 0.00108
12190 0.00108
12191 0.00108
12192 0.00108
12193 0.00108
12194 0.00108
12195 0.00108
12196 0.00108
12197 0.00108
12198 0.00108
12199 0.00108
12200 0.00108
12201 0.00108
12202 0.00108
12203 0.00108
12204 0.00108
12205 0.00108
12206 0.00108
12207 0.00108
12208 0.00108
12209 0.00108
12210 0.00108
12211 0.00108
12212 0.00108
12213 0.00108
12214 0.00108
12215 0.00108
12216 0.00108
12217 0.00108
12218 0.00108
12219 0.00108
12220 0.00108
12221 0.00108
12222 0.00108
12223 0.00108
12224 0.00108
12225 0.00108
12226 0.00108
12227 0.00108
12228 0.00108
12229 0.00108
12230 0.00108
12231 0.00108
12232 0.00108
12233 0.00108
12234 0.00108
12235 0.00108
12236 0.00108
12237 0.00108
12238 0.00108
12239 0.00108
12240 0.00108
12241 0.00108
12242 0.00108
12243 0.00108
12244 0.00108
12245 0.00108
12246 0.00108
12247 0.00108
12248 0.00108
12249 0.00108
12250 0.00108
12251 0.00108
12252 0.00108
12253 0.00108
12254 0.00108
12255 0.00108
12256 0.00108
12257 0.00108
12258 0.00108
12259 0.00108
12260 0.00108
12261 0.00108
12262 0.00108
12263 0.00108
12264 0.00108
12265 0.00108
12266 0.00108
12267 0.00108
12268 0.00108
12269 0.00108
12270 0.00108
12271 0.00108
12272 0.00108
12273 0.00108
12274 0.00108
12275 0.00108
12276 0.00108
12277 0.00108
12278 0.00108
12279 0.00108
12280 0.00108
12281 0.00108
12282 0.00108
12283 0.00108
12284 0.00108
12285 0.00108
12286 0.00108
12287 0.00108
12288 0.00108
12289 0.00108
12290 0.00108
12291 0.00108
12292 0.00108
12293 0.00108
12294 0.00108
12295 0.00108
12296 0.00108
12297 0.00108
12298 0.00108
12299 0.00108
12300 0.00108
12301 0.00108
12302 0.00108
12303 0.00108
12304 0.00108
12305 0.00108
12306 0.00108
12307 0.00108
12308 0.00108
12309 0.00108
12310 0.00108
12311 0.00108
12312 0.00108
12313 0.00108
12314 0.00108
12315 0.00108
12316 0.00108
12317 0.00108
12318 0.00108
12319 0.00108
12320 0.00108
12321 0.00108
12322 0.00108
12323 0.00108
12324 0.00108
12325 0.00108
12326 0.00108
12327 0.00108
12328 0.00108
12329 0.00108
12330 0.00108
12331 0.00108
12332 0.00108
12333 0.00108
12334 0.00108
12335 0.00108
12336 0.00108
12337 0.00108
12338 0.00108
12339 0.00108
12340 0.00108
12341 0.00108
12342 0.00108
12343 0.00108
12344 0.00108
12345 0.00108
12346 0.00108
12347 0.00108
12348 0.00108
12349 0.00108
12350 0.00108
12351 0.00108
12352 0.00108
12353 0.00108
12354 0.00108
12355 0.00108
12356 0.00108
12357 0.00108
12358 0.00108
12359 0.00108
12360 0.00108
12361 0.00108
12362 0.00108
12363 0.00108
12364 0.00108
12365 0.00108
12366 0.00108
12367 0.00108
12368 0.00108
12369 0.00108
12370 0.00108
12371 0.00108
12372 0.00108
12373 0.00108
12374 0.00108
12375 0.00108
12376 0.00108
12377 0.00108
12378 0.00108
12379 0.00108
12380 0.00108
12381 0.00108
12382 0.00108
12383 0.00108
12384 0.00108
12385 0.00108
12386 0.00108
12387 0.00108
12388 0.00108
12389 0.00108
12390 0.00108
12391 0.00108
12392 0.00108
12393 0.00108
12394 0.00108
12395 0.00108
12396 0.00108
12397 0.00108
12398 0.00108
12399 0.00108
12400 0.00108
12401 0.00108
12402 0.00108
12403 0.00108
12404 0.00108
12405 0.00108
12406 0.00108
12407 0.00108
12408 0.00108
12409 0.00108
12410 0.00108
12411 0.00108
12412 0.00108
12413 0.00108
12414 0.00108
12415 0.00108
12416 0.00108
12417 0.00108
12418 0.00108
12419 0.00108
12420 0.00108
12421 0.00108
12422 0.00108
12423 0.00108
12424 0.00108
12425 0.00108
12426 0.00108
12427 0.00108
12428 0.00108
12429 0.00108
12430 0.00108
12431 0.00108
12432 0.00108
12433 0.00108
12434 0.00108
12435 0.00108
12436 0.00108
12437 0.00108
12438 0.00108
12439 0.00108
12440 0.00108
12441 0.00108
12442 0.00108
12443 0.00108
12444 0.00108
12445 0.00108
12446 0.00108
12447 0.00108
12448 0.00108
12449 0.00108
12450 0.00108
12451 0.00108
12452 0.00108
12453 0.00108
12454 0.00108
12455 0.00108
12456 0.00108
12457 0.00108
12458 0.00108
12459 0.00108
12460 0.00108
12461 0.00108
12462 0.00108
12463 0.00108
12464 0.00108
12465 0.00108
12466 0.00108
12467 0.00108
12468 0.00108
12469 0.00108
12470 0.00108
12471 0.00108
12472 0.00108
12473 0.00108
12474 0.00108
12475 0.00108
12476 0.00108
12477 0.00108
12478 0.00108
12479 0.00108
12480 0.00108
12481 0.00108
12482 0.00108
12483 0.00108
12484 0.00108
12485 0.00108
12486 0.00108
12487 0.00108
12488 0.00108
12489 0.00108
12490 0.00108
12491 0.00108
12492 0.00108
12493 0.00108
12494 0.00108
12495 0.00108
12496 0.00108
12497 0.00108
12498 0.00108
12499 0.00108
12500 0.00108
12501 0.00108
12502 0.00108
12503 0.00108
12504 0.00108
12505 0.00108
12506 0.00108
12507 0.00108
12508 0.00108
12509 0.00108
12510 0.00108
12511 0.00108
12512 0.00108
12513 0.00108
12514 0.00108
12515 0.00108
12516 0.00108
12517 0.00108
12518 0.00108
12519 0.00108
12520 0.00108
12521 0.00108
12522 0.00108
12523 0.00108
12524 0.00108
12525 0.00108
12526 0.00108
12527 0.00108
12528 0.00108
12529 0.00108
12530 0.00108
12531 0.00108
12532 0.00108
12533 0.00108
12534 0.00108
12535 0.00108
12536 0.00108
12537 0.00108
12538 0.00108
12539 0.00108
12540 0.00108
12541 0.00108
12542 0.00108
12543 0.00108
12544 0.00108
12545 0.00108
12546 0.00108
12547 0.00108
12548 0.00108
12549 0.00108
12550 0.00108
12551 0.00108
12552 0.00108
12553 0.00108
12554 0.00108
12555 0.00108
12556 0.00108
12557 0.00108
12558 0.00108
12559 0.00108
12560 0.00108
12561 0.00108
12562 0.00108
12563 0.00108
12564 0.00108
12565 0.00108
12566 0.00108
12567 0.00108
12568 0.00108
12569 0.00108
12570 0.00108
12571 0.00108
12572 0.00108
12573 0.00108
12574 0.00108
12575 0.00108
12576 0.00108
12577 0.00108
12578 0.00108
12579 0.00108
12580 0.00108
12581 0.00108
12582 0.00108
12583 0.00108
12584 0.00108
12585 0.00108
12586 0.00108
12587 0.00108
12588 0.00108
12589 0.00108
12590 0.00108
12591 0.00108
12592 0.00108
12593 0.00108
12594 0.00108
12595 0.00108
12596 0.00108
12597 0.00108
12598 0.00108
12599 0.00108
12600 0.00108
12601 0.00108
12602 0.00108
12603 0.00108
12604 0.00108
12605 0.00108
12606 0.00108
12607 0.00108
12608 0.00108
12609 0.00108
12610 0.00108
12611 0.00108
12612 0.00108
12613 0.00108
12614 0.00108
12615 0.00108
12616 0.00108
12617 0.00108
12618 0.00108
12619 0.00108
12620 0.00108
12621 0.00108
12622 0.00108
12623 0.00108
12624 0.00108
12625 0.00108
12626 0.00108
12627 0.00108
12628 0.00108
12629 0.00108
12630 0.00108
12631 0.00108
12632 0.00108
12633 0.00108
12634 0.00108
12635 0.00108
12636 0.00108
12637 0.00108
12638 0.00108
12639 0.00108
12640 0.00108
12641 0.00108
12642 0.00108
12643 0.00108
12644 0.00108
12645 0.00108
12646 0.00108
12647 0.00108
12648 0.00108
12649 0.00108
12650 0.00108
12651 0.00108
12652 0.00108
12653 0.00108
12654 0.00108
12655 0.00108
12656 0.00108
12657 0.00108
12658 0.00108
12659 0.00108
12660 0.00108
12661 0.00108
12662 0.00108
12663 0.00108
12664 0.00108
12665 0.00108
12666 0.00108
12667 0.00108
12668 0.00108
12669 0.00108
12670 0.00108
12671 0.00108
12672 0.00108
12673 0.00108
12674 0.00108
12675 0.00108
12676 0.00108
12677 0.00108
12678 0.00108
12679 0.00108
12680 0.00108
12681 0.00108
12682 0.00108
12683 0.00108
12684 0.00108
12685 0.00108
12686 0.00108
12687 0.00108
12688 0.00108
12689 0.00108
12690 0.00108
12691 0.00108
12692 0.00108
12693 0.00108
12694 0.00108
12695 0.00108
12696 0.00108
12697 0.00108
12698 0.00108
12699 0.00108
12700 0.00108
12701 0.00108
12702 0.00108
12703 0.00108
12704 0.00108
12705 0.00108
12706 0.00108
12707 0.00108
12708 0.00108
12709 0.00108
12710 0.00108
12711 0.00108
12712 0.00108
12713 0.00108
12714 0.00108
12715 0.00108
12716 0.00108
12717 0.00108
12718 0.00108
12719 0.00108
12720 0.00108
12721 0.00108
12722 0.00108
12723 0.00108
12724 0.00108
12725 0.00108
12726 0.00108
12727 0.00108
12728 0.00108
12729 0.00108
12730 0.00108
12731 0.00108
12732 0.00108
12733 0.00108
12734 0.00108
12735 0.00108
12736 0.00108
12737 0.00108
12738 0.00108
12739 0.00108
12740 0.00108
12741 0.00108
12742 0.00108
12743 0.00108
12744 0.00108
12745 0.00108
12746 0.00108
12747 0.00108
12748 0.00108
12749 0.00108
12750 0.00108
12751 0.00108
12752 0.00108
12753 0.00108
12754 0.00108
12755 0.00108
12756 0.00108
12757 0.00108
12758 0.00108
12759 0.00108
12760 0.00108
12761 0.00108
12762 0.00108
12763 0.00108
12764 0.00108
12765 0.00108
12766 0.00108
12767 0.00108
12768 0.00108
12769 0.00108
12770 0.00108
12771 0.00108
12772 0.00108
12773 0.00108
12774 0.00108
12775 0.00108
12776 0.00108
12777 0.00108
12778 0.00108
12779 0.00108
12780 0.00108
12781 0.00108
12782 0.00108
12783 0.00108
12784 0.00108
12785 0.00108
12786 0.00108
12787 0.00108
12788 0.00108
12789 0.00108
12790 0.00108
12791 0.00108
12792 0.00108
12793 0.00108
12794 0.00108
12795 0.00108
12796 0.00108
12797 0.00108
12798 0.00108
12799 0.00108
12800 0.00108
12801 0.00108
12802 0.00108
12803 0.00108
12804 0.00108
12805 0.00108
12806 0.00108
12807 0.00108
12808 0.00108
12809 0.00108
12810 0.00108
12811 0.00108
12812 0.00108
12813 0.00108
12814 0.00108
12815 0.00108
12816 0.00108
12817 0.00108
12818 0.00108
12819 0.00108
12820 0.00108
12821 0.00108
12822 0.00108
12823 0.00108
12824 0.00108
12825 0.00108
12826 0.00108
12827 0.00108
12828 0.00108
12829 0.00108
12830 0.00108
12831 0.00108
12832 0.00108
12833 0.00108
12834 0.00108
12835 0.00108
12836 0.00108
12837 0.00108
12838 0.00108
12839 0.00108
12840 0.00108
12841 0.00108
12842 0.00108
12843 0.00108
12844 0.00108
12845 0.00108
12846 0.00108
12847 0.00108
12848 0.00108
12849 0.00108
12850 0.00108
12851 0.00108
12852 0.00108
12853 0.00108
12854 0.00108
12855 0.00108
12856 0.00108
12857 0.00108
12858 0.00108
12859 0.00108
12860 0.00108
12861 0.00108
12862 0.00108
12863 0.00108
12864 0.00108
12865 0.00108
12866 0.00108
12867 0.00108
12868 0.00108
12869 0.00108
12870 0.00108
12871 0.00108
12872 0.00108
12873 0.00108
12874 0.00108
12875 0.00108
12876 0.00108
12877 0.00108
12878 0.00108
12879 0.00108
12880 0.00108
12881 0.00108
12882 0.00108
12883 0.00108
12884 0.00108
12885 0.00108
12886 0.00108
12887 0.00108
12888 0.00108
12889 0.00108
12890 0.00108
12891 0.00108
12892 0.00108
12893 0.00108
12894 0.00108
12895 0.00108
12896 0.00108
12897 0.00108
12898 0.00108
12899 0.00108
12900 0.00108
12901 0.00108
12902 0.00108
12903 0.00108
12904 0.00108
12905 0.00108
12906 0.00108
12907 0.00108
12908 0.00108
12909 0.00108
12910 0.00108
12911 0.00108
12912 0.00108
12913 0.00108
12914 0.00108
12915 0.00108
12916 0.00108
12917 0.00108
12918 0.00108
12919 0.00108
12920 0.00108
12921 0.00108
12922 0.00108
12923 0.00108
12924 0.00108
12925 0.00108
12926 0.00108
12927 0.00108
12928 0.00108
12929 0.00108
12930 0.00108
12931 0.00108
12932 0.00108
12933 0.00108
12934 0.00108
12935 0.00108
12936 0.00108
12937 0.00108
12938 0.00108
12939 0.00108
12940 0.00108
12941 0.00108
12942 0.00108
12943 0.00108
12944 0.00108
12945 0.00108
12946 0.00108
12947 0.00108
12948 0.00108
12949 0.00108
12950 0.00108
12951 0.00108
12952 0.00108
12953 0.00108
12954 0.00108
12955 0.00108
12956 0.00108
12957 0.00108
12958 0.00108
12959 0.00108
12960 0.00108
12961 0.00108
12962 0.00108
12963 0.00108
12964 0.00108
12965 0.00108
12966 0.00108
12967 0.00108
12968 0.00108
12969 0.00108
12970 0.00108
12971 0.00108
12972 0.00108
12973 0.00108
12974 0.00108
12975 0.00108
12976 0.00108
12977 0.00108
12978 0.00108
12979 0.00108
12980 0.00108
12981 0.00108
12982 0.00108
12983 0.00108
12984 0.00108
12985 0.00108
12986 0.00108
12987 0.00108
12988 0.00108
12989 0.00108
12990 0.00108
12991 0.00108
12992 0.00108
12993 0.00108
12994 0.00108
12995 0.00108
12996 0.00108
12997 0.00108
12998 0.00108
12999 0.00108
13000 0.00108
13001 0.00108
13002 0.00108
13003 0.00108
13004 0.00108
13005 0.00108
13006 0.00108
13007 0.00108
13008 0.00108
13009 0.00108
13010 0.00108
13011 0.00108
13012 0.00108
13013 0.00108
13014 0.00108
13015 0.00108
13016 0.00108
13017 0.00108
13018 0.00108
13019 0.00108
13020 0.00108
13021 0.00108
13022 0.00108
13023 0.00108
13024 0.00108
13025 0.00108
13026 0.00108
13027 0.00108
13028 0.00108
13029 0.00108
13030 0.00108
13031 0.00108
13032 0.00108
13033 0.00108
13034 0.00108
13035 0.00108
13036 0.00108
13037 0.00108
13038 0.00108
13039 0.00108
13040 0.00108
13041 0.00108
13042 0.00108
13043 0.00108
13044 0.00108
13045 0.00108
13046 0.00108
13047 0.00108
13048 0.00108
13049 0.00108
13050 0.00108
13051 0.00108
13052 0.00108
13053 0.00108
13054 0.00108
13055 0.00108
13056 0.00108
13057 0.00108
13058 0.00108
13059 0.00108
13060 0.00108
13061 0.00108
13062 0.00108
13063 0.00108
13064 0.00108
13065 0.00108
13066 0.00108
13067 0.00108
13068 0.00108
13069 0.00108
13070 0.00108
13071 0.00108
13072 0.00108
13073 0.00108
13074 0.00108
13075 0.00108
13076 0.00108
13077 0.00108
13078 0.00108
13079 0.00108
13080 0.00108
13081 0.00108
13082 0.00108
13083 0.00108
13084 0.00108
13085 0.00108
13086 0.00108
13087 0.00108
13088 0.00108
13089 0.00108
13090 0.00108
13091 0.00108
13092 0.00108
13093 0.00108
13094 0.00108
13095 0.00108
13096 0.00108
13097 0.00108
13098 0.00108
13099 0.00108
13100 0.00108
13101 0.00108
13102 0.00108
13103 0.00108
13104 0.00108
13105 0.00108
13106 0.00108
13107 0.00108
13108 0.00108
13109 0.00108
13110 0.00108
13111 0.00108
13112 0.00108
13113 0.00108
13114 0.00108
13115 0.00108
13116 0.00108
13117 0.00108
13118 0.00108
13119 0.00108
13120 0.00108
13121 0.00108
13122 0.00108
13123 0.00108
13124 0.00108
13125 0.00108
13126 0.00108
13127 0.00108
13128 0.00108
13129 0.00108
13130 0.00108
13131 0.00108
13132 0.00108
13133 0.00108
13134 0.00108
13135 0.00108
13136 0.00108
13137 0.00108
13138 0.00108
13139 0.00108
13140 0.00108
13141 0.00108
13142 0.00108
13143 0.00108
13144 0.00108
13145 0.00108
13146 0.00108
13147 0.00108
13148 0.00108
13149 0.00108
13150 0.00108
13151 0.00108
13152 0.00108
13153 0.00108
13154 0.00108
13155 0.00108
13156 0.00108
13157 0.00108
13158 0.00108
13159 0.00108
13160 0.00108
13161 0.00108
13162 0.00108
13163 0.00108
13164 0.00108
13165 0.00108
13166 0.00108
13167 0.00108
13168 0.00108
13169 0.00108
13170 0.00108
13171 0.00108
13172 0.00108
13173 0.00108
13174 0.00108
13175 0.00108
13176 0.00108
13177 0.00108
13178 0.00108
13179 0.00108
13180 0.00108
13181 0.00108
13182 0.00108
13183 0.00108
13184 0.00108
13185 0.00108
13186 0.00108
13187 0.00108
13188 0.00108
13189 0.00108
13190 0.00108
13191 0.00108
13192 0.00108
13193 0.00108
13194 0.00108
13195 0.00108
13196 0.00108
13197 0.00108
13198 0.00108
13199 0.00108
13200 0.00108
13201 0.00108
13202 0.00108
13203 0.00108
13204 0.00108
13205 0.00108
13206 0.00108
13207 0.00108
13208 0.00108
13209 0.00108
13210 0.00108
13211 0.00108
13212 0.00108
13213 0.00108
13214 0.00108
13215 0.00108
13216 0.00108
13217 0.00108
13218 0.00108
13219 0.00108
13220 0.00108
13221 0.00108
13222 0.00108
13223 0.00108
13224 0.00108
13225 0.00108
13226 0.00108
13227 0.00108
13228 0.00108
13229 0.00108
13230 0.00108
13231 0.00108
13232 0.00108
13233 0.00108
13234 0.00108
13235 0.00108
13236 0.00108
13237 0.00108
13238 0.00108
13239 0.00108
13240 0.00108
13241 0.00108
13242 0.00108
13243 0.00108
13244 0.00108
13245 0.00108
13246 0.00108
13247 0.00108
13248 0.00108
13249 0.00108
13250 0.00108
13251 0.00108
13252 0.00108
13253 0.00108
13254 0.00108
13255 0.00108
13256 0.00108
13257 0.00108
13258 0.00108
13259 0.00108
13260 0.00108
13261 0.00108
13262 0.00108
13263 0.00108
13264 0.00108
13265 0.00108
13266 0.00108
13267 0.00108
13268 0.00108
13269 0.00108
13270 0.00108
13271 0.00108
13272 0.00108
13273 0.00108
13274 0.00108
13275 0.00108
13276 0.00108
13277 0.00108
13278 0.00108
13279 0.00108
13280 0.00108
13281 0.00108
13282 0.00108
13283 0.00108
13284 0.00108
13285 0.00108
13286 0.00108
13287 0.00108
13288 0.00108
13289 0.00108
13290 0.00108
13291 0.00108
13292 0.00108
13293 0.00108
13294 0.00108
13295 0.00108
13296 0.00108
13297 0.00108
13298 0.00108
13299 0.00108
13300 0.00108
13301 0.00108
13302 0.00108
13303 0.00108
13304 0.00108
13305 0.00108
13306 0.00108
13307 0.00108
13308 0.00108
13309 0.00108
13310 0.00108
13311 0.00108
13312 0.00108
13313 0.00108
13314 0.00108
13315 0.00108
13316 0.00108
13317 0.00108
13318 0.00108
13319 0.00108
13320 0.00108
13321 0.00108
13322 0.00108
13323 0.00108
13324 0.00108
13325 0.00108
13326 0.00108
13327 0.00108
13328 0.00108
13329 0.00108
13330 0.00108
13331 0.00108
13332 0.00108
13333 0.00108
13334 0.00108
13335 0.00108
13336 0.00108
13337 0.00108
13338 0.00108
13339 0.00108
13340 0.00108
13341 0.00108
13342 0.00108
13343 0.00108
13344 0.00108
13345 0.00108
13346 0.00108
13347 0.00108
13348 0.00108
13349 0.00108
13350 0.00108
13351 0.00108
13352 0.00108
13353 0.00108
13354 0.00108
13355 0.00108
13356 0.00108
13357 0.00108
13358 0.00108
13359 0.00108
13360 0.00108
13361 0.00108
13362 0.00108
13363 0.00108
13364 0.00108
13365 0.00108
13366 0.00108
13367 0.00108
13368 0.00108
13369 0.00108
13370 0.00108
13371 0.00108
13372 0.00108
13373 0.00108
13374 0.00108
13375 0.00108
13376 0.00108
13377 0.00108
13378 0.00108
13379 0.00108
13380 0.00108
13381 0.00108
13382 0.00108
13383 0.00108
13384 0.00108
13385 0.00108
13386 0.00108
13387 0.00108
13388 0.00108
13389 0.00108
13390 0.00108
13391 0.00108
13392 0.00108
13393 0.00108
13394 0.00108
13395 0.00108
13396 0.00108
13397 0.00108
13398 0.00108
13399 0.00108
13400 0.00108
13401 0.00108
13402 0.00108
13403 0.00108
13404 0.00108
13405 0.00108
13406 0.00108
13407 0.00108
13408 0.00108
13409 0.00108
13410 0.00108
13411 0.00108
13412 0.00108
13413 0.00108
13414 0.00108
13415 0.00108
13416 0.00108
13417 0.00108
13418 0.00108
13419 0.00108
13420 0.00108
13421 0.00108
13422 0.00108
13423 0.00108
13424 0.00108
13425 0.00108
13426 0.00108
13427 0.00108
13428 0.00108
13429 0.00108
13430 0.00108
13431 0.00108
13432 0.00108
13433 0.00108
13434 0.00108
13435 0.00108
13436 0.00108
13437 0.00108
13438 0.00108
13439 0.00108
13440 0.00108
13441 0.00108
13442 0.00108
13443 0.00108
13444 0.00108
13445 0.00108
13446 0.00108
13447 0.00108
13448 0.00108
13449 0.00108
13450 0.00108
13451 0.00108
13452 0.00108
13453 0.00108
13454 0.00108
13455 0.00108
13456 0.00108
13457 0.00108
13458 0.00108
13459 0.00108
13460 0.00108
13461 0.00108
13462 0.00108
13463 0.00108
13464 0.00108
13465 0.00108
13466 0.00108
13467 0.00108
13468 0.00108
13469 0.00108
13470 0.00108
13471 0.00108
13472 0.00108
13473 0.00108
13474 0.00108
13475 0.00108
13476 0.00108
13477 0.00108
13478 0.00108
13479 0.00108
13480 0.00108
13481 0.00108
13482 0.00108
13483 0.00108
13484 0.00108
13485 0.00108
13486 0.00108
13487 0.00108
13488 0.00108
13489 0.00108
13490 0.00108
13491 0.00108
13492 0.00108
13493 0.00108
13494 0.00108
13495 0.00108
13496 0.00108
13497 0.00108
13498 0.00108
13499 0.00108
13500 0.00108
13501 0.00108
13502 0.00108
13503 0.00108
13504 0.00108
13505 0.00108
13506 0.00108
13507 0.00108
13508 0.00108
13509 0.00108
13510 0.00108
13511 0.00108
13512 0.00108
13513 0.00108
13514 0.00108
13515 0.00108
13516 0.00108
13517 0.00108
13518 0.00108
13519 0.00108
13520 0.00108
13521 0.00108
13522 0.00108
13523 0.00108
13524 0.00108
13525 0.00108
13526 0.00108
13527 0.00108
13528 0.00108
13529 0.00108
13530 0.00108
13531 0.00108
13532 0.00108
13533 0.00108
13534 0.00108
13535 0.00108
13536 0.00108
13537 0.00108
13538 0.00108
13539 0.00108
13540 0.00108
13541 0.00108
13542 0.00108
13543 0.00108
13544 0.00108
13545 0.00108
13546 0.00108
13547 0.00108
13548 0.00108
13549 0.00108
13550 0.00108
13551 0.00108
13552 0.00108
13553 0.00108
13554 0.00108
13555 0.00108
13556 0.00108
13557 0.00108
13558 0.00108
13559 0.00108
13560 0.00108
13561 0.00108
13562 0.00108
13563 0.00108
13564 0.00108
13565 0.00108
13566 0.00108
13567 0.00108
13568 0.00108
13569 0.00108
13570 0.00108
13571 0.00108
13572 0.00108
13573 0.00108
13574 0.00108
13575 0.00108
13576 0.00108
13577 0.00108
13578 0.00108
13579 0.00108
13580 0.00108
13581 0.00108
13582 0.00108
13583 0.00108
13584 0.00108
13585 0.00108
13586 0.00108
13587 0.00108
13588 0.00108
13589 0.00108
13590 0.00108
13591 0.00108
13592 0.00108
13593 0.00108
13594 0.00108
13595 0.00108
13596 0.00108
13597 0.00108
13598 0.00108
13599 0.00108
13600 0.00108
13601 0.00108
13602 0.00108
13603 0.00108
13604 0.00108
13605 0.00108
13606 0.00108
13607 0.00108
13608 0.00108
13609 0.00108
13610 0.00108
13611 0.00108
13612 0.00108
13613 0.00108
13614 0.00108
13615 0.00108
13616 0.00108
13617 0.00108
13618 0.00108
13619 0.00108
13620 0.00108
13621 0.00108
13622 0.00108
13623 0.00108
13624 0.00108
13625 0.00108
13626 0.00108
13627 0.00108
13628 0.00108
13629 0.00108
13630 0.00108
13631 0.00108
13632 0.00108
13633 0.00108
13634 0.00108
13635 0.00108
13636 0.00108
13637 0.00108
13638 0.00108
13639 0.00108
13640 0.00108
13641 0.00108
13642 0.00108
13643 0.00108
13644 0.00108
13645 0.00108
13646 0.00108
13647 0.00108
13648 0.00108
13649 0.00108
13650 0.00108
13651 0.00108
13652 0.00108
13653 0.00108
13654 0.00108
13655 0.00108
13656 0.00108
13657 0.00108
13658 0.00108
13659 0.00108
13660 0.00108
13661 0.00108
13662 0.00108
13663 0.00108
13664 0.00108
13665 0.00108
13666 0.00108
13667 0.00108
13668 0.00108
13669 0.00108
13670 0.00108
13671 0.00108
13672 0.00108
13673 0.00108
13674 0.00108
13675 0.00108
13676 0.00108
13677 0.00108
13678 0.00108
13679 0.00108
13680 0.00108
13681 0.00108
13682 0.00108
13683 0.00108
13684 0.00108
13685 0.00108
13686 0.00108
13687 0.00108
13688 0.00108
13689 0.00108
13690 0.00108
13691 0.00108
13692 0.00108
13693 0.00108
13694 0.00108
13695 0.00108
13696 0.00108
13697 0.00108
13698 0.00108
13699 0.00108
13700 0.00108
13701 0.00108
13702 0.00108
13703 0.00108
13704 0.00108
13705 0.00108
13706 0.00108
13707 0.00108
13708 0.00108
13709 0.00108
13710 0.00108
13711 0.00108
13712 0.00108
13713 0.00108
13714 0.00108
13715 0.00108
13716 0.00108
13717 0.00108
13718 0.00108
13719 0.00108
13720 0.00108
13721 0.00108
13722 0.00108
13723 0.00108
13724 0.00108
13725 0.00108
13726 0.00108
13727 0.00108
13728 0.00108
13729 0.00108
13730 0.00108
13731 0.00108
13732 0.00108
13733 0.00108
13734 0.00108
13735 0.00108
13736 0.00108
13737 0.00108
13738 0.00108
13739 0.00108
13740 0.00108
13741 0.00108
13742 0.00108
13743 0.00108
13744 0.00108
13745 0.00108
13746 0.00108
13747 0.00108
13748 0.00108
13749 0.00108
13750 0.00108
13751 0.00108
13752 0.00108
13753 0.00108
13754 0.00108
13755 0.00108
13756 0.00108
13757 0.00108
13758 0.00108
13759 0.00108
13760 0.00108
13761 0.00108
13762 0.00108
13763 0.00108
13764 0.00108
13765 0.00108
13766 0.00108
13767 0.00108
13768 0.00108
13769 0.00108
13770 0.00108
13771 0.00108
13772 0.00108
13773 0.00108
13774 0.00108
13775 0.00108
13776 0.00108
13777 0.00108
13778 0.00108
13779 0.00108
13780 0.00108
13781 0.00108
13782 0.00108
13783 0.00108
13784 0.00108
13785 0.00108
13786 0.00108
13787 0.00108
13788 0.00108
13789 0.00108
13790 0.00108
13791 0.00108
13792 0.00108
13793 0.00108
13794 0.00108
13795 0.00108
13796 0.00108
13797 0.00108
13798 0.00108
13799 0.00108
13800 0.00108
13801 0.00108
13802 0.00108
13803 0.00108
13804 0.00108
13805 0.00108
13806 0.00108
13807 0.00108
13808 0.00108
13809 0.00108
13810 0.00108
13811 0.00108
13812 0.00108
13813 0.00108
13814 0.00108
13815 0.00108
13816 0.00108
13817 0.00108
13818 0.00108
13819 0.00108
13820 0.00108
13821 0.00108
13822 0.00108
13823 0.00108
13824 0.00108
13825 0.00108
13826 0.00108
13827 0.00108
13828 0.00108
13829 0.00108
13830 0.00108
13831 0.00108
13832 0.00108
13833 0.00108
13834 0.00108
13835 0.00108
13836 0.00108
13837 0.00108
13838 0.00108
13839 0.00108
13840 0.00108
13841 0.00108
13842 0.00108
13843 0.00108
13844 0.00108
13845 0.00108
13846 0.00108
13847 0.00108
13848 0.00108
13849 0.00108
13850 0.00108
13851 0.00108
13852 0.00108
13853 0.00108
13854 0.00108
13855 0.00108
13856 0.00108
13857 0.00108
13858 0.00108
13859 0.00108
13860 0.00108
13861 0.00108
13862 0.00108
13863 0.00108
13864 0.00108
13865 0.00108
13866 0.00108
13867 0.00108
13868 0.00108
13869 0.00108
13870 0.00108
13871 0.00108
13872 0.00108
13873 0.00108
13874 0.00108
13875 0.00108
13876 0.00108
13877 0.00108
13878 0.00108
13879 0.00108
13880 0.00108
13881 0.00108
13882 0.00108
13883 0.00108
13884 0.00108
13885 0.00108
13886 0.00108
13887 0.00108
13888 0.00108
13889 0.00108
13890 0.00108
13891 0.00108
13892 0.00108
13893 0.00108
13894 0.00108
13895 0.00108
13896 0.00108
13897 0.00108
13898 0.00108
13899 0.00108
13900 0.00108
13901 0.00108
13902 0.00108
13903 0.00108
13904 0.00108
13905 0.00108
13906 0.00108
13907 0.00108
13908 0.00108
13909 0.00108
13910 0.00108
13911 0.00108
13912 0.00108
13913 0.00108
13914 0.00108
13915 0.00108
13916 0.00108
13917 0.00108
13918 0.00108
13919 0.00108
13920 0.00108
13921 0.00108
13922 0.00108
13923 0.00108
13924 0.00108
13925 0.00108
13926 0.00108
13927 0.00108
13928 0.00108
13929 0.00108
13930 0.00108
13931 0.00108
13932 0.00108
13933 0.00108
13934 0.00108
13935 0.00108
13936 0.00108
13937 0.00108
13938 0.00108
13939 0.00108
13940 0.00108
13941 0.00108
13942 0.00108
13943 0.00108
13944 0.00108
13945 0.00108
13946 0.00108
13947 0.00108
13948 0.00108
13949 0.00108
13950 0.00108
13951 0.00108
13952 0.00108
13953 0.00108
13954 0.00108
13955 0.00108
13956 0.00108
13957 0.00108
13958 0.00108
13959 0.00108
13960 0.00108
13961 0.00108
13962 0.00108
13963 0.00108
13964 0.00108
13965 0.00108
13966 0.00108
13967 0.00108
13968 0.00108
13969 0.00108
13970 0.00108
13971 0.00108
13972 0.00108
13973 0.00108
13974 0.00108
13975 0.00108
13976 0.00108
13977 0.00108
13978 0.00108
13979 0.00108
13980 0.00108
13981 0.00108
13982 0.00108
13983 0.00108
13984 0.00108
13985 0.00108
13986 0.00108
13987 0.00108
13988 0.00108
13989 0.00108
13990 0.00108
13991 0.00108
13992 0.00108
13993 0.00108
13994 0.00108
13995 0.00108
13996 0.00108
13997 0.00108
13998 0.00108
13999 0.00108
14000 0.00108
14001 0.00108
14002 0.00108
14003 0.00108
14004 0.00108
14005 0.00108
14006 0.00108
14007 0.00108
14008 0.00108
14009 0.00108
14010 0.00108
14011 0.00108
14012 0.00108
14013 0.00108
14014 0.00108
14015 0.00108
14016 0.00108
14017 0.00108
14018 0.00108
14019 0.00108
14020 0.00108
14021 0.00108
14022 0.00108
14023 0.00108
14024 0.00108
14025 0.00108
14026 0.00108
14027 0.00108
14028 0.00108
14029 0.00108
14030 0.00108
14031 0.00108
14032 0.00108
14033 0.00108
14034 0.00108
14035 0.00108
14036 0.00108
14037 0.00108
14038 0.00108
14039 0.00108
14040 0.00108
14041 0.00108
14042 0.00108
14043 0.00108
14044 0.00108
14045 0.00108
14046 0.00108
14047 0.00108
14048 0.00108
14049 0.00108
14050 0.00108
14051 0.00108
14052 0.00108
14053 0.00108
14054 0.00108
14055 0.00108
14056 0.00108
14057 0.00108
14058 0.00108
14059 0.00108
14060 0.00108
14061 0.00108
14062 0.00108
14063 0.00108
14064 0.00108
14065 0.00108
14066 0.00108
14067 0.00108
14068 0.00108
14069 0.00108
14070 0.00108
14071 0.00108
14072 0.00108
14073 0.00108
14074 0.00108
14075 0.00108
14076 0.00108
14077 0.00108
14078 0.00108
14079 0.00108
14080 0.00108
14081 0.00108
14082 0.00108
14083 0.00108
14084 0.00108
14085 0.00108
14086 0.00108
14087 0.00108
14088 0.00108
14089 0.00108
14090 0.00108
14091 0.00108
14092 0.00108
14093 0.00108
14094 0.00108
14095 0.00108
14096 0.00108
14097 0.00108
14098 0.00108
14099 0.00108
14100 0.00108
14101 0.00108
14102 0.00108
14103 0.00108
14104 0.00108
14105 0.00108
14106 0.00108
14107 0.00108
14108 0.00108
14109 0.00108
14110 0.00108
14111 0.00108
14112 0.00108
14113 0.00108
14114 0.00108
14115 0.00108
14116 0.00108
14117 0.00108
14118 0.00108
14119 0.00108
14120 0.00108
14121 0.00108
14122 0.00108
14123 0.00108
14124 0.00108
14125 0.00108
14126 0.00108
14127 0.00108
14128 0.00108
14129 0.00108
14130 0.00108
14131 0.00108
14132 0.00108
14133 0.00108
14134 0.00108
14135 0.00108
14136 0.00108
14137 0.00108
14138 0.00108
14139 0.00108
14140 0.00108
14141 0.00108
14142 0.00108
14143 0.00108
14144 0.00108
14145 0.00108
14146 0.00108
14147 0.00108
14148 0.00108
14149 0.00108
14150 0.00108
14151 0.00108
14152 0.00108
14153 0.00108
14154 0.00108
14155 0.00108
14156 0.00108
14157 0.00108
14158 0.00108
14159 0.00108
14160 0.00108
14161 0.00108
14162 0.00108
14163 0.00108
14164 0.00108
14165 0.00108
14166 0.00108
14167 0.00108
14168 0.00108
14169 0.00108
14170 0.00108
14171 0.00108
14172 0.00108
14173 0.00108
14174 0.00108
14175 0.00108
14176 0.00108
14177 0.00108
14178 0.00108
14179 0.00108
14180 0.00108
14181 0.00108
14182 0.00108
14183 0.00108
14184 0.00108
14185 0.00108
14186 0.00108
14187 0.00108
14188 0.00108
14189 0.00108
14190 0.00108
14191 0.00108
14192 0.00108
14193 0.00108
14194 0.00108
14195 0.00108
14196 0.00108
14197 0.00108
14198 0.00108
14199 0.00108
14200 0.00108
14201 0.00108
14202 0.00108
14203 0.00108
14204 0.00108
14205 0.00108
14206 0.00108
14207 0.00108
14208 0.00108
14209 0.00108
14210 0.00108
14211 0.00108
14212 0.00108
14213 0.00108
14214 0.00108
14215 0.00108
14216 0.00108
14217 0.00108
14218 0.00108
14219 0.00108
14220 0.00108
14221 0.00108
14222 0.00108
14223 0.00108
14224 0.00108
14225 0.00108
14226 0.00108
14227 0.00108
14228 0.00108
14229 0.00108
14230 0.00108
14231 0.00108
14232 0.00108
14233 0.00108
14234 0.00108
14235 0.00108
14236 0.00108
14237 0.00108
14238 0.00108
14239 0.00108
14240 0.00108
14241 0.00108
14242 0.00108
14243 0.00108
14244 0.00108
14245 0.00108
14246 0.00108
14247 0.00108
14248 0.00108
14249 0.00108
14250 0.00108
14251 0.00108
14252 0.00108
14253 0.00108
14254 0.00108
14255 0.00108
14256 0.00108
14257 0.00108
14258 0.00108
14259 0.00108
14260 0.00108
14261 0.00108
14262 0.00108
14263 0.00108
14264 0.00108
14265 0.00108
14266 0.00108
14267 0.00108
14268 0.00108
14269 0.00108
14270 0.00108
14271 0.00108
14272 0.00108
14273 0.00108
14274 0.00108
14275 0.00108
14276 0.00108
14277 0.00108
14278 0.00108
14279 0.00108
14280 0.00108
14281 0.00108
14282 0.00108
14283 0.00108
14284 0.00108
14285 0.00108
14286 0.00108
14287 0.00108
14288 0.00108
14289 0.00108
14290 0.00108
14291 0.00108
14292 0.00108
14293 0.00108
14294 0.00108
14295 0.00108
14296 0.00108
14297 0.00108
14298 0.00108
14299 0.00108
14300 0.00108
14301 0.00108
14302 0.00108
14303 0.00108
14304 0.00108
14305 0.00108
14306 0.00108
14307 0.00108
14308 0.00108
14309 0.00108
14310 0.00108
14311 0.00108
14312 0.00108
14313 0.00108
14314 0.00108
14315 0.00108
14316 0.00108
14317 0.00108
14318 0.00108
14319 0.00108
14320 0.00108
14321 0.00108
14322 0.00108
14323 0.00108
14324 0.00108
14325 0.00108
14326 0.00108
14327 0.00108
14328 0.00108
14329 0.00108
14330 0.00108
14331 0.00108
14332 0.00108
14333 0.00108
14334 0.00108
14335 0.00108
14336 0.00108
14337 0.00108
14338 0.00108
14339 0.00108
14340 0.00108
14341 0.00108
14342 0.00108
14343 0.00108
14344 0.00108
14345 0.00108
14346 0.00108
14347 0.00108
14348 0.00108
14349 0.00108
14350 0.00108
14351 0.00108
14352 0.00108
14353 0.00108
14354 0.00108
14355 0.00108
14356 0.00108
14357 0.00108
14358 0.00108
14359 0.00108
14360 0.00108
14361 0.00108
14362 0.00108
14363 0.00108
14364 0.00108
14365 0.00108
14366 0.00108
14367 0.00108
14368 0.00108
14369 0.00108
14370 0.00108
14371 0.00108
14372 0.00108
14373 0.00108
14374 0.00108
14375 0.00108
14376 0.00108
14377 0.00108
14378 0.00108
14379 0.00108
14380 0.00108
14381 0.00108
14382 0.00108
14383 0.00108
14384 0.00108
14385 0.00108
14386 0.00108
14387 0.00108
14388 0.00108
14389 0.00108
14390 0.00108
14391 0.00108
14392 0.00108
14393 0.00108
14394 0.00108
14395 0.00108
14396 0.00108
14397 0.00108
14398 0.00108
14399 0.00108
14400 0.00108
14401 0.00108
14402 0.00108
14403 0.00108
14404 0.00108
14405 0.00108
14406 0.00108
14407 0.00108
14408 0.00108
14409 0.00108
14410 0.00108
14411 0.00108
14412 0.00108
14413 0.00108
14414 0.00108
14415 0.00108
14416 0.00108
14417 0.00108
14418 0.00108
14419 0.00108
14420 0.00108
14421 0.00108
14422 0.00108
14423 0.00108
14424 0.00108
14425 0.00108
14426 0.00108
14427 0.00108
14428 0.00108
14429 0.00108
14430 0.00108
14431 0.00108
14432 0.00108
14433 0.00108
14434 0.00108
14435 0.00108
14436 0.00108
14437 0.00108
14438 0.00108
14439 0.00108
14440 0.00108
14441 0.00108
14442 0.00108
14443 0.00108
14444 0.00108
14445 0.00108
14446 0.00108
14447 0.00108
14448 0.00108
14449 0.00108
14450 0.00108
14451 0.00108
14452 0.00108
14453 0.00108
14454 0.00108
14455 0.00108
14456 0.00108
14457 0.00108
14458 0.00108
14459 0.00108
14460 0.00108
14461 0.00108
14462 0.00108
14463 0.00108
14464 0.00108
14465 0.00108
14466 0.00108
14467 0.00108
14468 0.00108
14469 0.00108
14470 0.00108
14471 0.00108
14472 0.00108
14473 0.00108
14474 0.00108
14475 0.00108
14476 0.00108
14477 0.00108
14478 0.00108
14479 0.00108
14480 0.00108
14481 0.00108
14482 0.00108
14483 0.00108
14484 0.00108
14485 0.00108
14486 0.00108
14487 0.00108
14488 0.00108
14489 0.00108
14490 0.00108
14491 0.00108
14492 0.00108
14493 0.00108
14494 0.00108
14495 0.00108
14496 0.00108
14497 0.00108
14498 0.00108
14499 0.00108
14500 0.00108
14501 0.00108
14502 0.00108
14503 0.00108
14504 0.00108
14505 0.00108
14506 0.00108
14507 0.00108
14508 0.00108
14509 0.00108
14510 0.00108
14511 0.00108
14512 0.00108
14513 0.00108
14514 0.00108
14515 0.00108
14516 0.00108
14517 0.00108
14518 0.00108
14519 0.00108
14520 0.00108
14521 0.00108
14522 0.00108
14523 0.00108
14524 0.00108
14525 0.00108
14526 0.00108
14527 0.00108
14528 0.00108
14529 0.00108
14530 0.00108
14531 0.00108
14532 0.00108
14533 0.00108
14534 0.00108
14535 0.00108
14536 0.00108
14537 0.00108
14538 0.00108
14539 0.00108
14540 0.00108
14541 0.00108
14542 0.00108
14543 0.00108
14544 0.00108
14545 0.00108
14546 0.00108
14547 0.00108
14548 0.00108
14549 0.00108
14550 0.00108
14551 0.00108
14552 0.00108
14553 0.00108
14554 0.00108
14555 0.00108
14556 0.00108
14557 0.00108
14558 0.00108
14559 0.00108
14560 0.00108
14561 0.00108
14562 0.00108
14563 0.00108
14564 0.00108
14565 0.00108
14566 0.00108
14567 0.00108
14568 0.00108
14569 0.00108
14570 0.00108
14571 0.00108
14572 0.00108
14573 0.00108
14574 0.00108
14575 0.00108
14576 0.00108
14577 0.00108
14578 0.00108
14579 0.00108
14580 0.00108
14581 0.00108
14582 0.00108
14583 0.00108
14584 0.00108
14585 0.00108
14586 0.00108
14587 0.00108
14588 0.00108
14589 0.00108
14590 0.00108
14591 0.00108
14592 0.00108
14593 0.00108
14594 0.00108
14595 0.00108
14596 0.00108
14597 0.00108
14598 0.00108
14599 0.00108
14600 0.00108
14601 0.00108
14602 0.00108
14603 0.00108
14604 0.00108
14605 0.00108
14606 0.00108
14607 0.00108
14608 0.00108
14609 0.00108
14610 0.00108
14611 0.00108
14612 0.00108
14613 0.00108
14614 0.00108
14615 0.00108
14616 0.00108
14617 0.00108
14618 0.00108
14619 0.00108
14620 0.00108
14621 0.00108
14622 0.00108
14623 0.00108
14624 0.00108
14625 0.00108
14626 0.00108
14627 0.00108
14628 0.00108
14629 0.00108
14630 0.00108
14631 0.00108
14632 0.00108
14633 0.00108
14634 0.00108
14635 0.00108
14636 0.00108
14637 0.00108
14638 0.00108
14639 0.00108
14640 0.00108
14641 0.00108
14642 0.00108
14643 0.00108
14644 0.00108
14645 0.00108
14646 0.00108
14647 0.00108
14648 0.00108
14649 0.00108
14650 0.00108
14651 0.00108
14652 0.00108
14653 0.00108
14654 0.00108
14655 0.00108
14656 0.00108
14657 0.00108
14658 0.00108
14659 0.00108
14660 0.00108
14661 0.00108
14662 0.00108
14663 0.00108
14664 0.00108
14665 0.00108
14666 0.00108
14667 0.00108
14668 0.00108
14669 0.00108
14670 0.00108
14671 0.00108
14672 0.00108
14673 0.00108
14674 0.00108
14675 0.00108
14676 0.00108
14677 0.00108
14678 0.00108
14679 0.00108
14680 0.00108
14681 0.00108
14682 0.00108
14683 0.00108
14684 0.00108
14685 0.00108
14686 0.00108
14687 0.00108
14688 0.00108
14689 0.00108
14690 0.00108
14691 0.00108
14692 0.00108
14693 0.00108
14694 0.00108
14695 0.00108
14696 0.00108
14697 0.00108
14698 0.00108
14699 0.00108
14700 0.00108
14701 0.00108
14702 0.00108
14703 0.00108
14704 0.00108
14705 0.00108
14706 0.00108
14707 0.00108
14708 0.00108
14709 0.00108
14710 0.00108
14711 0.00108
14712 0.00108
14713 0.00108
14714 0.00108
14715 0.00108
14716 0.00108
14717 0.00108
14718 0.00108
14719 0.00108
14720 0.00108
14721 0.00108
14722 0.00108
14723 0.00108
14724 0.00108
14725 0.00108
14726 0.00108
14727 0.00108
14728 0.00108
14729 0.00108
14730 0.00108
14731 0.00108
14732 0.00108
14733 0.00108
14734 0.00108
14735 0.00108
14736 0.00108
14737 0.00108
14738 0.00108
14739 0.00108
14740 0.00108
14741 0.00108
14742 0.00108
14743 0.00108
14744 0.00108
14745 0.00108
14746 0.00108
14747 0.00108
14748 0.00108
14749 0.00108
14750 0.00108
14751 0.00108
14752 0.00108
14753 0.00108
14754 0.00108
14755 0.00108
14756 0.00108
14757 0.00108
14758 0.00108
14759 0.00108
14760 0.00108
14761 0.00108
14762 0.00108
14763 0.00108
14764 0.00108
14765 0.00108
14766 0.00108
14767 0.00108
14768 0.00108
14769 0.00108
14770 0.00108
14771 0.00108
14772 0.00108
14773 0.00108
14774 0.00108
14775 0.00108
14776 0.00108
14777 0.00108
14778 0.00108
14779 0.00108
14780 0.00108
14781 0.00108
14782 0.00108
14783 0.00108
14784 0.00108
14785 0.00108
14786 0.00108
14787 0.00108
14788 0.00108
14789 0.00108
14790 0.00108
14791 0.00108
14792 0.00108
14793 0.00108
14794 0.00108
14795 0.00108
14796 0.00108
14797 0.00108
14798 0.00108
14799 0.00108
14800 0.00108
14801 0.00108
14802 0.00108
14803 0.00108
14804 0.00108
14805 0.00108
14806 0.00108
14807 0.00108
14808 0.00108
14809 0.00108
14810 0.00108
14811 0.00108
14812 0.00108
14813 0.00108
14814 0.00108
14815 0.00108
14816 0.00108
14817 0.00108
14818 0.00108
14819 0.00108
14820 0.00108
14821 0.00108
14822 0.00108
14823 0.00108
14824 0.00108
14825 0.00108
14826 0.00108
14827 0.00108
14828 0.00108
14829 0.00108
14830 0.00108
14831 0.00108
14832 0.00108
14833 0.00108
14834 0.00108
14835 0.00108
14836 0.00108
14837 0.00108
14838 0.00108
14839 0.00108
14840 0.00108
14841 0.00108
14842 0.00108
14843 0.00108
14844 0.00108
14845 0.00108
14846 0.00108
14847 0.00108
14848 0.00108
14849 0.00108
14850 0.00108
14851 0.00108
14852 0.00108
14853 0.00108
14854 0.00108
14855 0.00108
14856 0.00108
14857 0.00108
14858 0.00108
14859 0.00108
14860 0.00108
14861 0.00108
14862 0.00108
14863 0.00108
14864 0.00108
14865 0.00108
14866 0.00108
14867 0.00108
14868 0.00108
14869 0.00108
14870 0.00108
14871 0.00108
14872 0.00108
14873 0.00108
14874 0.00108
14875 0.00108
14876 0.00108
14877 0.00108
14878 0.00108
14879 0.00108
14880 0.00108
14881 0.00108
14882 0.00108
14883 0.00108
14884 0.00108
14885 0.00108
14886 0.00108
14887 0.00108
14888 0.00108
14889 0.00108
14890 0.00108
14891 0.00108
14892 0.00108
14893 0.00108
14894 0.00108
14895 0.00108
14896 0.00108
14897 0.00108
14898 0.00108
14899 0.00108
14900 0.00108
14901 0.00108
14902 0.00108
14903 0.00108
14904 0.00108
14905 0.00108
14906 0.00108
14907 0.00108
14908 0.00108
14909 0.00108
14910 0.00108
14911 0.00108
14912 0.00108
14913 0.00108
14914 0.00108
14915 0.00108
14916 0.00108
14917 0.00108
14918 0.00108
14919 0.00108
14920 0.00108
14921 0.00108
14922 0.00108
14923 0.00108
14924 0.00108
14925 0.00108
14926 0.00108
14927 0.00108
14928 0.00108
14929 0.00108
14930 0.00108
14931 0.00108
14932 0.00108
14933 0.00108
14934 0.00108
14935 0.00108
14936 0.00108
14937 0.00108
14938 0.00108
14939 0.00108
14940 0.00108
14941 0.00108
14942 0.00108
14943 0.00108
14944 0.00108
14945 0.00108
14946 0.00108
14947 0.00108
14948 0.00108
14949 0.00108
14950 0.00108
14951 0.00108
14952 0.00108
14953 0.00108
14954 0.00108
14955 0.00108
14956 0.00108
14957 0.00108
14958 0.00108
14959 0.00108
14960 0.00108
14961 0.00108
14962 0.00108
14963 0.00108
14964 0.00108
14965 0.00108
14966 0.00108
14967 0.00108
14968 0.00108
14969 0.00108
14970 0.00108
14971 0.00108
14972 0.00108
14973 0.00108
14974 0.00108
14975 0.00108
14976 0.00108
14977 0.00108
14978 0.00108
14979 0.00108
14980 0.00108
14981 0.00108
14982 0.00108
14983 0.00108
14984 0.00108
14985 0.00108
14986 0.00108
14987 0.00108
14988 0.00108
14989 0.00108
14990 0.00108
14991 0.00108
14992 0.00108
14993 0.00108
14994 0.00108
14995 0.00108
14996 0.00108
14997 0.00108
14998 0.00108
14999 0.00108
15000 0.00108
15001 0.00108
15002 0.00108
15003 0.00108
15004 0.00108
15005 0.00108
15006 0.00108
15007 0.00108
15008 0.00108
15009 0.00108
15010 0.00108
15011 0.00108
15012 0.00108
15013 0.00108
15014 0.00108
15015 0.00108
15016 0.00108
15017 0.00108
15018 0.00108
15019 0.00108
15020 0.00108
15021 0.00108
15022 0.00108
15023 0.00108
15024 0.00108
15025 0.00108
15026 0.00108
15027 0.00108
15028 0.00108
15029 0.00108
15030 0.00108
15031 0.00108
15032 0.00108
15033 0.00108
15034 0.00108
15035 0.00108
15036 0.00108
15037 0.00108
15038 0.00108
15039 0.00108
15040 0.00108
15041 0.00108
15042 0.00108
15043 0.00108
15044 0.00108
15045 0.00108
15046 0.00108
15047 0.00108
15048 0.00108
15049 0.00108
15050 0.00108
15051 0.00108
15052 0.00108
15053 0.00108
15054 0.00108
15055 0.00108
15056 0.00108
15057 0.00108
15058 0.00108
15059 0.00108
15060 0.00108
15061 0.00108
15062 0.00108
15063 0.00108
15064 0.00108
15065 0.00108
15066 0.00108
15067 0.00108
15068 0.00108
15069 0.00108
15070 0.00108
15071 0.00108
15072 0.00108
15073 0.00108
15074 0.00108
15075 0.00108
15076 0.00108
15077 0.00108
15078 0.00108
15079 0.00108
15080 0.00108
15081 0.00108
15082 0.00108
15083 0.00108
15084 0.00108
15085 0.00108
15086 0.00108
15087 0.00108
15088 0.00108
15089 0.00108
15090 0.00108
15091 0.00108
15092 0.00108
15093 0.00108
15094 0.00108
15095 0.00108
15096 0.00108
15097 0.00108
15098 0.00108
15099 0.00108
15100 0.00108
15101 0.00108
15102 0.00108
15103 0.00108
15104 0.00108
15105 0.00108
15106 0.00108
15107 0.00108
15108 0.00108
15109 0.00108
15110 0.00108
15111 0.00108
15112 0.00108
15113 0.00108
15114 0.00108
15115 0.00108
15116 0.00108
15117 0.00108
15118 0.00108
15119 0.00108
15120 0.00108
15121 0.00108
15122 0.00108
15123 0.00108
15124 0.00108
15125 0.00108
15126 0.00108
15127 0.00108
15128 0.00108
15129 0.00108
15130 0.00108
15131 0.00108
15132 0.00108
15133 0.00108
15134 0.00108
15135 0.00108
15136 0.00108
15137 0.00108
15138 0.00108
15139 0.00108
15140 0.00108
15141 0.00108
15142 0.00108
15143 0.00108
15144 0.00108
15145 0.00108
15146 0.00108
15147 0.00108
15148 0.00108
15149 0.00108
15150 0.00108
15151 0.00108
15152 0.00108
15153 0.00108
15154 0.00108
15155 0.00108
15156 0.00108
15157 0.00108
15158 0.00108
15159 0.00108
15160 0.00108
15161 0.00108
15162 0.00108
15163 0.00108
15164 0.00108
15165 0.00108
15166 0.00108
15167 0.00108
15168 0.00108
15169 0.00108
15170 0.00108
15171 0.00108
15172 0.00108
15173 0.00108
15174 0.00108
15175 0.00108
15176 0.00108
15177 0.00108
15178 0.00108
15179 0.00108
15180 0.00108
15181 0.00108
15182 0.00108
15183 0.00108
15184 0.00108
15185 0.00108
15186 0.00108
15187 0.00108
15188 0.00108
15189 0.00108
15190 0.00108
15191 0.00108
15192 0.00108
15193 0.00108
15194 0.00108
15195 0.00108
15196 0.00108
15197 0.00108
15198 0.00108
15199 0.00108
15200 0.00108
15201 0.00108
15202 0.00108
15203 0.00108
15204 0.00108
15205 0.00108
15206 0.00108
15207 0.00108
15208 0.00108
15209 0.00108
15210 0.00108
15211 0.00108
15212 0.00108
15213 0.00108
15214 0.00108
15215 0.00108
15216 0.00108
15217 0.00108
15218 0.00108
15219 0.00108
15220 0.00108
15221 0.00108
15222 0.00108
15223 0.00108
15224 0.00108
15225 0.00108
15226 0.00108
15227 0.00108
15228 0.00108
15229 0.00108
15230 0.00108
15231 0.00108
15232 0.00108
15233 0.00108
15234 0.00108
15235 0.00108
15236 0.00108
15237 0.00108
15238 0.00108
15239 0.00108
15240 0.00108
15241 0.00108
15242 0.00108
15243 0.00108
15244 0.00108
15245 0.00108
15246 0.00108
15247 0.00108
15248 0.00108
15249 0.00108
15250 0.00108
15251 0.00108
15252 0.00108
15253 0.00108
15254 0.00108
15255 0.00108
15256 0.00108
15257 0.00108
15258 0.00108
15259 0.00108
15260 0.00108
15261 0.00108
15262 0.00108
15263 0.00108
15264 0.00108
15265 0.00108
15266 0.00108
15267 0.00108
15268 0.00108
15269 0.00108
15270 0.00108
15271 0.00108
15272 0.00108
15273 0.00108
15274 0.00108
15275 0.00108
15276 0.00108
15277 0.00108
15278 0.00108
15279 0.00108
15280 0.00108
15281 0.00108
15282 0.00108
15283 0.00108
15284 0.00108
15285 0.00108
15286 0.00108
15287 0.00108
15288 0.00108
15289 0.00108
15290 0.00108
15291 0.00108
15292 0.00108
15293 0.00108
15294 0.00108
15295 0.00108
15296 0.00108
15297 0.00108
15298 0.00108
15299 0.00108
15300 0.00108
15301 0.00108
15302 0.00108
15303 0.00108
15304 0.00108
15305 0.00108
15306 0.00108
15307 0.00108
15308 0.00108
15309 0.00108
15310 0.00108
15311 0.00108
15312 0.00108
15313 0.00108
15314 0.00108
15315 0.00108
15316 0.00108
15317 0.00108
15318 0.00108
15319 0.00108
15320 0.00108
15321 0.00108
15322 0.00108
15323 0.00108
15324 0.00108
15325 0.00108
15326 0.00108
15327 0.00108
15328 0.00108
15329 0.00108
15330 0.00108
15331 0.00108
15332 0.00108
15333 0.00108
15334 0.00108
15335 0.00108
15336 0.00108
15337 0.00108
15338 0.00108
15339 0.00108
15340 0.00108
15341 0.00108
15342 0.00108
15343 0.00108
15344 0.00108
15345 0.00108
15346 0.00108
15347 0.00108
15348 0.00108
15349 0.00108
15350 0.00108
15351 0.00108
15352 0.00108
15353 0.00108
15354 0.00108
15355 0.00108
15356 0.00108
15357 0.00108
15358 0.00108
15359 0.00108
15360 0.00108
15361 0.00108
15362 0.00108
15363 0.00108
15364 0.00108
15365 0.00108
15366 0.00108
15367 0.00108
15368 0.00108
15369 0.00108
15370 0.00108
15371 0.00108
15372 0.00108
15373 0.00108
15374 0.00108
15375 0.00108
15376 0.00108
15377 0.00108
15378 0.00108
15379 0.00108
15380 0.00108
15381 0.00108
15382 0.00108
15383 0.00108
15384 0.00108
15385 0.00108
15386 0.00108
15387 0.00108
15388 0.00108
15389 0.00108
15390 0.00108
15391 0.00108
15392 0.00108
15393 0.00108
15394 0.00108
15395 0.00108
15396 0.00108
15397 0.00108
15398 0.00108
15399 0.00108
15400 0.00108
15401 0.00108
15402 0.00108
15403 0.00108
15404 0.00108
15405 0.00108
15406 0.00108
15407 0.00108
15408 0.00108
15409 0.00108
15410 0.00108
15411 0.00108
15412 0.00108
15413 0.00108
15414 0.00108
15415 0.00108
15416 0.00108
15417 0.00108
15418 0.00108
15419 0.00108
15420 0.00108
15421 0.00108
15422 0.00108
15423 0.00108
15424 0.00108
15425 0.00108
15426 0.00108
15427 0.00108
15428 0.00108
15429 0.00108
15430 0.00108
15431 0.00108
15432 0.00108
15433 0.00108
15434 0.00108
15435 0.00108
15436 0.00108
15437 0.00108
15438 0.00108
15439 0.00108
15440 0.00108
15441 0.00108
15442 0.00108
15443 0.00108
15444 0.00108
15445 0.00108
15446 0.00108
15447 0.00108
15448 0.00108
15449 0.00108
15450 0.00108
15451 0.00108
15452 0.00108
15453 0.00108
15454 0.00108
15455 0.00108
15456 0.00108
15457 0.00108
15458 0.00108
15459 0.00108
15460 0.00108
15461 0.00108
15462 0.00108
15463 0.00108
15464 0.00108
15465 0.00108
15466 0.00108
15467 0.00108
15468 0.00108
15469 0.00108
15470 0.00108
15471 0.00108
15472 0.00108
15473 0.00108
15474 0.00108
15475 0.00108
15476 0.00108
15477 0.00108
15478 0.00108
15479 0.00108
15480 0.00108
15481 0.00108
15482 0.00108
15483 0.00108
15484 0.00108
15485 0.00108
15486 0.00108
15487 0.00108
15488 0.00108
15489 0.00108
15490 0.00108
15491 0.00108
15492 0.00108
15493 0.00108
15494 0.00108
15495 0.00108
15496 0.00108
15497 0.00108
15498 0.00108
15499 0.00108
15500 0.00108
15501 0.00108
15502 0.00108
15503 0.00108
15504 0.00108
15505 0.00108
15506 0.00108
15507 0.00108
15508 0.00108
15509 0.00108
15510 0.00108
15511 0.00108
15512 0.00108
15513 0.00108
15514 0.00108
15515 0.00108
15516 0.00108
15517 0.00108
15518 0.00108
15519 0.00108
15520 0.00108
15521 0.00108
15522 0.00108
15523 0.00108
15524 0.00108
15525 0.00108
15526 0.00108
15527 0.00108
15528 0.00108
15529 0.00108
15530 0.00108
15531 0.00108
15532 0.00108
15533 0.00108
15534 0.00108
15535 0.00108
15536 0.00108
15537 0.00108
15538 0.00108
15539 0.00108
15540 0.00108
15541 0.00108
15542 0.00108
15543 0.00108
15544 0.00108
15545 0.00108
15546 0.00108
15547 0.00108
15548 0.00108
15549 0.00108
15550 0.00108
15551 0.00108
15552 0.00108
15553 0.00108
15554 0.00108
15555 0.00108
15556 0.00108
15557 0.00108
15558 0.00108
15559 0.00108
15560 0.00108
15561 0.00108
15562 0.00108
15563 0.00108
15564 0.00108
15565 0.00108
15566 0.00108
15567 0.00108
15568 0.00108
15569 0.00108
15570 0.00108
15571 0.00108
15572 0.00108
15573 0.00108
15574 0.00108
15575 0.00108
15576 0.00108
15577 0.00108
15578 0.00108
15579 0.00108
15580 0.00108
15581 0.00108
15582 0.00108
15583 0.00108
15584 0.00108
15585 0.00108
15586 0.00108
15587 0.00108
15588 0.00108
15589 0.00108
15590 0.00108
15591 0.00108
15592 0.00108
15593 0.00108
15594 0.00108
15595 0.00108
15596 0.00108
15597 0.00108
15598 0.00108
15599 0.00108
15600 0.00108
15601 0.00108
15602 0.00108
15603 0.00108
15604 0.00108
15605 0.00108
15606 0.00108
15607 0.00108
15608 0.00108
15609 0.00108
15610 0.00108
15611 0.00108
15612 0.00108
15613 0.00108
15614 0.00108
15615 0.00108
15616 0.00108
15617 0.00108
15618 0.00108
15619 0.00108
15620 0.00108
15621 0.00108
15622 0.00108
15623 0.00108
15624 0.00108
15625 0.00108
15626 0.00108
15627 0.00108
15628 0.00108
15629 0.00108
15630 0.00108
15631 0.00108
15632 0.00108
15633 0.00108
15634 0.00108
15635 0.00108
15636 0.00108
15637 0.00108
15638 0.00108
15639 0.00108
15640 0.00108
15641 0.00108
15642 0.00108
15643 0.00108
15644 0.00108
15645 0.00108
15646 0.00108
15647 0.00108
15648 0.00108
15649 0.00108
15650 0.00108
15651 0.00108
15652 0.00108
15653 0.00108
15654 0.00108
15655 0.00108
15656 0.00108
15657 0.00108
15658 0.00108
15659 0.00108
15660 0.00108
15661 0.00108
15662 0.00108
15663 0.00108
15664 0.00108
15665 0.00108
15666 0.00108
15667 0.00108
15668 0.00108
15669 0.00108
15670 0.00108
15671 0.00108
15672 0.00108
15673 0.00108
15674 0.00108
15675 0.00108
15676 0.00108
15677 0.00108
15678 0.00108
15679 0.00108
15680 0.00108
15681 0.00108
15682 0.00108
15683 0.00108
15684 0.00108
15685 0.00108
15686 0.00108
15687 0.00108
15688 0.00108
15689 0.00108
15690 0.00108
15691 0.00108
15692 0.00108
15693 0.00108
15694 0.00108
15695 0.00108
15696 0.00108
15697 0.00108
15698 0.00108
15699 0.00108
15700 0.00108
15701 0.00108
15702 0.00108
15703 0.00108
15704 0.00108
15705 0.00108
15706 0.00108
15707 0.00108
15708 0.00108
15709 0.00108
15710 0.00108
15711 0.00108
15712 0.00108
15713 0.00108
15714 0.00108
15715 0.00108
15716 0.00108
15717 0.00108
15718 0.00108
15719 0.00108
15720 0.00108
15721 0.00108
15722 0.00108
15723 0.00108
15724 0.00108
15725 0.00108
15726 0.00108
15727 0.00108
15728 0.00108
15729 0.00108
15730 0.00108
15731 0.00108
15732 0.00108
15733 0.00108
15734 0.00108
15735 0.00108
15736 0.00108
15737 0.00108
15738 0.00108
15739 0.00108
15740 0.00108
15741 0.00108
15742 0.00108
15743 0.00108
15744 0.00108
15745 0.00108
15746 0.00108
15747 0.00108
15748 0.00108
15749 0.00108
15750 0.00108
15751 0.00108
15752 0.00108
15753 0.00108
15754 0.00108
15755 0.00108
15756 0.00108
15757 0.00108
15758 0.00108
15759 0.00108
15760 0.00108
15761 0.00108
15762 0.00108
15763 0.00108
15764 0.00108
15765 0.00108
15766 0.00108
15767 0.00108
15768 0.00108
15769 0.00108
15770 0.00108
15771 0.00108
15772 0.00108
15773 0.00108
15774 0.00108
15775 0.00108
15776 0.00108
15777 0.00108
15778 0.00108
15779 0.00108
15780 0.00108
15781 0.00108
15782 0.00108
15783 0.00108
15784 0.00108
15785 0.00108
15786 0.00108
15787 0.00108
15788 0.00108
15789 0.00108
15790 0.00108
15791 0.00108
15792 0.00108
15793 0.00108
15794 0.00108
15795 0.00108
15796 0.00108
15797 0.00108
15798 0.00108
15799 0.00108
15800 0.00108
15801 0.00108
15802 0.00108
15803 0.00108
15804 0.00108
15805 0.00108
15806 0.00108
15807 0.00108
15808 0.00108
15809 0.00108
15810 0.00108
15811 0.00108
15812 0.00108
15813 0.00108
15814 0.00108
15815 0.00108
15816 0.00108
15817 0.00108
15818 0.00108
15819 0.00108
15820 0.00108
15821 0.00108
15822 0.00108
15823 0.00108
15824 0.00108
15825 0.00108
15826 0.00108
15827 0.00108
15828 0.00108
15829 0.00108
15830 0.00108
15831 0.00108
15832 0.00108
15833 0.00108
15834 0.00108
15835 0.00108
15836 0.00108
15837 0.00108
15838 0.00108
15839 0.00108
15840 0.00108
15841 0.00108
15842 0.00108
15843 0.00108
15844 0.00108
15845 0.00108
15846 0.00108
15847 0.00108
15848 0.00108
15849 0.00108
15850 0.00108
15851 0.00108
15852 0.00108
15853 0.00108
15854 0.00108
15855 0.00108
15856 0.00108
15857 0.00108
15858 0.00108
15859 0.00108
15860 0.00108
15861 0.00108
15862 0.00108
15863 0.00108
15864 0.00108
15865 0.00108
15866 0.00108
15867 0.00108
15868 0.00108
15869 0.00108
15870 0.00108
15871 0.00108
15872 0.00108
15873 0.00108
15874 0.00108
15875 0.00108
15876 0.00108
15877 0.00108
15878 0.00108
15879 0.00108
15880 0.00108
15881 0.00108
15882 0.00108
15883 0.00108
15884 0.00108
15885 0.00108
15886 0.00108
15887 0.00108
15888 0.00108
15889 0.00108
15890 0.00108
15891 0.00108
15892 0.00108
15893 0.00108
15894 0.00108
15895 0.00108
15896 0.00108
15897 0.00108
15898 0.00108
15899 0.00108
15900 0.00108
15901 0.00108
15902 0.00108
15903 0.00108
15904 0.00108
15905 0.00108
15906 0.00108
15907 0.00108
15908 0.00108
15909 0.00108
15910 0.00108
15911 0.00108
15912 0.00108
15913 0.00108
15914 0.00108
15915 0.00108
15916 0.00108
15917 0.00108
15918 0.00108
15919 0.00108
15920 0.00108
15921 0.00108
15922 0.00108
15923 0.00108
15924 0.00108
15925 0.00108
15926 0.00108
15927 0.00108
15928 0.00108
15929 0.00108
15930 0.00108
15931 0.00108
15932 0.00108
15933 0.00108
15934 0.00108
15935 0.00108
15936 0.00108
15937 0.00108
15938 0.00108
15939 0.00108
15940 0.00108
15941 0.00108
15942 0.00108
15943 0.00108
15944 0.00108
15945 0.00108
15946 0.00108
15947 0.00108
15948 0.00108
15949 0.00108
15950 0.00108
15951 0.00108
15952 0.00108
15953 0.00108
15954 0.00108
15955 0.00108
15956 0.00108
15957 0.00108
15958 0.00108
15959 0.00108
15960 0.00108
15961 0.00108
15962 0.00108
15963 0.00108
15964 0.00108
15965 0.00108
15966 0.00108
15967 0.00108
15968 0.00108
15969 0.00108
15970 0.00108
15971 0.00108
15972 0.00108
15973 0.00108
15974 0.00108
15975 0.00108
15976 0.00108
15977 0.00108
15978 0.00108
15979 0.00108
15980 0.00108
15981 0.00108
15982 0.00108
15983 0.00108
15984 0.00108
15985 0.00108
15986 0.00108
15987 0.00108
15988 0.00108
15989 0.00108
15990 0.00108
15991 0.00108
15992 0.00108
15993 0.00108
15994 0.00108
15995 0.00108
15996 0.00108
15997 0.00108
15998 0.00108
15999 0.00108
16000 0.00108
16001 0.00108
16002 0.00108
16003 0.00108
16004 0.00108
16005 0.00108
16006 0.00108
16007 0.00108
16008 0.00108
16009 0.00108
16010 0.00108
16011 0.00108
16012 0.00108
16013 0.00108
16014 0.00108
16015 0.00108
16016 0.00108
16017 0.00108
16018 0.00108
16019 0.00108
16020 0.00108
16021 0.00108
16022 0.00108
16023 0.00108
16024 0.00108
16025 0.00108
16026 0.00108
16027 0.00108
16028 0.00108
16029 0.00108
16030 0.00108
16031 0.00108
16032 0.00108
16033 0.00108
16034 0.00108
16035 0.00108
16036 0.00108
16037 0.00108
16038 0.00108
16039 0.00108
16040 0.00108
16041 0.00108
16042 0.00108
16043 0.00108
16044 0.00108
16045 0.00108
16046 0.00108
16047 0.00108
16048 0.00108
16049 0.00108
16050 0.00108
16051 0.00108
16052 0.00108
16053 0.00108
16054 0.00108
16055 0.00108
16056 0.00108
16057 0.00108
16058 0.00108
16059 0.00108
16060 0.00108
16061 0.00108
16062 0.00108
16063 0.00108
16064 0.00108
16065 0.00108
16066 0.00108
16067 0.00108
16068 0.00108
16069 0.00108
16070 0.00108
16071 0.00108
16072 0.00108
16073 0.00108
16074 0.00108
16075 0.00108
16076 0.00108
16077 0.00108
16078 0.00108
16079 0.00108
16080 0.00108
16081 0.00108
16082 0.00108
16083 0.00108
16084 0.00108
16085 0.00108
16086 0.00108
16087 0.00108
16088 0.00108
16089 0.00108
16090 0.00108
16091 0.00108
16092 0.00108
16093 0.00108
16094 0.00108
16095 0.00108
16096 0.00108
16097 0.00108
16098 0.00108
16099 0.00108
16100 0.00108
16101 0.00108
16102 0.00108
16103 0.00108
16104 0.00108
16105 0.00108
16106 0.00108
16107 0.00108
16108 0.00108
16109 0.00108
16110 0.00108
16111 0.00108
16112 0.00108
16113 0.00108
16114 0.00108
16115 0.00108
16116 0.00108
16117 0.00108
16118 0.00108
16119 0.00108
16120 0.00108
16121 0.00108
16122 0.00108
16123 0.00108
16124 0.00108
16125 0.00108
16126 0.00108
16127 0.00108
16128 0.00108
16129 0.00108
16130 0.00108
16131 0.00108
16132 0.00108
16133 0.00108
16134 0.00108
16135 0.00108
16136 0.00108
16137 0.00108
16138 0.00108
16139 0.00108
16140 0.00108
16141 0.00108
16142 0.00108
16143 0.00108
16144 0.00108
16145 0.00108
16146 0.00108
16147 0.00108
16148 0.00108
16149 0.00108
16150 0.00108
16151 0.00108
16152 0.00108
16153 0.00108
16154 0.00108
16155 0.00108
16156 0.00108
16157 0.00108
16158 0.00108
16159 0.00108
16160 0.00108
16161 0.00108
16162 0.00108
16163 0.00108
16164 0.00108
16165 0.00108
16166 0.00108
16167 0.00108
16168 0.00108
16169 0.00108
16170 0.00108
16171 0.00108
16172 0.00108
16173 0.00108
16174 0.00108
16175 0.00108
16176 0.00108
16177 0.00108
16178 0.00108
16179 0.00108
16180 0.00108
16181 0.00108
16182 0.00108
16183 0.00108
16184 0.00108
16185 0.00108
16186 0.00108
16187 0.00108
16188 0.00108
16189 0.00108
16190 0.00108
16191 0.00108
16192 0.00108
16193 0.00108
16194 0.00108
16195 0.00108
16196 0.00108
16197 0.00108
16198 0.00108
16199 0.00108
16200 0.00108
16201 0.00108
16202 0.00108
16203 0.00108
16204 0.00108
16205 0.00108
16206 0.00108
16207 0.00108
16208 0.00108
16209 0.00108
16210 0.00108
16211 0.00108
16212 0.00108
16213 0.00108
16214 0.00108
16215 0.00108
16216 0.00108
16217 0.00108
16218 0.00108
16219 0.00108
16220 0.00108
16221 0.00108
16222 0.00108
16223 0.00108
16224 0.00108
16225 0.00108
16226 0.00108
16227 0.00108
16228 0.00108
16229 0.00108
16230 0.00108
16231 0.00108
16232 0.00108
16233 0.00108
16234 0.00108
16235 0.00108
16236 0.00108
16237 0.00108
16238 0.00108
16239 0.00108
16240 0.00108
16241 0.00108
16242 0.00108
16243 0.00108
16244 0.00108
16245 0.00108
16246 0.00108
16247 0.00108
16248 0.00108
16249 0.00108
16250 0.00108
16251 0.00108
16252 0.00108
16253 0.00108
16254 0.00108
16255 0.00108
16256 0.00108
16257 0.00108
16258 0.00108
16259 0.00108
16260 0.00108
16261 0.00108
16262 0.00108
16263 0.00108
16264 0.00108
16265 0.00108
16266 0.00108
16267 0.00108
16268 0.00108
16269 0.00108
16270 0.00108
16271 0.00108
16272 0.00108
16273 0.00108
16274 0.00108
16275 0.00108
16276 0.00108
16277 0.00108
16278 0.00108
16279 0.00108
16280 0.00108
16281 0.00108
16282 0.00108
16283 0.00108
16284 0.00108
16285 0.00108
16286 0.00108
16287 0.00108
16288 0.00108
16289 0.00108
16290 0.00108
16291 0.00108
16292 0.00108
16293 0.00108
16294 0.00108
16295 0.00108
16296 0.00108
16297 0.00108
16298 0.00108
16299 0.00108
16300 0.00108
16301 0.00108
16302 0.00108
16303 0.00108
16304 0.00108
16305 0.00108
16306 0.00108
16307 0.00108
16308 0.00108
16309 0.00108
16310 0.00108
16311 0.00108
16312 0.00108
16313 0.00108
16314 0.00108
16315 0.00108
16316 0.00108
16317 0.00108
16318 0.00108
16319 0.00108
16320 0.00108
16321 0.00108
16322 0.00108
16323 0.00108
16324 0.00108
16325 0.00108
16326 0.00108
16327 0.00108
16328 0.00108
16329 0.00108
16330 0.00108
16331 0.00108
16332 0.00108
16333 0.00108
16334 0.00108
16335 0.00108
16336 0.00108
16337 0.00108
16338 0.00108
16339 0.00108
16340 0.00108
16341 0.00108
16342 0.00108
16343 0.00108
16344 0.00108
16345 0.00108
16346 0.00108
16347 0.00108
16348 0.00108
16349 0.00108
16350 0.00108
16351 0.00108
16352 0.00108
16353 0.00108
16354 0.00108
16355 0.00108
16356 0.00108
16357 0.00108
16358 0.00108
16359 0.00108
16360 0.00108
16361 0.00108
16362 0.00108
16363 0.00108
16364 0.00108
16365 0.00108
16366 0.00108
16367 0.00108
16368 0.00108
16369 0.00108
16370 0.00108
16371 0.00108
16372 0.00108
16373 0.00108
16374 0.00108
16375 0.00108
16376 0.00108
16377 0.00108
16378 0.00108
16379 0.00108
16380 0.00108
16381 0.00108
16382 0.00108
16383 0.00108
16384 0.00108
16385 0.00108
16386 0.00108
16387 0.00108
16388 0.00108
16389 0.00108
16390 0.00108
16391 0.00108
16392 0.00108
16393 0.00108
16394 0.00108
16395 0.00108
16396 0.00108
16397 0.00108
16398 0.00108
16399 0.00108
16400 0.00108
16401 0.00108
16402 0.00108
16403 0.00108
16404 0.00108
16405 0.00108
16406 0.00108
16407 0.00108
16408 0.00108
16409 0.00108
16410 0.00108
16411 0.00108
16412 0.00108
16413 0.00108
16414 0.00108
16415 0.00108
16416 0.00108
16417 0.00108
16418 0.00108
16419 0.00108
16420 0.00108
16421 0.00108
16422 0.00108
16423 0.00108
16424 0.00108
16425 0.00108
16426 0.00108
16427 0.00108
16428 0.00108
16429 0.00108
16430 0.00108
16431 0.00108
16432 0.00108
16433 0.00108
16434 0.00108
16435 0.00108
16436 0.00108
16437 0.00108
16438 0.00108
16439 0.00108
16440 0.00108
16441 0.00108
16442 0.00108
16443 0.00108
16444 0.00108
16445 0.00108
16446 0.00108
16447 0.00108
16448 0.00108
16449 0.00108
16450 0.00108
16451 0.00108
16452 0.00108
16453 0.00108
16454 0.00108
16455 0.00108
16456 0.00108
16457 0.00108
16458 0.00108
16459 0.00108
16460 0.00108
16461 0.00108
16462 0.00108
16463 0.00108
16464 0.00108
16465 0.00108
16466 0.00108
16467 0.00108
16468 0.00108
16469 0.00108
16470 0.00108
16471 0.00108
16472 0.00108
16473 0.00108
16474 0.00108
16475 0.00108
16476 0.00108
16477 0.00108
16478 0.00108
16479 0.00108
16480 0.00108
16481 0.00108
16482 0.00108
16483 0.00108
16484 0.00108
16485 0.00108
16486 0.00108
16487 0.00108
16488 0.00108
16489 0.00108
16490 0.00108
16491 0.00108
16492 0.00108
16493 0.00108
16494 0.00108
16495 0.00108
16496 0.00108
16497 0.00108
16498 0.00108
16499 0.00108
16500 0.00108
16501 0.00108
16502 0.00108
16503 0.00108
16504 0.00108
16505 0.00108
16506 0.00108
16507 0.00108
16508 0.00108
16509 0.00108
16510 0.00108
16511 0.00108
16512 0.00108
16513 0.00108
16514 0.00108
16515 0.00108
16516 0.00108
16517 0.00108
16518 0.00108
16519 0.00108
16520 0.00108
16521 0.00108
16522 0.00108
16523 0.00108
16524 0.00108
16525 0.00108
16526 0.00108
16527 0.00108
16528 0.00108
16529 0.00108
16530 0.00108
16531 0.00108
16532 0.00108
16533 0.00108
16534 0.00108
16535 0.00108
16536 0.00108
16537 0.00108
16538 0.00108
16539 0.00108
16540 0.00108
16541 0.00108
16542 0.00108
16543 0.00108
16544 0.00108
16545 0.00108
16546 0.00108
16547 0.00108
16548 0.00108
16549 0.00108
16550 0.00108
16551 0.00108
16552 0.00108
16553 0.00108
16554 0.00108
16555 0.00108
16556 0.00108
16557 0.00108
16558 0.00108
16559 0.00108
16560 0.00108
16561 0.00108
16562 0.00108
16563 0.00108
16564 0.00108
16565 0.00108
16566 0.00108
16567 0.00108
16568 0.00108
16569 0.00108
16570 0.00108
16571 0.00108
16572 0.00108
16573 0.00108
16574 0.00108
16575 0.00108
16576 0.00108
16577 0.00108
16578 0.00108
16579 0.00108
16580 0.00108
16581 0.00108
16582 0.00108
16583 0.00108
16584 0.00108
16585 0.00108
16586 0.00108
16587 0.00108
16588 0.00108
16589 0.00108
16590 0.00108
16591 0.00108
16592 0.00108
16593 0.00108
16594 0.00108
16595 0.00108
16596 0.00108
16597 0.00108
16598 0.00108
16599 0.00108
16600 0.00108
16601 0.00108
16602 0.00108
16603 0.00108
16604 0.00108
16605 0.00108
16606 0.00108
16607 0.00108
16608 0.00108
16609 0.00108
16610 0.00108
16611 0.00108
16612 0.00108
16613 0.00108
16614 0.00108
16615 0.00108
16616 0.00108
16617 0.00108
16618 0.00108
16619 0.00108
16620 0.00108
16621 0.00108
16622 0.00108
16623 0.00108
16624 0.00108
16625 0.00108
16626 0.00108
16627 0.00108
16628 0.00108
16629 0.00108
16630 0.00108
16631 0.00108
16632 0.00108
16633 0.00108
16634 0.00108
16635 0.00108
16636 0.00108
16637 0.00108
16638 0.00108
16639 0.00108
16640 0.00108
16641 0.00108
16642 0.00108
16643 0.00108
16644 0.00108
16645 0.00108
16646 0.00108
16647 0.00108
16648 0.00108
16649 0.00108
16650 0.00108
16651 0.00108
16652 0.00108
16653 0.00108
16654 0.00108
16655 0.00108
16656 0.00108
16657 0.00108
16658 0.00108
16659 0.00108
16660 0.00108
16661 0.00108
16662 0.00108
16663 0.00108
16664 0.00108
16665 0.00108
16666 0.00108
16667 0.00108
16668 0.00108
16669 0.00108
16670 0.00108
16671 0.00108
16672 0.00108
16673 0.00108
16674 0.00108
16675 0.00108
16676 0.00108
16677 0.00108
16678 0.00108
16679 0.00108
16680 0.00108
16681 0.00108
16682 0.00108
16683 0.00108
16684 0.00108
16685 0.00108
16686 0.00108
16687 0.00108
16688 0.00108
16689 0.00108
16690 0.00108
16691 0.00108
16692 0.00108
16693 0.00108
16694 0.00108
16695 0.00108
16696 0.00108
16697 0.00108
16698 0.00108
16699 0.00108
16700 0.00108
16701 0.00108
16702 0.00108
16703 0.00108
16704 0.00108
16705 0.00108
16706 0.00108
16707 0.00108
16708 0.00108
16709 0.00108
16710 0.00108
16711 0.00108
16712 0.00108
16713 0.00108
16714 0.00108
16715 0.00108
16716 0.00108
16717 0.00108
16718 0.00108
16719 0.00108
16720 0.00108
16721 0.00108
16722 0.00108
16723 0.00108
16724 0.00108
16725 0.00108
16726 0.00108
16727 0.00108
16728 0.00108
16729 0.00108
16730 0.00108
16731 0.00108
16732 0.00108
16733 0.00108
16734 0.00108
16735 0.00108
16736 0.00108
16737 0.00108
16738 0.00108
16739 0.00108
16740 0.00108
16741 0.00108
16742 0.00108
16743 0.00108
16744 0.00108
16745 0.00108
16746 0.00108
16747 0.00108
16748 0.00108
16749 0.00108
16750 0.00108
16751 0.00108
16752 0.00108
16753 0.00108
16754 0.00108
16755 0.00108
16756 0.00108
16757 0.00108
16758 0.00108
16759 0.00108
16760 0.00108
16761 0.00108
16762 0.00108
16763 0.00108
16764 0.00108
16765 0.00108
16766 0.00108
16767 0.00108
16768 0.00108
16769 0.00108
16770 0.00108
16771 0.00108
16772 0.00108
16773 0.00108
16774 0.00108
16775 0.00108
16776 0.00108
16777 0.00108
16778 0.00108
16779 0.00108
16780 0.00108
16781 0.00108
16782 0.00108
16783 0.00108
16784 0.00108
16785 0.00108
16786 0.00108
16787 0.00108
16788 0.00108
16789 0.00108
16790 0.00108
16791 0.00108
16792 0.00108
16793 0.00108
16794 0.00108
16795 0.00108
16796 0.00108
16797 0.00108
16798 0.00108
16799 0.00108
16800 0.00108
16801 0.00108
16802 0.00108
16803 0.00108
16804 0.00108
16805 0.00108
16806 0.00108
16807 0.00108
16808 0.00108
16809 0.00108
16810 0.00108
16811 0.00108
16812 0.00108
16813 0.00108
16814 0.00108
16815 0.00108
16816 0.00108
16817 0.00108
16818 0.00108
16819 0.00108
16820 0.00108
16821 0.00108
16822 0.00108
16823 0.00108
16824 0.00108
16825 0.00108
16826 0.00108
16827 0.00108
16828 0.00108
16829 0.00108
16830 0.00108
16831 0.00108
16832 0.00108
16833 0.00108
16834 0.00108
16835 0.00108
16836 0.00108
16837 0.00108
16838 0.00108
16839 0.00108
16840 0.00108
16841 0.00108
16842 0.00108
16843 0.00108
16844 0.00108
16845 0.00108
16846 0.00108
16847 0.00108
16848 0.00108
16849 0.00108
16850 0.00108
16851 0.00108
16852 0.00108
16853 0.00108
16854 0.00108
16855 0.00108
16856 0.00108
16857 0.00108
16858 0.00108
16859 0.00108
16860 0.00108
16861 0.00108
16862 0.00108
16863 0.00108
16864 0.00108
16865 0.00108
16866 0.00108
16867 0.00108
16868 0.00108
16869 0.00108
16870 0.00108
16871 0.00108
16872 0.00108
16873 0.00108
16874 0.00108
16875 0.00108
16876 0.00108
16877 0.00108
16878 0.00108
16879 0.00108
16880 0.00108
16881 0.00108
16882 0.00108
16883 0.00108
16884 0.00108
16885 0.00108
16886 0.00108
16887 0.00108
16888 0.00108
16889 0.00108
16890 0.00108
16891 0.00108
16892 0.00108
16893 0.00108
16894 0.00108
16895 0.00108
16896 0.00108
16897 0.00108
16898 0.00108
16899 0.00108
16900 0.00108
16901 0.00108
16902 0.00108
16903 0.00108
16904 0.00108
16905 0.00108
16906 0.00108
16907 0.00108
16908 0.00108
16909 0.00108
16910 0.00108
16911 0.00108
16912 0.00108
16913 0.00108
16914 0.00108
16915 0.00108
16916 0.00108
16917 0.00108
16918 0.00108
16919 0.00108
16920 0.00108
16921 0.00108
16922 0.00108
16923 0.00108
16924 0.00108
16925 0.00108
16926 0.00108
16927 0.00108
16928 0.00108
16929 0.00108
16930 0.00108
16931 0.00108
16932 0.00108
16933 0.00108
16934 0.00108
16935 0.00108
16936 0.00108
16937 0.00108
16938 0.00108
16939 0.00108
16940 0.00108
16941 0.00108
16942 0.00108
16943 0.00108
16944 0.00108
16945 0.00108
16946 0.00108
16947 0.00108
16948 0.00108
16949 0.00108
16950 0.00108
16951 0.00108
16952 0.00108
16953 0.00108
16954 0.00108
16955 0.00108
16956 0.00108
16957 0.00108
16958 0.00108
16959 0.00108
16960 0.00108
16961 0.00108
16962 0.00108
16963 0.00108
16964 0.00108
16965 0.00108
16966 0.00108
16967 0.00108
16968 0.00108
16969 0.00108
16970 0.00108
16971 0.00108
16972 0.00108
16973 0.00108
16974 0.00108
16975 0.00108
16976 0.00108
16977 0.00108
16978 0.00108
16979 0.00108
16980 0.00108
16981 0.00108
16982 0.00108
16983 0.00108
16984 0.00108
16985 0.00108
16986 0.00108
16987 0.00108
16988 0.00108
16989 0.00108
16990 0.00108
16991 0.00108
16992 0.00108
16993 0.00108
16994 0.00108
16995 0.00108
16996 0.00108
16997 0.00108
16998 0.00108
16999 0.00108
17000 0.00108
17001 0.00108
17002 0.00108
17003 0.00108
17004 0.00108
17005 0.00108
17006 0.00108
17007 0.00108
17008 0.00108
17009 0.00108
17010 0.00108
17011 0.00108
17012 0.00108
17013 0.00108
17014 0.00108
17015 0.00108
17016 0.00108
17017 0.00108
17018 0.00108
17019 0.00108
17020 0.00108
17021 0.00108
17022 0.00108
17023 0.00108
17024 0.00108
17025 0.00108
17026 0.00108
17027 0.00108
17028 0.00108
17029 0.00108
17030 0.00108
17031 0.00108
17032 0.00108
17033 0.00108
17034 0.00108
17035 0.00108
17036 0.00108
17037 0.00108
17038 0.00108
17039 0.00108
17040 0.00108
17041 0.00108
17042 0.00108
17043 0.00108
17044 0.00108
17045 0.00108
17046 0.00108
17047 0.00108
17048 0.00108
17049 0.00108
17050 0.00108
17051 0.00108
17052 0.00108
17053 0.00108
17054 0.00108
17055 0.00108
17056 0.00108
17057 0.00108
17058 0.00108
17059 0.00108
17060 0.00108
17061 0.00108
17062 0.00108
17063 0.00108
17064 0.00108
17065 0.00108
17066 0.00108
17067 0.00108
17068 0.00108
17069 0.00108
17070 0.00108
17071 0.00108
17072 0.00108
17073 0.00108
17074 0.00108
17075 0.00108
17076 0.00108
17077 0.00108
17078 0.00108
17079 0.00108
17080 0.00108
17081 0.00108
17082 0.00108
17083 0.00108
17084 0.00108
17085 0.00108
17086 0.00108
17087 0.00108
17088 0.00108
17089 0.00108
17090 0.00108
17091 0.00108
17092 0.00108
17093 0.00108
17094 0.00108
17095 0.00108
17096 0.00108
17097 0.00108
17098 0.00108
17099 0.00108
17100 0.00108
17101 0.00108
17102 0.00108
17103 0.00108
17104 0.00108
17105 0.00108
17106 0.00108
17107 0.00108
17108 0.00108
17109 0.00108
17110 0.00108
17111 0.00108
17112 0.00108
17113 0.00108
17114 0.00108
17115 0.00108
17116 0.00108
17117 0.00108
17118 0.00108
17119 0.00108
17120 0.00108
17121 0.00108
17122 0.00108
17123 0.00108
17124 0.00108
17125 0.00108
17126 0.00108
17127 0.00108
17128 0.00108
17129 0.00108
17130 0.00108
17131 0.00108
17132 0.00108
17133 0.00108
17134 0.00108
17135 0.00108
17136 0.00108
17137 0.00108
17138 0.00108
17139 0.00108
17140 0.00108
17141 0.00108
17142 0.00108
17143 0.00108
17144 0.00108
17145 0.00108
17146 0.00108
17147 0.00108
17148 0.00108
17149 0.00108
17150 0.00108
17151 0.00108
17152 0.00108
17153 0.00108
17154 0.00108
17155 0.00108
17156 0.00108
17157 0.00108
17158 0.00108
17159 0.00108
17160 0.00108
17161 0.00108
17162 0.00108
17163 0.00108
17164 0.00108
17165 0.00108
17166 0.00108
17167 0.00108
17168 0.00108
17169 0.00108
17170 0.00108
17171 0.00108
17172 0.00108
17173 0.00108
17174 0.00108
17175 0.00108
17176 0.00108
17177 0.00108
17178 0.00108
17179 0.00108
17180 0.00108
17181 0.00108
17182 0.00108
17183 0.00108
17184 0.00108
17185 0.00108
17186 0.00108
17187 0.00108
17188 0.00108
17189 0.00108
17190 0.00108
17191 0.00108
17192 0.00108
17193 0.00108
17194 0.00108
17195 0.00108
17196 0.00108
17197 0.00108
17198 0.00108
17199 0.00108
17200 0.00108
17201 0.00108
17202 0.00108
17203 0.00108
17204 0.00108
17205 0.00108
17206 0.00108
17207 0.00108
17208 0.00108
17209 0.00108
17210 0.00108
17211 0.00108
17212 0.00108
17213 0.00108
17214 0.00108
17215 0.00108
17216 0.00108
17217 0.00108
17218 0.00108
17219 0.00108
17220 0.00108
17221 0.00108
17222 0.00108
17223 0.00108
17224 0.00108
17225 0.00108
17226 0.00108
17227 0.00108
17228 0.00108
17229 0.00108
17230 0.00108
17231 0.00108
17232 0.00108
17233 0.00108
17234 0.00108
17235 0.00108
17236 0.00108
17237 0.00108
17238 0.00108
17239 0.00108
17240 0.00108
17241 0.00108
17242 0.00108
17243 0.00108
17244 0.00108
17245 0.00108
17246 0.00108
17247 0.00108
17248 0.00108
17249 0.00108
17250 0.00108
17251 0.00108
17252 0.00108
17253 0.00108
17254 0.00108
17255 0.00108
17256 0.00108
17257 0.00108
17258 0.00108
17259 0.00108
17260 0.00108
17261 0.00108
17262 0.00108
17263 0.00108
17264 0.00108
17265 0.00108
17266 0.00108
17267 0.00108
17268 0.00108
17269 0.00108
17270 0.00108
17271 0.00108
17272 0.00108
17273 0.00108
17274 0.00108
17275 0.00108
17276 0.00108
17277 0.00108
17278 0.00108
17279 0.00108
17280 0.00108
17281 0.00108
17282 0.00108
17283 0.00108
17284 0.00108
17285 0.00108
17286 0.00108
17287 0.00108
17288 0.00108
17289 0.00108
17290 0.00108
17291 0.00108
17292 0.00108
17293 0.00108
17294 0.00108
17295 0.00108
17296 0.00108
17297 0.00108
17298 0.00108
17299 0.00108
17300 0.00108
17301 0.00108
17302 0.00108
17303 0.00108
17304 0.00108
17305 0.00108
17306 0.00108
17307 0.00108
17308 0.00108
17309 0.00108
17310 0.00108
17311 0.00108
17312 0.00108
17313 0.00108
17314 0.00108
17315 0.00108
17316 0.00108
17317 0.00108
17318 0.00108
17319 0.00108
17320 0.00108
17321 0.00108
17322 0.00108
17323 0.00108
17324 0.00108
17325 0.00108
17326 0.00108
17327 0.00108
17328 0.00108
17329 0.00108
17330 0.00108
17331 0.00108
17332 0.00108
17333 0.00108
17334 0.00108
17335 0.00108
17336 0.00108
17337 0.00108
17338 0.00108
17339 0.00108
17340 0.00108
17341 0.00108
17342 0.00108
17343 0.00108
17344 0.00108
17345 0.00108
17346 0.00108
17347 0.00108
17348 0.00108
17349 0.00108
17350 0.00108
17351 0.00108
17352 0.00108
17353 0.00108
17354 0.00108
17355 0.00108
17356 0.00108
17357 0.00108
17358 0.00108
17359 0.00108
17360 0.00108
17361 0.00108
17362 0.00108
17363 0.00108
17364 0.00108
17365 0.00108
17366 0.00108
17367 0.00108
17368 0.00108
17369 0.00108
17370 0.00108
17371 0.00108
17372 0.00108
17373 0.00108
17374 0.00108
17375 0.00108
17376 0.00108
17377 0.00108
17378 0.00108
17379 0.00108
17380 0.00108
17381 0.00108
17382 0.00108
17383 0.00108
17384 0.00108
17385 0.00108
17386 0.00108
17387 0.00108
17388 0.00108
17389 0.00108
17390 0.00108
17391 0.00108
17392 0.00108
17393 0.00108
17394 0.00108
17395 0.00108
17396 0.00108
17397 0.00108
17398 0.00108
17399 0.00108
17400 0.00108
17401 0.00108
17402 0.00108
17403 0.00108
17404 0.00108
17405 0.00108
17406 0.00108
17407 0.00108
17408 0.00108
17409 0.00108
17410 0.00108
17411 0.00108
17412 0.00108
17413 0.00108
17414 0.00108
17415 0.00108
17416 0.00108
17417 0.00108
17418 0.00108
17419 0.00108
17420 0.00108
17421 0.00108
17422 0.00108
17423 0.00108
17424 0.00108
17425 0.00108
17426 0.00108
17427 0.00108
17428 0.00108
17429 0.00108
17430 0.00108
17431 0.00108
17432 0.00108
17433 0.00108
17434 0.00108
17435 0.00108
17436 0.00108
17437 0.00108
17438 0.00108
17439 0.00108
17440 0.00108
17441 0.00108
17442 0.00108
17443 0.00108
17444 0.00108
17445 0.00108
17446 0.00108
17447 0.00108
17448 0.00108
17449 0.00108
17450 0.00108
17451 0.00108
17452 0.00108
17453 0.00108
17454 0.00108
17455 0.00108
17456 0.00108
17457 0.00108
17458 0.00108
17459 0.00108
17460 0.00108
17461 0.00108
17462 0.00108
17463 0.00108
17464 0.00108
17465 0.00108
17466 0.00108
17467 0.00108
17468 0.00108
17469 0.00108
17470 0.00108
17471 0.00108
17472 0.00108
17473 0.00108
17474 0.00108
17475 0.00108
17476 0.00108
17477 0.00108
17478 0.00108
17479 0.00108
17480 0.00108
17481 0.00108
17482 0.00108
17483 0.00108
17484 0.00108
17485 0.00108
17486 0.00108
17487 0.00108
17488 0.00108
17489 0.00108
17490 0.00108
17491 0.00108
17492 0.00108
17493 0.00108
17494 0.00108
17495 0.00108
17496 0.00108
17497 0.00108
17498 0.00108
17499 0.00108
17500 0.00108
17501 0.00108
17502 0.00108
17503 0.00108
17504 0.00108
17505 0.00108
17506 0.00108
17507 0.00108
17508 0.00108
17509 0.00108
17510 0.00108
17511 0.00108
17512 0.00108
17513 0.00108
17514 0.00108
17515 0.00108
17516 0.00108
17517 0.00108
17518 0.00108
17519 0.00108
17520 0.00108
17521 0.00108
17522 0.00108
17523 0.00108
17524 0.00108
17525 0.00108
17526 0.00108
17527 0.00108
17528 0.00108
17529 0.00108
17530 0.00108
17531 0.00108
17532 0.00108
17533 0.00108
17534 0.00108
17535 0.00108
17536 0.00108
17537 0.00108
17538 0.00108
17539 0.00108
17540 0.00108
17541 0.00108
17542 0.00108
17543 0.00108
17544 0.00108
17545 0.00108
17546 0.00108
17547 0.00108
17548 0.00108
17549 0.00108
17550 0.00108
17551 0.00108
17552 0.00108
17553 0.00108
17554 0.00108
17555 0.00108
17556 0.00108
17557 0.00108
17558 0.00108
17559 0.00108
17560 0.00108
17561 0.00108
17562 0.00108
17563 0.00108
17564 0.00108
17565 0.00108
17566 0.00108
17567 0.00108
17568 0.00108
17569 0.00108
17570 0.00108
17571 0.00108
17572 0.00108
17573 0.00108
17574 0.00108
17575 0.00108
17576 0.00108
17577 0.00108
17578 0.00108
17579 0.00108
17580 0.00108
17581 0.00108
17582 0.00108
17583 0.00108
17584 0.00108
17585 0.00108
17586 0.00108
17587 0.00108
17588 0.00108
17589 0.00108
17590 0.00108
17591 0.00108
17592 0.00108
17593 0.00108
17594 0.00108
17595 0.00108
17596 0.00108
17597 0.00108
17598 0.00108
17599 0.00108
17600 0.00108
17601 0.00108
17602 0.00108
17603 0.00108
17604 0.00108
17605 0.00108
17606 0.00108
17607 0.00108
17608 0.00108
17609 0.00108
17610 0.00108
17611 0.00108
17612 0.00108
17613 0.00108
17614 0.00108
17615 0.00108
17616 0.00108
17617 0.00108
17618 0.00108
17619 0.00108
17620 0.00108
17621 0.00108
17622 0.00108
17623 0.00108
17624 0.00108
17625 0.00108
17626 0.00108
17627 0.00108
17628 0.00108
17629 0.00108
17630 0.00108
17631 0.00108
17632 0.00108
17633 0.00108
17634 0.00108
17635 0.00108
17636 0.00108
17637 0.00108
17638 0.00108
17639 0.00108
17640 0.00108
17641 0.00108
17642 0.00108
17643 0.00108
17644 0.00108
17645 0.00108
17646 0.00108
17647 0.00108
17648 0.00108
17649 0.00108
17650 0.00108
17651 0.00108
17652 0.00108
17653 0.00108
17654 0.00108
17655 0.00108
17656 0.00108
17657 0.00108
17658 0.00108
17659 0.00108
17660 0.00108
17661 0.00108
17662 0.00108
17663 0.00108
17664 0.00108
17665 0.00108
17666 0.00108
17667 0.00108
17668 0.00108
17669 0.00108
17670 0.00108
17671 0.00108
17672 0.00108
17673 0.00108
17674 0.00108
17675 0.00108
17676 0.00108
17677 0.00108
17678 0.00108
17679 0.00108
17680 0.00108
17681 0.00108
17682 0.00108
17683 0.00108
17684 0.00108
17685 0.00108
17686 0.00108
17687 0.00108
17688 0.00108
17689 0.00108
17690 0.00108
17691 0.00108
17692 0.00108
17693 0.00108
17694 0.00108
17695 0.00108
17696 0.00108
17697 0.00108
17698 0.00108
17699 0.00108
17700 0.00108
17701 0.00108
17702 0.00108
17703 0.00108
17704 0.00108
17705 0.00108
17706 0.00108
17707 0.00108
17708 0.00108
17709 0.00108
17710 0.00108
17711 0.00108
17712 0.00108
17713 0.00108
17714 0.00108
17715 0.00108
17716 0.00108
17717 0.00108
17718 0.00108
17719 0.00108
17720 0.00108
17721 0.00108
17722 0.00108
17723 0.00108
17724 0.00108
17725 0.00108
17726 0.00108
17727 0.00108
17728 0.00108
17729 0.00108
17730 0.00108
17731 0.00108
17732 0.00108
17733 0.00108
17734 0.00108
17735 0.00108
17736 0.00108
17737 0.00108
17738 0.00108
17739 0.00108
17740 0.00108
17741 0.00108
17742 0.00108
17743 0.00108
17744 0.00108
17745 0.00108
17746 0.00108
17747 0.00108
17748 0.00108
17749 0.00108
17750 0.00108
17751 0.00108
17752 0.00108
17753 0.00108
17754 0.00108
17755 0.00108
17756 0.00108
17757 0.00108
17758 0.00108
17759 0.00108
17760 0.00108
17761 0.00108
17762 0.00108
17763 0.00108
17764 0.00108
17765 0.00108
17766 0.00108
17767 0.00108
17768 0.00108
17769 0.00108
17770 0.00108
17771 0.00108
17772 0.00108
17773 0.00108
17774 0.00108
17775 0.00108
17776 0.00108
17777 0.00108
17778 0.00108
17779 0.00108
17780 0.00108
17781 0.00108
17782 0.00108
17783 0.00108
17784 0.00108
17785 0.00108
17786 0.00108
17787 0.00108
17788 0.00108
17789 0.00108
17790 0.00108
17791 0.00108
17792 0.00108
17793 0.00108
17794 0.00108
17795 0.00108
17796 0.00108
17797 0.00108
17798 0.00108
17799 0.00108
17800 0.00108
17801 0.00108
17802 0.00108
17803 0.00108
17804 0.00108
17805 0.00108
17806 0.00108
17807 0.00108
17808 0.00108
17809 0.00108
17810 0.00108
17811 0.00108
17812 0.00108
17813 0.00108
17814 0.00108
17815 0.00108
17816 0.00108
17817 0.00108
17818 0.00108
17819 0.00108
17820 0.00108
17821 0.00108
17822 0.00108
17823 0.00108
17824 0.00108
17825 0.00108
17826 0.00108
17827 0.00108
17828 0.00108
17829 0.00108
17830 0.00108
17831 0.00108
17832 0.00108
17833 0.00108
17834 0.00108
17835 0.00108
17836 0.00108
17837 0.00108
17838 0.00108
17839 0.00108
17840 0.00108
17841 0.00108
17842 0.00108
17843 0.00108
17844 0.00108
17845 0.00108
17846 0.00108
17847 0.00108
17848 0.00108
17849 0.00108
17850 0.00108
17851 0.00108
17852 0.00108
17853 0.00108
17854 0.00108
17855 0.00108
17856 0.00108
17857 0.00108
17858 0.00108
17859 0.00108
17860 0.00108
17861 0.00108
17862 0.00108
17863 0.00108
17864 0.00108
17865 0.00108
17866 0.00108
17867 0.00108
17868 0.00108
17869 0.00108
17870 0.00108
17871 0.00108
17872 0.00108
17873 0.00108
17874 0.00108
17875 0.00108
17876 0.00108
17877 0.00108
17878 0.00108
17879 0.00108
17880 0.00108
17881 0.00108
17882 0.00108
17883 0.00108
17884 0.00108
17885 0.00108
17886 0.00108
17887 0.00108
17888 0.00108
17889 0.00108
17890 0.00108
17891 0.00108
17892 0.00108
17893 0.00108
17894 0.00108
17895 0.00108
17896 0.00108
17897 0.00108
17898 0.00108
17899 0.00108
17900 0.00108
17901 0.00108
17902 0.00108
17903 0.00108
17904 0.00108
17905 0.00108
17906 0.00108
17907 0.00108
17908 0.00108
17909 0.00108
17910 0.00108
17911 0.00108
17912 0.00108
17913 0.00108
17914 0.00108
17915 0.00108
17916 0.00108
17917 0.00108
17918 0.00108
17919 0.00108
17920 0.00108
17921 0.00108
17922 0.00108
17923 0.00108
17924 0.00108
17925 0.00108
17926 0.00108
17927 0.00108
17928 0.00108
17929 0.00108
17930 0.00108
17931 0.00108
17932 0.00108
17933 0.00108
17934 0.00108
17935 0.00108
17936 0.00108
17937 0.00108
17938 0.00108
17939 0.00108
17940 0.00108
17941 0.00108
17942 0.00108
17943 0.00108
17944 0.00108
17945 0.00108
17946 0.00108
17947 0.00108
17948 0.00108
17949 0.00108
17950 0.00108
17951 0.00108
17952 0.00108
17953 0.00108
17954 0.00108
17955 0.00108
17956 0.00108
17957 0.00108
17958 0.00108
17959 0.00108
17960 0.00108
17961 0.00108
17962 0.00108
17963 0.00108
17964 0.00108
17965 0.00108
17966 0.00108
17967 0.00108
17968 0.00108
17969 0.00108
17970 0.00108
17971 0.00108
17972 0.00108
17973 0.00108
17974 0.00108
17975 0.00108
17976 0.00108
17977 0.00108
17978 0.00108
17979 0.00108
17980 0.00108
17981 0.00108
17982 0.00108
17983 0.00108
17984 0.00108
17985 0.00108
17986 0.00108
17987 0.00108
17988 0.00108
17989 0.00108
17990 0.00108
17991 0.00108
17992 0.00108
17993 0.00114
17994 0.00114
17995 0.00116
17996 0.0013
17997 0.0013
17998 0.0013
17999 0.0013
18000 0.0013
18001 0.0013
18002 0.0013
18003 0.0013
18004 0.0013
18005 0.0013
18006 0.0013
18007 0.0013
18008 0.0013
18009 0.0013
18010 0.0013
18011 0.0013
18012 0.0013
18013 0.0013
18014 0.0013
18015 0.0013
18016 0.0013
18017 0.0013
18018 0.0013
18019 0.0013
18020 0.0013
18021 0.0013
18022 0.0013
18023 0.0013
18024 0.0013
18025 0.0013
18026 0.0013
18027 0.0013
18028 0.0013
18029 0.0013
18030 0.0013
18031 0.0013
18032 0.0013
18033 0.0013
18034 0.0013
18035 0.0013
18036 0.0013
18037 0.0013
18038 0.0013
18039 0.0013
18040 0.0013
18041 0.0013
18042 0.0013
18043 0.0013
18044 0.0013
18045 0.0013
18046 0.0013
18047 0.0013
18048 0.0013
18049 0.0013
18050 0.0013
18051 0.0013
18052 0.0013
18053 0.0013
18054 0.0013
18055 0.0013
18056 0.0013
18057 0.0013
18058 0.0013
18059 0.0013
18060 0.0013
18061 0.0013
18062 0.0013
18063 0.0013
18064 0.0013
18065 0.0013
18066 0.0013
18067 0.0013
18068 0.0013
18069 0.0013
18070 0.0013
18071 0.0013
18072 0.0013
18073 0.0013
18074 0.0013
18075 0.0013
18076 0.0013
18077 0.0013
18078 0.0013
18079 0.0013
18080 0.0013
18081 0.0013
18082 0.0013
18083 0.0013
18084 0.0013
18085 0.0013
18086 0.0013
18087 0.0013
18088 0.0013
18089 0.0013
18090 0.0013
18091 0.0013
18092 0.0013
18093 0.0013
18094 0.0013
18095 0.0013
18096 0.0013
18097 0.0013
18098 0.0013
18099 0.0013
18100 0.0013
18101 0.0013
18102 0.0013
18103 0.0013
18104 0.0013
18105 0.0013
18106 0.0013
18107 0.0013
18108 0.0013
18109 0.0013
18110 0.0013
18111 0.0013
18112 0.0013
18113 0.0013
18114 0.0013
18115 0.0013
18116 0.0013
18117 0.0013
18118 0.0013
18119 0.0013
18120 0.0013
18121 0.0013
18122 0.0013
18123 0.0013
18124 0.0013
18125 0.0013
18126 0.0013
18127 0.0013
18128 0.0013
18129 0.0013
18130 0.0013
18131 0.0013
18132 0.0013
18133 0.0013
18134 0.0013
18135 0.0013
18136 0.0013
18137 0.0013
18138 0.0013
18139 0.0013
18140 0.0013
18141 0.0013
18142 0.0013
18143 0.0013
18144 0.0013
18145 0.0013
18146 0.0013
18147 0.0013
18148 0.0013
18149 0.0013
18150 0.0013
18151 0.0013
18152 0.0013
18153 0.0013
18154 0.0013
18155 0.0013
18156 0.0013
18157 0.0013
18158 0.0013
18159 0.0013
18160 0.0013
18161 0.0013
18162 0.0013
18163 0.0013
18164 0.0013
18165 0.0013
18166 0.0013
18167 0.0013
18168 0.0013
18169 0.0013
18170 0.0013
18171 0.0013
18172 0.0013
18173 0.0013
18174 0.0013
18175 0.0013
18176 0.0013
18177 0.0013
18178 0.0013
18179 0.0013
18180 0.0013
18181 0.0013
18182 0.0013
18183 0.0013
18184 0.0013
18185 0.0013
18186 0.0013
18187 0.0013
18188 0.0013
18189 0.0013
18190 0.0013
18191 0.0013
18192 0.0013
18193 0.0013
18194 0.0013
18195 0.0013
18196 0.0013
18197 0.0013
18198 0.0013
18199 0.0013
18200 0.0013
18201 0.0013
18202 0.0013
18203 0.0013
18204 0.0013
18205 0.0013
18206 0.0013
18207 0.0013
18208 0.0013
18209 0.0013
18210 0.0013
18211 0.0013
18212 0.0013
18213 0.0013
18214 0.0013
18215 0.0013
18216 0.0013
18217 0.0013
18218 0.0013
18219 0.0013
18220 0.0013
18221 0.0013
18222 0.0013
18223 0.0013
18224 0.0013
18225 0.0013
18226 0.0013
18227 0.0013
18228 0.0013
18229 0.0013
18230 0.0013
18231 0.0013
18232 0.0013
18233 0.0013
18234 0.0013
18235 0.0013
18236 0.0013
18237 0.0013
18238 0.0013
18239 0.0013
18240 0.0013
18241 0.0013
18242 0.0013
18243 0.0013
18244 0.0013
18245 0.0013
18246 0.0013
18247 0.0013
18248 0.0013
18249 0.0013
18250 0.0013
18251 0.0013
18252 0.0013
18253 0.0013
18254 0.0013
18255 0.0013
18256 0.0013
18257 0.0013
18258 0.0013
18259 0.0013
18260 0.0013
18261 0.0013
18262 0.0013
18263 0.0013
18264 0.0013
18265 0.0013
18266 0.0013
18267 0.0013
18268 0.0013
18269 0.0013
18270 0.0013
18271 0.0013
18272 0.0013
18273 0.0013
18274 0.0013
18275 0.0013
18276 0.0013
18277 0.0013
18278 0.0013
18279 0.0013
18280 0.0013
18281 0.0013
18282 0.0013
18283 0.0013
18284 0.0013
18285 0.0013
18286 0.0013
18287 0.0013
18288 0.0013
18289 0.0013
18290 0.0013
18291 0.0013
18292 0.0013
18293 0.0013
18294 0.0013
18295 0.0013
18296 0.0013
18297 0.0013
18298 0.0013
18299 0.0013
18300 0.0013
18301 0.0013
18302 0.0013
18303 0.0013
18304 0.0013
18305 0.0013
18306 0.0013
18307 0.0013
18308 0.0013
18309 0.0013
18310 0.0013
18311 0.0013
18312 0.0013
18313 0.0013
18314 0.0013
18315 0.0013
18316 0.0013
18317 0.0013
18318 0.0013
18319 0.0013
18320 0.0013
18321 0.0013
18322 0.0013
18323 0.0013
18324 0.0013
18325 0.0013
18326 0.0013
18327 0.0013
18328 0.0013
18329 0.0013
18330 0.0013
18331 0.0013
18332 0.0013
18333 0.0013
18334 0.0013
18335 0.0013
18336 0.0013
18337 0.0013
18338 0.0013
18339 0.0013
18340 0.0013
18341 0.0013
18342 0.0013
18343 0.0013
18344 0.0013
18345 0.0013
18346 0.0013
18347 0.0013
18348 0.0013
18349 0.0013
18350 0.0013
18351 0.0013
18352 0.0013
18353 0.0013
18354 0.0013
18355 0.0013
18356 0.0013
18357 0.0013
18358 0.0013
18359 0.0013
18360 0.0013
18361 0.0013
18362 0.0013
18363 0.0013
18364 0.0013
18365 0.0013
18366 0.0013
18367 0.0013
18368 0.0013
18369 0.0013
18370 0.0013
18371 0.0013
18372 0.0013
18373 0.0013
18374 0.0013
18375 0.0013
18376 0.0013
18377 0.0013
18378 0.0013
18379 0.0013
18380 0.0013
18381 0.0013
18382 0.0013
18383 0.0013
18384 0.0013
18385 0.0013
18386 0.0013
18387 0.0013
18388 0.0013
18389 0.0013
18390 0.0013
18391 0.0013
18392 0.0013
18393 0.0013
18394 0.0013
18395 0.0013
18396 0.0013
18397 0.0013
18398 0.0013
18399 0.0013
18400 0.0013
18401 0.0013
18402 0.0013
18403 0.0013
18404 0.0013
18405 0.0013
18406 0.0013
18407 0.0013
18408 0.0013
18409 0.0013
18410 0.0013
18411 0.0013
18412 0.0013
18413 0.0013
18414 0.0013
18415 0.0013
18416 0.0013
18417 0.0013
18418 0.0013
18419 0.0013
18420 0.0013
18421 0.0013
18422 0.0013
18423 0.0013
18424 0.0013
18425 0.0013
18426 0.0013
18427 0.0013
18428 0.0013
18429 0.0013
18430 0.0013
18431 0.0013
18432 0.0013
18433 0.0013
18434 0.0013
18435 0.0013
18436 0.0013
18437 0.0013
18438 0.0013
18439 0.0013
18440 0.0013
18441 0.0013
18442 0.0013
18443 0.0013
18444 0.0013
18445 0.0013
18446 0.0013
18447 0.0013
18448 0.0013
18449 0.0013
18450 0.0013
18451 0.0013
18452 0.0013
18453 0.0013
18454 0.0013
18455 0.0013
18456 0.0013
18457 0.0013
18458 0.0013
18459 0.0013
18460 0.0013
18461 0.0013
18462 0.0013
18463 0.0013
18464 0.0013
18465 0.0013
18466 0.0013
18467 0.0013
18468 0.0013
18469 0.0013
18470 0.0013
18471 0.0013
18472 0.0013
18473 0.0013
18474 0.0013
18475 0.0013
18476 0.0013
18477 0.0013
18478 0.0013
18479 0.0013
18480 0.0013
18481 0.0013
18482 0.0013
18483 0.0013
18484 0.0013
18485 0.0013
18486 0.0013
18487 0.0013
18488 0.0013
18489 0.0013
18490 0.0013
18491 0.0013
18492 0.0013
18493 0.0013
18494 0.0013
18495 0.0013
18496 0.0013
18497 0.0013
18498 0.0013
18499 0.0013
18500 0.0013
18501 0.0013
18502 0.0013
18503 0.0013
18504 0.0013
18505 0.0013
18506 0.0013
18507 0.0013
18508 0.0013
18509 0.0013
18510 0.0013
18511 0.0013
18512 0.0013
18513 0.0013
18514 0.0013
18515 0.0013
18516 0.0013
18517 0.0013
18518 0.0013
18519 0.0013
18520 0.0013
18521 0.0013
18522 0.0013
18523 0.0013
18524 0.0013
18525 0.0013
18526 0.0013
18527 0.0013
18528 0.0013
18529 0.0013
18530 0.0013
18531 0.0013
18532 0.0013
18533 0.0013
18534 0.0013
18535 0.0013
18536 0.0013
18537 0.0013
18538 0.0013
18539 0.0013
18540 0.0013
18541 0.0013
18542 0.0013
18543 0.0013
18544 0.0013
18545 0.0013
18546 0.0013
18547 0.0013
18548 0.0013
18549 0.0013
18550 0.0013
18551 0.0013
18552 0.0013
18553 0.0013
18554 0.0013
18555 0.0013
18556 0.0013
18557 0.0013
18558 0.0013
18559 0.0013
18560 0.0013
18561 0.0013
18562 0.0013
18563 0.0013
18564 0.0013
18565 0.0013
18566 0.0013
18567 0.0013
18568 0.0013
18569 0.0013
18570 0.0013
18571 0.0013
18572 0.0013
18573 0.0013
18574 0.0013
18575 0.0013
18576 0.0013
18577 0.0013
18578 0.0013
18579 0.0013
18580 0.0013
18581 0.0013
18582 0.0013
18583 0.0013
18584 0.0013
18585 0.0013
18586 0.0013
18587 0.0013
18588 0.0013
18589 0.0013
18590 0.0013
18591 0.0013
18592 0.0013
18593 0.0013
18594 0.0013
18595 0.0013
18596 0.0013
18597 0.0013
18598 0.0013
18599 0.0013
18600 0.0013
18601 0.0013
18602 0.0013
18603 0.0013
18604 0.0013
18605 0.0013
18606 0.0013
18607 0.0013
18608 0.0013
18609 0.0013
18610 0.0013
18611 0.0013
18612 0.0013
18613 0.0013
18614 0.0013
18615 0.0013
18616 0.0013
18617 0.0013
18618 0.0013
18619 0.0013
18620 0.0013
18621 0.0013
18622 0.0013
18623 0.0013
18624 0.0013
18625 0.0013
18626 0.0013
18627 0.0013
18628 0.0013
18629 0.0013
18630 0.0013
18631 0.0013
18632 0.0013
18633 0.0013
18634 0.0013
18635 0.0013
18636 0.0013
18637 0.0013
18638 0.0013
18639 0.0013
18640 0.0013
18641 0.0013
18642 0.0013
18643 0.0013
18644 0.0013
18645 0.0013
18646 0.0013
18647 0.0013
18648 0.0013
18649 0.0013
18650 0.0013
18651 0.0013
18652 0.0013
18653 0.0013
18654 0.0013
18655 0.0013
18656 0.0013
18657 0.0013
18658 0.0013
18659 0.0013
18660 0.0013
18661 0.0013
18662 0.0013
18663 0.0013
18664 0.0013
18665 0.0013
18666 0.0013
18667 0.0013
18668 0.0013
18669 0.0013
18670 0.0013
18671 0.0013
18672 0.0013
18673 0.0013
18674 0.0013
18675 0.0013
18676 0.0013
18677 0.0013
18678 0.0013
18679 0.0013
18680 0.0013
18681 0.0013
18682 0.0013
18683 0.0013
18684 0.0013
18685 0.0013
18686 0.0013
18687 0.0013
18688 0.0013
18689 0.0013
18690 0.0013
18691 0.0013
18692 0.0013
18693 0.0013
18694 0.0013
18695 0.0013
18696 0.0013
18697 0.0013
18698 0.0013
18699 0.0013
18700 0.0013
18701 0.0013
18702 0.0013
18703 0.0013
18704 0.0013
18705 0.0013
18706 0.0013
18707 0.0013
18708 0.0013
18709 0.0013
18710 0.0013
18711 0.0013
18712 0.0013
18713 0.0013
18714 0.0013
18715 0.0013
18716 0.0013
18717 0.0013
18718 0.0013
18719 0.0013
18720 0.0013
18721 0.0013
18722 0.0013
18723 0.0013
18724 0.0013
18725 0.0013
18726 0.0013
18727 0.0013
18728 0.0013
18729 0.0013
18730 0.0013
18731 0.0013
18732 0.0013
18733 0.0013
18734 0.0013
18735 0.0013
18736 0.0013
18737 0.0013
18738 0.0013
18739 0.0013
18740 0.0013
18741 0.0013
18742 0.0013
18743 0.0013
18744 0.0013
18745 0.0013
18746 0.0013
18747 0.0013
18748 0.0013
18749 0.0013
18750 0.0013
18751 0.0013
18752 0.0013
18753 0.0013
18754 0.0013
18755 0.0013
18756 0.0013
18757 0.0013
18758 0.0013
18759 0.0013
18760 0.0013
18761 0.0013
18762 0.0013
18763 0.0013
18764 0.0013
18765 0.0013
18766 0.0013
18767 0.0013
18768 0.0013
18769 0.0013
18770 0.0013
18771 0.0013
18772 0.0013
18773 0.0013
18774 0.0013
18775 0.0013
18776 0.0013
18777 0.0013
18778 0.0013
18779 0.0013
18780 0.0013
18781 0.0013
18782 0.0013
18783 0.0013
18784 0.0013
18785 0.0013
18786 0.0013
18787 0.0013
18788 0.0013
18789 0.0013
18790 0.0013
18791 0.0013
18792 0.0013
18793 0.0013
18794 0.0013
18795 0.0013
18796 0.0013
18797 0.0013
18798 0.0013
18799 0.0013
18800 0.0013
18801 0.0013
18802 0.0013
18803 0.0013
18804 0.0013
18805 0.0013
18806 0.0013
18807 0.0013
18808 0.0013
18809 0.0013
18810 0.0013
18811 0.0013
18812 0.0013
18813 0.0013
18814 0.0013
18815 0.0013
18816 0.0013
18817 0.0013
18818 0.0013
18819 0.0013
18820 0.0013
18821 0.0013
18822 0.0013
18823 0.0013
18824 0.0013
18825 0.0013
18826 0.0013
18827 0.0013
18828 0.0013
18829 0.0013
18830 0.0013
18831 0.0013
18832 0.0013
18833 0.0013
18834 0.0013
18835 0.0013
18836 0.0013
18837 0.0013
18838 0.0013
18839 0.0013
18840 0.0013
18841 0.0013
18842 0.0013
18843 0.0013
18844 0.0013
18845 0.0013
18846 0.0013
18847 0.0013
18848 0.0013
18849 0.0013
18850 0.0013
18851 0.0013
18852 0.0013
18853 0.0013
18854 0.0013
18855 0.0013
18856 0.0013
18857 0.0013
18858 0.0013
18859 0.0013
18860 0.0013
18861 0.0013
18862 0.0013
18863 0.0013
18864 0.0013
18865 0.0013
18866 0.0013
18867 0.0013
18868 0.0013
18869 0.0013
18870 0.0013
18871 0.0013
18872 0.0013
18873 0.0013
18874 0.0013
18875 0.0013
18876 0.0013
18877 0.0013
18878 0.0013
18879 0.0013
18880 0.0013
18881 0.0013
18882 0.0013
18883 0.0013
18884 0.0013
18885 0.0013
18886 0.0013
18887 0.0013
18888 0.0013
18889 0.0013
18890 0.0013
18891 0.0013
18892 0.0013
18893 0.0013
18894 0.0013
18895 0.0013
18896 0.0013
18897 0.0013
18898 0.0013
18899 0.0013
18900 0.0013
18901 0.0013
18902 0.0013
18903 0.0013
18904 0.0013
18905 0.0013
18906 0.0013
18907 0.0013
18908 0.0013
18909 0.0013
18910 0.0013
18911 0.0013
18912 0.0013
18913 0.0013
18914 0.0013
18915 0.0013
18916 0.0013
18917 0.0013
18918 0.0013
18919 0.0013
18920 0.0013
18921 0.0013
18922 0.0013
18923 0.0013
18924 0.0013
18925 0.0013
18926 0.0013
18927 0.0013
18928 0.0013
18929 0.0013
18930 0.0013
18931 0.0013
18932 0.0013
18933 0.0013
18934 0.0013
18935 0.0013
18936 0.0013
18937 0.0013
18938 0.0013
18939 0.0013
18940 0.0013
18941 0.0013
18942 0.0013
18943 0.0013
18944 0.0013
18945 0.0013
18946 0.0013
18947 0.0013
18948 0.0013
18949 0.0013
18950 0.0013
18951 0.0013
18952 0.0013
18953 0.0013
18954 0.0013
18955 0.0013
18956 0.0013
18957 0.0013
18958 0.0013
18959 0.0013
18960 0.0013
18961 0.0013
18962 0.0013
18963 0.0013
18964 0.0013
18965 0.0013
18966 0.0013
18967 0.0013
18968 0.0013
18969 0.0013
18970 0.0013
18971 0.0013
18972 0.0013
18973 0.0013
18974 0.0013
18975 0.0013
18976 0.0013
18977 0.0013
18978 0.0013
18979 0.0013
18980 0.0013
18981 0.0013
18982 0.0013
18983 0.0013
18984 0.0013
18985 0.0013
18986 0.0013
18987 0.0013
18988 0.0013
18989 0.0013
18990 0.0013
18991 0.0013
18992 0.0013
18993 0.0013
18994 0.0013
18995 0.0013
18996 0.0013
18997 0.0013
18998 0.0013
18999 0.0013
19000 0.0013
19001 0.0013
19002 0.0013
19003 0.0013
19004 0.0013
19005 0.0013
19006 0.0013
19007 0.0013
19008 0.0013
19009 0.0013
19010 0.0013
19011 0.0013
19012 0.0013
19013 0.0013
19014 0.0013
19015 0.0013
19016 0.0013
19017 0.0013
19018 0.0013
19019 0.0013
19020 0.0013
19021 0.0013
19022 0.0013
19023 0.0013
19024 0.0013
19025 0.0013
19026 0.0013
19027 0.0013
19028 0.0013
19029 0.0013
19030 0.0013
19031 0.0013
19032 0.0013
19033 0.0013
19034 0.0013
19035 0.0013
19036 0.0013
19037 0.0013
19038 0.0013
19039 0.0013
19040 0.0013
19041 0.0013
19042 0.0013
19043 0.0013
19044 0.0013
19045 0.0013
19046 0.0013
19047 0.0013
19048 0.0013
19049 0.0013
19050 0.0013
19051 0.0013
19052 0.0013
19053 0.0013
19054 0.0013
19055 0.0013
19056 0.0013
19057 0.0013
19058 0.0013
19059 0.0013
19060 0.0013
19061 0.0013
19062 0.0013
19063 0.0013
19064 0.0013
19065 0.0013
19066 0.0013
19067 0.0013
19068 0.0013
19069 0.0013
19070 0.0013
19071 0.0013
19072 0.0013
19073 0.0013
19074 0.0013
19075 0.0013
19076 0.0013
19077 0.0013
19078 0.0013
19079 0.0013
19080 0.0013
19081 0.0013
19082 0.0013
19083 0.0013
19084 0.0013
19085 0.0013
19086 0.0013
19087 0.0013
19088 0.0013
19089 0.0013
19090 0.0013
19091 0.0013
19092 0.0013
19093 0.0013
19094 0.0013
19095 0.0013
19096 0.0013
19097 0.0013
19098 0.0013
19099 0.0013
19100 0.0013
19101 0.0013
19102 0.0013
19103 0.0013
19104 0.0013
19105 0.0013
19106 0.0013
19107 0.0013
19108 0.0013
19109 0.0013
19110 0.0013
19111 0.0013
19112 0.0013
19113 0.0013
19114 0.0013
19115 0.0013
19116 0.0013
19117 0.0013
19118 0.0013
19119 0.0013
19120 0.0013
19121 0.0013
19122 0.0013
19123 0.0013
19124 0.0013
19125 0.0013
19126 0.0013
19127 0.0013
19128 0.0013
19129 0.0013
19130 0.0013
19131 0.0013
19132 0.0013
19133 0.0013
19134 0.0013
19135 0.0013
19136 0.0013
19137 0.0013
19138 0.0013
19139 0.0013
19140 0.0013
19141 0.0013
19142 0.0013
19143 0.0013
19144 0.0013
19145 0.0013
19146 0.0013
19147 0.0013
19148 0.0013
19149 0.0013
19150 0.0013
19151 0.0013
19152 0.0013
19153 0.0013
19154 0.0013
19155 0.0013
19156 0.0013
19157 0.0013
19158 0.0013
19159 0.0013
19160 0.0013
19161 0.0013
19162 0.0013
19163 0.0013
19164 0.0013
19165 0.0013
19166 0.0013
19167 0.0013
19168 0.0013
19169 0.0013
19170 0.0013
19171 0.0013
19172 0.0013
19173 0.0013
19174 0.0013
19175 0.0013
19176 0.0013
19177 0.0013
19178 0.0013
19179 0.0013
19180 0.0013
19181 0.0013
19182 0.0013
19183 0.0013
19184 0.0013
19185 0.0013
19186 0.0013
19187 0.0013
19188 0.0013
19189 0.0013
19190 0.0013
19191 0.0013
19192 0.0013
19193 0.0013
19194 0.0013
19195 0.0013
19196 0.0013
19197 0.0013
19198 0.0013
19199 0.0013
19200 0.0013
19201 0.0013
19202 0.0013
19203 0.0013
19204 0.0013
19205 0.0013
19206 0.0013
19207 0.0013
19208 0.0013
19209 0.0013
19210 0.0013
19211 0.0013
19212 0.0013
19213 0.0013
19214 0.0013
19215 0.0013
19216 0.0013
19217 0.0013
19218 0.0013
19219 0.0013
19220 0.0013
19221 0.0013
19222 0.0013
19223 0.0013
19224 0.0013
19225 0.0013
19226 0.0013
19227 0.0013
19228 0.0013
19229 0.0013
19230 0.0013
19231 0.0013
19232 0.0013
19233 0.0013
19234 0.0013
19235 0.0013
19236 0.0013
19237 0.0013
19238 0.0013
19239 0.0013
19240 0.0013
19241 0.0013
19242 0.0013
19243 0.0013
19244 0.0013
19245 0.0013
19246 0.0013
19247 0.0013
19248 0.0013
19249 0.0013
19250 0.0013
19251 0.0013
19252 0.0013
19253 0.0013
19254 0.0013
19255 0.0013
19256 0.0013
19257 0.0013
19258 0.0013
19259 0.0013
19260 0.0013
19261 0.0013
19262 0.0013
19263 0.0013
19264 0.0013
19265 0.0013
19266 0.0013
19267 0.0013
19268 0.0013
19269 0.0013
19270 0.0013
19271 0.0013
19272 0.0013
19273 0.0013
19274 0.0013
19275 0.0013
19276 0.0013
19277 0.0013
19278 0.0013
19279 0.0013
19280 0.0013
19281 0.0013
19282 0.0013
19283 0.0013
19284 0.0013
19285 0.0013
19286 0.0013
19287 0.0013
19288 0.0013
19289 0.0013
19290 0.0013
19291 0.0013
19292 0.0013
19293 0.0013
19294 0.0013
19295 0.0013
19296 0.0013
19297 0.0013
19298 0.0013
19299 0.0013
19300 0.0013
19301 0.0013
19302 0.0013
19303 0.0013
19304 0.0013
19305 0.0013
19306 0.0013
19307 0.0013
19308 0.0013
19309 0.0013
19310 0.0013
19311 0.0013
19312 0.0013
19313 0.0013
19314 0.0013
19315 0.0013
19316 0.0013
19317 0.0013
19318 0.0013
19319 0.0013
19320 0.0013
19321 0.0013
19322 0.0013
19323 0.0013
19324 0.0013
19325 0.0013
19326 0.0013
19327 0.0013
19328 0.0013
19329 0.0013
19330 0.0013
19331 0.0013
19332 0.0013
19333 0.0013
19334 0.0013
19335 0.0013
19336 0.0013
19337 0.0013
19338 0.0013
19339 0.0013
19340 0.0013
19341 0.0013
19342 0.0013
19343 0.0013
19344 0.0013
19345 0.0013
19346 0.0013
19347 0.0013
19348 0.0013
19349 0.0013
19350 0.0013
19351 0.0013
19352 0.0013
19353 0.0013
19354 0.0013
19355 0.0013
19356 0.0013
19357 0.0013
19358 0.0013
19359 0.0013
19360 0.0013
19361 0.0013
19362 0.0013
19363 0.0013
19364 0.0013
19365 0.0013
19366 0.0013
19367 0.0013
19368 0.0013
19369 0.0013
19370 0.0013
19371 0.0013
19372 0.0013
19373 0.0013
19374 0.0013
19375 0.0013
19376 0.0013
19377 0.0013
19378 0.0013
19379 0.0013
19380 0.0013
19381 0.0013
19382 0.0013
19383 0.0013
19384 0.0013
19385 0.0013
19386 0.0013
19387 0.0013
19388 0.0013
19389 0.0013
19390 0.0013
19391 0.0013
19392 0.0013
19393 0.0013
19394 0.0013
19395 0.0013
19396 0.0013
19397 0.0013
19398 0.0013
19399 0.0013
19400 0.0013
19401 0.0013
19402 0.0013
19403 0.0013
19404 0.0013
19405 0.0013
19406 0.0013
19407 0.0013
19408 0.0013
19409 0.0013
19410 0.0013
19411 0.0013
19412 0.0013
19413 0.0013
19414 0.0013
19415 0.0013
19416 0.0013
19417 0.00132
19418 0.00132
19419 0.00132
19420 0.00132
19421 0.00132
19422 0.00132
19423 0.00132
19424 0.00132
19425 0.00132
19426 0.00132
19427 0.00132
19428 0.00132
19429 0.00132
19430 0.00132
19431 0.00132
19432 0.00132
19433 0.00132
19434 0.00132
19435 0.00132
19436 0.00132
19437 0.00132
19438 0.00132
19439 0.00132
19440 0.00132
19441 0.00132
19442 0.00132
19443 0.00132
19444 0.00132
19445 0.00132
19446 0.00132
19447 0.00132
19448 0.00132
19449 0.00132
19450 0.00132
19451 0.00132
19452 0.00132
19453 0.00132
19454 0.00132
19455 0.00132
19456 0.00132
19457 0.00132
19458 0.00132
19459 0.00132
19460 0.00132
19461 0.00132
19462 0.00132
19463 0.00132
19464 0.00132
19465 0.00132
19466 0.00132
19467 0.00132
19468 0.00132
19469 0.00132
19470 0.00132
19471 0.00132
19472 0.00132
19473 0.00132
19474 0.00132
19475 0.00132
19476 0.00132
19477 0.00132
19478 0.00132
19479 0.00132
19480 0.00132
19481 0.00132
19482 0.00132
19483 0.00132
19484 0.00132
19485 0.00132
19486 0.00132
19487 0.00132
19488 0.00132
19489 0.00132
19490 0.00132
19491 0.00132
19492 0.00132
19493 0.00132
19494 0.00132
19495 0.00132
19496 0.00132
19497 0.00132
19498 0.00132
19499 0.00132
19500 0.00132
19501 0.00132
19502 0.00132
19503 0.00132
19504 0.00132
19505 0.00132
19506 0.00132
19507 0.00132
19508 0.00132
19509 0.00132
19510 0.00132
19511 0.00132
19512 0.00132
19513 0.00132
19514 0.00132
19515 0.00132
19516 0.00132
19517 0.00132
19518 0.00132
19519 0.00132
19520 0.00132
19521 0.00132
19522 0.00132
19523 0.00132
19524 0.00132
19525 0.00132
19526 0.00132
19527 0.00132
19528 0.00132
19529 0.00132
19530 0.00132
19531 0.00132
19532 0.00132
19533 0.00132
19534 0.00132
19535 0.00132
19536 0.00132
19537 0.00132
19538 0.00132
19539 0.00132
19540 0.00132
19541 0.00132
19542 0.00132
19543 0.00138
19544 0.00138
19545 0.00138
19546 0.00138
19547 0.00138
19548 0.00138
19549 0.00138
19550 0.00138
19551 0.00138
19552 0.00138
19553 0.00138
19554 0.00138
19555 0.00138
19556 0.00138
19557 0.00138
19558 0.00138
19559 0.00138
19560 0.00138
19561 0.00138
19562 0.00138
19563 0.00138
19564 0.00138
19565 0.00138
19566 0.00138
19567 0.00138
19568 0.00138
19569 0.00138
19570 0.00138
19571 0.00138
19572 0.00138
19573 0.00138
19574 0.00138
19575 0.00138
19576 0.00138
19577 0.00138
19578 0.00138
19579 0.00138
19580 0.00138
19581 0.00138
19582 0.00138
19583 0.00138
19584 0.00138
19585 0.00138
19586 0.00138
19587 0.00138
19588 0.00138
19589 0.00138
19590 0.00138
19591 0.00138
19592 0.00138
19593 0.00138
19594 0.00138
19595 0.00138
19596 0.00138
19597 0.00138
19598 0.00138
19599 0.00138
19600 0.00138
19601 0.00138
19602 0.00138
19603 0.00138
19604 0.00138
19605 0.00138
19606 0.00138
19607 0.00138
19608 0.00138
19609 0.00138
19610 0.00138
19611 0.00138
19612 0.00138
19613 0.00138
19614 0.00138
19615 0.00138
19616 0.00138
19617 0.00138
19618 0.00138
19619 0.00138
19620 0.00138
19621 0.00138
19622 0.00138
19623 0.00138
19624 0.00138
19625 0.00138
19626 0.00138
19627 0.00138
19628 0.00138
19629 0.00138
19630 0.00138
19631 0.00138
19632 0.00138
19633 0.00138
19634 0.00138
19635 0.00138
19636 0.00138
19637 0.00138
19638 0.00138
19639 0.00138
19640 0.00138
19641 0.00138
19642 0.00138
19643 0.00138
19644 0.00138
19645 0.00138
19646 0.00138
19647 0.00138
19648 0.00138
19649 0.00138
19650 0.00138
19651 0.00138
19652 0.00138
19653 0.00138
19654 0.00138
19655 0.00138
19656 0.00138
19657 0.00138
19658 0.00138
19659 0.00138
19660 0.00138
19661 0.00138
19662 0.00138
19663 0.00138
19664 0.00138
19665 0.00138
19666 0.00138
19667 0.00138
19668 0.00138
19669 0.00138
19670 0.00138
19671 0.00138
19672 0.00138
19673 0.00138
19674 0.00138
19675 0.00138
19676 0.00138
19677 0.00138
19678 0.00138
19679 0.00138
19680 0.00138
19681 0.00138
19682 0.00138
19683 0.00138
19684 0.00138
19685 0.00138
19686 0.00138
19687 0.00138
19688 0.00138
19689 0.00138
19690 0.00138
19691 0.00138
19692 0.00138
19693 0.00138
19694 0.00138
19695 0.00138
19696 0.00138
19697 0.00138
19698 0.00138
19699 0.00138
19700 0.00138
19701 0.00138
19702 0.00138
19703 0.00138
19704 0.00138
19705 0.00138
19706 0.00138
19707 0.00138
19708 0.00144
19709 0.00144
19710 0.00144
19711 0.00144
19712 0.00144
19713 0.00144
19714 0.00144
19715 0.00144
19716 0.00144
19717 0.00144
19718 0.00144
19719 0.00144
19720 0.00144
19721 0.00144
19722 0.00144
19723 0.00144
19724 0.00144
19725 0.00144
19726 0.00144
19727 0.00144
19728 0.00144
19729 0.00144
19730 0.00144
19731 0.00144
19732 0.00144
19733 0.00144
19734 0.00144
19735 0.00144
19736 0.00144
19737 0.00144
19738 0.00144
19739 0.00144
19740 0.00144
19741 0.00144
19742 0.00144
19743 0.00144
19744 0.00144
19745 0.00144
19746 0.00144
19747 0.00144
19748 0.00144
19749 0.00144
19750 0.00144
19751 0.00144
19752 0.00144
19753 0.00144
19754 0.00144
19755 0.00144
19756 0.00144
19757 0.00144
19758 0.00144
19759 0.00144
19760 0.00144
19761 0.00144
19762 0.00144
19763 0.00144
19764 0.00144
19765 0.00144
19766 0.00144
19767 0.00144
19768 0.00144
19769 0.00144
19770 0.00144
19771 0.00144
19772 0.00144
19773 0.00144
19774 0.00144
19775 0.00144
19776 0.00144
19777 0.00144
19778 0.00144
19779 0.00144
19780 0.00144
19781 0.00144
19782 0.00144
19783 0.00144
19784 0.00144
19785 0.00144
19786 0.00144
19787 0.00144
19788 0.00144
19789 0.00144
19790 0.00144
19791 0.00144
19792 0.00144
19793 0.00144
19794 0.00144
19795 0.00144
19796 0.00144
19797 0.00144
19798 0.00144
19799 0.00144
19800 0.00144
19801 0.00144
19802 0.00144
19803 0.00144
19804 0.00144
19805 0.00144
19806 0.00144
19807 0.00144
19808 0.00144
19809 0.00144
19810 0.00144
19811 0.00144
19812 0.00144
19813 0.00144
19814 0.00144
19815 0.00144
19816 0.00144
19817 0.00144
19818 0.00144
19819 0.00144
19820 0.00144
19821 0.00144
19822 0.00144
19823 0.00144
19824 0.00144
19825 0.00144
19826 0.00144
19827 0.00144
19828 0.00144
19829 0.00144
19830 0.00144
19831 0.00144
19832 0.00144
19833 0.00144
19834 0.00144
19835 0.00144
19836 0.00144
19837 0.00144
19838 0.00144
19839 0.00144
19840 0.00144
19841 0.00144
19842 0.00144
19843 0.00144
19844 0.00144
19845 0.00144
19846 0.00144
19847 0.00144
19848 0.00144
19849 0.00144
19850 0.00144
19851 0.00144
19852 0.00144
19853 0.00144
19854 0.00144
19855 0.00144
19856 0.00144
19857 0.00144
19858 0.00144
19859 0.00144
19860 0.00144
19861 0.00144
19862 0.00144
19863 0.00144
19864 0.00144
19865 0.00144
19866 0.00144
19867 0.00144
19868 0.00144
19869 0.00144
19870 0.00144
19871 0.00144
19872 0.00144
19873 0.00144
19874 0.00144
19875 0.00144
19876 0.00144
19877 0.00144
19878 0.00144
19879 0.00144
19880 0.00144
19881 0.00144
19882 0.00144
19883 0.00144
19884 0.00144
19885 0.00144
19886 0.00144
19887 0.00144
19888 0.00144
19889 0.00144
19890 0.00144
19891 0.00144
19892 0.00144
19893 0.00144
19894 0.00144
19895 0.00144
19896 0.00144
19897 0.00144
19898 0.00144
19899 0.00144
19900 0.00144
19901 0.00144
19902 0.00144
19903 0.00144
19904 0.00144
19905 0.00144
19906 0.00144
19907 0.00144
19908 0.00144
19909 0.00144
19910 0.00144
19911 0.00144
19912 0.00144
19913 0.00144
19914 0.00144
19915 0.00144
19916 0.00144
19917 0.00144
19918 0.00144
19919 0.00144
19920 0.00144
19921 0.00144
19922 0.00144
19923 0.00144
19924 0.00144
19925 0.00144
19926 0.00144
19927 0.00144
19928 0.00144
19929 0.00144
19930 0.00144
19931 0.00144
19932 0.00144
19933 0.00144
19934 0.00144
19935 0.00144
19936 0.00144
19937 0.00144
19938 0.00144
19939 0.00144
19940 0.00144
19941 0.00144
19942 0.00144
19943 0.00144
19944 0.00144
19945 0.00144
19946 0.00144
19947 0.00144
19948 0.00144
19949 0.00144
19950 0.00144
19951 0.00144
19952 0.00144
19953 0.00144
19954 0.00144
19955 0.00144
19956 0.00144
19957 0.00144
19958 0.00144
19959 0.00144
19960 0.00144
19961 0.00144
19962 0.00144
19963 0.00144
19964 0.00144
19965 0.00144
19966 0.00144
19967 0.00144
19968 0.00144
19969 0.00144
19970 0.00144
19971 0.00144
19972 0.00144
19973 0.00144
19974 0.00144
19975 0.00144
19976 0.00144
19977 0.00144
19978 0.00144
19979 0.00144
19980 0.00144
19981 0.00144
19982 0.00144
19983 0.00144
19984 0.00144
19985 0.00144
19986 0.00144
19987 0.00144
19988 0.00144
19989 0.00144
19990 0.00144
19991 0.00144
19992 0.0016
19993 0.0016
19994 0.0016
19995 0.0016
19996 0.0016
19997 0.0016
19998 0.0016
19999 0.002
===============================================
================== Validation ==================
validation_valid           = 0
validation_fast_median     = 0
validation_exact_median    = 0
validation_mean_abs_diff   = 0
validation_fast_seconds    = 0
validation_exact_seconds   = 0
===============================================
note: sensitivity uses a fixed calibrated FC belt built at the
      nominal N_sig=0 profile-fit background point, and validation
      compares it against the slower nested toy construction.
