==================== Input ====================
datafile                   = data/finaldata/step4f_run1to20_eg_doubleonly_allpatterns_500ns.txt
events_used                = 18
skipped_non5               = 0
skipped_outside_win        = 1560
N_mu_eff_nom               = 1708.309523
N_mu_eff_sigma             = 25.87633079
br_scan_points             = 51
n_calib_toys               = 400
n_sens_toys                = 12500
seed                       = 330001
n_validation_toys          = 0
n_validation_inner         = 0
local_exact_half_window    = 2
local_exact_inner_toys     = 400
===============================================
==================== Fits =====================
data_free_status           = 0
data_free_nll             = 316.9855428
data_free_N_sig_hat       = 1.339294653e-08
data_free_N_rmd_hat       = 1.662208446
data_free_N_acc_hat       = 15.32152269
data_bg0_status            = 0
data_bg0_nll              = 280.5900975
data_bg0_N_sig_fixed      = 0
data_bg0_N_rmd_hat        = 1.662564671
data_bg0_N_acc_hat        = 15.32116131
===============================================
================== Calibration =================
# BR  N_sig_nom  n_valid  q50  q90  q95
0 0 400 0 0 0
5e-05 0.08541547617 400 0.1708308603 0.1708309593 2.991097644
0.0001 0.1708309523 400 0.3416618773 1.857578333 1.874152375
0.00015 0.2562464285 400 0.5124928825 1.235105136 1.48076114
0.0002 0.3416619047 399 0.6833238978 0.830626792 0.8315108323
0.00025 0.4270773808 400 0.8541546012 0.854154944 3.01170544
0.0003 0.512492857 400 1.024985475 1.024985976 2.437479676
0.00035 0.5979083332 400 1.195816494 1.985212135 2.023262179
0.0004 0.6833238093 400 1.366647603 1.655368784 4.080816291
0.00045 0.7687392855 400 1.537363391 1.537479158 1.537479162
0.0005 0.8541547617 400 1.102657804 1.70831025 1.708310253
0.00055 0.9395702378 400 0.9003407827 1.879141357 2.82398677
0.0006 1.024985714 400 0.7228801597 2.049972479 2.484063848
0.00065 1.11040119 400 0.5740146505 2.220803588 2.22080361
0.0007 1.195816666 400 0.4466654034 2.39163475 2.391634761
0.00075 1.281232142 400 0.3415182932 2.562465867 2.562465922
0.0008 1.366647619 400 0.2548158789 2.733297064 2.733297104
0.00085 1.452063095 400 0.1839843796 2.904128268 2.904128298
0.0009 1.537478571 400 0.2406765068 3.074959471 3.074959501
0.00095 1.622894047 400 0.2808574726 3.245790587 3.245790726
0.001 1.708309523 400 0.3582045246 3.416621937 3.416621964
0.00105 1.793724999 400 0.4280490702 3.58745316 3.587453215
0.0011 1.879140476 400 0.4998753823 3.758283779 3.758284433
0.00115 1.964555952 400 0.5785822805 3.92911501 3.929115727
0.0012 2.049971428 400 0.664294331 4.099945724 4.099947008
0.00125 2.135386904 400 0.7534880786 4.270766001 4.270778174
0.0013 2.22080238 400 0.2458829692 4.441505115 4.441609652
0.00135 2.306217856 400 0.2661015982 4.07659693 4.612440947
0.0014 2.391633333 400 0.8845574844 4.780659767 4.783272252
0.00145 2.477048809 400 0.7810682038 4.953264367 4.954103332
0.0015 2.562464285 400 0.6689501912 3.329446281 5.124934757
0.00155 2.647879761 400 0.5022672872 3.081300887 5.295765153
0.0016 2.733295237 400 0.5017625562 2.895412843 5.466597483
0.00165 2.818710713 400 0.4333769105 2.701089896 5.637429275
0.0017 2.90412619 400 0.3607464025 2.505389317 5.80824716
0.00175 2.989541666 400 0.3736253782 2.320812569 3.861507213
0.0018 3.074957142 400 0.4305183713 2.16504752 5.436240793
0.00185 3.160372618 400 0.4942270556 2.066240844 5.167894897
0.0019 3.245788094 400 0.5582375206 2.154210461 3.590682139
0.00195 3.33120357 400 0.6250052882 3.040221461 4.679337454
0.002 3.416619047 400 0.6389579181 2.780843895 4.414573116
0.00205 3.502034523 400 0.563304081 2.678893881 4.214723386
0.0021 3.587449999 400 0.4924276147 2.620072806 2.756022346
0.00215 3.672865475 400 0.4362419643 2.751781416 3.782895706
0.0022 3.758280951 400 0.3703213423 2.873265872 3.58927664
0.00225 3.843696427 400 0.3161564156 3.000819764 3.411269173
0.0023 3.929111904 400 0.2678537438 3.121820801 3.220193854
0.00235 4.01452738 400 0.2834183248 3.110220116 3.255311779
0.0024 4.099942856 400 0.3314634563 3.378423952 3.473182707
0.00245 4.185358332 400 0.3796148318 3.507547917 3.527526395
0.0025 4.270773808 400 0.4339740729 2.576655005 3.651494502
calibration_seconds        = 5.656343791
===============================================
=================== Observed ===================
observed_fast_ok           = 1
observed_fast_BR90         = 0.0009
observed_fast_Nsig90_nom   = 1.537478571
observed_local_exact_ok    = 1
observed_local_exact_BR90  = 0.00105
observed_local_exact_Nsig90_nom = 1.793724999
# BR  q_obs  p_value  accepted
0 0 1 1
5e-05 0.1708308781 0.465 1
0.0001 0.3416618523 0.5375 1
0.00015 0.5124928412 0.5575 1
0.0002 0.6833238446 0.5739348371 1
0.00025 0.8541548626 0.365 1
0.0003 1.024985895 0.35 1
0.00035 1.195816942 0.3475 1
0.0004 1.366648004 0.365 1
0.00045 1.53747908 0.2325 1
0.0005 1.708310171 0.2075 1
0.00055 1.879141277 0.2425 1
0.0006 2.049972397 0.2175 1
0.00065 2.220803532 0.1825 1
0.0007 2.391634681 0.15 1
0.00075 2.562465845 0.1125 1
0.0008 2.733297024 0.13 1
0.00085 2.904128217 0.1175 1
0.0009 3.074959424 0.125 1
0.00095 3.245790647 0.0975 0
0.001 3.416621883 0.125 1
0.00105 3.587453135 0.1275 1
0.0011 3.758284401 0.0625 0
0.00115 3.929115682 0.0775 0
0.0012 4.099946977 0.075 0
0.00125 4.270778287 0.0375 0
0.0013 4.441609611 0.06 0
0.00135 4.61244095 0.05 0
0.0014 4.783272304 0.0425 0
0.00145 4.954103672 0.03 0
0.0015 5.124935055 0.04 0
0.00155 5.295766452 0.0275 0
0.0016 5.466597864 0.03 0
0.00165 5.637429291 0.05 0
0.0017 5.808260732 0.025 0
0.00175 5.979092187 0.0125 0
0.0018 6.149923658 0.02 0
0.00185 6.320755143 0.0125 0
0.0019 6.491586642 0.0125 0
0.00195 6.662418156 0.0125 0
0.002 6.833249685 0.0125 0
0.00205 7.004081228 0.0125 0
0.0021 7.174912786 0.0175 0
0.00215 7.345744359 0.0225 0
0.0022 7.516575946 0.015 0
0.00225 7.687407547 0.0125 0
0.0023 7.858239164 0.01 0
0.00235 8.029070795 0.0075 0
0.0024 8.19990244 0.0025 0
0.00245 8.3707341 0.0125 0
0.0025 8.541565775 0.0075 0
===============================================
================= Sensitivity ==================
sensitivity_valid_toys     = 12500
sensitivity_BR50           = 0.00105
sensitivity_Nsig50_nom     = 1.793724999
sensitivity_BR16           = 0.0006
sensitivity_BR84           = 0.00135
sensitivity_BR05           = 0.0006
sensitivity_BR95           = 0.00145
sensitivity_seconds_total  = 7240.589251
===============================================
=============== Sensitivity Toys ==============
# toy_index  BR90
0 0
1 0
2 0
3 0
4 0
5 0
6 0
7 0
8 0
9 0
10 0
11 0
12 0
13 0
14 0
15 0
16 0
17 0
18 0
19 5e-05
20 5e-05
21 5e-05
22 5e-05
23 5e-05
24 5e-05
25 5e-05
26 5e-05
27 5e-05
28 5e-05
29 5e-05
30 5e-05
31 5e-05
32 5e-05
33 5e-05
34 5e-05
35 5e-05
36 5e-05
37 5e-05
38 5e-05
39 5e-05
40 5e-05
41 5e-05
42 5e-05
43 5e-05
44 5e-05
45 5e-05
46 5e-05
47 5e-05
48 5e-05
49 5e-05
50 5e-05
51 5e-05
52 5e-05
53 5e-05
54 5e-05
55 5e-05
56 5e-05
57 5e-05
58 5e-05
59 5e-05
60 5e-05
61 5e-05
62 5e-05
63 5e-05
64 5e-05
65 5e-05
66 5e-05
67 5e-05
68 5e-05
69 5e-05
70 5e-05
71 0.0001
72 0.0001
73 0.0001
74 0.0001
75 0.0001
76 0.0001
77 0.0001
78 0.0001
79 0.0001
80 0.0001
81 0.0002
82 0.0002
83 0.0003
84 0.0003
85 0.0003
86 0.0003
87 0.00035
88 0.00035
89 0.00035
90 0.00035
91 0.0004
92 0.0004
93 0.0004
94 0.0004
95 0.0004
96 0.0004
97 0.0004
98 0.0004
99 0.0004
100 0.0004
101 0.0004
102 0.0004
103 0.0004
104 0.0004
105 0.0004
106 0.0004
107 0.0004
108 0.0004
109 0.0004
110 0.0004
111 0.0004
112 0.0004
113 0.0004
114 0.0004
115 0.0004
116 0.0004
117 0.0004
118 0.0004
119 0.0004
120 0.0004
121 0.0004
122 0.0004
123 0.0004
124 0.0004
125 0.0004
126 0.0004
127 0.0004
128 0.0004
129 0.0004
130 0.0004
131 0.0004
132 0.0004
133 0.0004
134 0.0004
135 0.0004
136 0.0004
137 0.0004
138 0.0004
139 0.0004
140 0.0004
141 0.0004
142 0.0004
143 0.00045
144 0.0005
145 0.0005
146 0.0005
147 0.0005
148 0.0005
149 0.0005
150 0.00055
151 0.00055
152 0.00055
153 0.00055
154 0.00055
155 0.00055
156 0.00055
157 0.00055
158 0.00055
159 0.00055
160 0.00055
161 0.00055
162 0.00055
163 0.00055
164 0.00055
165 0.00055
166 0.00055
167 0.00055
168 0.00055
169 0.0006
170 0.0006
171 0.0006
172 0.0006
173 0.0006
174 0.0006
175 0.0006
176 0.0006
177 0.0006
178 0.0006
179 0.0006
180 0.0006
181 0.0006
182 0.0006
183 0.0006
184 0.0006
185 0.0006
186 0.0006
187 0.0006
188 0.0006
189 0.0006
190 0.0006
191 0.0006
192 0.0006
193 0.0006
194 0.0006
195 0.0006
196 0.0006
197 0.0006
198 0.0006
199 0.0006
200 0.0006
201 0.0006
202 0.0006
203 0.0006
204 0.0006
205 0.0006
206 0.0006
207 0.0006
208 0.0006
209 0.0006
210 0.0006
211 0.0006
212 0.0006
213 0.0006
214 0.0006
215 0.0006
216 0.0006
217 0.0006
218 0.0006
219 0.0006
220 0.0006
221 0.0006
222 0.0006
223 0.0006
224 0.0006
225 0.0006
226 0.0006
227 0.0006
228 0.0006
229 0.0006
230 0.0006
231 0.0006
232 0.0006
233 0.0006
234 0.0006
235 0.0006
236 0.0006
237 0.0006
238 0.0006
239 0.0006
240 0.0006
241 0.0006
242 0.0006
243 0.0006
244 0.0006
245 0.0006
246 0.0006
247 0.0006
248 0.0006
249 0.0006
250 0.0006
251 0.0006
252 0.0006
253 0.0006
254 0.0006
255 0.0006
256 0.0006
257 0.0006
258 0.0006
259 0.0006
260 0.0006
261 0.0006
262 0.0006
263 0.0006
264 0.0006
265 0.0006
266 0.0006
267 0.0006
268 0.0006
269 0.0006
270 0.0006
271 0.0006
272 0.0006
273 0.0006
274 0.0006
275 0.0006
276 0.0006
277 0.0006
278 0.0006
279 0.0006
280 0.0006
281 0.0006
282 0.0006
283 0.0006
284 0.0006
285 0.0006
286 0.0006
287 0.0006
288 0.0006
289 0.0006
290 0.0006
291 0.0006
292 0.0006
293 0.0006
294 0.0006
295 0.0006
296 0.0006
297 0.0006
298 0.0006
299 0.0006
300 0.0006
301 0.0006
302 0.0006
303 0.0006
304 0.0006
305 0.0006
306 0.0006
307 0.0006
308 0.0006
309 0.0006
310 0.0006
311 0.0006
312 0.0006
313 0.0006
314 0.0006
315 0.0006
316 0.0006
317 0.0006
318 0.0006
319 0.0006
320 0.0006
321 0.0006
322 0.0006
323 0.0006
324 0.0006
325 0.0006
326 0.0006
327 0.0006
328 0.0006
329 0.0006
330 0.0006
331 0.0006
332 0.0006
333 0.0006
334 0.0006
335 0.0006
336 0.0006
337 0.0006
338 0.0006
339 0.0006
340 0.0006
341 0.0006
342 0.0006
343 0.0006
344 0.0006
345 0.0006
346 0.0006
347 0.0006
348 0.0006
349 0.0006
350 0.0006
351 0.0006
352 0.0006
353 0.0006
354 0.0006
355 0.0006
356 0.0006
357 0.0006
358 0.0006
359 0.0006
360 0.0006
361 0.0006
362 0.0006
363 0.0006
364 0.0006
365 0.0006
366 0.0006
367 0.0006
368 0.0006
369 0.0006
370 0.0006
371 0.0006
372 0.0006
373 0.0006
374 0.0006
375 0.0006
376 0.0006
377 0.0006
378 0.0006
379 0.0006
380 0.0006
381 0.0006
382 0.0006
383 0.0006
384 0.0006
385 0.0006
386 0.0006
387 0.0006
388 0.0006
389 0.0006
390 0.0006
391 0.0006
392 0.0006
393 0.0006
394 0.0006
395 0.0006
396 0.0006
397 0.0006
398 0.0006
399 0.0006
400 0.0006
401 0.0006
402 0.0006
403 0.0006
404 0.0006
405 0.0006
406 0.0006
407 0.0006
408 0.0006
409 0.0006
410 0.0006
411 0.0006
412 0.0006
413 0.0006
414 0.0006
415 0.0006
416 0.0006
417 0.0006
418 0.0006
419 0.0006
420 0.0006
421 0.0006
422 0.0006
423 0.0006
424 0.0006
425 0.0006
426 0.0006
427 0.0006
428 0.0006
429 0.0006
430 0.0006
431 0.0006
432 0.0006
433 0.0006
434 0.0006
435 0.0006
436 0.0006
437 0.0006
438 0.0006
439 0.0006
440 0.0006
441 0.0006
442 0.0006
443 0.0006
444 0.0006
445 0.0006
446 0.0006
447 0.0006
448 0.0006
449 0.0006
450 0.0006
451 0.0006
452 0.0006
453 0.0006
454 0.0006
455 0.0006
456 0.0006
457 0.0006
458 0.0006
459 0.0006
460 0.0006
461 0.0006
462 0.0006
463 0.0006
464 0.0006
465 0.0006
466 0.0006
467 0.0006
468 0.0006
469 0.0006
470 0.0006
471 0.0006
472 0.0006
473 0.0006
474 0.0006
475 0.0006
476 0.0006
477 0.0006
478 0.0006
479 0.0006
480 0.0006
481 0.0006
482 0.0006
483 0.0006
484 0.0006
485 0.0006
486 0.0006
487 0.0006
488 0.0006
489 0.0006
490 0.0006
491 0.0006
492 0.0006
493 0.0006
494 0.0006
495 0.0006
496 0.0006
497 0.0006
498 0.0006
499 0.0006
500 0.0006
501 0.0006
502 0.0006
503 0.0006
504 0.0006
505 0.0006
506 0.0006
507 0.0006
508 0.0006
509 0.0006
510 0.0006
511 0.0006
512 0.0006
513 0.0006
514 0.0006
515 0.0006
516 0.0006
517 0.0006
518 0.0006
519 0.0006
520 0.0006
521 0.0006
522 0.0006
523 0.0006
524 0.0006
525 0.0006
526 0.0006
527 0.0006
528 0.0006
529 0.0006
530 0.0006
531 0.0006
532 0.0006
533 0.0006
534 0.0006
535 0.0006
536 0.0006
537 0.0006
538 0.0006
539 0.0006
540 0.0006
541 0.0006
542 0.0006
543 0.0006
544 0.0006
545 0.0006
546 0.0006
547 0.0006
548 0.0006
549 0.0006
550 0.0006
551 0.0006
552 0.0006
553 0.0006
554 0.0006
555 0.0006
556 0.0006
557 0.0006
558 0.0006
559 0.0006
560 0.0006
561 0.0006
562 0.0006
563 0.0006
564 0.0006
565 0.0006
566 0.0006
567 0.0006
568 0.0006
569 0.0006
570 0.0006
571 0.0006
572 0.0006
573 0.0006
574 0.0006
575 0.0006
576 0.0006
577 0.0006
578 0.0006
579 0.0006
580 0.0006
581 0.0006
582 0.0006
583 0.0006
584 0.0006
585 0.0006
586 0.0006
587 0.0006
588 0.0006
589 0.0006
590 0.0006
591 0.0006
592 0.0006
593 0.0006
594 0.0006
595 0.0006
596 0.0006
597 0.0006
598 0.0006
599 0.0006
600 0.0006
601 0.0006
602 0.0006
603 0.0006
604 0.0006
605 0.0006
606 0.0006
607 0.0006
608 0.0006
609 0.0006
610 0.0006
611 0.0006
612 0.0006
613 0.0006
614 0.0006
615 0.0006
616 0.0006
617 0.0006
618 0.0006
619 0.0006
620 0.0006
621 0.0006
622 0.0006
623 0.0006
624 0.0006
625 0.0006
626 0.0006
627 0.0006
628 0.0006
629 0.0006
630 0.0006
631 0.0006
632 0.0006
633 0.0006
634 0.0006
635 0.0006
636 0.0006
637 0.0006
638 0.0006
639 0.0006
640 0.0006
641 0.0006
642 0.0006
643 0.0006
644 0.0006
645 0.0006
646 0.0006
647 0.0006
648 0.0006
649 0.0006
650 0.0006
651 0.0006
652 0.0006
653 0.0006
654 0.0006
655 0.0006
656 0.0006
657 0.0006
658 0.0006
659 0.0006
660 0.0006
661 0.0006
662 0.0006
663 0.0006
664 0.0006
665 0.0006
666 0.0006
667 0.0006
668 0.0006
669 0.0006
670 0.0006
671 0.0006
672 0.0006
673 0.0006
674 0.0006
675 0.0006
676 0.0006
677 0.0006
678 0.0006
679 0.0006
680 0.0006
681 0.0006
682 0.0006
683 0.0006
684 0.0006
685 0.0006
686 0.0006
687 0.0006
688 0.0006
689 0.0006
690 0.0006
691 0.0006
692 0.0006
693 0.0006
694 0.0006
695 0.0006
696 0.0006
697 0.0006
698 0.0006
699 0.0006
700 0.0006
701 0.0006
702 0.0006
703 0.0006
704 0.0006
705 0.0006
706 0.0006
707 0.0006
708 0.0006
709 0.0006
710 0.0006
711 0.0006
712 0.0006
713 0.0006
714 0.0006
715 0.0006
716 0.0006
717 0.0006
718 0.0006
719 0.0006
720 0.0006
721 0.0006
722 0.0006
723 0.0006
724 0.0006
725 0.0006
726 0.0006
727 0.0006
728 0.0006
729 0.0006
730 0.0006
731 0.0006
732 0.0006
733 0.0006
734 0.0006
735 0.0006
736 0.0006
737 0.0006
738 0.0006
739 0.0006
740 0.0006
741 0.0006
742 0.0006
743 0.0006
744 0.0006
745 0.0006
746 0.0006
747 0.0006
748 0.0006
749 0.0006
750 0.0006
751 0.0006
752 0.0006
753 0.0006
754 0.0006
755 0.0006
756 0.0006
757 0.0006
758 0.0006
759 0.0006
760 0.0006
761 0.0006
762 0.0006
763 0.0006
764 0.0006
765 0.0006
766 0.0006
767 0.0006
768 0.0006
769 0.0006
770 0.0006
771 0.0006
772 0.0006
773 0.0006
774 0.0006
775 0.0006
776 0.0006
777 0.0006
778 0.0006
779 0.0006
780 0.0006
781 0.0006
782 0.0006
783 0.0006
784 0.0006
785 0.0006
786 0.0006
787 0.0006
788 0.0006
789 0.0006
790 0.0006
791 0.0006
792 0.0006
793 0.0006
794 0.0006
795 0.0006
796 0.0006
797 0.0006
798 0.0006
799 0.0006
800 0.0006
801 0.0006
802 0.0006
803 0.0006
804 0.0006
805 0.0006
806 0.0006
807 0.0006
808 0.0006
809 0.0006
810 0.0006
811 0.0006
812 0.0006
813 0.0006
814 0.0006
815 0.0006
816 0.0006
817 0.0006
818 0.0006
819 0.0006
820 0.0006
821 0.0006
822 0.0006
823 0.0006
824 0.0006
825 0.0006
826 0.0006
827 0.0006
828 0.0006
829 0.0006
830 0.0006
831 0.0006
832 0.0006
833 0.0006
834 0.0006
835 0.0006
836 0.0006
837 0.0006
838 0.0006
839 0.0006
840 0.0006
841 0.0006
842 0.0006
843 0.0006
844 0.0006
845 0.0006
846 0.0006
847 0.0006
848 0.0006
849 0.0006
850 0.0006
851 0.0006
852 0.0006
853 0.0006
854 0.0006
855 0.0006
856 0.0006
857 0.0006
858 0.0006
859 0.0006
860 0.0006
861 0.0006
862 0.0006
863 0.0006
864 0.0006
865 0.0006
866 0.0006
867 0.0006
868 0.0006
869 0.0006
870 0.0006
871 0.0006
872 0.0006
873 0.0006
874 0.0006
875 0.0006
876 0.0006
877 0.0006
878 0.0006
879 0.0006
880 0.0006
881 0.0006
882 0.0006
883 0.0006
884 0.0006
885 0.0006
886 0.0006
887 0.0006
888 0.0006
889 0.0006
890 0.0006
891 0.0006
892 0.0006
893 0.0006
894 0.0006
895 0.0006
896 0.0006
897 0.0006
898 0.0006
899 0.0006
900 0.0006
901 0.0006
902 0.0006
903 0.0006
904 0.0006
905 0.0006
906 0.0006
907 0.0006
908 0.0006
909 0.0006
910 0.0006
911 0.0006
912 0.0006
913 0.0006
914 0.0006
915 0.0006
916 0.0006
917 0.0006
918 0.0006
919 0.0006
920 0.0006
921 0.0006
922 0.0006
923 0.0006
924 0.0006
925 0.0006
926 0.0006
927 0.0006
928 0.0006
929 0.0006
930 0.0006
931 0.0006
932 0.0006
933 0.0006
934 0.0006
935 0.0006
936 0.0006
937 0.0006
938 0.0006
939 0.0006
940 0.0006
941 0.0006
942 0.0006
943 0.0006
944 0.0006
945 0.0006
946 0.0006
947 0.0006
948 0.0006
949 0.0006
950 0.0006
951 0.0006
952 0.0006
953 0.0006
954 0.0006
955 0.0006
956 0.0006
957 0.0006
958 0.0006
959 0.0006
960 0.0006
961 0.0006
962 0.0006
963 0.0006
964 0.0006
965 0.0006
966 0.0006
967 0.0006
968 0.0006
969 0.0006
970 0.0006
971 0.0006
972 0.0006
973 0.0006
974 0.0006
975 0.0006
976 0.0006
977 0.0006
978 0.0006
979 0.0006
980 0.0006
981 0.0006
982 0.0006
983 0.0006
984 0.0006
985 0.0006
986 0.0006
987 0.0006
988 0.0006
989 0.0006
990 0.0006
991 0.0006
992 0.0006
993 0.0006
994 0.0006
995 0.0006
996 0.0006
997 0.0006
998 0.0006
999 0.0006
1000 0.0006
1001 0.0006
1002 0.0006
1003 0.0006
1004 0.0006
1005 0.0006
1006 0.0006
1007 0.0006
1008 0.0006
1009 0.0006
1010 0.0006
1011 0.0006
1012 0.0006
1013 0.0006
1014 0.0006
1015 0.0006
1016 0.0006
1017 0.0006
1018 0.0006
1019 0.0006
1020 0.0006
1021 0.0006
1022 0.0006
1023 0.0006
1024 0.0006
1025 0.0006
1026 0.0006
1027 0.0006
1028 0.0006
1029 0.0006
1030 0.0006
1031 0.0006
1032 0.0006
1033 0.0006
1034 0.0006
1035 0.0006
1036 0.0006
1037 0.0006
1038 0.0006
1039 0.0006
1040 0.0006
1041 0.0006
1042 0.0006
1043 0.0006
1044 0.0006
1045 0.0006
1046 0.0006
1047 0.0006
1048 0.0006
1049 0.0006
1050 0.0006
1051 0.0006
1052 0.0006
1053 0.0006
1054 0.0006
1055 0.0006
1056 0.0006
1057 0.0006
1058 0.0006
1059 0.0006
1060 0.0006
1061 0.0006
1062 0.0006
1063 0.0006
1064 0.0006
1065 0.0006
1066 0.0006
1067 0.0006
1068 0.0006
1069 0.0006
1070 0.0006
1071 0.0006
1072 0.0006
1073 0.0006
1074 0.0006
1075 0.0006
1076 0.0006
1077 0.0006
1078 0.0006
1079 0.0006
1080 0.0006
1081 0.0006
1082 0.0006
1083 0.0006
1084 0.0006
1085 0.0006
1086 0.0006
1087 0.0006
1088 0.0006
1089 0.0006
1090 0.0006
1091 0.0006
1092 0.0006
1093 0.0006
1094 0.0006
1095 0.0006
1096 0.0006
1097 0.0006
1098 0.0006
1099 0.0006
1100 0.0006
1101 0.0006
1102 0.0006
1103 0.0006
1104 0.0006
1105 0.0006
1106 0.0006
1107 0.0006
1108 0.0006
1109 0.0006
1110 0.0006
1111 0.0006
1112 0.0006
1113 0.0006
1114 0.0006
1115 0.0006
1116 0.0006
1117 0.0006
1118 0.0006
1119 0.0006
1120 0.0006
1121 0.0006
1122 0.0006
1123 0.0006
1124 0.0006
1125 0.0006
1126 0.0006
1127 0.0006
1128 0.0006
1129 0.0006
1130 0.0006
1131 0.0006
1132 0.0006
1133 0.0006
1134 0.0006
1135 0.0006
1136 0.0006
1137 0.0006
1138 0.0006
1139 0.0006
1140 0.0006
1141 0.0006
1142 0.0006
1143 0.0006
1144 0.0006
1145 0.0006
1146 0.0006
1147 0.0006
1148 0.0006
1149 0.0006
1150 0.0006
1151 0.0006
1152 0.0006
1153 0.0006
1154 0.0006
1155 0.0006
1156 0.0006
1157 0.0006
1158 0.0006
1159 0.0006
1160 0.0006
1161 0.0006
1162 0.0006
1163 0.0006
1164 0.0006
1165 0.0006
1166 0.0006
1167 0.0006
1168 0.0006
1169 0.0006
1170 0.0006
1171 0.0006
1172 0.0006
1173 0.0006
1174 0.0006
1175 0.0006
1176 0.0006
1177 0.0006
1178 0.0006
1179 0.0006
1180 0.0006
1181 0.0006
1182 0.0006
1183 0.0006
1184 0.0006
1185 0.0006
1186 0.0006
1187 0.0006
1188 0.0006
1189 0.0006
1190 0.0006
1191 0.0006
1192 0.0006
1193 0.0006
1194 0.0006
1195 0.0006
1196 0.0006
1197 0.0006
1198 0.0006
1199 0.0006
1200 0.0006
1201 0.0006
1202 0.0006
1203 0.0006
1204 0.0006
1205 0.0006
1206 0.0006
1207 0.0006
1208 0.0006
1209 0.0006
1210 0.0006
1211 0.0006
1212 0.0006
1213 0.0006
1214 0.0006
1215 0.0006
1216 0.0006
1217 0.0006
1218 0.0006
1219 0.0006
1220 0.0006
1221 0.0006
1222 0.0006
1223 0.0006
1224 0.0006
1225 0.0006
1226 0.0006
1227 0.0006
1228 0.0006
1229 0.0006
1230 0.0006
1231 0.0006
1232 0.0006
1233 0.0006
1234 0.0006
1235 0.0006
1236 0.0006
1237 0.0006
1238 0.0006
1239 0.0006
1240 0.0006
1241 0.0006
1242 0.0006
1243 0.0006
1244 0.0006
1245 0.0006
1246 0.0006
1247 0.0006
1248 0.0006
1249 0.0006
1250 0.0006
1251 0.0006
1252 0.0006
1253 0.0006
1254 0.0006
1255 0.0006
1256 0.0006
1257 0.0006
1258 0.0006
1259 0.0006
1260 0.0006
1261 0.0006
1262 0.0006
1263 0.0006
1264 0.0006
1265 0.0006
1266 0.0006
1267 0.0006
1268 0.0006
1269 0.0006
1270 0.0006
1271 0.0006
1272 0.0006
1273 0.0006
1274 0.0006
1275 0.0006
1276 0.0006
1277 0.0006
1278 0.0006
1279 0.0006
1280 0.0006
1281 0.0006
1282 0.0006
1283 0.0006
1284 0.0006
1285 0.0006
1286 0.0006
1287 0.0006
1288 0.0006
1289 0.0006
1290 0.0006
1291 0.0006
1292 0.0006
1293 0.0006
1294 0.0006
1295 0.0006
1296 0.0006
1297 0.0006
1298 0.0006
1299 0.0006
1300 0.0006
1301 0.0006
1302 0.0006
1303 0.0006
1304 0.0006
1305 0.0006
1306 0.0006
1307 0.0006
1308 0.0006
1309 0.0006
1310 0.0006
1311 0.0006
1312 0.0006
1313 0.0006
1314 0.0006
1315 0.0006
1316 0.0006
1317 0.0006
1318 0.0006
1319 0.0006
1320 0.0006
1321 0.0006
1322 0.0006
1323 0.0006
1324 0.0006
1325 0.0006
1326 0.0006
1327 0.0006
1328 0.0006
1329 0.0006
1330 0.0006
1331 0.0006
1332 0.0006
1333 0.0006
1334 0.0006
1335 0.0006
1336 0.0006
1337 0.0006
1338 0.0006
1339 0.0006
1340 0.0006
1341 0.0006
1342 0.0006
1343 0.0006
1344 0.0006
1345 0.0006
1346 0.0006
1347 0.0006
1348 0.0006
1349 0.0006
1350 0.0006
1351 0.0006
1352 0.0006
1353 0.0006
1354 0.0006
1355 0.0006
1356 0.0006
1357 0.0006
1358 0.0006
1359 0.0006
1360 0.0006
1361 0.0006
1362 0.0006
1363 0.0006
1364 0.0006
1365 0.0006
1366 0.0006
1367 0.0006
1368 0.0006
1369 0.0006
1370 0.0006
1371 0.0006
1372 0.0006
1373 0.0006
1374 0.0006
1375 0.0006
1376 0.0006
1377 0.0006
1378 0.0006
1379 0.0006
1380 0.0006
1381 0.0006
1382 0.0006
1383 0.0006
1384 0.0006
1385 0.0006
1386 0.0006
1387 0.0006
1388 0.0006
1389 0.0006
1390 0.0006
1391 0.0006
1392 0.0006
1393 0.0006
1394 0.0006
1395 0.0006
1396 0.0006
1397 0.0006
1398 0.0006
1399 0.0006
1400 0.0006
1401 0.0006
1402 0.0006
1403 0.0006
1404 0.0006
1405 0.0006
1406 0.0006
1407 0.0006
1408 0.0006
1409 0.0006
1410 0.0006
1411 0.0006
1412 0.0006
1413 0.0006
1414 0.0006
1415 0.0006
1416 0.0006
1417 0.0006
1418 0.0006
1419 0.0006
1420 0.0006
1421 0.0006
1422 0.0006
1423 0.0006
1424 0.0006
1425 0.0006
1426 0.0006
1427 0.0006
1428 0.0006
1429 0.0006
1430 0.0006
1431 0.0006
1432 0.0006
1433 0.0006
1434 0.0006
1435 0.0006
1436 0.0006
1437 0.0006
1438 0.0006
1439 0.0006
1440 0.0006
1441 0.0006
1442 0.0006
1443 0.0006
1444 0.0006
1445 0.0006
1446 0.0006
1447 0.0006
1448 0.0006
1449 0.0006
1450 0.0006
1451 0.0006
1452 0.0006
1453 0.0006
1454 0.0006
1455 0.0006
1456 0.0006
1457 0.0006
1458 0.0006
1459 0.0006
1460 0.0006
1461 0.0006
1462 0.0006
1463 0.0006
1464 0.0006
1465 0.0006
1466 0.0006
1467 0.0006
1468 0.0006
1469 0.0006
1470 0.0006
1471 0.0006
1472 0.0006
1473 0.0006
1474 0.0006
1475 0.0006
1476 0.0006
1477 0.0006
1478 0.0006
1479 0.0006
1480 0.0006
1481 0.0006
1482 0.0006
1483 0.0006
1484 0.0006
1485 0.0006
1486 0.0006
1487 0.0006
1488 0.0006
1489 0.0006
1490 0.0006
1491 0.0006
1492 0.0006
1493 0.0006
1494 0.0006
1495 0.0006
1496 0.0006
1497 0.0006
1498 0.0006
1499 0.0006
1500 0.0006
1501 0.0006
1502 0.0006
1503 0.0006
1504 0.0006
1505 0.0006
1506 0.0006
1507 0.0006
1508 0.0006
1509 0.0006
1510 0.0006
1511 0.0006
1512 0.0006
1513 0.0006
1514 0.0006
1515 0.0006
1516 0.0006
1517 0.0006
1518 0.0006
1519 0.0006
1520 0.0006
1521 0.0006
1522 0.0006
1523 0.0006
1524 0.0006
1525 0.0006
1526 0.0006
1527 0.0006
1528 0.0006
1529 0.0006
1530 0.0006
1531 0.0006
1532 0.0006
1533 0.0006
1534 0.0006
1535 0.0006
1536 0.0006
1537 0.0006
1538 0.0006
1539 0.0006
1540 0.0006
1541 0.0006
1542 0.0006
1543 0.0006
1544 0.0006
1545 0.0006
1546 0.0006
1547 0.0006
1548 0.0006
1549 0.0006
1550 0.0006
1551 0.0006
1552 0.0006
1553 0.0006
1554 0.0006
1555 0.0006
1556 0.0006
1557 0.0006
1558 0.0006
1559 0.0006
1560 0.0006
1561 0.0006
1562 0.0006
1563 0.0006
1564 0.0006
1565 0.0006
1566 0.0006
1567 0.0006
1568 0.0006
1569 0.0006
1570 0.0006
1571 0.0006
1572 0.0006
1573 0.0006
1574 0.0006
1575 0.0006
1576 0.0006
1577 0.0006
1578 0.0006
1579 0.0006
1580 0.0006
1581 0.0006
1582 0.0006
1583 0.0006
1584 0.0006
1585 0.0006
1586 0.0006
1587 0.0006
1588 0.0006
1589 0.0006
1590 0.0006
1591 0.0006
1592 0.0006
1593 0.0006
1594 0.0006
1595 0.0006
1596 0.0006
1597 0.0006
1598 0.0006
1599 0.0006
1600 0.0006
1601 0.0006
1602 0.0006
1603 0.0006
1604 0.0006
1605 0.0006
1606 0.0006
1607 0.0006
1608 0.0006
1609 0.0006
1610 0.0006
1611 0.0006
1612 0.0006
1613 0.0006
1614 0.0006
1615 0.0006
1616 0.0006
1617 0.0006
1618 0.0006
1619 0.0006
1620 0.0006
1621 0.0006
1622 0.0006
1623 0.0006
1624 0.0006
1625 0.0006
1626 0.0006
1627 0.0006
1628 0.0006
1629 0.0006
1630 0.0006
1631 0.0006
1632 0.0006
1633 0.0006
1634 0.0006
1635 0.0006
1636 0.0006
1637 0.0006
1638 0.0006
1639 0.0006
1640 0.0006
1641 0.0006
1642 0.0006
1643 0.0006
1644 0.0006
1645 0.0006
1646 0.0006
1647 0.0006
1648 0.0006
1649 0.0006
1650 0.0006
1651 0.0006
1652 0.0006
1653 0.0006
1654 0.0006
1655 0.0006
1656 0.0006
1657 0.0006
1658 0.0006
1659 0.0006
1660 0.0006
1661 0.0006
1662 0.0006
1663 0.0006
1664 0.0006
1665 0.0006
1666 0.0006
1667 0.0006
1668 0.0006
1669 0.0006
1670 0.0006
1671 0.0006
1672 0.0006
1673 0.0006
1674 0.0006
1675 0.0006
1676 0.0006
1677 0.0006
1678 0.0006
1679 0.0006
1680 0.0006
1681 0.0006
1682 0.0006
1683 0.0006
1684 0.0006
1685 0.0006
1686 0.0006
1687 0.0006
1688 0.0006
1689 0.0006
1690 0.0006
1691 0.0006
1692 0.0006
1693 0.0006
1694 0.0006
1695 0.0006
1696 0.0006
1697 0.0006
1698 0.0006
1699 0.0006
1700 0.0006
1701 0.0006
1702 0.0006
1703 0.0006
1704 0.0006
1705 0.0006
1706 0.0006
1707 0.0006
1708 0.0006
1709 0.0006
1710 0.0006
1711 0.0006
1712 0.0006
1713 0.0006
1714 0.0006
1715 0.0006
1716 0.0006
1717 0.0006
1718 0.0006
1719 0.0006
1720 0.0006
1721 0.0006
1722 0.0006
1723 0.0006
1724 0.0006
1725 0.0006
1726 0.0006
1727 0.0006
1728 0.0006
1729 0.0006
1730 0.0006
1731 0.0006
1732 0.0006
1733 0.0006
1734 0.0006
1735 0.0006
1736 0.0006
1737 0.0006
1738 0.0006
1739 0.0006
1740 0.0006
1741 0.0006
1742 0.0006
1743 0.0006
1744 0.0006
1745 0.0006
1746 0.0006
1747 0.0006
1748 0.0006
1749 0.0006
1750 0.0006
1751 0.0006
1752 0.0006
1753 0.0006
1754 0.0006
1755 0.0006
1756 0.0006
1757 0.0006
1758 0.0006
1759 0.0006
1760 0.0006
1761 0.0006
1762 0.0006
1763 0.0006
1764 0.0006
1765 0.0006
1766 0.0006
1767 0.0006
1768 0.0006
1769 0.0006
1770 0.0006
1771 0.0006
1772 0.0006
1773 0.0006
1774 0.0006
1775 0.0006
1776 0.0006
1777 0.0006
1778 0.0006
1779 0.0006
1780 0.0006
1781 0.0006
1782 0.0006
1783 0.0006
1784 0.0006
1785 0.0006
1786 0.0006
1787 0.0006
1788 0.0006
1789 0.0006
1790 0.0006
1791 0.0006
1792 0.0006
1793 0.0006
1794 0.0006
1795 0.0006
1796 0.0006
1797 0.0006
1798 0.0006
1799 0.0006
1800 0.0006
1801 0.0006
1802 0.0006
1803 0.0006
1804 0.0006
1805 0.0006
1806 0.0006
1807 0.0006
1808 0.0006
1809 0.0006
1810 0.0006
1811 0.0006
1812 0.0006
1813 0.0006
1814 0.0006
1815 0.0006
1816 0.0006
1817 0.0006
1818 0.0006
1819 0.0006
1820 0.0006
1821 0.0006
1822 0.0006
1823 0.0006
1824 0.0006
1825 0.0006
1826 0.0006
1827 0.0006
1828 0.0006
1829 0.0006
1830 0.0006
1831 0.0006
1832 0.0006
1833 0.0006
1834 0.0006
1835 0.0006
1836 0.0006
1837 0.0006
1838 0.0006
1839 0.0006
1840 0.0006
1841 0.0006
1842 0.0006
1843 0.0006
1844 0.0006
1845 0.0006
1846 0.0006
1847 0.0006
1848 0.0006
1849 0.0006
1850 0.0006
1851 0.0006
1852 0.0006
1853 0.0006
1854 0.0006
1855 0.0006
1856 0.0006
1857 0.0006
1858 0.0006
1859 0.0006
1860 0.0006
1861 0.0006
1862 0.0006
1863 0.0006
1864 0.0006
1865 0.0006
1866 0.0006
1867 0.0006
1868 0.0006
1869 0.0006
1870 0.0006
1871 0.0006
1872 0.0006
1873 0.0006
1874 0.0006
1875 0.0006
1876 0.0006
1877 0.0006
1878 0.0006
1879 0.0006
1880 0.0006
1881 0.0006
1882 0.0006
1883 0.0006
1884 0.0006
1885 0.0006
1886 0.0006
1887 0.0006
1888 0.0006
1889 0.0006
1890 0.0006
1891 0.0006
1892 0.0006
1893 0.0006
1894 0.0006
1895 0.0006
1896 0.0006
1897 0.0006
1898 0.0006
1899 0.0006
1900 0.0006
1901 0.0006
1902 0.0006
1903 0.0006
1904 0.0006
1905 0.0006
1906 0.0006
1907 0.0006
1908 0.0006
1909 0.0006
1910 0.0006
1911 0.0006
1912 0.0006
1913 0.0006
1914 0.0006
1915 0.0006
1916 0.0006
1917 0.0006
1918 0.0006
1919 0.0006
1920 0.0006
1921 0.0006
1922 0.0006
1923 0.0006
1924 0.0006
1925 0.0006
1926 0.0006
1927 0.0006
1928 0.0006
1929 0.0006
1930 0.0006
1931 0.0006
1932 0.0006
1933 0.0006
1934 0.0006
1935 0.0006
1936 0.0006
1937 0.0006
1938 0.0006
1939 0.0006
1940 0.0006
1941 0.0006
1942 0.0006
1943 0.0006
1944 0.0006
1945 0.0006
1946 0.0006
1947 0.0006
1948 0.0006
1949 0.0006
1950 0.0006
1951 0.0006
1952 0.0006
1953 0.0006
1954 0.0006
1955 0.0006
1956 0.0006
1957 0.0006
1958 0.0006
1959 0.0006
1960 0.0006
1961 0.0006
1962 0.0006
1963 0.0006
1964 0.0006
1965 0.0006
1966 0.0006
1967 0.0006
1968 0.0006
1969 0.0006
1970 0.0006
1971 0.0006
1972 0.0006
1973 0.0006
1974 0.0006
1975 0.0006
1976 0.0006
1977 0.0006
1978 0.0006
1979 0.0006
1980 0.0006
1981 0.0006
1982 0.0006
1983 0.0006
1984 0.0006
1985 0.0006
1986 0.0006
1987 0.0006
1988 0.0006
1989 0.0006
1990 0.0006
1991 0.0006
1992 0.0006
1993 0.0006
1994 0.0006
1995 0.0006
1996 0.0006
1997 0.0006
1998 0.0006
1999 0.0006
2000 0.0006
2001 0.0006
2002 0.0006
2003 0.0006
2004 0.0006
2005 0.0006
2006 0.0006
2007 0.0006
2008 0.0006
2009 0.0006
2010 0.0006
2011 0.0006
2012 0.0006
2013 0.0006
2014 0.0006
2015 0.0006
2016 0.0006
2017 0.0006
2018 0.0006
2019 0.0006
2020 0.0006
2021 0.0006
2022 0.0006
2023 0.0006
2024 0.0006
2025 0.0006
2026 0.0006
2027 0.0006
2028 0.0006
2029 0.0006
2030 0.0006
2031 0.0006
2032 0.0006
2033 0.0006
2034 0.0006
2035 0.0006
2036 0.0006
2037 0.0006
2038 0.0006
2039 0.0006
2040 0.0006
2041 0.0006
2042 0.0006
2043 0.0006
2044 0.0006
2045 0.0006
2046 0.0006
2047 0.0006
2048 0.0006
2049 0.0006
2050 0.0006
2051 0.0006
2052 0.0006
2053 0.0006
2054 0.0006
2055 0.0006
2056 0.0006
2057 0.0006
2058 0.0006
2059 0.0006
2060 0.0006
2061 0.0006
2062 0.0006
2063 0.0006
2064 0.0006
2065 0.0006
2066 0.0006
2067 0.0006
2068 0.0006
2069 0.0006
2070 0.0006
2071 0.0006
2072 0.0006
2073 0.0006
2074 0.0006
2075 0.0006
2076 0.0006
2077 0.0006
2078 0.0006
2079 0.0006
2080 0.0006
2081 0.0006
2082 0.0006
2083 0.0006
2084 0.0006
2085 0.0006
2086 0.0006
2087 0.0006
2088 0.0006
2089 0.0006
2090 0.0006
2091 0.0006
2092 0.0006
2093 0.0006
2094 0.0006
2095 0.0006
2096 0.0006
2097 0.0006
2098 0.0006
2099 0.0006
2100 0.0006
2101 0.0006
2102 0.0006
2103 0.0006
2104 0.0006
2105 0.0006
2106 0.0006
2107 0.0006
2108 0.0006
2109 0.0006
2110 0.0006
2111 0.0006
2112 0.0006
2113 0.0006
2114 0.0006
2115 0.0006
2116 0.0006
2117 0.0006
2118 0.0006
2119 0.0006
2120 0.0006
2121 0.0006
2122 0.0006
2123 0.0006
2124 0.0006
2125 0.0006
2126 0.0006
2127 0.0006
2128 0.0006
2129 0.0006
2130 0.0006
2131 0.0006
2132 0.0006
2133 0.0006
2134 0.0006
2135 0.0006
2136 0.0006
2137 0.0006
2138 0.0006
2139 0.0006
2140 0.0006
2141 0.0006
2142 0.0006
2143 0.0006
2144 0.0006
2145 0.0006
2146 0.0006
2147 0.0006
2148 0.0006
2149 0.0006
2150 0.0006
2151 0.0006
2152 0.0006
2153 0.0006
2154 0.0006
2155 0.0006
2156 0.0006
2157 0.0006
2158 0.0006
2159 0.0006
2160 0.0006
2161 0.0006
2162 0.0006
2163 0.0006
2164 0.0006
2165 0.0006
2166 0.0006
2167 0.0006
2168 0.0006
2169 0.0006
2170 0.0006
2171 0.0006
2172 0.0006
2173 0.0006
2174 0.0006
2175 0.0006
2176 0.0006
2177 0.0006
2178 0.0006
2179 0.0006
2180 0.0006
2181 0.0006
2182 0.0006
2183 0.0006
2184 0.0006
2185 0.0006
2186 0.0006
2187 0.0006
2188 0.0006
2189 0.0006
2190 0.0006
2191 0.0006
2192 0.0006
2193 0.0006
2194 0.0006
2195 0.0006
2196 0.0006
2197 0.0006
2198 0.0006
2199 0.0006
2200 0.0006
2201 0.0006
2202 0.0006
2203 0.0006
2204 0.0006
2205 0.0006
2206 0.0006
2207 0.0006
2208 0.0006
2209 0.0006
2210 0.0006
2211 0.0006
2212 0.0006
2213 0.0006
2214 0.0006
2215 0.0006
2216 0.0006
2217 0.0006
2218 0.0006
2219 0.0006
2220 0.0006
2221 0.0006
2222 0.0006
2223 0.0006
2224 0.0006
2225 0.0006
2226 0.0006
2227 0.0006
2228 0.0006
2229 0.0006
2230 0.0006
2231 0.0006
2232 0.0006
2233 0.0006
2234 0.0006
2235 0.0006
2236 0.0006
2237 0.0006
2238 0.0006
2239 0.0006
2240 0.0006
2241 0.0006
2242 0.0006
2243 0.0006
2244 0.0006
2245 0.0006
2246 0.0006
2247 0.0006
2248 0.0006
2249 0.0006
2250 0.0006
2251 0.0006
2252 0.0006
2253 0.0006
2254 0.0006
2255 0.0006
2256 0.0006
2257 0.0006
2258 0.0006
2259 0.0006
2260 0.0006
2261 0.0006
2262 0.0006
2263 0.0006
2264 0.0006
2265 0.0006
2266 0.0006
2267 0.0006
2268 0.0006
2269 0.0006
2270 0.0006
2271 0.0006
2272 0.0006
2273 0.0006
2274 0.0006
2275 0.0006
2276 0.0006
2277 0.0006
2278 0.0006
2279 0.0006
2280 0.0006
2281 0.0006
2282 0.0006
2283 0.0006
2284 0.0006
2285 0.0006
2286 0.0006
2287 0.0006
2288 0.0006
2289 0.0006
2290 0.0006
2291 0.0006
2292 0.0006
2293 0.0006
2294 0.0006
2295 0.0006
2296 0.0006
2297 0.0006
2298 0.0006
2299 0.0006
2300 0.0006
2301 0.0006
2302 0.0006
2303 0.0006
2304 0.0006
2305 0.0006
2306 0.0006
2307 0.0006
2308 0.0006
2309 0.0006
2310 0.0006
2311 0.0006
2312 0.0006
2313 0.0006
2314 0.0006
2315 0.0006
2316 0.0006
2317 0.0006
2318 0.0006
2319 0.0006
2320 0.0006
2321 0.0006
2322 0.0006
2323 0.0006
2324 0.0006
2325 0.0006
2326 0.0006
2327 0.0006
2328 0.0006
2329 0.0006
2330 0.0006
2331 0.0006
2332 0.0006
2333 0.0006
2334 0.0006
2335 0.0006
2336 0.0006
2337 0.0006
2338 0.0006
2339 0.0006
2340 0.0006
2341 0.0006
2342 0.0006
2343 0.0006
2344 0.0006
2345 0.0006
2346 0.0006
2347 0.0006
2348 0.0006
2349 0.0006
2350 0.0006
2351 0.0006
2352 0.0006
2353 0.0006
2354 0.0006
2355 0.0006
2356 0.0006
2357 0.0006
2358 0.0006
2359 0.0006
2360 0.0006
2361 0.0006
2362 0.0006
2363 0.0006
2364 0.0006
2365 0.0006
2366 0.0006
2367 0.0006
2368 0.0006
2369 0.0006
2370 0.0006
2371 0.0006
2372 0.0006
2373 0.0006
2374 0.0006
2375 0.0006
2376 0.0006
2377 0.0006
2378 0.0006
2379 0.0006
2380 0.0006
2381 0.0006
2382 0.0006
2383 0.0006
2384 0.0006
2385 0.0006
2386 0.0006
2387 0.0006
2388 0.0006
2389 0.0006
2390 0.0006
2391 0.0006
2392 0.0006
2393 0.0006
2394 0.0006
2395 0.0006
2396 0.0006
2397 0.0006
2398 0.0006
2399 0.00065
2400 0.00065
2401 0.00065
2402 0.00065
2403 0.00065
2404 0.00065
2405 0.00065
2406 0.00065
2407 0.00065
2408 0.00065
2409 0.00065
2410 0.00065
2411 0.00065
2412 0.00065
2413 0.00065
2414 0.00065
2415 0.00065
2416 0.00065
2417 0.00065
2418 0.00065
2419 0.00065
2420 0.00065
2421 0.00065
2422 0.00065
2423 0.00065
2424 0.00065
2425 0.00065
2426 0.00065
2427 0.00065
2428 0.00065
2429 0.00065
2430 0.00065
2431 0.00065
2432 0.00065
2433 0.00065
2434 0.00065
2435 0.00065
2436 0.00065
2437 0.00065
2438 0.00065
2439 0.00065
2440 0.00065
2441 0.00065
2442 0.00065
2443 0.00065
2444 0.00065
2445 0.00065
2446 0.00065
2447 0.00065
2448 0.00065
2449 0.00065
2450 0.00065
2451 0.00065
2452 0.00065
2453 0.00065
2454 0.00065
2455 0.00065
2456 0.00065
2457 0.00065
2458 0.00065
2459 0.00065
2460 0.00065
2461 0.00065
2462 0.00065
2463 0.00065
2464 0.00065
2465 0.00065
2466 0.00065
2467 0.00065
2468 0.00065
2469 0.00065
2470 0.00065
2471 0.00065
2472 0.00065
2473 0.00065
2474 0.00065
2475 0.00065
2476 0.00065
2477 0.00065
2478 0.00065
2479 0.00065
2480 0.00065
2481 0.00065
2482 0.00065
2483 0.00065
2484 0.00065
2485 0.00065
2486 0.00065
2487 0.0007
2488 0.0007
2489 0.0007
2490 0.0007
2491 0.0007
2492 0.0007
2493 0.0007
2494 0.0007
2495 0.0007
2496 0.0007
2497 0.0007
2498 0.0007
2499 0.0007
2500 0.0007
2501 0.0007
2502 0.0007
2503 0.0007
2504 0.0007
2505 0.0007
2506 0.0007
2507 0.0007
2508 0.0007
2509 0.0007
2510 0.0007
2511 0.0007
2512 0.0007
2513 0.0007
2514 0.0007
2515 0.0007
2516 0.0007
2517 0.0007
2518 0.0007
2519 0.0007
2520 0.0007
2521 0.0007
2522 0.0007
2523 0.0007
2524 0.0007
2525 0.0007
2526 0.0007
2527 0.0007
2528 0.0007
2529 0.0007
2530 0.0007
2531 0.0007
2532 0.0007
2533 0.0007
2534 0.0007
2535 0.0007
2536 0.0007
2537 0.0007
2538 0.0007
2539 0.0007
2540 0.0007
2541 0.0007
2542 0.0007
2543 0.0007
2544 0.0007
2545 0.0007
2546 0.0007
2547 0.0007
2548 0.0007
2549 0.0007
2550 0.0007
2551 0.0007
2552 0.0007
2553 0.0007
2554 0.0007
2555 0.0007
2556 0.0007
2557 0.0007
2558 0.0007
2559 0.0007
2560 0.0007
2561 0.0007
2562 0.0007
2563 0.0007
2564 0.0007
2565 0.0007
2566 0.0007
2567 0.0007
2568 0.0007
2569 0.0007
2570 0.0007
2571 0.0007
2572 0.0007
2573 0.0007
2574 0.0007
2575 0.0007
2576 0.0007
2577 0.0007
2578 0.0007
2579 0.0007
2580 0.0007
2581 0.0007
2582 0.0007
2583 0.0007
2584 0.0007
2585 0.0007
2586 0.0007
2587 0.0007
2588 0.0007
2589 0.0007
2590 0.0007
2591 0.0007
2592 0.0007
2593 0.0007
2594 0.0007
2595 0.0007
2596 0.0007
2597 0.0007
2598 0.0007
2599 0.0007
2600 0.0007
2601 0.0007
2602 0.0007
2603 0.0007
2604 0.0007
2605 0.0007
2606 0.0007
2607 0.0007
2608 0.0007
2609 0.0007
2610 0.0007
2611 0.0007
2612 0.0007
2613 0.0007
2614 0.0007
2615 0.0007
2616 0.0007
2617 0.0007
2618 0.0007
2619 0.0007
2620 0.0007
2621 0.0007
2622 0.0007
2623 0.0007
2624 0.0007
2625 0.0007
2626 0.0007
2627 0.0007
2628 0.0007
2629 0.0007
2630 0.0007
2631 0.0007
2632 0.0007
2633 0.0007
2634 0.0007
2635 0.0007
2636 0.0007
2637 0.0007
2638 0.0007
2639 0.0007
2640 0.0007
2641 0.0007
2642 0.0007
2643 0.0007
2644 0.0007
2645 0.0007
2646 0.0007
2647 0.0007
2648 0.0007
2649 0.0007
2650 0.0007
2651 0.0007
2652 0.0007
2653 0.0007
2654 0.0007
2655 0.0007
2656 0.0007
2657 0.0007
2658 0.0007
2659 0.0007
2660 0.0007
2661 0.0007
2662 0.0007
2663 0.0007
2664 0.0007
2665 0.0007
2666 0.0007
2667 0.0007
2668 0.0007
2669 0.0007
2670 0.0007
2671 0.0007
2672 0.0007
2673 0.0007
2674 0.0007
2675 0.0007
2676 0.0007
2677 0.0007
2678 0.0007
2679 0.0007
2680 0.0007
2681 0.0007
2682 0.0007
2683 0.0007
2684 0.0007
2685 0.0007
2686 0.0007
2687 0.0007
2688 0.0007
2689 0.0007
2690 0.0007
2691 0.0007
2692 0.0007
2693 0.0007
2694 0.0007
2695 0.0007
2696 0.0007
2697 0.0007
2698 0.0007
2699 0.0007
2700 0.0007
2701 0.0007
2702 0.0007
2703 0.0007
2704 0.0007
2705 0.0007
2706 0.0007
2707 0.0007
2708 0.0007
2709 0.0007
2710 0.0007
2711 0.0007
2712 0.0007
2713 0.0007
2714 0.0007
2715 0.0007
2716 0.0007
2717 0.0007
2718 0.0007
2719 0.0007
2720 0.0007
2721 0.0007
2722 0.0007
2723 0.0007
2724 0.0007
2725 0.0007
2726 0.0007
2727 0.0007
2728 0.0007
2729 0.0007
2730 0.0007
2731 0.0007
2732 0.0007
2733 0.0007
2734 0.0007
2735 0.0007
2736 0.0007
2737 0.0007
2738 0.0007
2739 0.0007
2740 0.0007
2741 0.0007
2742 0.0007
2743 0.0007
2744 0.0007
2745 0.0007
2746 0.0007
2747 0.0007
2748 0.0007
2749 0.0007
2750 0.0007
2751 0.0007
2752 0.0007
2753 0.0007
2754 0.0007
2755 0.0007
2756 0.0007
2757 0.0007
2758 0.0007
2759 0.0007
2760 0.0007
2761 0.0007
2762 0.0007
2763 0.0007
2764 0.0007
2765 0.0007
2766 0.0007
2767 0.0007
2768 0.0007
2769 0.0007
2770 0.0007
2771 0.0007
2772 0.0007
2773 0.0007
2774 0.0007
2775 0.0007
2776 0.0007
2777 0.0007
2778 0.0007
2779 0.0007
2780 0.0007
2781 0.0007
2782 0.0007
2783 0.0007
2784 0.0007
2785 0.0007
2786 0.0007
2787 0.0007
2788 0.0007
2789 0.0007
2790 0.0007
2791 0.0007
2792 0.0007
2793 0.0007
2794 0.0007
2795 0.0007
2796 0.0007
2797 0.0007
2798 0.0007
2799 0.0007
2800 0.0007
2801 0.0007
2802 0.0007
2803 0.0007
2804 0.0007
2805 0.0007
2806 0.0007
2807 0.0007
2808 0.0007
2809 0.0007
2810 0.0007
2811 0.0007
2812 0.0007
2813 0.0007
2814 0.0007
2815 0.0007
2816 0.0007
2817 0.0007
2818 0.0007
2819 0.0007
2820 0.0007
2821 0.0007
2822 0.0007
2823 0.0007
2824 0.0007
2825 0.0007
2826 0.0007
2827 0.0007
2828 0.0007
2829 0.0007
2830 0.0007
2831 0.0007
2832 0.0007
2833 0.0007
2834 0.0007
2835 0.0007
2836 0.0007
2837 0.0007
2838 0.0007
2839 0.0007
2840 0.0007
2841 0.0007
2842 0.0007
2843 0.0007
2844 0.0007
2845 0.0007
2846 0.0007
2847 0.0007
2848 0.0007
2849 0.0007
2850 0.0007
2851 0.0007
2852 0.0007
2853 0.0007
2854 0.0007
2855 0.0007
2856 0.0007
2857 0.0007
2858 0.0007
2859 0.0007
2860 0.0007
2861 0.0007
2862 0.0007
2863 0.0007
2864 0.0007
2865 0.0007
2866 0.0007
2867 0.0007
2868 0.0007
2869 0.0007
2870 0.0007
2871 0.0007
2872 0.0007
2873 0.0007
2874 0.0007
2875 0.0007
2876 0.0007
2877 0.0007
2878 0.0007
2879 0.0007
2880 0.0007
2881 0.0007
2882 0.0007
2883 0.0007
2884 0.0007
2885 0.0007
2886 0.0007
2887 0.0007
2888 0.0007
2889 0.0007
2890 0.0007
2891 0.0007
2892 0.0007
2893 0.0007
2894 0.0007
2895 0.0007
2896 0.0007
2897 0.0007
2898 0.0007
2899 0.0007
2900 0.0007
2901 0.0007
2902 0.0007
2903 0.0007
2904 0.0007
2905 0.0007
2906 0.0007
2907 0.0007
2908 0.0007
2909 0.0007
2910 0.0007
2911 0.0007
2912 0.0007
2913 0.0007
2914 0.0007
2915 0.0007
2916 0.0007
2917 0.0007
2918 0.0007
2919 0.0007
2920 0.0007
2921 0.0007
2922 0.0007
2923 0.0007
2924 0.0007
2925 0.0007
2926 0.0007
2927 0.0007
2928 0.0007
2929 0.0007
2930 0.0007
2931 0.0007
2932 0.0007
2933 0.0007
2934 0.0007
2935 0.0007
2936 0.0007
2937 0.0007
2938 0.0007
2939 0.0007
2940 0.0007
2941 0.0007
2942 0.0007
2943 0.0007
2944 0.0007
2945 0.0007
2946 0.0007
2947 0.0007
2948 0.0007
2949 0.0007
2950 0.0007
2951 0.0007
2952 0.0007
2953 0.0007
2954 0.0007
2955 0.0007
2956 0.0007
2957 0.0007
2958 0.0007
2959 0.0007
2960 0.0007
2961 0.0007
2962 0.0007
2963 0.0007
2964 0.0007
2965 0.0007
2966 0.0007
2967 0.0007
2968 0.0007
2969 0.0007
2970 0.0007
2971 0.0007
2972 0.0007
2973 0.0007
2974 0.0007
2975 0.0007
2976 0.0007
2977 0.0007
2978 0.0007
2979 0.0007
2980 0.0007
2981 0.0007
2982 0.0007
2983 0.0007
2984 0.0007
2985 0.0007
2986 0.0007
2987 0.0007
2988 0.0007
2989 0.0007
2990 0.0007
2991 0.0007
2992 0.0007
2993 0.0007
2994 0.0007
2995 0.0007
2996 0.0007
2997 0.0007
2998 0.0007
2999 0.0007
3000 0.0007
3001 0.0007
3002 0.0007
3003 0.0007
3004 0.0007
3005 0.0007
3006 0.0007
3007 0.0007
3008 0.0007
3009 0.0007
3010 0.0007
3011 0.0007
3012 0.0007
3013 0.0007
3014 0.0007
3015 0.0007
3016 0.0007
3017 0.0007
3018 0.0007
3019 0.0007
3020 0.0007
3021 0.0007
3022 0.0007
3023 0.0007
3024 0.0007
3025 0.0007
3026 0.0007
3027 0.0007
3028 0.0007
3029 0.0007
3030 0.0007
3031 0.0007
3032 0.0007
3033 0.0007
3034 0.0007
3035 0.0007
3036 0.0007
3037 0.0007
3038 0.0007
3039 0.0007
3040 0.0007
3041 0.0007
3042 0.0007
3043 0.0007
3044 0.0007
3045 0.0007
3046 0.0007
3047 0.0007
3048 0.0007
3049 0.0007
3050 0.0007
3051 0.0007
3052 0.0007
3053 0.0007
3054 0.0007
3055 0.0007
3056 0.0007
3057 0.00075
3058 0.00075
3059 0.00075
3060 0.00075
3061 0.00075
3062 0.00075
3063 0.00075
3064 0.00075
3065 0.00075
3066 0.00075
3067 0.00075
3068 0.00075
3069 0.00075
3070 0.00075
3071 0.00075
3072 0.00075
3073 0.00075
3074 0.00075
3075 0.00075
3076 0.00075
3077 0.00075
3078 0.00075
3079 0.00075
3080 0.00075
3081 0.00075
3082 0.00075
3083 0.00075
3084 0.00075
3085 0.00075
3086 0.00075
3087 0.00075
3088 0.00075
3089 0.00075
3090 0.00075
3091 0.00075
3092 0.00075
3093 0.00075
3094 0.00075
3095 0.00075
3096 0.00075
3097 0.00075
3098 0.00075
3099 0.00075
3100 0.00075
3101 0.00075
3102 0.00075
3103 0.00075
3104 0.00075
3105 0.00075
3106 0.00075
3107 0.00075
3108 0.00075
3109 0.00075
3110 0.00075
3111 0.00075
3112 0.00075
3113 0.00075
3114 0.00075
3115 0.00075
3116 0.00075
3117 0.00075
3118 0.00075
3119 0.00075
3120 0.00075
3121 0.00075
3122 0.00075
3123 0.00075
3124 0.00075
3125 0.00075
3126 0.00075
3127 0.00075
3128 0.00075
3129 0.00075
3130 0.00075
3131 0.00075
3132 0.00075
3133 0.00075
3134 0.00075
3135 0.00075
3136 0.00075
3137 0.00075
3138 0.00075
3139 0.00075
3140 0.00075
3141 0.00075
3142 0.00075
3143 0.00075
3144 0.00075
3145 0.00075
3146 0.00075
3147 0.00075
3148 0.00075
3149 0.00075
3150 0.00075
3151 0.00075
3152 0.00075
3153 0.00075
3154 0.00075
3155 0.00075
3156 0.00075
3157 0.00075
3158 0.00075
3159 0.00075
3160 0.00075
3161 0.00075
3162 0.00075
3163 0.00075
3164 0.00075
3165 0.00075
3166 0.00075
3167 0.00075
3168 0.00075
3169 0.00075
3170 0.00075
3171 0.00075
3172 0.00075
3173 0.00075
3174 0.00075
3175 0.00075
3176 0.00075
3177 0.00075
3178 0.00075
3179 0.00075
3180 0.00075
3181 0.00075
3182 0.00075
3183 0.00075
3184 0.00075
3185 0.00075
3186 0.00075
3187 0.00075
3188 0.00075
3189 0.00075
3190 0.00075
3191 0.00075
3192 0.00075
3193 0.00075
3194 0.00075
3195 0.00075
3196 0.00075
3197 0.00075
3198 0.00075
3199 0.00075
3200 0.00075
3201 0.00075
3202 0.00075
3203 0.00075
3204 0.00075
3205 0.00075
3206 0.00075
3207 0.00075
3208 0.00075
3209 0.00075
3210 0.00075
3211 0.00075
3212 0.00075
3213 0.00075
3214 0.00075
3215 0.00075
3216 0.00075
3217 0.00075
3218 0.00075
3219 0.00075
3220 0.00075
3221 0.00075
3222 0.00075
3223 0.00075
3224 0.00075
3225 0.00075
3226 0.00075
3227 0.00075
3228 0.00075
3229 0.00075
3230 0.00075
3231 0.00075
3232 0.00075
3233 0.00075
3234 0.00075
3235 0.00075
3236 0.00075
3237 0.00075
3238 0.00075
3239 0.00075
3240 0.00075
3241 0.00075
3242 0.00075
3243 0.00075
3244 0.00075
3245 0.00075
3246 0.00075
3247 0.00075
3248 0.00075
3249 0.00075
3250 0.00075
3251 0.00075
3252 0.00075
3253 0.00075
3254 0.00075
3255 0.00075
3256 0.00075
3257 0.00075
3258 0.00075
3259 0.00075
3260 0.00075
3261 0.00075
3262 0.00075
3263 0.00075
3264 0.00075
3265 0.00075
3266 0.00075
3267 0.00075
3268 0.00075
3269 0.00075
3270 0.00075
3271 0.00075
3272 0.00075
3273 0.00075
3274 0.00075
3275 0.00075
3276 0.00075
3277 0.00075
3278 0.00075
3279 0.00075
3280 0.00075
3281 0.00075
3282 0.00075
3283 0.00075
3284 0.00075
3285 0.00075
3286 0.00075
3287 0.00075
3288 0.00075
3289 0.00075
3290 0.00075
3291 0.00075
3292 0.00075
3293 0.00075
3294 0.00075
3295 0.00075
3296 0.00075
3297 0.00075
3298 0.00075
3299 0.00075
3300 0.00075
3301 0.00075
3302 0.00075
3303 0.00075
3304 0.00075
3305 0.00075
3306 0.00075
3307 0.00075
3308 0.00075
3309 0.00075
3310 0.00075
3311 0.00075
3312 0.00075
3313 0.00075
3314 0.00075
3315 0.00075
3316 0.00075
3317 0.00075
3318 0.00075
3319 0.00075
3320 0.00075
3321 0.00075
3322 0.00075
3323 0.00075
3324 0.00075
3325 0.00075
3326 0.00075
3327 0.00075
3328 0.00075
3329 0.00075
3330 0.00075
3331 0.00075
3332 0.00075
3333 0.00075
3334 0.00075
3335 0.00075
3336 0.00075
3337 0.00075
3338 0.00075
3339 0.00075
3340 0.00075
3341 0.00075
3342 0.00075
3343 0.00075
3344 0.00075
3345 0.00075
3346 0.00075
3347 0.00075
3348 0.00075
3349 0.00075
3350 0.00075
3351 0.00075
3352 0.00075
3353 0.00075
3354 0.00075
3355 0.00075
3356 0.00075
3357 0.00075
3358 0.00075
3359 0.00075
3360 0.00075
3361 0.00075
3362 0.00075
3363 0.00075
3364 0.00075
3365 0.00075
3366 0.00075
3367 0.00075
3368 0.00075
3369 0.00075
3370 0.00075
3371 0.00075
3372 0.00075
3373 0.00075
3374 0.00075
3375 0.00075
3376 0.00075
3377 0.00075
3378 0.00075
3379 0.00075
3380 0.00075
3381 0.00075
3382 0.0008
3383 0.0008
3384 0.0008
3385 0.0008
3386 0.0008
3387 0.0008
3388 0.0008
3389 0.0008
3390 0.0008
3391 0.0008
3392 0.0008
3393 0.0008
3394 0.0008
3395 0.0008
3396 0.0008
3397 0.0008
3398 0.0008
3399 0.0008
3400 0.0008
3401 0.0008
3402 0.0008
3403 0.0008
3404 0.0008
3405 0.0008
3406 0.0008
3407 0.0008
3408 0.0008
3409 0.0008
3410 0.0008
3411 0.0008
3412 0.0008
3413 0.0008
3414 0.0008
3415 0.0008
3416 0.0008
3417 0.0008
3418 0.0008
3419 0.0008
3420 0.0008
3421 0.0008
3422 0.0008
3423 0.0008
3424 0.0008
3425 0.0008
3426 0.0008
3427 0.0008
3428 0.0008
3429 0.0008
3430 0.0008
3431 0.0008
3432 0.0008
3433 0.0008
3434 0.0008
3435 0.0008
3436 0.0008
3437 0.0008
3438 0.0008
3439 0.0008
3440 0.0008
3441 0.0008
3442 0.0008
3443 0.0008
3444 0.0008
3445 0.0008
3446 0.0008
3447 0.0008
3448 0.0008
3449 0.0008
3450 0.0008
3451 0.0008
3452 0.0008
3453 0.0008
3454 0.0008
3455 0.0008
3456 0.0008
3457 0.0008
3458 0.0008
3459 0.0008
3460 0.0008
3461 0.0008
3462 0.0008
3463 0.0008
3464 0.0008
3465 0.0008
3466 0.0008
3467 0.0008
3468 0.0008
3469 0.0008
3470 0.0008
3471 0.0008
3472 0.0008
3473 0.0008
3474 0.00085
3475 0.00085
3476 0.00085
3477 0.00085
3478 0.00085
3479 0.00085
3480 0.00085
3481 0.00085
3482 0.00085
3483 0.00085
3484 0.00085
3485 0.00085
3486 0.00085
3487 0.00085
3488 0.00085
3489 0.00085
3490 0.00085
3491 0.00085
3492 0.00085
3493 0.00085
3494 0.00085
3495 0.00085
3496 0.00085
3497 0.00085
3498 0.00085
3499 0.00085
3500 0.00085
3501 0.00085
3502 0.00085
3503 0.00085
3504 0.00085
3505 0.00085
3506 0.00085
3507 0.00085
3508 0.00085
3509 0.00085
3510 0.00085
3511 0.00085
3512 0.00085
3513 0.00085
3514 0.00085
3515 0.00085
3516 0.00085
3517 0.00085
3518 0.00085
3519 0.00085
3520 0.00085
3521 0.00085
3522 0.00085
3523 0.00085
3524 0.00085
3525 0.00085
3526 0.00085
3527 0.00085
3528 0.00085
3529 0.00085
3530 0.00085
3531 0.00085
3532 0.00085
3533 0.00085
3534 0.00085
3535 0.00085
3536 0.00085
3537 0.00085
3538 0.00085
3539 0.00085
3540 0.00085
3541 0.00085
3542 0.00085
3543 0.00085
3544 0.00085
3545 0.00085
3546 0.00085
3547 0.00085
3548 0.00085
3549 0.00085
3550 0.00085
3551 0.00085
3552 0.00085
3553 0.00085
3554 0.00085
3555 0.00085
3556 0.00085
3557 0.00085
3558 0.00085
3559 0.00085
3560 0.00085
3561 0.00085
3562 0.00085
3563 0.00085
3564 0.00085
3565 0.00085
3566 0.00085
3567 0.00085
3568 0.00085
3569 0.00085
3570 0.00085
3571 0.00085
3572 0.00085
3573 0.00085
3574 0.00085
3575 0.00085
3576 0.00085
3577 0.00085
3578 0.00085
3579 0.00085
3580 0.00085
3581 0.00085
3582 0.00085
3583 0.00085
3584 0.00085
3585 0.00085
3586 0.00085
3587 0.00085
3588 0.00085
3589 0.00085
3590 0.00085
3591 0.00085
3592 0.00085
3593 0.00085
3594 0.00085
3595 0.00085
3596 0.00085
3597 0.00085
3598 0.00085
3599 0.00085
3600 0.00085
3601 0.00085
3602 0.00085
3603 0.00085
3604 0.00085
3605 0.00085
3606 0.00085
3607 0.00085
3608 0.00085
3609 0.00085
3610 0.00085
3611 0.00085
3612 0.00085
3613 0.00085
3614 0.00085
3615 0.00085
3616 0.00085
3617 0.00085
3618 0.00085
3619 0.00085
3620 0.00085
3621 0.00085
3622 0.00085
3623 0.00085
3624 0.00085
3625 0.00085
3626 0.00085
3627 0.00085
3628 0.00085
3629 0.00085
3630 0.00085
3631 0.00085
3632 0.00085
3633 0.00085
3634 0.00085
3635 0.00085
3636 0.00085
3637 0.00085
3638 0.00085
3639 0.00085
3640 0.00085
3641 0.00085
3642 0.00085
3643 0.00085
3644 0.00085
3645 0.00085
3646 0.00085
3647 0.00085
3648 0.00085
3649 0.00085
3650 0.00085
3651 0.00085
3652 0.00085
3653 0.00085
3654 0.00085
3655 0.00085
3656 0.00085
3657 0.00085
3658 0.00085
3659 0.00085
3660 0.00085
3661 0.00085
3662 0.00085
3663 0.00085
3664 0.00085
3665 0.00085
3666 0.00085
3667 0.00085
3668 0.00085
3669 0.00085
3670 0.00085
3671 0.00085
3672 0.00085
3673 0.00085
3674 0.00085
3675 0.00085
3676 0.00085
3677 0.00085
3678 0.00085
3679 0.00085
3680 0.00085
3681 0.00085
3682 0.00085
3683 0.00085
3684 0.00085
3685 0.00085
3686 0.00085
3687 0.00085
3688 0.00085
3689 0.00085
3690 0.00085
3691 0.00085
3692 0.00085
3693 0.00085
3694 0.00085
3695 0.00085
3696 0.00085
3697 0.00085
3698 0.00085
3699 0.00085
3700 0.00085
3701 0.00085
3702 0.00085
3703 0.00085
3704 0.00085
3705 0.00085
3706 0.00085
3707 0.00085
3708 0.00085
3709 0.00085
3710 0.00085
3711 0.00085
3712 0.00085
3713 0.00085
3714 0.00085
3715 0.00085
3716 0.00085
3717 0.00085
3718 0.00085
3719 0.00085
3720 0.00085
3721 0.00085
3722 0.00085
3723 0.00085
3724 0.00085
3725 0.00085
3726 0.00085
3727 0.00085
3728 0.00085
3729 0.00085
3730 0.00085
3731 0.00085
3732 0.00085
3733 0.00085
3734 0.00085
3735 0.00085
3736 0.00085
3737 0.00085
3738 0.00085
3739 0.00085
3740 0.00085
3741 0.00085
3742 0.00085
3743 0.00085
3744 0.00085
3745 0.00085
3746 0.00085
3747 0.00085
3748 0.00085
3749 0.00085
3750 0.00085
3751 0.00085
3752 0.00085
3753 0.00085
3754 0.00085
3755 0.00085
3756 0.00085
3757 0.00085
3758 0.00085
3759 0.00085
3760 0.00085
3761 0.00085
3762 0.00085
3763 0.00085
3764 0.00085
3765 0.00085
3766 0.00085
3767 0.00085
3768 0.00085
3769 0.00085
3770 0.00085
3771 0.00085
3772 0.00085
3773 0.00085
3774 0.00085
3775 0.00085
3776 0.00085
3777 0.00085
3778 0.00085
3779 0.00085
3780 0.00085
3781 0.00085
3782 0.00085
3783 0.00085
3784 0.00085
3785 0.00085
3786 0.00085
3787 0.00085
3788 0.00085
3789 0.00085
3790 0.00085
3791 0.00085
3792 0.00085
3793 0.00085
3794 0.00085
3795 0.00085
3796 0.00085
3797 0.00085
3798 0.00085
3799 0.00085
3800 0.00085
3801 0.00085
3802 0.00085
3803 0.00085
3804 0.00085
3805 0.00085
3806 0.00085
3807 0.00085
3808 0.00085
3809 0.00085
3810 0.00085
3811 0.00085
3812 0.00085
3813 0.00085
3814 0.00085
3815 0.00085
3816 0.00085
3817 0.00085
3818 0.00085
3819 0.00085
3820 0.00085
3821 0.00085
3822 0.00085
3823 0.00085
3824 0.00085
3825 0.00085
3826 0.00085
3827 0.00085
3828 0.00085
3829 0.00085
3830 0.00085
3831 0.00085
3832 0.00085
3833 0.00085
3834 0.00085
3835 0.00085
3836 0.00085
3837 0.00085
3838 0.00085
3839 0.00085
3840 0.00085
3841 0.00085
3842 0.00085
3843 0.00085
3844 0.00085
3845 0.00085
3846 0.00085
3847 0.00085
3848 0.00085
3849 0.00085
3850 0.00085
3851 0.00085
3852 0.00085
3853 0.00085
3854 0.00085
3855 0.00085
3856 0.00085
3857 0.00085
3858 0.00085
3859 0.00085
3860 0.00085
3861 0.00085
3862 0.00085
3863 0.00085
3864 0.00085
3865 0.00085
3866 0.00085
3867 0.00085
3868 0.00085
3869 0.00085
3870 0.00085
3871 0.00085
3872 0.00085
3873 0.00085
3874 0.00085
3875 0.00085
3876 0.00085
3877 0.00085
3878 0.00085
3879 0.00085
3880 0.00085
3881 0.00085
3882 0.00085
3883 0.00085
3884 0.00085
3885 0.00085
3886 0.00085
3887 0.00085
3888 0.00085
3889 0.00085
3890 0.00085
3891 0.00085
3892 0.00085
3893 0.00085
3894 0.00085
3895 0.00085
3896 0.00085
3897 0.00085
3898 0.00085
3899 0.00085
3900 0.00085
3901 0.00085
3902 0.00085
3903 0.00085
3904 0.00085
3905 0.00085
3906 0.00085
3907 0.00085
3908 0.00085
3909 0.00085
3910 0.00085
3911 0.00085
3912 0.00085
3913 0.00085
3914 0.00085
3915 0.00085
3916 0.00085
3917 0.00085
3918 0.00085
3919 0.00085
3920 0.00085
3921 0.00085
3922 0.00085
3923 0.00085
3924 0.00085
3925 0.00085
3926 0.00085
3927 0.00085
3928 0.00085
3929 0.00085
3930 0.00085
3931 0.00085
3932 0.00085
3933 0.00085
3934 0.00085
3935 0.00085
3936 0.00085
3937 0.00085
3938 0.00085
3939 0.00085
3940 0.00085
3941 0.00085
3942 0.00085
3943 0.00085
3944 0.00085
3945 0.00085
3946 0.00085
3947 0.00085
3948 0.00085
3949 0.00085
3950 0.00085
3951 0.00085
3952 0.00085
3953 0.00085
3954 0.00085
3955 0.00085
3956 0.00085
3957 0.00085
3958 0.00085
3959 0.00085
3960 0.00085
3961 0.00085
3962 0.00085
3963 0.00085
3964 0.00085
3965 0.00085
3966 0.00085
3967 0.00085
3968 0.00085
3969 0.00085
3970 0.00085
3971 0.00085
3972 0.00085
3973 0.00085
3974 0.00085
3975 0.00085
3976 0.00085
3977 0.00085
3978 0.00085
3979 0.00085
3980 0.00085
3981 0.00085
3982 0.00085
3983 0.00085
3984 0.00085
3985 0.00085
3986 0.00085
3987 0.00085
3988 0.00085
3989 0.00085
3990 0.00085
3991 0.00085
3992 0.00085
3993 0.00085
3994 0.00085
3995 0.00085
3996 0.00085
3997 0.00085
3998 0.00085
3999 0.00085
4000 0.00085
4001 0.00085
4002 0.00085
4003 0.00085
4004 0.00085
4005 0.00085
4006 0.00085
4007 0.00085
4008 0.00085
4009 0.00085
4010 0.00085
4011 0.00085
4012 0.00085
4013 0.00085
4014 0.00085
4015 0.00085
4016 0.00085
4017 0.00085
4018 0.00085
4019 0.00085
4020 0.00085
4021 0.00085
4022 0.00085
4023 0.00085
4024 0.00085
4025 0.00085
4026 0.00085
4027 0.00085
4028 0.00085
4029 0.00085
4030 0.00085
4031 0.00085
4032 0.00085
4033 0.00085
4034 0.00085
4035 0.00085
4036 0.00085
4037 0.00085
4038 0.00085
4039 0.00085
4040 0.00085
4041 0.00085
4042 0.00085
4043 0.00085
4044 0.00085
4045 0.00085
4046 0.00085
4047 0.00085
4048 0.00085
4049 0.00085
4050 0.00085
4051 0.00085
4052 0.00085
4053 0.00085
4054 0.00085
4055 0.00085
4056 0.00085
4057 0.00085
4058 0.00085
4059 0.00085
4060 0.00085
4061 0.00085
4062 0.00085
4063 0.00085
4064 0.00085
4065 0.00085
4066 0.00085
4067 0.00085
4068 0.00085
4069 0.00085
4070 0.00085
4071 0.00085
4072 0.00085
4073 0.00085
4074 0.00085
4075 0.00085
4076 0.00085
4077 0.00085
4078 0.00085
4079 0.00085
4080 0.00085
4081 0.00085
4082 0.00085
4083 0.00085
4084 0.00085
4085 0.00085
4086 0.00085
4087 0.00085
4088 0.00085
4089 0.00085
4090 0.00085
4091 0.00085
4092 0.00085
4093 0.00085
4094 0.00085
4095 0.00085
4096 0.00085
4097 0.00085
4098 0.00085
4099 0.00085
4100 0.00085
4101 0.00085
4102 0.00085
4103 0.00085
4104 0.00085
4105 0.00085
4106 0.00085
4107 0.00085
4108 0.00085
4109 0.00085
4110 0.00085
4111 0.00085
4112 0.00085
4113 0.00085
4114 0.00085
4115 0.00085
4116 0.00085
4117 0.00085
4118 0.00085
4119 0.00085
4120 0.00085
4121 0.00085
4122 0.00085
4123 0.00085
4124 0.00085
4125 0.00085
4126 0.00085
4127 0.00085
4128 0.00085
4129 0.00085
4130 0.00085
4131 0.00085
4132 0.00085
4133 0.00085
4134 0.00085
4135 0.00085
4136 0.00085
4137 0.00085
4138 0.00085
4139 0.00085
4140 0.00085
4141 0.00085
4142 0.00085
4143 0.00085
4144 0.00085
4145 0.00085
4146 0.00085
4147 0.00085
4148 0.00085
4149 0.00085
4150 0.00085
4151 0.00085
4152 0.00085
4153 0.00085
4154 0.00085
4155 0.00085
4156 0.00085
4157 0.00085
4158 0.00085
4159 0.00085
4160 0.00085
4161 0.00085
4162 0.00085
4163 0.00085
4164 0.00085
4165 0.00085
4166 0.00085
4167 0.00085
4168 0.00085
4169 0.00085
4170 0.00085
4171 0.00085
4172 0.00085
4173 0.00085
4174 0.00085
4175 0.00085
4176 0.00085
4177 0.00085
4178 0.00085
4179 0.00085
4180 0.00085
4181 0.00085
4182 0.00085
4183 0.00085
4184 0.00085
4185 0.00085
4186 0.00085
4187 0.00085
4188 0.00085
4189 0.00085
4190 0.00085
4191 0.00085
4192 0.00085
4193 0.00085
4194 0.00085
4195 0.00085
4196 0.00085
4197 0.00085
4198 0.00085
4199 0.00085
4200 0.00085
4201 0.00085
4202 0.00085
4203 0.00085
4204 0.00085
4205 0.00085
4206 0.00085
4207 0.00085
4208 0.00085
4209 0.00085
4210 0.00085
4211 0.00085
4212 0.00085
4213 0.00085
4214 0.00085
4215 0.00085
4216 0.00085
4217 0.00085
4218 0.00085
4219 0.00085
4220 0.00085
4221 0.00085
4222 0.00085
4223 0.00085
4224 0.0009
4225 0.0009
4226 0.0009
4227 0.0009
4228 0.0009
4229 0.0009
4230 0.0009
4231 0.0009
4232 0.0009
4233 0.0009
4234 0.0009
4235 0.0009
4236 0.0009
4237 0.0009
4238 0.0009
4239 0.0009
4240 0.0009
4241 0.0009
4242 0.0009
4243 0.0009
4244 0.0009
4245 0.0009
4246 0.0009
4247 0.0009
4248 0.0009
4249 0.0009
4250 0.0009
4251 0.0009
4252 0.0009
4253 0.0009
4254 0.0009
4255 0.0009
4256 0.0009
4257 0.0009
4258 0.0009
4259 0.0009
4260 0.0009
4261 0.0009
4262 0.0009
4263 0.0009
4264 0.0009
4265 0.0009
4266 0.0009
4267 0.0009
4268 0.0009
4269 0.0009
4270 0.0009
4271 0.0009
4272 0.0009
4273 0.0009
4274 0.0009
4275 0.0009
4276 0.0009
4277 0.0009
4278 0.0009
4279 0.0009
4280 0.0009
4281 0.0009
4282 0.0009
4283 0.0009
4284 0.0009
4285 0.0009
4286 0.0009
4287 0.0009
4288 0.0009
4289 0.0009
4290 0.0009
4291 0.0009
4292 0.0009
4293 0.0009
4294 0.0009
4295 0.0009
4296 0.0009
4297 0.0009
4298 0.0009
4299 0.0009
4300 0.0009
4301 0.0009
4302 0.0009
4303 0.0009
4304 0.0009
4305 0.0009
4306 0.0009
4307 0.0009
4308 0.0009
4309 0.0009
4310 0.0009
4311 0.0009
4312 0.0009
4313 0.0009
4314 0.0009
4315 0.0009
4316 0.0009
4317 0.0009
4318 0.0009
4319 0.0009
4320 0.0009
4321 0.0009
4322 0.0009
4323 0.0009
4324 0.0009
4325 0.0009
4326 0.0009
4327 0.00095
4328 0.00095
4329 0.00095
4330 0.00095
4331 0.00095
4332 0.00095
4333 0.00095
4334 0.00095
4335 0.00095
4336 0.00095
4337 0.00095
4338 0.00095
4339 0.00095
4340 0.00095
4341 0.00095
4342 0.00095
4343 0.00095
4344 0.00095
4345 0.00095
4346 0.00095
4347 0.00095
4348 0.00095
4349 0.00095
4350 0.00095
4351 0.00095
4352 0.00095
4353 0.00095
4354 0.00095
4355 0.00095
4356 0.00095
4357 0.00095
4358 0.00095
4359 0.00095
4360 0.00095
4361 0.00095
4362 0.00095
4363 0.00095
4364 0.00095
4365 0.00095
4366 0.00095
4367 0.00095
4368 0.00095
4369 0.00095
4370 0.00095
4371 0.00095
4372 0.00095
4373 0.00095
4374 0.00095
4375 0.00095
4376 0.00095
4377 0.00095
4378 0.00095
4379 0.00095
4380 0.00095
4381 0.00095
4382 0.00095
4383 0.00095
4384 0.00095
4385 0.00095
4386 0.00095
4387 0.00095
4388 0.00095
4389 0.00095
4390 0.00095
4391 0.00095
4392 0.00095
4393 0.00095
4394 0.00095
4395 0.00095
4396 0.00095
4397 0.00095
4398 0.00095
4399 0.00095
4400 0.00095
4401 0.00095
4402 0.00095
4403 0.00095
4404 0.00095
4405 0.00095
4406 0.00095
4407 0.00095
4408 0.00095
4409 0.00095
4410 0.00095
4411 0.00095
4412 0.00095
4413 0.00095
4414 0.00095
4415 0.00095
4416 0.00095
4417 0.00095
4418 0.00095
4419 0.00095
4420 0.00095
4421 0.00095
4422 0.00095
4423 0.00095
4424 0.00095
4425 0.00095
4426 0.00095
4427 0.00095
4428 0.00095
4429 0.00095
4430 0.00095
4431 0.00095
4432 0.00095
4433 0.00095
4434 0.00095
4435 0.00095
4436 0.00095
4437 0.00095
4438 0.00095
4439 0.00095
4440 0.00095
4441 0.00095
4442 0.00095
4443 0.00095
4444 0.00095
4445 0.00095
4446 0.001
4447 0.001
4448 0.001
4449 0.001
4450 0.001
4451 0.001
4452 0.001
4453 0.001
4454 0.001
4455 0.001
4456 0.001
4457 0.001
4458 0.001
4459 0.001
4460 0.001
4461 0.001
4462 0.001
4463 0.001
4464 0.001
4465 0.001
4466 0.001
4467 0.001
4468 0.001
4469 0.001
4470 0.001
4471 0.001
4472 0.001
4473 0.001
4474 0.001
4475 0.001
4476 0.001
4477 0.001
4478 0.001
4479 0.001
4480 0.001
4481 0.001
4482 0.001
4483 0.001
4484 0.001
4485 0.001
4486 0.001
4487 0.001
4488 0.001
4489 0.001
4490 0.001
4491 0.001
4492 0.001
4493 0.001
4494 0.001
4495 0.001
4496 0.001
4497 0.001
4498 0.001
4499 0.001
4500 0.001
4501 0.001
4502 0.001
4503 0.001
4504 0.001
4505 0.001
4506 0.001
4507 0.001
4508 0.001
4509 0.001
4510 0.001
4511 0.001
4512 0.001
4513 0.001
4514 0.001
4515 0.001
4516 0.001
4517 0.001
4518 0.001
4519 0.001
4520 0.001
4521 0.001
4522 0.001
4523 0.001
4524 0.001
4525 0.001
4526 0.001
4527 0.001
4528 0.001
4529 0.001
4530 0.001
4531 0.001
4532 0.001
4533 0.001
4534 0.001
4535 0.001
4536 0.001
4537 0.001
4538 0.001
4539 0.001
4540 0.001
4541 0.001
4542 0.001
4543 0.001
4544 0.001
4545 0.001
4546 0.001
4547 0.001
4548 0.001
4549 0.001
4550 0.001
4551 0.001
4552 0.001
4553 0.001
4554 0.001
4555 0.001
4556 0.001
4557 0.001
4558 0.001
4559 0.001
4560 0.001
4561 0.001
4562 0.001
4563 0.001
4564 0.001
4565 0.001
4566 0.001
4567 0.001
4568 0.001
4569 0.001
4570 0.001
4571 0.001
4572 0.001
4573 0.001
4574 0.001
4575 0.001
4576 0.001
4577 0.001
4578 0.001
4579 0.001
4580 0.001
4581 0.001
4582 0.001
4583 0.001
4584 0.001
4585 0.001
4586 0.001
4587 0.001
4588 0.001
4589 0.001
4590 0.001
4591 0.001
4592 0.001
4593 0.001
4594 0.001
4595 0.001
4596 0.001
4597 0.001
4598 0.001
4599 0.001
4600 0.001
4601 0.001
4602 0.001
4603 0.001
4604 0.001
4605 0.001
4606 0.001
4607 0.001
4608 0.001
4609 0.001
4610 0.001
4611 0.001
4612 0.001
4613 0.001
4614 0.001
4615 0.001
4616 0.001
4617 0.001
4618 0.001
4619 0.001
4620 0.001
4621 0.001
4622 0.001
4623 0.001
4624 0.001
4625 0.001
4626 0.001
4627 0.001
4628 0.001
4629 0.001
4630 0.001
4631 0.001
4632 0.001
4633 0.001
4634 0.001
4635 0.001
4636 0.001
4637 0.001
4638 0.001
4639 0.001
4640 0.001
4641 0.001
4642 0.001
4643 0.001
4644 0.001
4645 0.001
4646 0.001
4647 0.001
4648 0.001
4649 0.001
4650 0.001
4651 0.001
4652 0.001
4653 0.001
4654 0.001
4655 0.001
4656 0.001
4657 0.001
4658 0.001
4659 0.001
4660 0.001
4661 0.001
4662 0.001
4663 0.001
4664 0.001
4665 0.001
4666 0.001
4667 0.001
4668 0.001
4669 0.001
4670 0.001
4671 0.001
4672 0.001
4673 0.001
4674 0.001
4675 0.001
4676 0.001
4677 0.001
4678 0.001
4679 0.001
4680 0.001
4681 0.001
4682 0.001
4683 0.001
4684 0.001
4685 0.001
4686 0.001
4687 0.001
4688 0.001
4689 0.001
4690 0.001
4691 0.001
4692 0.001
4693 0.001
4694 0.001
4695 0.001
4696 0.001
4697 0.001
4698 0.001
4699 0.001
4700 0.001
4701 0.001
4702 0.001
4703 0.001
4704 0.001
4705 0.001
4706 0.001
4707 0.001
4708 0.001
4709 0.001
4710 0.001
4711 0.001
4712 0.001
4713 0.001
4714 0.001
4715 0.001
4716 0.001
4717 0.001
4718 0.001
4719 0.001
4720 0.001
4721 0.001
4722 0.001
4723 0.001
4724 0.001
4725 0.001
4726 0.001
4727 0.001
4728 0.001
4729 0.001
4730 0.001
4731 0.001
4732 0.001
4733 0.001
4734 0.001
4735 0.001
4736 0.001
4737 0.001
4738 0.001
4739 0.001
4740 0.001
4741 0.001
4742 0.001
4743 0.001
4744 0.001
4745 0.001
4746 0.001
4747 0.001
4748 0.001
4749 0.001
4750 0.001
4751 0.001
4752 0.001
4753 0.001
4754 0.001
4755 0.001
4756 0.001
4757 0.001
4758 0.001
4759 0.001
4760 0.001
4761 0.001
4762 0.001
4763 0.001
4764 0.001
4765 0.001
4766 0.001
4767 0.001
4768 0.001
4769 0.001
4770 0.001
4771 0.001
4772 0.001
4773 0.001
4774 0.001
4775 0.001
4776 0.001
4777 0.001
4778 0.001
4779 0.001
4780 0.001
4781 0.001
4782 0.001
4783 0.001
4784 0.001
4785 0.001
4786 0.001
4787 0.001
4788 0.001
4789 0.001
4790 0.001
4791 0.001
4792 0.001
4793 0.001
4794 0.001
4795 0.001
4796 0.001
4797 0.001
4798 0.001
4799 0.001
4800 0.001
4801 0.001
4802 0.001
4803 0.001
4804 0.001
4805 0.001
4806 0.001
4807 0.001
4808 0.001
4809 0.001
4810 0.001
4811 0.001
4812 0.001
4813 0.001
4814 0.001
4815 0.001
4816 0.001
4817 0.001
4818 0.001
4819 0.001
4820 0.001
4821 0.001
4822 0.001
4823 0.001
4824 0.001
4825 0.001
4826 0.001
4827 0.001
4828 0.001
4829 0.001
4830 0.001
4831 0.001
4832 0.001
4833 0.001
4834 0.001
4835 0.001
4836 0.001
4837 0.001
4838 0.001
4839 0.001
4840 0.001
4841 0.001
4842 0.001
4843 0.001
4844 0.001
4845 0.001
4846 0.001
4847 0.001
4848 0.001
4849 0.001
4850 0.001
4851 0.001
4852 0.001
4853 0.001
4854 0.001
4855 0.001
4856 0.001
4857 0.001
4858 0.001
4859 0.001
4860 0.001
4861 0.001
4862 0.001
4863 0.001
4864 0.001
4865 0.001
4866 0.001
4867 0.001
4868 0.001
4869 0.001
4870 0.001
4871 0.001
4872 0.001
4873 0.001
4874 0.001
4875 0.001
4876 0.001
4877 0.001
4878 0.001
4879 0.001
4880 0.001
4881 0.001
4882 0.001
4883 0.001
4884 0.001
4885 0.001
4886 0.001
4887 0.001
4888 0.001
4889 0.001
4890 0.001
4891 0.001
4892 0.001
4893 0.001
4894 0.001
4895 0.001
4896 0.001
4897 0.001
4898 0.001
4899 0.001
4900 0.001
4901 0.001
4902 0.001
4903 0.001
4904 0.001
4905 0.001
4906 0.001
4907 0.001
4908 0.001
4909 0.001
4910 0.001
4911 0.001
4912 0.001
4913 0.001
4914 0.001
4915 0.001
4916 0.001
4917 0.001
4918 0.001
4919 0.001
4920 0.001
4921 0.001
4922 0.001
4923 0.001
4924 0.001
4925 0.001
4926 0.001
4927 0.001
4928 0.001
4929 0.001
4930 0.001
4931 0.001
4932 0.001
4933 0.00105
4934 0.00105
4935 0.00105
4936 0.00105
4937 0.00105
4938 0.00105
4939 0.00105
4940 0.00105
4941 0.00105
4942 0.00105
4943 0.00105
4944 0.00105
4945 0.00105
4946 0.00105
4947 0.00105
4948 0.00105
4949 0.00105
4950 0.00105
4951 0.00105
4952 0.00105
4953 0.00105
4954 0.00105
4955 0.00105
4956 0.00105
4957 0.00105
4958 0.00105
4959 0.00105
4960 0.00105
4961 0.00105
4962 0.00105
4963 0.00105
4964 0.00105
4965 0.00105
4966 0.00105
4967 0.00105
4968 0.00105
4969 0.00105
4970 0.00105
4971 0.00105
4972 0.00105
4973 0.00105
4974 0.00105
4975 0.00105
4976 0.00105
4977 0.00105
4978 0.00105
4979 0.00105
4980 0.00105
4981 0.00105
4982 0.00105
4983 0.00105
4984 0.00105
4985 0.00105
4986 0.00105
4987 0.00105
4988 0.00105
4989 0.00105
4990 0.00105
4991 0.00105
4992 0.00105
4993 0.00105
4994 0.00105
4995 0.00105
4996 0.00105
4997 0.00105
4998 0.00105
4999 0.00105
5000 0.00105
5001 0.00105
5002 0.00105
5003 0.00105
5004 0.00105
5005 0.00105
5006 0.00105
5007 0.00105
5008 0.00105
5009 0.00105
5010 0.00105
5011 0.00105
5012 0.00105
5013 0.00105
5014 0.00105
5015 0.00105
5016 0.00105
5017 0.00105
5018 0.00105
5019 0.00105
5020 0.00105
5021 0.00105
5022 0.00105
5023 0.00105
5024 0.00105
5025 0.00105
5026 0.00105
5027 0.00105
5028 0.00105
5029 0.00105
5030 0.00105
5031 0.00105
5032 0.00105
5033 0.00105
5034 0.00105
5035 0.00105
5036 0.00105
5037 0.00105
5038 0.00105
5039 0.00105
5040 0.00105
5041 0.00105
5042 0.00105
5043 0.00105
5044 0.00105
5045 0.00105
5046 0.00105
5047 0.00105
5048 0.00105
5049 0.00105
5050 0.00105
5051 0.00105
5052 0.00105
5053 0.00105
5054 0.00105
5055 0.00105
5056 0.00105
5057 0.00105
5058 0.00105
5059 0.00105
5060 0.00105
5061 0.00105
5062 0.00105
5063 0.00105
5064 0.00105
5065 0.00105
5066 0.00105
5067 0.00105
5068 0.00105
5069 0.00105
5070 0.00105
5071 0.00105
5072 0.00105
5073 0.00105
5074 0.00105
5075 0.00105
5076 0.00105
5077 0.00105
5078 0.00105
5079 0.00105
5080 0.00105
5081 0.00105
5082 0.00105
5083 0.00105
5084 0.00105
5085 0.00105
5086 0.00105
5087 0.00105
5088 0.00105
5089 0.00105
5090 0.00105
5091 0.00105
5092 0.00105
5093 0.00105
5094 0.00105
5095 0.00105
5096 0.00105
5097 0.00105
5098 0.00105
5099 0.00105
5100 0.00105
5101 0.00105
5102 0.00105
5103 0.00105
5104 0.00105
5105 0.00105
5106 0.00105
5107 0.00105
5108 0.00105
5109 0.00105
5110 0.00105
5111 0.00105
5112 0.00105
5113 0.00105
5114 0.00105
5115 0.00105
5116 0.00105
5117 0.00105
5118 0.00105
5119 0.00105
5120 0.00105
5121 0.00105
5122 0.00105
5123 0.00105
5124 0.00105
5125 0.00105
5126 0.00105
5127 0.00105
5128 0.00105
5129 0.00105
5130 0.00105
5131 0.00105
5132 0.00105
5133 0.00105
5134 0.00105
5135 0.00105
5136 0.00105
5137 0.00105
5138 0.00105
5139 0.00105
5140 0.00105
5141 0.00105
5142 0.00105
5143 0.00105
5144 0.00105
5145 0.00105
5146 0.00105
5147 0.00105
5148 0.00105
5149 0.00105
5150 0.00105
5151 0.00105
5152 0.00105
5153 0.00105
5154 0.00105
5155 0.00105
5156 0.00105
5157 0.00105
5158 0.00105
5159 0.00105
5160 0.00105
5161 0.00105
5162 0.00105
5163 0.00105
5164 0.00105
5165 0.00105
5166 0.00105
5167 0.00105
5168 0.00105
5169 0.00105
5170 0.00105
5171 0.00105
5172 0.00105
5173 0.00105
5174 0.00105
5175 0.00105
5176 0.00105
5177 0.00105
5178 0.00105
5179 0.00105
5180 0.00105
5181 0.00105
5182 0.00105
5183 0.00105
5184 0.00105
5185 0.00105
5186 0.00105
5187 0.00105
5188 0.00105
5189 0.00105
5190 0.00105
5191 0.00105
5192 0.00105
5193 0.00105
5194 0.00105
5195 0.00105
5196 0.00105
5197 0.00105
5198 0.00105
5199 0.00105
5200 0.00105
5201 0.00105
5202 0.00105
5203 0.00105
5204 0.00105
5205 0.00105
5206 0.00105
5207 0.00105
5208 0.00105
5209 0.00105
5210 0.00105
5211 0.00105
5212 0.00105
5213 0.00105
5214 0.00105
5215 0.00105
5216 0.00105
5217 0.00105
5218 0.00105
5219 0.00105
5220 0.00105
5221 0.00105
5222 0.00105
5223 0.00105
5224 0.00105
5225 0.00105
5226 0.00105
5227 0.00105
5228 0.00105
5229 0.00105
5230 0.00105
5231 0.00105
5232 0.00105
5233 0.00105
5234 0.00105
5235 0.00105
5236 0.00105
5237 0.00105
5238 0.00105
5239 0.00105
5240 0.00105
5241 0.00105
5242 0.00105
5243 0.00105
5244 0.00105
5245 0.00105
5246 0.00105
5247 0.00105
5248 0.00105
5249 0.00105
5250 0.00105
5251 0.00105
5252 0.00105
5253 0.00105
5254 0.00105
5255 0.00105
5256 0.00105
5257 0.00105
5258 0.00105
5259 0.00105
5260 0.00105
5261 0.00105
5262 0.00105
5263 0.00105
5264 0.00105
5265 0.00105
5266 0.00105
5267 0.00105
5268 0.00105
5269 0.00105
5270 0.00105
5271 0.00105
5272 0.00105
5273 0.00105
5274 0.00105
5275 0.00105
5276 0.00105
5277 0.00105
5278 0.00105
5279 0.00105
5280 0.00105
5281 0.00105
5282 0.00105
5283 0.00105
5284 0.00105
5285 0.00105
5286 0.00105
5287 0.00105
5288 0.00105
5289 0.00105
5290 0.00105
5291 0.00105
5292 0.00105
5293 0.00105
5294 0.00105
5295 0.00105
5296 0.00105
5297 0.00105
5298 0.00105
5299 0.00105
5300 0.00105
5301 0.00105
5302 0.00105
5303 0.00105
5304 0.00105
5305 0.00105
5306 0.00105
5307 0.00105
5308 0.00105
5309 0.00105
5310 0.00105
5311 0.00105
5312 0.00105
5313 0.00105
5314 0.00105
5315 0.00105
5316 0.00105
5317 0.00105
5318 0.00105
5319 0.00105
5320 0.00105
5321 0.00105
5322 0.00105
5323 0.00105
5324 0.00105
5325 0.00105
5326 0.00105
5327 0.00105
5328 0.00105
5329 0.00105
5330 0.00105
5331 0.00105
5332 0.00105
5333 0.00105
5334 0.00105
5335 0.00105
5336 0.00105
5337 0.00105
5338 0.00105
5339 0.00105
5340 0.00105
5341 0.00105
5342 0.00105
5343 0.00105
5344 0.00105
5345 0.00105
5346 0.00105
5347 0.00105
5348 0.00105
5349 0.00105
5350 0.00105
5351 0.00105
5352 0.00105
5353 0.00105
5354 0.00105
5355 0.00105
5356 0.00105
5357 0.00105
5358 0.00105
5359 0.00105
5360 0.00105
5361 0.00105
5362 0.00105
5363 0.00105
5364 0.00105
5365 0.00105
5366 0.00105
5367 0.00105
5368 0.00105
5369 0.00105
5370 0.00105
5371 0.00105
5372 0.00105
5373 0.00105
5374 0.00105
5375 0.00105
5376 0.00105
5377 0.00105
5378 0.00105
5379 0.00105
5380 0.00105
5381 0.00105
5382 0.00105
5383 0.00105
5384 0.00105
5385 0.00105
5386 0.00105
5387 0.00105
5388 0.00105
5389 0.00105
5390 0.00105
5391 0.00105
5392 0.00105
5393 0.00105
5394 0.00105
5395 0.00105
5396 0.00105
5397 0.00105
5398 0.00105
5399 0.00105
5400 0.00105
5401 0.00105
5402 0.00105
5403 0.00105
5404 0.00105
5405 0.00105
5406 0.00105
5407 0.00105
5408 0.00105
5409 0.00105
5410 0.00105
5411 0.00105
5412 0.00105
5413 0.00105
5414 0.00105
5415 0.00105
5416 0.00105
5417 0.00105
5418 0.00105
5419 0.00105
5420 0.00105
5421 0.00105
5422 0.00105
5423 0.00105
5424 0.00105
5425 0.00105
5426 0.00105
5427 0.00105
5428 0.00105
5429 0.00105
5430 0.00105
5431 0.00105
5432 0.00105
5433 0.00105
5434 0.00105
5435 0.00105
5436 0.00105
5437 0.00105
5438 0.00105
5439 0.00105
5440 0.00105
5441 0.00105
5442 0.00105
5443 0.00105
5444 0.00105
5445 0.00105
5446 0.00105
5447 0.00105
5448 0.00105
5449 0.00105
5450 0.00105
5451 0.00105
5452 0.00105
5453 0.00105
5454 0.00105
5455 0.00105
5456 0.00105
5457 0.00105
5458 0.00105
5459 0.00105
5460 0.00105
5461 0.00105
5462 0.00105
5463 0.00105
5464 0.00105
5465 0.00105
5466 0.00105
5467 0.00105
5468 0.00105
5469 0.00105
5470 0.00105
5471 0.00105
5472 0.00105
5473 0.00105
5474 0.00105
5475 0.00105
5476 0.00105
5477 0.00105
5478 0.00105
5479 0.00105
5480 0.00105
5481 0.00105
5482 0.00105
5483 0.00105
5484 0.00105
5485 0.00105
5486 0.00105
5487 0.00105
5488 0.00105
5489 0.00105
5490 0.00105
5491 0.00105
5492 0.00105
5493 0.00105
5494 0.00105
5495 0.00105
5496 0.00105
5497 0.00105
5498 0.00105
5499 0.00105
5500 0.00105
5501 0.00105
5502 0.00105
5503 0.00105
5504 0.00105
5505 0.00105
5506 0.00105
5507 0.00105
5508 0.00105
5509 0.00105
5510 0.00105
5511 0.00105
5512 0.00105
5513 0.00105
5514 0.00105
5515 0.00105
5516 0.00105
5517 0.00105
5518 0.00105
5519 0.00105
5520 0.00105
5521 0.00105
5522 0.00105
5523 0.00105
5524 0.00105
5525 0.00105
5526 0.00105
5527 0.00105
5528 0.00105
5529 0.00105
5530 0.00105
5531 0.00105
5532 0.00105
5533 0.00105
5534 0.00105
5535 0.00105
5536 0.00105
5537 0.00105
5538 0.00105
5539 0.00105
5540 0.00105
5541 0.00105
5542 0.00105
5543 0.00105
5544 0.00105
5545 0.00105
5546 0.00105
5547 0.00105
5548 0.00105
5549 0.00105
5550 0.00105
5551 0.00105
5552 0.00105
5553 0.00105
5554 0.00105
5555 0.00105
5556 0.00105
5557 0.00105
5558 0.00105
5559 0.00105
5560 0.00105
5561 0.00105
5562 0.00105
5563 0.00105
5564 0.00105
5565 0.00105
5566 0.00105
5567 0.00105
5568 0.00105
5569 0.00105
5570 0.00105
5571 0.00105
5572 0.00105
5573 0.00105
5574 0.00105
5575 0.00105
5576 0.00105
5577 0.00105
5578 0.00105
5579 0.00105
5580 0.00105
5581 0.00105
5582 0.00105
5583 0.00105
5584 0.00105
5585 0.00105
5586 0.00105
5587 0.00105
5588 0.00105
5589 0.00105
5590 0.00105
5591 0.00105
5592 0.00105
5593 0.00105
5594 0.00105
5595 0.00105
5596 0.00105
5597 0.00105
5598 0.00105
5599 0.00105
5600 0.00105
5601 0.00105
5602 0.00105
5603 0.00105
5604 0.00105
5605 0.00105
5606 0.00105
5607 0.00105
5608 0.00105
5609 0.00105
5610 0.00105
5611 0.00105
5612 0.00105
5613 0.00105
5614 0.00105
5615 0.00105
5616 0.00105
5617 0.00105
5618 0.00105
5619 0.00105
5620 0.00105
5621 0.00105
5622 0.00105
5623 0.00105
5624 0.00105
5625 0.00105
5626 0.00105
5627 0.00105
5628 0.00105
5629 0.00105
5630 0.00105
5631 0.00105
5632 0.00105
5633 0.00105
5634 0.00105
5635 0.00105
5636 0.00105
5637 0.00105
5638 0.00105
5639 0.00105
5640 0.00105
5641 0.00105
5642 0.00105
5643 0.00105
5644 0.00105
5645 0.00105
5646 0.00105
5647 0.00105
5648 0.00105
5649 0.00105
5650 0.00105
5651 0.00105
5652 0.00105
5653 0.00105
5654 0.00105
5655 0.00105
5656 0.00105
5657 0.00105
5658 0.00105
5659 0.00105
5660 0.00105
5661 0.00105
5662 0.00105
5663 0.00105
5664 0.00105
5665 0.00105
5666 0.00105
5667 0.00105
5668 0.00105
5669 0.00105
5670 0.00105
5671 0.00105
5672 0.00105
5673 0.00105
5674 0.00105
5675 0.00105
5676 0.00105
5677 0.00105
5678 0.00105
5679 0.00105
5680 0.00105
5681 0.00105
5682 0.00105
5683 0.00105
5684 0.00105
5685 0.00105
5686 0.00105
5687 0.00105
5688 0.00105
5689 0.00105
5690 0.00105
5691 0.00105
5692 0.00105
5693 0.00105
5694 0.00105
5695 0.00105
5696 0.00105
5697 0.00105
5698 0.00105
5699 0.00105
5700 0.00105
5701 0.00105
5702 0.00105
5703 0.00105
5704 0.00105
5705 0.00105
5706 0.00105
5707 0.00105
5708 0.00105
5709 0.00105
5710 0.00105
5711 0.00105
5712 0.00105
5713 0.00105
5714 0.00105
5715 0.00105
5716 0.00105
5717 0.00105
5718 0.00105
5719 0.00105
5720 0.00105
5721 0.00105
5722 0.00105
5723 0.00105
5724 0.00105
5725 0.00105
5726 0.00105
5727 0.00105
5728 0.00105
5729 0.00105
5730 0.00105
5731 0.00105
5732 0.00105
5733 0.00105
5734 0.00105
5735 0.00105
5736 0.00105
5737 0.00105
5738 0.00105
5739 0.00105
5740 0.00105
5741 0.00105
5742 0.00105
5743 0.00105
5744 0.00105
5745 0.00105
5746 0.00105
5747 0.00105
5748 0.00105
5749 0.00105
5750 0.00105
5751 0.00105
5752 0.00105
5753 0.00105
5754 0.00105
5755 0.00105
5756 0.00105
5757 0.00105
5758 0.00105
5759 0.00105
5760 0.00105
5761 0.00105
5762 0.00105
5763 0.00105
5764 0.00105
5765 0.00105
5766 0.00105
5767 0.00105
5768 0.00105
5769 0.00105
5770 0.00105
5771 0.00105
5772 0.00105
5773 0.00105
5774 0.00105
5775 0.00105
5776 0.00105
5777 0.00105
5778 0.00105
5779 0.00105
5780 0.00105
5781 0.00105
5782 0.00105
5783 0.00105
5784 0.00105
5785 0.00105
5786 0.00105
5787 0.00105
5788 0.00105
5789 0.00105
5790 0.00105
5791 0.00105
5792 0.00105
5793 0.00105
5794 0.00105
5795 0.00105
5796 0.00105
5797 0.00105
5798 0.00105
5799 0.00105
5800 0.00105
5801 0.00105
5802 0.00105
5803 0.00105
5804 0.00105
5805 0.00105
5806 0.00105
5807 0.00105
5808 0.00105
5809 0.00105
5810 0.00105
5811 0.00105
5812 0.00105
5813 0.00105
5814 0.00105
5815 0.00105
5816 0.00105
5817 0.00105
5818 0.00105
5819 0.00105
5820 0.00105
5821 0.00105
5822 0.00105
5823 0.00105
5824 0.00105
5825 0.00105
5826 0.00105
5827 0.00105
5828 0.00105
5829 0.00105
5830 0.00105
5831 0.00105
5832 0.00105
5833 0.00105
5834 0.00105
5835 0.00105
5836 0.00105
5837 0.00105
5838 0.00105
5839 0.00105
5840 0.00105
5841 0.00105
5842 0.00105
5843 0.00105
5844 0.00105
5845 0.00105
5846 0.00105
5847 0.00105
5848 0.00105
5849 0.00105
5850 0.00105
5851 0.00105
5852 0.00105
5853 0.00105
5854 0.00105
5855 0.00105
5856 0.00105
5857 0.00105
5858 0.00105
5859 0.00105
5860 0.00105
5861 0.00105
5862 0.00105
5863 0.00105
5864 0.00105
5865 0.00105
5866 0.00105
5867 0.00105
5868 0.00105
5869 0.00105
5870 0.00105
5871 0.00105
5872 0.00105
5873 0.00105
5874 0.00105
5875 0.00105
5876 0.00105
5877 0.00105
5878 0.00105
5879 0.00105
5880 0.00105
5881 0.00105
5882 0.00105
5883 0.00105
5884 0.00105
5885 0.00105
5886 0.00105
5887 0.00105
5888 0.00105
5889 0.00105
5890 0.00105
5891 0.00105
5892 0.00105
5893 0.00105
5894 0.00105
5895 0.00105
5896 0.00105
5897 0.00105
5898 0.00105
5899 0.00105
5900 0.00105
5901 0.00105
5902 0.00105
5903 0.00105
5904 0.00105
5905 0.00105
5906 0.00105
5907 0.00105
5908 0.00105
5909 0.00105
5910 0.00105
5911 0.00105
5912 0.00105
5913 0.00105
5914 0.00105
5915 0.00105
5916 0.00105
5917 0.00105
5918 0.00105
5919 0.00105
5920 0.00105
5921 0.00105
5922 0.00105
5923 0.00105
5924 0.00105
5925 0.00105
5926 0.00105
5927 0.00105
5928 0.00105
5929 0.00105
5930 0.00105
5931 0.00105
5932 0.00105
5933 0.00105
5934 0.00105
5935 0.00105
5936 0.00105
5937 0.00105
5938 0.00105
5939 0.00105
5940 0.00105
5941 0.00105
5942 0.00105
5943 0.00105
5944 0.00105
5945 0.00105
5946 0.00105
5947 0.00105
5948 0.00105
5949 0.00105
5950 0.00105
5951 0.00105
5952 0.00105
5953 0.00105
5954 0.00105
5955 0.00105
5956 0.00105
5957 0.00105
5958 0.00105
5959 0.00105
5960 0.00105
5961 0.00105
5962 0.00105
5963 0.00105
5964 0.00105
5965 0.00105
5966 0.00105
5967 0.00105
5968 0.00105
5969 0.00105
5970 0.00105
5971 0.00105
5972 0.00105
5973 0.00105
5974 0.00105
5975 0.00105
5976 0.00105
5977 0.00105
5978 0.00105
5979 0.00105
5980 0.00105
5981 0.00105
5982 0.00105
5983 0.00105
5984 0.00105
5985 0.00105
5986 0.00105
5987 0.00105
5988 0.00105
5989 0.00105
5990 0.00105
5991 0.00105
5992 0.00105
5993 0.00105
5994 0.00105
5995 0.00105
5996 0.00105
5997 0.00105
5998 0.00105
5999 0.00105
6000 0.00105
6001 0.00105
6002 0.00105
6003 0.00105
6004 0.00105
6005 0.00105
6006 0.00105
6007 0.00105
6008 0.00105
6009 0.00105
6010 0.00105
6011 0.00105
6012 0.00105
6013 0.00105
6014 0.00105
6015 0.00105
6016 0.00105
6017 0.00105
6018 0.00105
6019 0.00105
6020 0.00105
6021 0.00105
6022 0.00105
6023 0.00105
6024 0.00105
6025 0.00105
6026 0.00105
6027 0.00105
6028 0.00105
6029 0.00105
6030 0.00105
6031 0.00105
6032 0.00105
6033 0.00105
6034 0.00105
6035 0.00105
6036 0.00105
6037 0.00105
6038 0.00105
6039 0.00105
6040 0.00105
6041 0.00105
6042 0.00105
6043 0.00105
6044 0.00105
6045 0.00105
6046 0.00105
6047 0.00105
6048 0.00105
6049 0.00105
6050 0.00105
6051 0.00105
6052 0.00105
6053 0.00105
6054 0.00105
6055 0.00105
6056 0.00105
6057 0.00105
6058 0.00105
6059 0.00105
6060 0.00105
6061 0.00105
6062 0.00105
6063 0.00105
6064 0.00105
6065 0.00105
6066 0.00105
6067 0.00105
6068 0.00105
6069 0.00105
6070 0.00105
6071 0.00105
6072 0.00105
6073 0.00105
6074 0.00105
6075 0.00105
6076 0.00105
6077 0.00105
6078 0.00105
6079 0.00105
6080 0.00105
6081 0.00105
6082 0.00105
6083 0.00105
6084 0.00105
6085 0.00105
6086 0.00105
6087 0.00105
6088 0.00105
6089 0.00105
6090 0.00105
6091 0.00105
6092 0.00105
6093 0.00105
6094 0.00105
6095 0.00105
6096 0.00105
6097 0.00105
6098 0.00105
6099 0.00105
6100 0.00105
6101 0.00105
6102 0.00105
6103 0.00105
6104 0.00105
6105 0.00105
6106 0.00105
6107 0.00105
6108 0.00105
6109 0.00105
6110 0.00105
6111 0.00105
6112 0.00105
6113 0.00105
6114 0.00105
6115 0.00105
6116 0.00105
6117 0.00105
6118 0.00105
6119 0.00105
6120 0.00105
6121 0.00105
6122 0.00105
6123 0.00105
6124 0.00105
6125 0.00105
6126 0.00105
6127 0.00105
6128 0.00105
6129 0.00105
6130 0.00105
6131 0.00105
6132 0.00105
6133 0.00105
6134 0.00105
6135 0.00105
6136 0.00105
6137 0.00105
6138 0.00105
6139 0.00105
6140 0.00105
6141 0.00105
6142 0.00105
6143 0.00105
6144 0.00105
6145 0.00105
6146 0.00105
6147 0.00105
6148 0.00105
6149 0.00105
6150 0.00105
6151 0.00105
6152 0.00105
6153 0.00105
6154 0.00105
6155 0.00105
6156 0.00105
6157 0.00105
6158 0.00105
6159 0.00105
6160 0.00105
6161 0.00105
6162 0.00105
6163 0.00105
6164 0.00105
6165 0.00105
6166 0.00105
6167 0.00105
6168 0.00105
6169 0.00105
6170 0.00105
6171 0.00105
6172 0.00105
6173 0.00105
6174 0.00105
6175 0.00105
6176 0.00105
6177 0.00105
6178 0.00105
6179 0.00105
6180 0.00105
6181 0.00105
6182 0.00105
6183 0.00105
6184 0.00105
6185 0.00105
6186 0.00105
6187 0.00105
6188 0.00105
6189 0.00105
6190 0.00105
6191 0.00105
6192 0.00105
6193 0.00105
6194 0.00105
6195 0.00105
6196 0.00105
6197 0.00105
6198 0.00105
6199 0.00105
6200 0.00105
6201 0.00105
6202 0.00105
6203 0.00105
6204 0.00105
6205 0.00105
6206 0.00105
6207 0.00105
6208 0.00105
6209 0.00105
6210 0.00105
6211 0.00105
6212 0.00105
6213 0.00105
6214 0.00105
6215 0.00105
6216 0.00105
6217 0.00105
6218 0.00105
6219 0.00105
6220 0.00105
6221 0.00105
6222 0.00105
6223 0.00105
6224 0.00105
6225 0.00105
6226 0.00105
6227 0.00105
6228 0.00105
6229 0.00105
6230 0.00105
6231 0.00105
6232 0.00105
6233 0.00105
6234 0.00105
6235 0.00105
6236 0.00105
6237 0.00105
6238 0.00105
6239 0.00105
6240 0.00105
6241 0.00105
6242 0.00105
6243 0.00105
6244 0.00105
6245 0.00105
6246 0.00105
6247 0.00105
6248 0.00105
6249 0.00105
6250 0.00105
6251 0.00105
6252 0.00105
6253 0.00105
6254 0.00105
6255 0.00105
6256 0.00105
6257 0.00105
6258 0.00105
6259 0.00105
6260 0.00105
6261 0.00105
6262 0.00105
6263 0.00105
6264 0.00105
6265 0.00105
6266 0.00105
6267 0.00105
6268 0.00105
6269 0.00105
6270 0.00105
6271 0.00105
6272 0.00105
6273 0.00105
6274 0.00105
6275 0.00105
6276 0.00105
6277 0.00105
6278 0.00105
6279 0.00105
6280 0.00105
6281 0.00105
6282 0.00105
6283 0.00105
6284 0.00105
6285 0.00105
6286 0.00105
6287 0.00105
6288 0.00105
6289 0.00105
6290 0.00105
6291 0.00105
6292 0.00105
6293 0.00105
6294 0.00105
6295 0.00105
6296 0.00105
6297 0.00105
6298 0.00105
6299 0.00105
6300 0.00105
6301 0.00105
6302 0.00105
6303 0.00105
6304 0.00105
6305 0.00105
6306 0.00105
6307 0.00105
6308 0.00105
6309 0.00105
6310 0.00105
6311 0.00105
6312 0.00105
6313 0.00105
6314 0.00105
6315 0.00105
6316 0.00105
6317 0.00105
6318 0.00105
6319 0.00105
6320 0.00105
6321 0.00105
6322 0.00105
6323 0.00105
6324 0.00105
6325 0.00105
6326 0.00105
6327 0.00105
6328 0.00105
6329 0.00105
6330 0.00105
6331 0.00105
6332 0.00105
6333 0.00105
6334 0.00105
6335 0.00105
6336 0.00105
6337 0.00105
6338 0.00105
6339 0.00105
6340 0.00105
6341 0.00105
6342 0.00105
6343 0.00105
6344 0.00105
6345 0.00105
6346 0.00105
6347 0.00105
6348 0.00105
6349 0.00105
6350 0.00105
6351 0.00105
6352 0.00105
6353 0.00105
6354 0.00105
6355 0.00105
6356 0.00105
6357 0.00105
6358 0.00105
6359 0.00105
6360 0.00105
6361 0.00105
6362 0.00105
6363 0.00105
6364 0.00105
6365 0.00105
6366 0.00105
6367 0.00105
6368 0.00105
6369 0.00105
6370 0.00105
6371 0.00105
6372 0.00105
6373 0.00105
6374 0.00105
6375 0.00105
6376 0.00105
6377 0.00105
6378 0.00105
6379 0.00105
6380 0.00105
6381 0.00105
6382 0.00105
6383 0.00105
6384 0.00105
6385 0.00105
6386 0.00105
6387 0.00105
6388 0.00105
6389 0.00105
6390 0.00105
6391 0.00105
6392 0.00105
6393 0.00105
6394 0.00105
6395 0.00105
6396 0.00105
6397 0.00105
6398 0.00105
6399 0.00105
6400 0.00105
6401 0.00105
6402 0.00105
6403 0.00105
6404 0.00105
6405 0.00105
6406 0.00105
6407 0.00105
6408 0.00105
6409 0.00105
6410 0.00105
6411 0.00105
6412 0.00105
6413 0.00105
6414 0.00105
6415 0.00105
6416 0.00105
6417 0.00105
6418 0.00105
6419 0.00105
6420 0.00105
6421 0.00105
6422 0.00105
6423 0.00105
6424 0.00105
6425 0.00105
6426 0.00105
6427 0.00105
6428 0.00105
6429 0.00105
6430 0.00105
6431 0.00105
6432 0.00105
6433 0.00105
6434 0.00105
6435 0.00105
6436 0.00105
6437 0.00105
6438 0.00105
6439 0.00105
6440 0.00105
6441 0.00105
6442 0.00105
6443 0.00105
6444 0.00105
6445 0.00105
6446 0.00105
6447 0.00105
6448 0.00105
6449 0.00105
6450 0.00105
6451 0.00105
6452 0.00105
6453 0.00105
6454 0.00105
6455 0.00105
6456 0.00105
6457 0.00105
6458 0.00105
6459 0.00105
6460 0.00105
6461 0.00105
6462 0.00105
6463 0.00105
6464 0.00105
6465 0.00105
6466 0.00105
6467 0.00105
6468 0.00105
6469 0.00105
6470 0.00105
6471 0.00105
6472 0.00105
6473 0.00105
6474 0.00105
6475 0.00105
6476 0.00105
6477 0.00105
6478 0.00105
6479 0.00105
6480 0.00105
6481 0.00105
6482 0.00105
6483 0.00105
6484 0.00105
6485 0.00105
6486 0.00105
6487 0.00105
6488 0.00105
6489 0.00105
6490 0.00105
6491 0.00105
6492 0.00105
6493 0.00105
6494 0.00105
6495 0.00105
6496 0.00105
6497 0.00105
6498 0.00105
6499 0.00105
6500 0.00105
6501 0.00105
6502 0.00105
6503 0.00105
6504 0.00105
6505 0.00105
6506 0.00105
6507 0.00105
6508 0.00105
6509 0.00105
6510 0.00105
6511 0.00105
6512 0.00105
6513 0.00105
6514 0.00105
6515 0.00105
6516 0.00105
6517 0.00105
6518 0.00105
6519 0.00105
6520 0.00105
6521 0.00105
6522 0.00105
6523 0.00105
6524 0.00105
6525 0.00105
6526 0.00105
6527 0.00105
6528 0.00105
6529 0.00105
6530 0.00105
6531 0.00105
6532 0.00105
6533 0.00105
6534 0.00105
6535 0.00105
6536 0.00105
6537 0.00105
6538 0.00105
6539 0.00105
6540 0.00105
6541 0.00105
6542 0.00105
6543 0.00105
6544 0.00105
6545 0.00105
6546 0.00105
6547 0.00105
6548 0.00105
6549 0.00105
6550 0.00105
6551 0.00105
6552 0.00105
6553 0.00105
6554 0.00105
6555 0.00105
6556 0.00105
6557 0.00105
6558 0.00105
6559 0.00105
6560 0.00105
6561 0.00105
6562 0.00105
6563 0.00105
6564 0.00105
6565 0.00105
6566 0.00105
6567 0.00105
6568 0.00105
6569 0.00105
6570 0.00105
6571 0.00105
6572 0.00105
6573 0.00105
6574 0.00105
6575 0.00105
6576 0.00105
6577 0.00105
6578 0.00105
6579 0.00105
6580 0.00105
6581 0.00105
6582 0.00105
6583 0.00105
6584 0.00105
6585 0.00105
6586 0.00105
6587 0.00105
6588 0.00105
6589 0.00105
6590 0.00105
6591 0.00105
6592 0.00105
6593 0.00105
6594 0.00105
6595 0.00105
6596 0.00105
6597 0.00105
6598 0.00105
6599 0.00105
6600 0.00105
6601 0.00105
6602 0.00105
6603 0.00105
6604 0.00105
6605 0.00105
6606 0.00105
6607 0.00105
6608 0.00105
6609 0.00105
6610 0.00105
6611 0.00105
6612 0.00105
6613 0.00105
6614 0.00105
6615 0.00105
6616 0.00105
6617 0.00105
6618 0.00105
6619 0.00105
6620 0.00105
6621 0.00105
6622 0.00105
6623 0.00105
6624 0.00105
6625 0.00105
6626 0.00105
6627 0.00105
6628 0.00105
6629 0.00105
6630 0.00105
6631 0.00105
6632 0.00105
6633 0.00105
6634 0.00105
6635 0.00105
6636 0.00105
6637 0.00105
6638 0.00105
6639 0.00105
6640 0.00105
6641 0.00105
6642 0.00105
6643 0.00105
6644 0.00105
6645 0.00105
6646 0.00105
6647 0.00105
6648 0.00105
6649 0.00105
6650 0.00105
6651 0.00105
6652 0.00105
6653 0.00105
6654 0.00105
6655 0.00105
6656 0.00105
6657 0.00105
6658 0.00105
6659 0.00105
6660 0.00105
6661 0.00105
6662 0.00105
6663 0.00105
6664 0.00105
6665 0.00105
6666 0.00105
6667 0.00105
6668 0.00105
6669 0.00105
6670 0.00105
6671 0.00105
6672 0.00105
6673 0.00105
6674 0.00105
6675 0.00105
6676 0.00105
6677 0.00105
6678 0.00105
6679 0.00105
6680 0.00105
6681 0.00105
6682 0.00105
6683 0.00105
6684 0.00105
6685 0.00105
6686 0.00105
6687 0.00105
6688 0.00105
6689 0.00105
6690 0.00105
6691 0.00105
6692 0.00105
6693 0.00105
6694 0.00105
6695 0.00105
6696 0.00105
6697 0.00105
6698 0.00105
6699 0.00105
6700 0.00105
6701 0.00105
6702 0.00105
6703 0.00105
6704 0.00105
6705 0.00105
6706 0.00105
6707 0.00105
6708 0.00105
6709 0.00105
6710 0.00105
6711 0.00105
6712 0.00105
6713 0.00105
6714 0.00105
6715 0.00105
6716 0.00105
6717 0.00105
6718 0.00105
6719 0.00105
6720 0.00105
6721 0.00105
6722 0.00105
6723 0.00105
6724 0.00105
6725 0.00105
6726 0.00105
6727 0.00105
6728 0.00105
6729 0.00105
6730 0.00105
6731 0.00105
6732 0.00105
6733 0.00105
6734 0.00105
6735 0.00105
6736 0.00105
6737 0.00105
6738 0.00105
6739 0.00105
6740 0.00105
6741 0.00105
6742 0.00105
6743 0.00105
6744 0.00105
6745 0.00105
6746 0.00105
6747 0.00105
6748 0.00105
6749 0.00105
6750 0.00105
6751 0.00105
6752 0.00105
6753 0.00105
6754 0.00105
6755 0.00105
6756 0.00105
6757 0.00105
6758 0.00105
6759 0.00105
6760 0.00105
6761 0.00105
6762 0.00105
6763 0.00105
6764 0.00105
6765 0.00105
6766 0.00105
6767 0.00105
6768 0.00105
6769 0.00105
6770 0.00105
6771 0.00105
6772 0.00105
6773 0.00105
6774 0.00105
6775 0.00105
6776 0.00105
6777 0.00105
6778 0.00105
6779 0.00105
6780 0.00105
6781 0.00105
6782 0.00105
6783 0.00105
6784 0.00105
6785 0.00105
6786 0.00105
6787 0.00105
6788 0.00105
6789 0.00105
6790 0.00105
6791 0.00105
6792 0.00105
6793 0.00105
6794 0.00105
6795 0.00105
6796 0.00105
6797 0.00105
6798 0.00105
6799 0.00105
6800 0.00105
6801 0.00105
6802 0.00105
6803 0.00105
6804 0.00105
6805 0.00105
6806 0.00105
6807 0.00105
6808 0.00105
6809 0.00105
6810 0.00105
6811 0.00105
6812 0.00105
6813 0.00105
6814 0.00105
6815 0.00105
6816 0.00105
6817 0.00105
6818 0.00105
6819 0.00105
6820 0.00105
6821 0.00105
6822 0.00105
6823 0.00105
6824 0.00105
6825 0.00105
6826 0.00105
6827 0.00105
6828 0.00105
6829 0.00105
6830 0.00105
6831 0.00105
6832 0.00105
6833 0.00105
6834 0.00105
6835 0.00105
6836 0.00105
6837 0.00105
6838 0.00105
6839 0.00105
6840 0.00105
6841 0.00105
6842 0.00105
6843 0.00105
6844 0.00105
6845 0.00105
6846 0.00105
6847 0.00105
6848 0.00105
6849 0.00105
6850 0.00105
6851 0.00105
6852 0.00105
6853 0.00105
6854 0.00105
6855 0.00105
6856 0.00105
6857 0.00105
6858 0.00105
6859 0.00105
6860 0.00105
6861 0.00105
6862 0.00105
6863 0.00105
6864 0.00105
6865 0.00105
6866 0.00105
6867 0.00105
6868 0.00105
6869 0.00105
6870 0.00105
6871 0.00105
6872 0.00105
6873 0.00105
6874 0.00105
6875 0.00105
6876 0.00105
6877 0.00105
6878 0.00105
6879 0.00105
6880 0.00105
6881 0.00105
6882 0.00105
6883 0.00105
6884 0.00105
6885 0.00105
6886 0.00105
6887 0.00105
6888 0.00105
6889 0.00105
6890 0.00105
6891 0.00105
6892 0.00105
6893 0.00105
6894 0.00105
6895 0.00105
6896 0.00105
6897 0.00105
6898 0.00105
6899 0.00105
6900 0.00105
6901 0.00105
6902 0.00105
6903 0.00105
6904 0.00105
6905 0.00105
6906 0.00105
6907 0.00105
6908 0.00105
6909 0.00105
6910 0.00105
6911 0.00105
6912 0.00105
6913 0.00105
6914 0.00105
6915 0.00105
6916 0.00105
6917 0.00105
6918 0.00105
6919 0.00105
6920 0.00105
6921 0.00105
6922 0.00105
6923 0.00105
6924 0.00105
6925 0.00105
6926 0.00105
6927 0.0011
6928 0.0011
6929 0.0011
6930 0.0011
6931 0.0011
6932 0.0011
6933 0.0011
6934 0.0011
6935 0.0011
6936 0.0011
6937 0.0011
6938 0.0011
6939 0.0011
6940 0.0011
6941 0.0011
6942 0.0011
6943 0.0011
6944 0.0011
6945 0.0011
6946 0.0011
6947 0.0011
6948 0.0011
6949 0.0011
6950 0.0011
6951 0.0011
6952 0.0011
6953 0.0011
6954 0.0011
6955 0.0011
6956 0.0011
6957 0.0011
6958 0.0011
6959 0.0011
6960 0.0011
6961 0.0011
6962 0.0011
6963 0.0011
6964 0.0011
6965 0.0011
6966 0.0011
6967 0.0011
6968 0.0011
6969 0.0011
6970 0.0011
6971 0.0011
6972 0.0011
6973 0.0011
6974 0.0011
6975 0.0011
6976 0.0011
6977 0.0011
6978 0.0011
6979 0.0011
6980 0.0011
6981 0.0011
6982 0.0011
6983 0.0011
6984 0.0011
6985 0.0011
6986 0.0011
6987 0.0011
6988 0.0011
6989 0.0011
6990 0.0011
6991 0.0011
6992 0.0011
6993 0.0011
6994 0.0011
6995 0.0011
6996 0.0011
6997 0.0011
6998 0.0011
6999 0.0011
7000 0.0011
7001 0.0011
7002 0.0011
7003 0.0011
7004 0.0011
7005 0.0011
7006 0.0011
7007 0.0011
7008 0.0011
7009 0.0011
7010 0.0011
7011 0.0011
7012 0.0011
7013 0.0011
7014 0.0011
7015 0.0011
7016 0.0011
7017 0.0011
7018 0.0011
7019 0.0011
7020 0.0011
7021 0.0011
7022 0.0011
7023 0.0011
7024 0.0011
7025 0.0011
7026 0.0011
7027 0.0011
7028 0.0011
7029 0.0011
7030 0.0011
7031 0.0011
7032 0.0011
7033 0.0011
7034 0.0011
7035 0.0011
7036 0.0011
7037 0.0011
7038 0.0011
7039 0.0011
7040 0.0011
7041 0.0011
7042 0.0011
7043 0.0011
7044 0.00115
7045 0.00115
7046 0.00115
7047 0.00115
7048 0.00115
7049 0.00115
7050 0.00115
7051 0.00115
7052 0.00115
7053 0.00115
7054 0.00115
7055 0.00115
7056 0.00115
7057 0.00115
7058 0.00115
7059 0.00115
7060 0.00115
7061 0.00115
7062 0.00115
7063 0.00115
7064 0.00115
7065 0.00115
7066 0.00115
7067 0.00115
7068 0.00115
7069 0.00115
7070 0.00115
7071 0.00115
7072 0.00115
7073 0.00115
7074 0.00115
7075 0.00115
7076 0.00115
7077 0.00115
7078 0.00115
7079 0.00115
7080 0.00115
7081 0.00115
7082 0.00115
7083 0.00115
7084 0.00115
7085 0.00115
7086 0.00115
7087 0.00115
7088 0.00115
7089 0.00115
7090 0.00115
7091 0.00115
7092 0.00115
7093 0.00115
7094 0.00115
7095 0.00115
7096 0.00115
7097 0.00115
7098 0.00115
7099 0.00115
7100 0.00115
7101 0.00115
7102 0.00115
7103 0.00115
7104 0.00115
7105 0.00115
7106 0.00115
7107 0.00115
7108 0.00115
7109 0.00115
7110 0.00115
7111 0.00115
7112 0.00115
7113 0.00115
7114 0.00115
7115 0.00115
7116 0.00115
7117 0.00115
7118 0.00115
7119 0.00115
7120 0.00115
7121 0.00115
7122 0.00115
7123 0.00115
7124 0.00115
7125 0.00115
7126 0.00115
7127 0.00115
7128 0.00115
7129 0.00115
7130 0.00115
7131 0.00115
7132 0.00115
7133 0.00115
7134 0.00115
7135 0.00115
7136 0.00115
7137 0.00115
7138 0.00115
7139 0.00115
7140 0.00115
7141 0.00115
7142 0.00115
7143 0.00115
7144 0.00115
7145 0.00115
7146 0.00115
7147 0.00115
7148 0.00115
7149 0.00115
7150 0.00115
7151 0.00115
7152 0.00115
7153 0.00115
7154 0.00115
7155 0.00115
7156 0.00115
7157 0.00115
7158 0.00115
7159 0.00115
7160 0.00115
7161 0.00115
7162 0.00115
7163 0.00115
7164 0.00115
7165 0.00115
7166 0.00115
7167 0.00115
7168 0.00115
7169 0.00115
7170 0.00115
7171 0.00115
7172 0.00115
7173 0.00115
7174 0.00115
7175 0.00115
7176 0.00115
7177 0.00115
7178 0.00115
7179 0.00115
7180 0.00115
7181 0.00115
7182 0.00115
7183 0.00115
7184 0.00115
7185 0.00115
7186 0.0012
7187 0.0012
7188 0.0012
7189 0.0012
7190 0.0012
7191 0.0012
7192 0.0012
7193 0.0012
7194 0.0012
7195 0.0012
7196 0.0012
7197 0.0012
7198 0.0012
7199 0.0012
7200 0.0012
7201 0.0012
7202 0.0012
7203 0.0012
7204 0.0012
7205 0.0012
7206 0.0012
7207 0.0012
7208 0.0012
7209 0.0012
7210 0.0012
7211 0.0012
7212 0.0012
7213 0.0012
7214 0.0012
7215 0.0012
7216 0.0012
7217 0.0012
7218 0.0012
7219 0.0012
7220 0.0012
7221 0.0012
7222 0.0012
7223 0.0012
7224 0.0012
7225 0.0012
7226 0.0012
7227 0.0012
7228 0.0012
7229 0.0012
7230 0.0012
7231 0.0012
7232 0.0012
7233 0.0012
7234 0.0012
7235 0.0012
7236 0.0012
7237 0.0012
7238 0.0012
7239 0.0012
7240 0.0012
7241 0.0012
7242 0.0012
7243 0.0012
7244 0.0012
7245 0.0012
7246 0.0012
7247 0.0012
7248 0.0012
7249 0.0012
7250 0.0012
7251 0.0012
7252 0.0012
7253 0.0012
7254 0.0012
7255 0.0012
7256 0.0012
7257 0.0012
7258 0.0012
7259 0.0012
7260 0.0012
7261 0.0012
7262 0.0012
7263 0.0012
7264 0.0012
7265 0.0012
7266 0.0012
7267 0.0012
7268 0.0012
7269 0.0012
7270 0.0012
7271 0.0012
7272 0.0012
7273 0.0012
7274 0.0012
7275 0.0012
7276 0.0012
7277 0.0012
7278 0.0012
7279 0.0012
7280 0.0012
7281 0.0012
7282 0.0012
7283 0.0012
7284 0.0012
7285 0.0012
7286 0.0012
7287 0.0012
7288 0.0012
7289 0.0012
7290 0.0012
7291 0.0012
7292 0.0012
7293 0.0012
7294 0.0012
7295 0.0012
7296 0.0012
7297 0.0012
7298 0.0012
7299 0.0012
7300 0.0012
7301 0.0012
7302 0.0012
7303 0.0012
7304 0.0012
7305 0.0012
7306 0.0012
7307 0.0012
7308 0.0012
7309 0.0012
7310 0.0012
7311 0.0012
7312 0.0012
7313 0.0012
7314 0.0012
7315 0.0012
7316 0.0012
7317 0.0012
7318 0.0012
7319 0.0012
7320 0.0012
7321 0.0012
7322 0.0012
7323 0.0012
7324 0.0012
7325 0.0012
7326 0.0012
7327 0.0012
7328 0.0012
7329 0.0012
7330 0.0012
7331 0.0012
7332 0.0012
7333 0.0012
7334 0.0012
7335 0.0012
7336 0.0012
7337 0.0012
7338 0.0012
7339 0.0012
7340 0.0012
7341 0.0012
7342 0.0012
7343 0.0012
7344 0.0012
7345 0.0012
7346 0.0012
7347 0.0012
7348 0.0012
7349 0.0012
7350 0.0012
7351 0.0012
7352 0.0012
7353 0.0012
7354 0.0012
7355 0.0012
7356 0.0012
7357 0.0012
7358 0.0012
7359 0.0012
7360 0.0012
7361 0.0012
7362 0.0012
7363 0.0012
7364 0.0012
7365 0.0012
7366 0.0012
7367 0.0012
7368 0.0012
7369 0.0012
7370 0.0012
7371 0.0012
7372 0.0012
7373 0.0012
7374 0.0012
7375 0.0012
7376 0.0012
7377 0.0012
7378 0.0012
7379 0.0012
7380 0.0012
7381 0.0012
7382 0.0012
7383 0.0012
7384 0.0012
7385 0.0012
7386 0.0012
7387 0.0012
7388 0.0012
7389 0.0012
7390 0.0012
7391 0.0012
7392 0.0012
7393 0.0012
7394 0.0012
7395 0.0012
7396 0.0012
7397 0.0012
7398 0.0012
7399 0.0012
7400 0.0012
7401 0.0012
7402 0.0012
7403 0.0012
7404 0.0012
7405 0.0012
7406 0.0012
7407 0.0012
7408 0.0012
7409 0.0012
7410 0.0012
7411 0.0012
7412 0.0012
7413 0.0012
7414 0.0012
7415 0.0012
7416 0.0012
7417 0.0012
7418 0.0012
7419 0.0012
7420 0.0012
7421 0.0012
7422 0.0012
7423 0.0012
7424 0.0012
7425 0.0012
7426 0.0012
7427 0.0012
7428 0.0012
7429 0.0012
7430 0.0012
7431 0.0012
7432 0.0012
7433 0.0012
7434 0.0012
7435 0.0012
7436 0.0012
7437 0.0012
7438 0.0012
7439 0.0012
7440 0.0012
7441 0.0012
7442 0.0012
7443 0.0012
7444 0.0012
7445 0.0012
7446 0.0012
7447 0.0012
7448 0.0012
7449 0.0012
7450 0.0012
7451 0.0012
7452 0.0012
7453 0.0012
7454 0.0012
7455 0.0012
7456 0.0012
7457 0.0012
7458 0.0012
7459 0.0012
7460 0.0012
7461 0.0012
7462 0.0012
7463 0.0012
7464 0.0012
7465 0.0012
7466 0.0012
7467 0.0012
7468 0.0012
7469 0.0012
7470 0.0012
7471 0.0012
7472 0.0012
7473 0.0012
7474 0.0012
7475 0.0012
7476 0.0012
7477 0.0012
7478 0.0012
7479 0.0012
7480 0.0012
7481 0.0012
7482 0.0012
7483 0.0012
7484 0.0012
7485 0.0012
7486 0.0012
7487 0.0012
7488 0.0012
7489 0.0012
7490 0.0012
7491 0.0012
7492 0.0012
7493 0.0012
7494 0.0012
7495 0.0012
7496 0.0012
7497 0.0012
7498 0.0012
7499 0.0012
7500 0.0012
7501 0.0012
7502 0.0012
7503 0.0012
7504 0.0012
7505 0.0012
7506 0.0012
7507 0.0012
7508 0.0012
7509 0.0012
7510 0.0012
7511 0.0012
7512 0.0012
7513 0.0012
7514 0.0012
7515 0.0012
7516 0.0012
7517 0.0012
7518 0.0012
7519 0.0012
7520 0.0012
7521 0.0012
7522 0.0012
7523 0.0012
7524 0.0012
7525 0.0012
7526 0.0012
7527 0.0012
7528 0.0012
7529 0.0012
7530 0.0012
7531 0.0012
7532 0.0012
7533 0.0012
7534 0.0012
7535 0.0012
7536 0.0012
7537 0.0012
7538 0.0012
7539 0.0012
7540 0.0012
7541 0.0012
7542 0.0012
7543 0.0012
7544 0.0012
7545 0.0012
7546 0.0012
7547 0.0012
7548 0.0012
7549 0.0012
7550 0.0012
7551 0.0012
7552 0.0012
7553 0.0012
7554 0.0012
7555 0.0012
7556 0.0012
7557 0.0012
7558 0.0012
7559 0.0012
7560 0.0012
7561 0.0012
7562 0.0012
7563 0.0012
7564 0.0012
7565 0.0012
7566 0.0012
7567 0.0012
7568 0.0012
7569 0.0012
7570 0.0012
7571 0.0012
7572 0.0012
7573 0.0012
7574 0.0012
7575 0.0012
7576 0.0012
7577 0.0012
7578 0.0012
7579 0.0012
7580 0.0012
7581 0.0012
7582 0.0012
7583 0.0012
7584 0.0012
7585 0.0012
7586 0.0012
7587 0.0012
7588 0.0012
7589 0.0012
7590 0.0012
7591 0.0012
7592 0.0012
7593 0.0012
7594 0.0012
7595 0.0012
7596 0.0012
7597 0.0012
7598 0.0012
7599 0.0012
7600 0.0012
7601 0.0012
7602 0.0012
7603 0.0012
7604 0.0012
7605 0.0012
7606 0.0012
7607 0.0012
7608 0.0012
7609 0.0012
7610 0.0012
7611 0.0012
7612 0.0012
7613 0.0012
7614 0.0012
7615 0.0012
7616 0.0012
7617 0.0012
7618 0.0012
7619 0.0012
7620 0.0012
7621 0.0012
7622 0.0012
7623 0.0012
7624 0.0012
7625 0.0012
7626 0.0012
7627 0.0012
7628 0.0012
7629 0.0012
7630 0.0012
7631 0.0012
7632 0.0012
7633 0.0012
7634 0.0012
7635 0.0012
7636 0.0012
7637 0.0012
7638 0.0012
7639 0.0012
7640 0.0012
7641 0.0012
7642 0.0012
7643 0.0012
7644 0.0012
7645 0.0012
7646 0.0012
7647 0.0012
7648 0.0012
7649 0.0012
7650 0.0012
7651 0.0012
7652 0.0012
7653 0.0012
7654 0.0012
7655 0.0012
7656 0.0012
7657 0.0012
7658 0.0012
7659 0.0012
7660 0.0012
7661 0.0012
7662 0.0012
7663 0.0012
7664 0.0012
7665 0.0012
7666 0.0012
7667 0.0012
7668 0.0012
7669 0.0012
7670 0.0012
7671 0.0012
7672 0.0012
7673 0.0012
7674 0.0012
7675 0.0012
7676 0.0012
7677 0.0012
7678 0.0012
7679 0.0012
7680 0.0012
7681 0.0012
7682 0.0012
7683 0.0012
7684 0.0012
7685 0.0012
7686 0.0012
7687 0.0012
7688 0.0012
7689 0.0012
7690 0.0012
7691 0.0012
7692 0.0012
7693 0.0012
7694 0.0012
7695 0.0012
7696 0.0012
7697 0.0012
7698 0.0012
7699 0.0012
7700 0.0012
7701 0.0012
7702 0.0012
7703 0.0012
7704 0.0012
7705 0.0012
7706 0.0012
7707 0.0012
7708 0.0012
7709 0.0012
7710 0.0012
7711 0.0012
7712 0.0012
7713 0.0012
7714 0.0012
7715 0.0012
7716 0.0012
7717 0.0012
7718 0.0012
7719 0.0012
7720 0.0012
7721 0.0012
7722 0.0012
7723 0.0012
7724 0.0012
7725 0.0012
7726 0.0012
7727 0.0012
7728 0.0012
7729 0.0012
7730 0.0012
7731 0.0012
7732 0.0012
7733 0.0012
7734 0.0012
7735 0.0012
7736 0.0012
7737 0.0012
7738 0.0012
7739 0.0012
7740 0.0012
7741 0.0012
7742 0.0012
7743 0.0012
7744 0.0012
7745 0.0012
7746 0.0012
7747 0.0012
7748 0.0012
7749 0.0012
7750 0.0012
7751 0.0012
7752 0.0012
7753 0.0012
7754 0.0012
7755 0.0012
7756 0.0012
7757 0.0012
7758 0.0012
7759 0.0012
7760 0.0012
7761 0.0012
7762 0.0012
7763 0.0012
7764 0.0012
7765 0.0012
7766 0.0012
7767 0.0012
7768 0.0012
7769 0.0012
7770 0.0012
7771 0.0012
7772 0.0012
7773 0.0012
7774 0.0012
7775 0.0012
7776 0.0012
7777 0.0012
7778 0.0012
7779 0.0012
7780 0.0012
7781 0.0012
7782 0.0012
7783 0.0012
7784 0.0012
7785 0.0012
7786 0.0012
7787 0.0012
7788 0.0012
7789 0.0012
7790 0.0012
7791 0.0012
7792 0.0012
7793 0.0012
7794 0.0012
7795 0.0012
7796 0.0012
7797 0.0012
7798 0.0012
7799 0.0012
7800 0.0012
7801 0.0012
7802 0.0012
7803 0.0012
7804 0.0012
7805 0.0012
7806 0.0012
7807 0.0012
7808 0.0012
7809 0.0012
7810 0.0012
7811 0.0012
7812 0.0012
7813 0.0012
7814 0.0012
7815 0.0012
7816 0.0012
7817 0.0012
7818 0.0012
7819 0.0012
7820 0.0012
7821 0.0012
7822 0.0012
7823 0.0012
7824 0.0012
7825 0.0012
7826 0.0012
7827 0.0012
7828 0.0012
7829 0.0012
7830 0.0012
7831 0.0012
7832 0.0012
7833 0.0012
7834 0.0012
7835 0.0012
7836 0.0012
7837 0.0012
7838 0.0012
7839 0.0012
7840 0.0012
7841 0.0012
7842 0.0012
7843 0.0012
7844 0.0012
7845 0.0012
7846 0.0012
7847 0.0012
7848 0.0012
7849 0.0012
7850 0.0012
7851 0.0012
7852 0.0012
7853 0.0012
7854 0.0012
7855 0.0012
7856 0.0012
7857 0.0012
7858 0.0012
7859 0.0012
7860 0.0012
7861 0.0012
7862 0.0012
7863 0.0012
7864 0.0012
7865 0.0012
7866 0.0012
7867 0.0012
7868 0.0012
7869 0.0012
7870 0.0012
7871 0.0012
7872 0.0012
7873 0.0012
7874 0.0012
7875 0.0012
7876 0.0012
7877 0.0012
7878 0.0012
7879 0.0012
7880 0.0012
7881 0.0012
7882 0.0012
7883 0.0012
7884 0.0012
7885 0.0012
7886 0.0012
7887 0.0012
7888 0.0012
7889 0.0012
7890 0.0012
7891 0.0012
7892 0.0012
7893 0.0012
7894 0.0012
7895 0.0012
7896 0.0012
7897 0.0012
7898 0.0012
7899 0.0012
7900 0.0012
7901 0.0012
7902 0.0012
7903 0.0012
7904 0.0012
7905 0.0012
7906 0.0012
7907 0.0012
7908 0.0012
7909 0.0012
7910 0.0012
7911 0.0012
7912 0.0012
7913 0.0012
7914 0.0012
7915 0.0012
7916 0.0012
7917 0.0012
7918 0.0012
7919 0.0012
7920 0.0012
7921 0.0012
7922 0.0012
7923 0.0012
7924 0.0012
7925 0.0012
7926 0.0012
7927 0.0012
7928 0.0012
7929 0.0012
7930 0.0012
7931 0.0012
7932 0.0012
7933 0.0012
7934 0.0012
7935 0.0012
7936 0.0012
7937 0.0012
7938 0.0012
7939 0.0012
7940 0.0012
7941 0.0012
7942 0.0012
7943 0.0012
7944 0.0012
7945 0.0012
7946 0.0012
7947 0.0012
7948 0.0012
7949 0.0012
7950 0.0012
7951 0.0012
7952 0.0012
7953 0.0012
7954 0.0012
7955 0.0012
7956 0.0012
7957 0.0012
7958 0.0012
7959 0.0012
7960 0.0012
7961 0.0012
7962 0.0012
7963 0.0012
7964 0.0012
7965 0.0012
7966 0.0012
7967 0.0012
7968 0.0012
7969 0.0012
7970 0.0012
7971 0.0012
7972 0.0012
7973 0.0012
7974 0.0012
7975 0.0012
7976 0.0012
7977 0.0012
7978 0.0012
7979 0.0012
7980 0.0012
7981 0.0012
7982 0.0012
7983 0.0012
7984 0.0012
7985 0.0012
7986 0.0012
7987 0.0012
7988 0.0012
7989 0.0012
7990 0.0012
7991 0.0012
7992 0.0012
7993 0.0012
7994 0.0012
7995 0.0012
7996 0.0012
7997 0.0012
7998 0.0012
7999 0.0012
8000 0.0012
8001 0.0012
8002 0.0012
8003 0.0012
8004 0.0012
8005 0.0012
8006 0.0012
8007 0.0012
8008 0.0012
8009 0.0012
8010 0.0012
8011 0.0012
8012 0.0012
8013 0.0012
8014 0.0012
8015 0.0012
8016 0.0012
8017 0.0012
8018 0.0012
8019 0.0012
8020 0.0012
8021 0.0012
8022 0.0012
8023 0.0012
8024 0.0012
8025 0.0012
8026 0.0012
8027 0.0012
8028 0.0012
8029 0.0012
8030 0.0012
8031 0.0012
8032 0.0012
8033 0.0012
8034 0.0012
8035 0.0012
8036 0.0012
8037 0.0012
8038 0.0012
8039 0.0012
8040 0.0012
8041 0.0012
8042 0.0012
8043 0.0012
8044 0.0012
8045 0.0012
8046 0.0012
8047 0.0012
8048 0.0012
8049 0.0012
8050 0.0012
8051 0.0012
8052 0.0012
8053 0.0012
8054 0.0012
8055 0.0012
8056 0.0012
8057 0.0012
8058 0.0012
8059 0.0012
8060 0.0012
8061 0.0012
8062 0.0012
8063 0.0012
8064 0.0012
8065 0.0012
8066 0.0012
8067 0.0012
8068 0.0012
8069 0.0012
8070 0.0012
8071 0.0012
8072 0.0012
8073 0.0012
8074 0.0012
8075 0.0012
8076 0.0012
8077 0.0012
8078 0.0012
8079 0.0012
8080 0.0012
8081 0.0012
8082 0.0012
8083 0.0012
8084 0.0012
8085 0.0012
8086 0.0012
8087 0.0012
8088 0.0012
8089 0.0012
8090 0.0012
8091 0.0012
8092 0.0012
8093 0.0012
8094 0.0012
8095 0.0012
8096 0.0012
8097 0.0012
8098 0.0012
8099 0.0012
8100 0.0012
8101 0.0012
8102 0.0012
8103 0.0012
8104 0.0012
8105 0.0012
8106 0.0012
8107 0.0012
8108 0.0012
8109 0.0012
8110 0.0012
8111 0.0012
8112 0.0012
8113 0.0012
8114 0.0012
8115 0.0012
8116 0.0012
8117 0.0012
8118 0.0012
8119 0.0012
8120 0.0012
8121 0.0012
8122 0.0012
8123 0.0012
8124 0.0012
8125 0.0012
8126 0.0012
8127 0.0012
8128 0.0012
8129 0.0012
8130 0.0012
8131 0.0012
8132 0.0012
8133 0.0012
8134 0.0012
8135 0.0012
8136 0.0012
8137 0.0012
8138 0.0012
8139 0.0012
8140 0.0012
8141 0.0012
8142 0.0012
8143 0.0012
8144 0.0012
8145 0.0012
8146 0.0012
8147 0.0012
8148 0.0012
8149 0.0012
8150 0.0012
8151 0.0012
8152 0.0012
8153 0.0012
8154 0.0012
8155 0.0012
8156 0.0012
8157 0.0012
8158 0.0012
8159 0.0012
8160 0.0012
8161 0.0012
8162 0.0012
8163 0.0012
8164 0.0012
8165 0.0012
8166 0.0012
8167 0.0012
8168 0.0012
8169 0.0012
8170 0.0012
8171 0.0012
8172 0.0012
8173 0.0012
8174 0.0012
8175 0.0012
8176 0.0012
8177 0.0012
8178 0.0012
8179 0.0012
8180 0.0012
8181 0.0012
8182 0.0012
8183 0.0012
8184 0.0012
8185 0.0012
8186 0.0012
8187 0.0012
8188 0.0012
8189 0.0012
8190 0.0012
8191 0.0012
8192 0.0012
8193 0.0012
8194 0.0012
8195 0.0012
8196 0.0012
8197 0.0012
8198 0.0012
8199 0.0012
8200 0.0012
8201 0.0012
8202 0.0012
8203 0.0012
8204 0.0012
8205 0.0012
8206 0.0012
8207 0.0012
8208 0.0012
8209 0.0012
8210 0.0012
8211 0.0012
8212 0.0012
8213 0.0012
8214 0.0012
8215 0.0012
8216 0.0012
8217 0.0012
8218 0.0012
8219 0.0012
8220 0.0012
8221 0.0012
8222 0.0012
8223 0.0012
8224 0.0012
8225 0.0012
8226 0.0012
8227 0.0012
8228 0.0012
8229 0.0012
8230 0.0012
8231 0.0012
8232 0.0012
8233 0.0012
8234 0.0012
8235 0.0012
8236 0.0012
8237 0.0012
8238 0.0012
8239 0.0012
8240 0.0012
8241 0.0012
8242 0.0012
8243 0.0012
8244 0.0012
8245 0.0012
8246 0.0012
8247 0.0012
8248 0.0012
8249 0.0012
8250 0.0012
8251 0.0012
8252 0.0012
8253 0.0012
8254 0.0012
8255 0.0012
8256 0.0012
8257 0.0012
8258 0.0012
8259 0.0012
8260 0.0012
8261 0.0012
8262 0.0012
8263 0.0012
8264 0.0012
8265 0.0012
8266 0.0012
8267 0.0012
8268 0.0012
8269 0.0012
8270 0.0012
8271 0.0012
8272 0.00125
8273 0.00125
8274 0.00125
8275 0.00125
8276 0.00125
8277 0.00125
8278 0.00125
8279 0.00125
8280 0.00125
8281 0.00125
8282 0.00125
8283 0.00125
8284 0.00125
8285 0.00125
8286 0.00125
8287 0.00125
8288 0.00125
8289 0.00125
8290 0.00125
8291 0.00125
8292 0.00125
8293 0.00125
8294 0.00125
8295 0.00125
8296 0.00125
8297 0.00125
8298 0.00125
8299 0.00125
8300 0.00125
8301 0.00125
8302 0.00125
8303 0.00125
8304 0.00125
8305 0.00125
8306 0.00125
8307 0.00125
8308 0.00125
8309 0.00125
8310 0.00125
8311 0.00125
8312 0.00125
8313 0.00125
8314 0.00125
8315 0.00125
8316 0.00125
8317 0.00125
8318 0.00125
8319 0.00125
8320 0.00125
8321 0.00125
8322 0.00125
8323 0.00125
8324 0.00125
8325 0.00125
8326 0.00125
8327 0.00125
8328 0.00125
8329 0.00125
8330 0.00125
8331 0.00125
8332 0.00125
8333 0.00125
8334 0.00125
8335 0.00125
8336 0.00125
8337 0.00125
8338 0.00125
8339 0.00125
8340 0.00125
8341 0.00125
8342 0.00125
8343 0.00125
8344 0.00125
8345 0.00125
8346 0.00125
8347 0.00125
8348 0.00125
8349 0.00125
8350 0.00125
8351 0.00125
8352 0.00125
8353 0.00125
8354 0.00125
8355 0.00125
8356 0.00125
8357 0.00125
8358 0.00125
8359 0.00125
8360 0.00125
8361 0.00125
8362 0.00125
8363 0.00125
8364 0.00125
8365 0.00125
8366 0.00125
8367 0.00125
8368 0.00125
8369 0.00125
8370 0.00125
8371 0.00125
8372 0.00125
8373 0.00125
8374 0.00125
8375 0.00125
8376 0.00125
8377 0.00125
8378 0.00125
8379 0.00125
8380 0.00125
8381 0.00125
8382 0.00125
8383 0.00125
8384 0.00125
8385 0.00125
8386 0.00125
8387 0.00125
8388 0.00125
8389 0.00125
8390 0.00125
8391 0.00125
8392 0.00125
8393 0.00125
8394 0.00125
8395 0.00125
8396 0.00125
8397 0.00125
8398 0.00125
8399 0.00125
8400 0.00125
8401 0.00125
8402 0.00125
8403 0.00125
8404 0.00125
8405 0.00125
8406 0.00125
8407 0.00125
8408 0.00125
8409 0.00125
8410 0.00125
8411 0.00125
8412 0.00125
8413 0.00125
8414 0.00125
8415 0.00125
8416 0.00125
8417 0.00125
8418 0.00125
8419 0.00125
8420 0.00125
8421 0.00125
8422 0.00125
8423 0.00125
8424 0.00125
8425 0.00125
8426 0.00125
8427 0.00125
8428 0.00125
8429 0.00125
8430 0.00125
8431 0.00125
8432 0.00125
8433 0.00125
8434 0.00125
8435 0.00125
8436 0.00125
8437 0.00125
8438 0.00125
8439 0.00125
8440 0.00125
8441 0.00125
8442 0.00125
8443 0.00125
8444 0.00125
8445 0.00125
8446 0.00125
8447 0.00125
8448 0.00125
8449 0.00125
8450 0.00125
8451 0.00125
8452 0.00125
8453 0.00125
8454 0.00125
8455 0.00125
8456 0.00125
8457 0.00125
8458 0.00125
8459 0.00125
8460 0.00125
8461 0.00125
8462 0.00125
8463 0.00125
8464 0.00125
8465 0.00125
8466 0.00125
8467 0.00125
8468 0.00125
8469 0.00125
8470 0.00125
8471 0.00125
8472 0.00125
8473 0.00125
8474 0.00125
8475 0.00125
8476 0.00125
8477 0.00125
8478 0.00125
8479 0.00125
8480 0.00125
8481 0.00125
8482 0.00125
8483 0.00125
8484 0.00125
8485 0.00125
8486 0.00125
8487 0.00125
8488 0.00125
8489 0.00125
8490 0.00125
8491 0.00125
8492 0.00125
8493 0.00125
8494 0.00125
8495 0.00125
8496 0.00125
8497 0.00125
8498 0.00125
8499 0.00125
8500 0.00125
8501 0.00125
8502 0.00125
8503 0.00125
8504 0.00125
8505 0.00125
8506 0.00125
8507 0.00125
8508 0.00125
8509 0.00125
8510 0.00125
8511 0.00125
8512 0.00125
8513 0.00125
8514 0.00125
8515 0.00125
8516 0.00125
8517 0.00125
8518 0.00125
8519 0.00125
8520 0.00125
8521 0.00125
8522 0.00125
8523 0.00125
8524 0.00125
8525 0.00125
8526 0.00125
8527 0.00125
8528 0.00125
8529 0.00125
8530 0.00125
8531 0.00125
8532 0.00125
8533 0.00125
8534 0.00125
8535 0.00125
8536 0.00125
8537 0.00125
8538 0.00125
8539 0.00125
8540 0.00125
8541 0.00125
8542 0.00125
8543 0.00125
8544 0.00125
8545 0.00125
8546 0.00125
8547 0.00125
8548 0.00125
8549 0.00125
8550 0.00125
8551 0.00125
8552 0.00125
8553 0.00125
8554 0.00125
8555 0.00125
8556 0.00125
8557 0.00125
8558 0.00125
8559 0.00125
8560 0.00125
8561 0.00125
8562 0.00125
8563 0.00125
8564 0.00125
8565 0.00125
8566 0.00125
8567 0.00125
8568 0.00125
8569 0.00125
8570 0.00125
8571 0.00125
8572 0.00125
8573 0.00125
8574 0.00125
8575 0.00125
8576 0.00125
8577 0.00125
8578 0.00125
8579 0.00125
8580 0.00125
8581 0.00125
8582 0.00125
8583 0.00125
8584 0.00125
8585 0.00125
8586 0.00125
8587 0.00125
8588 0.00125
8589 0.00125
8590 0.00125
8591 0.00125
8592 0.00125
8593 0.00125
8594 0.00125
8595 0.00125
8596 0.00125
8597 0.00125
8598 0.00125
8599 0.00125
8600 0.00125
8601 0.00125
8602 0.00125
8603 0.00125
8604 0.00125
8605 0.00125
8606 0.00125
8607 0.00125
8608 0.00125
8609 0.00125
8610 0.00125
8611 0.00125
8612 0.00125
8613 0.00125
8614 0.00125
8615 0.00125
8616 0.00125
8617 0.00125
8618 0.00125
8619 0.00125
8620 0.00125
8621 0.00125
8622 0.00125
8623 0.00125
8624 0.00125
8625 0.00125
8626 0.00125
8627 0.00125
8628 0.00125
8629 0.00125
8630 0.00125
8631 0.00125
8632 0.00125
8633 0.00125
8634 0.00125
8635 0.00125
8636 0.00125
8637 0.00125
8638 0.00125
8639 0.00125
8640 0.00125
8641 0.00125
8642 0.00125
8643 0.00125
8644 0.00125
8645 0.00125
8646 0.00125
8647 0.00125
8648 0.00125
8649 0.00125
8650 0.00125
8651 0.00125
8652 0.00125
8653 0.00125
8654 0.00125
8655 0.00125
8656 0.00125
8657 0.00125
8658 0.00125
8659 0.00125
8660 0.00125
8661 0.00125
8662 0.00125
8663 0.00125
8664 0.00125
8665 0.00125
8666 0.00125
8667 0.00125
8668 0.00125
8669 0.00125
8670 0.00125
8671 0.00125
8672 0.00125
8673 0.00125
8674 0.00125
8675 0.00125
8676 0.00125
8677 0.00125
8678 0.00125
8679 0.00125
8680 0.00125
8681 0.00125
8682 0.00125
8683 0.00125
8684 0.00125
8685 0.00125
8686 0.00125
8687 0.00125
8688 0.00125
8689 0.00125
8690 0.00125
8691 0.00125
8692 0.00125
8693 0.00125
8694 0.00125
8695 0.00125
8696 0.00125
8697 0.00125
8698 0.00125
8699 0.00125
8700 0.00125
8701 0.00125
8702 0.00125
8703 0.00125
8704 0.00125
8705 0.00125
8706 0.00125
8707 0.00125
8708 0.00125
8709 0.00125
8710 0.00125
8711 0.00125
8712 0.00125
8713 0.00125
8714 0.00125
8715 0.00125
8716 0.00125
8717 0.00125
8718 0.00125
8719 0.00125
8720 0.00125
8721 0.00125
8722 0.00125
8723 0.00125
8724 0.00125
8725 0.00125
8726 0.00125
8727 0.00125
8728 0.00125
8729 0.00125
8730 0.00125
8731 0.00125
8732 0.00125
8733 0.00125
8734 0.00125
8735 0.00125
8736 0.00125
8737 0.00125
8738 0.00125
8739 0.00125
8740 0.00125
8741 0.00125
8742 0.00125
8743 0.00125
8744 0.00125
8745 0.00125
8746 0.00125
8747 0.00125
8748 0.00125
8749 0.00125
8750 0.00125
8751 0.00125
8752 0.00125
8753 0.00125
8754 0.00125
8755 0.00125
8756 0.00125
8757 0.00125
8758 0.00125
8759 0.00125
8760 0.00125
8761 0.00125
8762 0.00125
8763 0.00125
8764 0.00125
8765 0.00125
8766 0.00125
8767 0.00125
8768 0.00125
8769 0.00125
8770 0.00125
8771 0.00125
8772 0.00125
8773 0.00125
8774 0.00125
8775 0.00125
8776 0.00125
8777 0.00125
8778 0.00125
8779 0.00125
8780 0.00125
8781 0.00125
8782 0.00125
8783 0.00125
8784 0.00125
8785 0.00125
8786 0.00125
8787 0.00125
8788 0.00125
8789 0.00125
8790 0.00125
8791 0.00125
8792 0.00125
8793 0.00125
8794 0.00125
8795 0.00125
8796 0.00125
8797 0.00125
8798 0.00125
8799 0.00125
8800 0.00125
8801 0.00125
8802 0.00125
8803 0.00125
8804 0.00125
8805 0.00125
8806 0.00125
8807 0.00125
8808 0.00125
8809 0.00125
8810 0.00125
8811 0.00125
8812 0.00125
8813 0.00125
8814 0.00125
8815 0.00125
8816 0.00125
8817 0.00125
8818 0.00125
8819 0.00125
8820 0.00125
8821 0.00125
8822 0.00125
8823 0.00125
8824 0.00125
8825 0.00125
8826 0.00125
8827 0.00125
8828 0.00125
8829 0.00125
8830 0.00125
8831 0.00125
8832 0.00125
8833 0.00125
8834 0.00125
8835 0.00125
8836 0.00125
8837 0.00125
8838 0.00125
8839 0.00125
8840 0.00125
8841 0.00125
8842 0.00125
8843 0.00125
8844 0.00125
8845 0.00125
8846 0.00125
8847 0.00125
8848 0.00125
8849 0.00125
8850 0.00125
8851 0.00125
8852 0.00125
8853 0.00125
8854 0.00125
8855 0.00125
8856 0.00125
8857 0.00125
8858 0.00125
8859 0.00125
8860 0.00125
8861 0.00125
8862 0.00125
8863 0.00125
8864 0.00125
8865 0.00125
8866 0.00125
8867 0.00125
8868 0.00125
8869 0.00125
8870 0.00125
8871 0.00125
8872 0.00125
8873 0.00125
8874 0.00125
8875 0.00125
8876 0.00125
8877 0.00125
8878 0.00125
8879 0.00125
8880 0.00125
8881 0.00125
8882 0.00125
8883 0.00125
8884 0.00125
8885 0.00125
8886 0.00125
8887 0.00125
8888 0.00125
8889 0.00125
8890 0.00125
8891 0.00125
8892 0.00125
8893 0.00125
8894 0.00125
8895 0.00125
8896 0.00125
8897 0.00125
8898 0.00125
8899 0.00125
8900 0.00125
8901 0.00125
8902 0.00125
8903 0.00125
8904 0.00125
8905 0.00125
8906 0.00125
8907 0.00125
8908 0.00125
8909 0.00125
8910 0.00125
8911 0.00125
8912 0.00125
8913 0.00125
8914 0.00125
8915 0.00125
8916 0.00125
8917 0.00125
8918 0.00125
8919 0.00125
8920 0.00125
8921 0.00125
8922 0.00125
8923 0.00125
8924 0.00125
8925 0.00125
8926 0.00125
8927 0.00125
8928 0.00125
8929 0.00125
8930 0.00125
8931 0.00125
8932 0.00125
8933 0.00125
8934 0.00125
8935 0.00125
8936 0.00125
8937 0.00125
8938 0.00125
8939 0.00125
8940 0.00125
8941 0.00125
8942 0.00125
8943 0.00125
8944 0.00125
8945 0.00125
8946 0.00125
8947 0.00125
8948 0.00125
8949 0.00125
8950 0.00125
8951 0.00125
8952 0.00125
8953 0.00125
8954 0.00125
8955 0.00125
8956 0.00125
8957 0.00125
8958 0.00125
8959 0.00125
8960 0.00125
8961 0.00125
8962 0.00125
8963 0.00125
8964 0.00125
8965 0.00125
8966 0.00125
8967 0.00125
8968 0.00125
8969 0.00125
8970 0.00125
8971 0.00125
8972 0.00125
8973 0.00125
8974 0.00125
8975 0.00125
8976 0.00125
8977 0.00125
8978 0.00125
8979 0.00125
8980 0.00125
8981 0.00125
8982 0.00125
8983 0.00125
8984 0.00125
8985 0.00125
8986 0.00125
8987 0.00125
8988 0.00125
8989 0.00125
8990 0.00125
8991 0.00125
8992 0.00125
8993 0.00125
8994 0.00125
8995 0.00125
8996 0.00125
8997 0.00125
8998 0.00125
8999 0.00125
9000 0.00125
9001 0.00125
9002 0.00125
9003 0.00125
9004 0.00125
9005 0.00125
9006 0.00125
9007 0.00125
9008 0.00125
9009 0.00125
9010 0.00125
9011 0.00125
9012 0.00125
9013 0.00125
9014 0.00125
9015 0.00125
9016 0.00125
9017 0.00125
9018 0.00125
9019 0.00125
9020 0.00125
9021 0.00125
9022 0.00125
9023 0.00125
9024 0.00125
9025 0.00125
9026 0.00125
9027 0.00125
9028 0.00125
9029 0.00125
9030 0.00125
9031 0.00125
9032 0.00125
9033 0.00125
9034 0.00125
9035 0.00125
9036 0.00125
9037 0.00125
9038 0.00125
9039 0.00125
9040 0.00125
9041 0.00125
9042 0.00125
9043 0.00125
9044 0.00125
9045 0.00125
9046 0.00125
9047 0.00125
9048 0.00125
9049 0.00125
9050 0.00125
9051 0.00125
9052 0.00125
9053 0.00125
9054 0.00125
9055 0.00125
9056 0.00125
9057 0.00125
9058 0.00125
9059 0.00125
9060 0.00125
9061 0.00125
9062 0.00125
9063 0.00125
9064 0.00125
9065 0.00125
9066 0.00125
9067 0.00125
9068 0.00125
9069 0.00125
9070 0.00125
9071 0.00125
9072 0.00125
9073 0.00125
9074 0.00125
9075 0.00125
9076 0.00125
9077 0.00125
9078 0.00125
9079 0.00125
9080 0.00125
9081 0.00125
9082 0.00125
9083 0.00125
9084 0.00125
9085 0.00125
9086 0.00125
9087 0.00125
9088 0.00125
9089 0.00125
9090 0.00125
9091 0.00125
9092 0.00125
9093 0.00125
9094 0.00125
9095 0.00125
9096 0.00125
9097 0.00125
9098 0.00125
9099 0.00125
9100 0.00125
9101 0.00125
9102 0.00125
9103 0.00125
9104 0.00125
9105 0.00125
9106 0.00125
9107 0.00125
9108 0.00125
9109 0.00125
9110 0.00125
9111 0.00125
9112 0.00125
9113 0.00125
9114 0.00125
9115 0.00125
9116 0.00125
9117 0.00125
9118 0.00125
9119 0.00125
9120 0.00125
9121 0.00125
9122 0.00125
9123 0.00125
9124 0.00125
9125 0.00125
9126 0.00125
9127 0.00125
9128 0.00125
9129 0.00125
9130 0.00125
9131 0.00125
9132 0.00125
9133 0.00125
9134 0.00125
9135 0.00125
9136 0.00125
9137 0.00125
9138 0.00125
9139 0.00125
9140 0.00125
9141 0.00125
9142 0.00125
9143 0.00125
9144 0.00125
9145 0.00125
9146 0.00125
9147 0.00125
9148 0.00125
9149 0.00125
9150 0.00125
9151 0.00125
9152 0.00125
9153 0.00125
9154 0.00125
9155 0.00125
9156 0.00125
9157 0.00125
9158 0.00125
9159 0.00125
9160 0.00125
9161 0.00125
9162 0.00125
9163 0.00125
9164 0.00125
9165 0.00125
9166 0.00125
9167 0.00125
9168 0.00125
9169 0.00125
9170 0.00125
9171 0.00125
9172 0.00125
9173 0.00125
9174 0.00125
9175 0.00125
9176 0.00125
9177 0.00125
9178 0.00125
9179 0.00125
9180 0.00125
9181 0.00125
9182 0.00125
9183 0.00125
9184 0.00125
9185 0.00125
9186 0.00125
9187 0.00125
9188 0.00125
9189 0.00125
9190 0.00125
9191 0.00125
9192 0.00125
9193 0.00125
9194 0.00125
9195 0.00125
9196 0.00125
9197 0.00125
9198 0.00125
9199 0.00125
9200 0.00125
9201 0.00125
9202 0.00125
9203 0.00125
9204 0.00125
9205 0.00125
9206 0.00125
9207 0.00125
9208 0.00125
9209 0.00125
9210 0.00125
9211 0.00125
9212 0.0013
9213 0.0013
9214 0.0013
9215 0.0013
9216 0.0013
9217 0.0013
9218 0.0013
9219 0.0013
9220 0.0013
9221 0.0013
9222 0.0013
9223 0.0013
9224 0.0013
9225 0.0013
9226 0.0013
9227 0.0013
9228 0.0013
9229 0.0013
9230 0.0013
9231 0.0013
9232 0.0013
9233 0.0013
9234 0.0013
9235 0.0013
9236 0.0013
9237 0.0013
9238 0.0013
9239 0.0013
9240 0.0013
9241 0.0013
9242 0.0013
9243 0.0013
9244 0.0013
9245 0.0013
9246 0.0013
9247 0.0013
9248 0.0013
9249 0.0013
9250 0.0013
9251 0.0013
9252 0.0013
9253 0.0013
9254 0.0013
9255 0.0013
9256 0.0013
9257 0.0013
9258 0.0013
9259 0.0013
9260 0.0013
9261 0.0013
9262 0.0013
9263 0.0013
9264 0.0013
9265 0.0013
9266 0.0013
9267 0.0013
9268 0.0013
9269 0.0013
9270 0.0013
9271 0.0013
9272 0.0013
9273 0.0013
9274 0.0013
9275 0.0013
9276 0.0013
9277 0.0013
9278 0.0013
9279 0.0013
9280 0.0013
9281 0.0013
9282 0.0013
9283 0.0013
9284 0.0013
9285 0.0013
9286 0.0013
9287 0.0013
9288 0.0013
9289 0.0013
9290 0.0013
9291 0.0013
9292 0.0013
9293 0.0013
9294 0.0013
9295 0.0013
9296 0.0013
9297 0.0013
9298 0.0013
9299 0.0013
9300 0.0013
9301 0.0013
9302 0.0013
9303 0.0013
9304 0.0013
9305 0.0013
9306 0.0013
9307 0.0013
9308 0.0013
9309 0.0013
9310 0.0013
9311 0.0013
9312 0.0013
9313 0.0013
9314 0.0013
9315 0.0013
9316 0.0013
9317 0.0013
9318 0.0013
9319 0.0013
9320 0.0013
9321 0.0013
9322 0.0013
9323 0.0013
9324 0.0013
9325 0.0013
9326 0.0013
9327 0.0013
9328 0.0013
9329 0.0013
9330 0.0013
9331 0.0013
9332 0.0013
9333 0.0013
9334 0.0013
9335 0.0013
9336 0.0013
9337 0.0013
9338 0.0013
9339 0.0013
9340 0.0013
9341 0.0013
9342 0.0013
9343 0.0013
9344 0.0013
9345 0.0013
9346 0.0013
9347 0.0013
9348 0.0013
9349 0.0013
9350 0.0013
9351 0.0013
9352 0.0013
9353 0.0013
9354 0.0013
9355 0.0013
9356 0.0013
9357 0.0013
9358 0.0013
9359 0.0013
9360 0.0013
9361 0.0013
9362 0.0013
9363 0.0013
9364 0.0013
9365 0.0013
9366 0.0013
9367 0.0013
9368 0.0013
9369 0.0013
9370 0.0013
9371 0.0013
9372 0.0013
9373 0.0013
9374 0.0013
9375 0.0013
9376 0.0013
9377 0.0013
9378 0.0013
9379 0.0013
9380 0.0013
9381 0.0013
9382 0.0013
9383 0.0013
9384 0.0013
9385 0.0013
9386 0.0013
9387 0.0013
9388 0.0013
9389 0.0013
9390 0.0013
9391 0.0013
9392 0.0013
9393 0.0013
9394 0.0013
9395 0.0013
9396 0.0013
9397 0.0013
9398 0.0013
9399 0.0013
9400 0.0013
9401 0.0013
9402 0.0013
9403 0.0013
9404 0.0013
9405 0.0013
9406 0.0013
9407 0.0013
9408 0.0013
9409 0.0013
9410 0.0013
9411 0.0013
9412 0.0013
9413 0.0013
9414 0.0013
9415 0.0013
9416 0.0013
9417 0.0013
9418 0.0013
9419 0.0013
9420 0.0013
9421 0.0013
9422 0.0013
9423 0.0013
9424 0.0013
9425 0.0013
9426 0.0013
9427 0.0013
9428 0.0013
9429 0.0013
9430 0.0013
9431 0.0013
9432 0.0013
9433 0.0013
9434 0.0013
9435 0.0013
9436 0.0013
9437 0.0013
9438 0.0013
9439 0.0013
9440 0.0013
9441 0.0013
9442 0.0013
9443 0.0013
9444 0.0013
9445 0.0013
9446 0.0013
9447 0.0013
9448 0.0013
9449 0.0013
9450 0.0013
9451 0.0013
9452 0.0013
9453 0.0013
9454 0.0013
9455 0.0013
9456 0.0013
9457 0.0013
9458 0.0013
9459 0.0013
9460 0.0013
9461 0.0013
9462 0.0013
9463 0.0013
9464 0.0013
9465 0.0013
9466 0.0013
9467 0.0013
9468 0.0013
9469 0.0013
9470 0.0013
9471 0.0013
9472 0.0013
9473 0.0013
9474 0.0013
9475 0.0013
9476 0.0013
9477 0.0013
9478 0.0013
9479 0.0013
9480 0.0013
9481 0.0013
9482 0.0013
9483 0.0013
9484 0.0013
9485 0.0013
9486 0.0013
9487 0.0013
9488 0.0013
9489 0.0013
9490 0.0013
9491 0.0013
9492 0.0013
9493 0.0013
9494 0.0013
9495 0.0013
9496 0.0013
9497 0.0013
9498 0.0013
9499 0.0013
9500 0.0013
9501 0.0013
9502 0.0013
9503 0.0013
9504 0.0013
9505 0.0013
9506 0.0013
9507 0.0013
9508 0.0013
9509 0.0013
9510 0.0013
9511 0.0013
9512 0.0013
9513 0.0013
9514 0.0013
9515 0.0013
9516 0.0013
9517 0.0013
9518 0.0013
9519 0.0013
9520 0.0013
9521 0.0013
9522 0.0013
9523 0.0013
9524 0.0013
9525 0.0013
9526 0.0013
9527 0.0013
9528 0.0013
9529 0.0013
9530 0.0013
9531 0.0013
9532 0.0013
9533 0.0013
9534 0.0013
9535 0.0013
9536 0.0013
9537 0.0013
9538 0.0013
9539 0.0013
9540 0.0013
9541 0.0013
9542 0.0013
9543 0.0013
9544 0.0013
9545 0.0013
9546 0.0013
9547 0.0013
9548 0.0013
9549 0.0013
9550 0.0013
9551 0.0013
9552 0.0013
9553 0.0013
9554 0.0013
9555 0.0013
9556 0.0013
9557 0.0013
9558 0.0013
9559 0.0013
9560 0.0013
9561 0.0013
9562 0.0013
9563 0.0013
9564 0.0013
9565 0.0013
9566 0.0013
9567 0.0013
9568 0.0013
9569 0.0013
9570 0.0013
9571 0.0013
9572 0.0013
9573 0.0013
9574 0.0013
9575 0.0013
9576 0.0013
9577 0.0013
9578 0.0013
9579 0.0013
9580 0.0013
9581 0.0013
9582 0.0013
9583 0.0013
9584 0.0013
9585 0.0013
9586 0.0013
9587 0.0013
9588 0.0013
9589 0.0013
9590 0.0013
9591 0.0013
9592 0.0013
9593 0.0013
9594 0.0013
9595 0.0013
9596 0.0013
9597 0.0013
9598 0.0013
9599 0.0013
9600 0.0013
9601 0.0013
9602 0.0013
9603 0.0013
9604 0.0013
9605 0.0013
9606 0.0013
9607 0.0013
9608 0.0013
9609 0.0013
9610 0.0013
9611 0.0013
9612 0.0013
9613 0.0013
9614 0.0013
9615 0.0013
9616 0.0013
9617 0.0013
9618 0.0013
9619 0.0013
9620 0.0013
9621 0.0013
9622 0.0013
9623 0.0013
9624 0.0013
9625 0.0013
9626 0.0013
9627 0.0013
9628 0.0013
9629 0.0013
9630 0.0013
9631 0.0013
9632 0.0013
9633 0.0013
9634 0.0013
9635 0.0013
9636 0.0013
9637 0.0013
9638 0.0013
9639 0.0013
9640 0.0013
9641 0.0013
9642 0.0013
9643 0.0013
9644 0.0013
9645 0.0013
9646 0.0013
9647 0.0013
9648 0.0013
9649 0.0013
9650 0.0013
9651 0.0013
9652 0.0013
9653 0.0013
9654 0.0013
9655 0.0013
9656 0.0013
9657 0.0013
9658 0.0013
9659 0.0013
9660 0.0013
9661 0.0013
9662 0.0013
9663 0.0013
9664 0.0013
9665 0.0013
9666 0.0013
9667 0.0013
9668 0.0013
9669 0.0013
9670 0.0013
9671 0.0013
9672 0.0013
9673 0.0013
9674 0.0013
9675 0.0013
9676 0.0013
9677 0.0013
9678 0.0013
9679 0.0013
9680 0.0013
9681 0.0013
9682 0.0013
9683 0.0013
9684 0.0013
9685 0.0013
9686 0.0013
9687 0.0013
9688 0.0013
9689 0.0013
9690 0.0013
9691 0.0013
9692 0.0013
9693 0.0013
9694 0.0013
9695 0.0013
9696 0.0013
9697 0.0013
9698 0.0013
9699 0.0013
9700 0.0013
9701 0.0013
9702 0.0013
9703 0.0013
9704 0.0013
9705 0.0013
9706 0.0013
9707 0.0013
9708 0.0013
9709 0.0013
9710 0.00135
9711 0.00135
9712 0.00135
9713 0.00135
9714 0.00135
9715 0.00135
9716 0.00135
9717 0.00135
9718 0.00135
9719 0.00135
9720 0.00135
9721 0.00135
9722 0.00135
9723 0.00135
9724 0.00135
9725 0.00135
9726 0.00135
9727 0.00135
9728 0.00135
9729 0.00135
9730 0.00135
9731 0.00135
9732 0.00135
9733 0.00135
9734 0.00135
9735 0.00135
9736 0.00135
9737 0.00135
9738 0.00135
9739 0.00135
9740 0.00135
9741 0.00135
9742 0.00135
9743 0.00135
9744 0.00135
9745 0.00135
9746 0.00135
9747 0.00135
9748 0.00135
9749 0.00135
9750 0.00135
9751 0.00135
9752 0.00135
9753 0.00135
9754 0.00135
9755 0.00135
9756 0.00135
9757 0.00135
9758 0.00135
9759 0.00135
9760 0.00135
9761 0.00135
9762 0.00135
9763 0.00135
9764 0.00135
9765 0.00135
9766 0.00135
9767 0.00135
9768 0.00135
9769 0.00135
9770 0.00135
9771 0.00135
9772 0.00135
9773 0.00135
9774 0.00135
9775 0.00135
9776 0.00135
9777 0.00135
9778 0.00135
9779 0.00135
9780 0.00135
9781 0.00135
9782 0.00135
9783 0.00135
9784 0.00135
9785 0.00135
9786 0.00135
9787 0.00135
9788 0.00135
9789 0.00135
9790 0.00135
9791 0.00135
9792 0.00135
9793 0.00135
9794 0.00135
9795 0.00135
9796 0.00135
9797 0.00135
9798 0.00135
9799 0.00135
9800 0.00135
9801 0.00135
9802 0.00135
9803 0.00135
9804 0.00135
9805 0.00135
9806 0.00135
9807 0.00135
9808 0.00135
9809 0.00135
9810 0.00135
9811 0.00135
9812 0.00135
9813 0.00135
9814 0.00135
9815 0.00135
9816 0.00135
9817 0.00135
9818 0.00135
9819 0.00135
9820 0.00135
9821 0.00135
9822 0.00135
9823 0.00135
9824 0.00135
9825 0.00135
9826 0.00135
9827 0.00135
9828 0.00135
9829 0.00135
9830 0.00135
9831 0.00135
9832 0.00135
9833 0.00135
9834 0.00135
9835 0.00135
9836 0.00135
9837 0.00135
9838 0.00135
9839 0.00135
9840 0.00135
9841 0.00135
9842 0.00135
9843 0.00135
9844 0.00135
9845 0.00135
9846 0.00135
9847 0.00135
9848 0.00135
9849 0.00135
9850 0.00135
9851 0.00135
9852 0.00135
9853 0.00135
9854 0.00135
9855 0.00135
9856 0.00135
9857 0.00135
9858 0.00135
9859 0.00135
9860 0.00135
9861 0.00135
9862 0.00135
9863 0.00135
9864 0.00135
9865 0.00135
9866 0.00135
9867 0.00135
9868 0.00135
9869 0.00135
9870 0.00135
9871 0.00135
9872 0.00135
9873 0.00135
9874 0.00135
9875 0.00135
9876 0.00135
9877 0.00135
9878 0.00135
9879 0.00135
9880 0.00135
9881 0.00135
9882 0.00135
9883 0.00135
9884 0.00135
9885 0.00135
9886 0.00135
9887 0.00135
9888 0.00135
9889 0.00135
9890 0.00135
9891 0.00135
9892 0.00135
9893 0.00135
9894 0.00135
9895 0.00135
9896 0.00135
9897 0.00135
9898 0.00135
9899 0.00135
9900 0.00135
9901 0.00135
9902 0.00135
9903 0.00135
9904 0.00135
9905 0.00135
9906 0.00135
9907 0.00135
9908 0.00135
9909 0.00135
9910 0.00135
9911 0.00135
9912 0.00135
9913 0.00135
9914 0.00135
9915 0.00135
9916 0.00135
9917 0.00135
9918 0.00135
9919 0.00135
9920 0.00135
9921 0.00135
9922 0.00135
9923 0.00135
9924 0.00135
9925 0.00135
9926 0.00135
9927 0.00135
9928 0.00135
9929 0.00135
9930 0.00135
9931 0.00135
9932 0.00135
9933 0.00135
9934 0.00135
9935 0.00135
9936 0.00135
9937 0.00135
9938 0.00135
9939 0.00135
9940 0.00135
9941 0.00135
9942 0.00135
9943 0.00135
9944 0.00135
9945 0.00135
9946 0.00135
9947 0.00135
9948 0.00135
9949 0.00135
9950 0.00135
9951 0.00135
9952 0.00135
9953 0.00135
9954 0.00135
9955 0.00135
9956 0.00135
9957 0.00135
9958 0.00135
9959 0.00135
9960 0.00135
9961 0.00135
9962 0.00135
9963 0.00135
9964 0.00135
9965 0.00135
9966 0.00135
9967 0.00135
9968 0.00135
9969 0.00135
9970 0.00135
9971 0.00135
9972 0.00135
9973 0.00135
9974 0.00135
9975 0.00135
9976 0.00135
9977 0.00135
9978 0.00135
9979 0.00135
9980 0.00135
9981 0.00135
9982 0.00135
9983 0.00135
9984 0.00135
9985 0.00135
9986 0.00135
9987 0.00135
9988 0.00135
9989 0.00135
9990 0.00135
9991 0.00135
9992 0.00135
9993 0.00135
9994 0.00135
9995 0.00135
9996 0.00135
9997 0.00135
9998 0.00135
9999 0.00135
10000 0.00135
10001 0.00135
10002 0.00135
10003 0.00135
10004 0.00135
10005 0.00135
10006 0.00135
10007 0.00135
10008 0.00135
10009 0.00135
10010 0.00135
10011 0.00135
10012 0.00135
10013 0.00135
10014 0.00135
10015 0.00135
10016 0.00135
10017 0.00135
10018 0.00135
10019 0.00135
10020 0.00135
10021 0.00135
10022 0.00135
10023 0.00135
10024 0.00135
10025 0.00135
10026 0.00135
10027 0.00135
10028 0.00135
10029 0.00135
10030 0.00135
10031 0.00135
10032 0.00135
10033 0.00135
10034 0.00135
10035 0.00135
10036 0.00135
10037 0.00135
10038 0.00135
10039 0.00135
10040 0.00135
10041 0.00135
10042 0.00135
10043 0.00135
10044 0.00135
10045 0.00135
10046 0.00135
10047 0.00135
10048 0.00135
10049 0.00135
10050 0.00135
10051 0.00135
10052 0.00135
10053 0.00135
10054 0.00135
10055 0.00135
10056 0.00135
10057 0.00135
10058 0.00135
10059 0.00135
10060 0.00135
10061 0.00135
10062 0.00135
10063 0.00135
10064 0.00135
10065 0.00135
10066 0.00135
10067 0.00135
10068 0.00135
10069 0.00135
10070 0.00135
10071 0.00135
10072 0.00135
10073 0.00135
10074 0.00135
10075 0.00135
10076 0.00135
10077 0.00135
10078 0.00135
10079 0.00135
10080 0.00135
10081 0.00135
10082 0.00135
10083 0.00135
10084 0.00135
10085 0.00135
10086 0.00135
10087 0.00135
10088 0.00135
10089 0.00135
10090 0.00135
10091 0.00135
10092 0.00135
10093 0.00135
10094 0.00135
10095 0.00135
10096 0.00135
10097 0.00135
10098 0.00135
10099 0.00135
10100 0.00135
10101 0.00135
10102 0.00135
10103 0.00135
10104 0.00135
10105 0.00135
10106 0.00135
10107 0.00135
10108 0.00135
10109 0.00135
10110 0.00135
10111 0.00135
10112 0.00135
10113 0.00135
10114 0.00135
10115 0.00135
10116 0.00135
10117 0.00135
10118 0.00135
10119 0.00135
10120 0.00135
10121 0.00135
10122 0.00135
10123 0.00135
10124 0.00135
10125 0.00135
10126 0.00135
10127 0.00135
10128 0.00135
10129 0.00135
10130 0.00135
10131 0.00135
10132 0.00135
10133 0.00135
10134 0.00135
10135 0.00135
10136 0.00135
10137 0.00135
10138 0.00135
10139 0.00135
10140 0.00135
10141 0.00135
10142 0.00135
10143 0.00135
10144 0.00135
10145 0.00135
10146 0.00135
10147 0.00135
10148 0.00135
10149 0.00135
10150 0.00135
10151 0.00135
10152 0.00135
10153 0.00135
10154 0.00135
10155 0.00135
10156 0.00135
10157 0.00135
10158 0.00135
10159 0.00135
10160 0.00135
10161 0.00135
10162 0.00135
10163 0.00135
10164 0.00135
10165 0.00135
10166 0.00135
10167 0.00135
10168 0.00135
10169 0.00135
10170 0.00135
10171 0.00135
10172 0.00135
10173 0.00135
10174 0.00135
10175 0.00135
10176 0.00135
10177 0.00135
10178 0.00135
10179 0.00135
10180 0.00135
10181 0.00135
10182 0.00135
10183 0.00135
10184 0.00135
10185 0.00135
10186 0.00135
10187 0.00135
10188 0.00135
10189 0.00135
10190 0.00135
10191 0.00135
10192 0.00135
10193 0.00135
10194 0.00135
10195 0.00135
10196 0.00135
10197 0.00135
10198 0.00135
10199 0.00135
10200 0.00135
10201 0.00135
10202 0.00135
10203 0.00135
10204 0.00135
10205 0.00135
10206 0.00135
10207 0.00135
10208 0.00135
10209 0.00135
10210 0.00135
10211 0.00135
10212 0.00135
10213 0.00135
10214 0.00135
10215 0.00135
10216 0.00135
10217 0.00135
10218 0.00135
10219 0.00135
10220 0.00135
10221 0.00135
10222 0.00135
10223 0.00135
10224 0.00135
10225 0.00135
10226 0.00135
10227 0.00135
10228 0.00135
10229 0.00135
10230 0.00135
10231 0.00135
10232 0.00135
10233 0.00135
10234 0.00135
10235 0.00135
10236 0.00135
10237 0.00135
10238 0.00135
10239 0.00135
10240 0.00135
10241 0.00135
10242 0.00135
10243 0.00135
10244 0.00135
10245 0.00135
10246 0.00135
10247 0.00135
10248 0.00135
10249 0.00135
10250 0.00135
10251 0.00135
10252 0.00135
10253 0.00135
10254 0.00135
10255 0.00135
10256 0.00135
10257 0.00135
10258 0.00135
10259 0.00135
10260 0.00135
10261 0.00135
10262 0.00135
10263 0.00135
10264 0.00135
10265 0.00135
10266 0.00135
10267 0.00135
10268 0.00135
10269 0.00135
10270 0.00135
10271 0.00135
10272 0.00135
10273 0.00135
10274 0.00135
10275 0.00135
10276 0.00135
10277 0.00135
10278 0.00135
10279 0.00135
10280 0.00135
10281 0.00135
10282 0.00135
10283 0.00135
10284 0.00135
10285 0.00135
10286 0.00135
10287 0.00135
10288 0.00135
10289 0.00135
10290 0.00135
10291 0.00135
10292 0.00135
10293 0.00135
10294 0.00135
10295 0.00135
10296 0.00135
10297 0.00135
10298 0.00135
10299 0.00135
10300 0.00135
10301 0.00135
10302 0.00135
10303 0.00135
10304 0.00135
10305 0.00135
10306 0.00135
10307 0.00135
10308 0.00135
10309 0.00135
10310 0.00135
10311 0.00135
10312 0.00135
10313 0.00135
10314 0.00135
10315 0.00135
10316 0.00135
10317 0.00135
10318 0.00135
10319 0.00135
10320 0.00135
10321 0.00135
10322 0.00135
10323 0.00135
10324 0.00135
10325 0.00135
10326 0.00135
10327 0.00135
10328 0.00135
10329 0.00135
10330 0.00135
10331 0.00135
10332 0.00135
10333 0.00135
10334 0.00135
10335 0.00135
10336 0.00135
10337 0.00135
10338 0.00135
10339 0.00135
10340 0.00135
10341 0.00135
10342 0.00135
10343 0.00135
10344 0.00135
10345 0.00135
10346 0.00135
10347 0.00135
10348 0.00135
10349 0.00135
10350 0.00135
10351 0.00135
10352 0.00135
10353 0.00135
10354 0.00135
10355 0.00135
10356 0.00135
10357 0.00135
10358 0.00135
10359 0.00135
10360 0.00135
10361 0.00135
10362 0.00135
10363 0.00135
10364 0.00135
10365 0.00135
10366 0.00135
10367 0.00135
10368 0.00135
10369 0.00135
10370 0.00135
10371 0.00135
10372 0.00135
10373 0.00135
10374 0.00135
10375 0.00135
10376 0.00135
10377 0.00135
10378 0.00135
10379 0.00135
10380 0.00135
10381 0.00135
10382 0.00135
10383 0.00135
10384 0.00135
10385 0.00135
10386 0.00135
10387 0.00135
10388 0.00135
10389 0.00135
10390 0.00135
10391 0.00135
10392 0.00135
10393 0.00135
10394 0.00135
10395 0.00135
10396 0.00135
10397 0.00135
10398 0.00135
10399 0.00135
10400 0.00135
10401 0.00135
10402 0.00135
10403 0.00135
10404 0.00135
10405 0.00135
10406 0.00135
10407 0.00135
10408 0.00135
10409 0.00135
10410 0.00135
10411 0.00135
10412 0.00135
10413 0.00135
10414 0.00135
10415 0.00135
10416 0.00135
10417 0.00135
10418 0.00135
10419 0.00135
10420 0.00135
10421 0.00135
10422 0.00135
10423 0.00135
10424 0.00135
10425 0.00135
10426 0.00135
10427 0.00135
10428 0.00135
10429 0.00135
10430 0.00135
10431 0.00135
10432 0.00135
10433 0.00135
10434 0.00135
10435 0.00135
10436 0.00135
10437 0.00135
10438 0.00135
10439 0.00135
10440 0.00135
10441 0.00135
10442 0.00135
10443 0.00135
10444 0.00135
10445 0.00135
10446 0.00135
10447 0.00135
10448 0.00135
10449 0.00135
10450 0.00135
10451 0.00135
10452 0.00135
10453 0.00135
10454 0.00135
10455 0.00135
10456 0.00135
10457 0.00135
10458 0.00135
10459 0.00135
10460 0.00135
10461 0.00135
10462 0.00135
10463 0.00135
10464 0.00135
10465 0.00135
10466 0.00135
10467 0.00135
10468 0.00135
10469 0.00135
10470 0.00135
10471 0.00135
10472 0.00135
10473 0.00135
10474 0.00135
10475 0.00135
10476 0.00135
10477 0.00135
10478 0.00135
10479 0.00135
10480 0.00135
10481 0.00135
10482 0.00135
10483 0.00135
10484 0.00135
10485 0.00135
10486 0.00135
10487 0.00135
10488 0.00135
10489 0.00135
10490 0.00135
10491 0.00135
10492 0.00135
10493 0.00135
10494 0.00135
10495 0.00135
10496 0.00135
10497 0.00135
10498 0.00135
10499 0.00135
10500 0.00135
10501 0.00135
10502 0.00135
10503 0.00135
10504 0.00135
10505 0.00135
10506 0.00135
10507 0.00135
10508 0.00135
10509 0.00135
10510 0.00135
10511 0.00135
10512 0.00135
10513 0.00135
10514 0.00135
10515 0.00135
10516 0.00135
10517 0.00135
10518 0.00135
10519 0.00135
10520 0.00135
10521 0.00135
10522 0.00135
10523 0.00135
10524 0.00135
10525 0.00135
10526 0.00135
10527 0.00135
10528 0.00135
10529 0.00135
10530 0.00135
10531 0.00135
10532 0.00135
10533 0.00135
10534 0.00135
10535 0.00135
10536 0.00135
10537 0.00135
10538 0.00135
10539 0.00135
10540 0.00135
10541 0.00135
10542 0.00135
10543 0.00135
10544 0.00135
10545 0.00135
10546 0.00135
10547 0.00135
10548 0.00135
10549 0.00135
10550 0.00135
10551 0.00135
10552 0.00135
10553 0.00135
10554 0.00135
10555 0.00135
10556 0.00135
10557 0.00135
10558 0.00135
10559 0.00135
10560 0.00135
10561 0.00135
10562 0.00135
10563 0.00135
10564 0.00135
10565 0.00135
10566 0.00135
10567 0.00135
10568 0.00135
10569 0.00135
10570 0.00135
10571 0.00135
10572 0.00135
10573 0.00135
10574 0.00135
10575 0.00135
10576 0.00135
10577 0.00135
10578 0.00135
10579 0.00135
10580 0.00135
10581 0.00135
10582 0.00135
10583 0.00135
10584 0.00135
10585 0.00135
10586 0.00135
10587 0.00135
10588 0.00135
10589 0.00135
10590 0.00135
10591 0.00135
10592 0.00135
10593 0.00135
10594 0.00135
10595 0.00135
10596 0.00135
10597 0.00135
10598 0.00135
10599 0.00135
10600 0.00135
10601 0.00135
10602 0.00135
10603 0.00135
10604 0.00135
10605 0.00135
10606 0.00135
10607 0.00135
10608 0.00135
10609 0.00135
10610 0.00135
10611 0.00135
10612 0.00135
10613 0.00135
10614 0.00135
10615 0.00135
10616 0.00135
10617 0.00135
10618 0.00135
10619 0.00135
10620 0.00135
10621 0.00135
10622 0.00135
10623 0.00135
10624 0.00135
10625 0.00135
10626 0.00135
10627 0.00135
10628 0.00135
10629 0.00135
10630 0.00135
10631 0.00135
10632 0.00135
10633 0.00135
10634 0.00135
10635 0.00135
10636 0.00135
10637 0.00135
10638 0.00135
10639 0.00135
10640 0.00135
10641 0.00135
10642 0.00135
10643 0.00135
10644 0.00135
10645 0.00135
10646 0.00135
10647 0.00135
10648 0.00135
10649 0.00135
10650 0.00135
10651 0.00135
10652 0.00135
10653 0.00135
10654 0.00135
10655 0.00135
10656 0.00135
10657 0.00135
10658 0.00135
10659 0.00135
10660 0.00135
10661 0.00135
10662 0.00135
10663 0.00135
10664 0.00135
10665 0.00135
10666 0.00135
10667 0.00135
10668 0.00135
10669 0.00135
10670 0.00135
10671 0.00135
10672 0.00135
10673 0.00135
10674 0.00135
10675 0.00135
10676 0.00135
10677 0.00135
10678 0.00135
10679 0.00135
10680 0.00135
10681 0.00135
10682 0.00135
10683 0.00135
10684 0.00135
10685 0.00135
10686 0.00135
10687 0.00135
10688 0.00135
10689 0.00135
10690 0.00135
10691 0.00135
10692 0.00135
10693 0.00135
10694 0.00135
10695 0.00135
10696 0.00135
10697 0.00135
10698 0.00135
10699 0.00135
10700 0.00135
10701 0.00135
10702 0.00135
10703 0.00135
10704 0.00135
10705 0.00135
10706 0.00135
10707 0.00135
10708 0.00135
10709 0.00135
10710 0.00135
10711 0.00135
10712 0.00135
10713 0.00135
10714 0.00135
10715 0.00135
10716 0.00135
10717 0.00135
10718 0.00135
10719 0.00135
10720 0.00135
10721 0.00135
10722 0.00135
10723 0.00135
10724 0.00135
10725 0.00135
10726 0.00135
10727 0.00135
10728 0.00135
10729 0.00135
10730 0.00135
10731 0.00135
10732 0.00135
10733 0.00135
10734 0.00135
10735 0.00135
10736 0.00135
10737 0.00135
10738 0.00135
10739 0.00135
10740 0.00135
10741 0.00135
10742 0.00135
10743 0.00135
10744 0.00135
10745 0.00135
10746 0.00135
10747 0.00135
10748 0.00135
10749 0.00135
10750 0.00135
10751 0.00135
10752 0.00135
10753 0.00135
10754 0.00135
10755 0.00135
10756 0.00135
10757 0.00135
10758 0.00135
10759 0.00135
10760 0.00135
10761 0.00135
10762 0.00135
10763 0.00135
10764 0.00135
10765 0.00135
10766 0.00135
10767 0.00135
10768 0.00135
10769 0.00135
10770 0.00135
10771 0.00135
10772 0.00135
10773 0.00135
10774 0.00135
10775 0.00135
10776 0.00135
10777 0.00135
10778 0.00135
10779 0.00135
10780 0.00135
10781 0.00135
10782 0.00135
10783 0.00135
10784 0.00135
10785 0.00135
10786 0.00135
10787 0.00135
10788 0.00135
10789 0.00135
10790 0.00135
10791 0.00135
10792 0.00135
10793 0.00135
10794 0.00135
10795 0.00135
10796 0.00135
10797 0.00135
10798 0.00135
10799 0.00135
10800 0.00135
10801 0.00135
10802 0.00135
10803 0.00135
10804 0.00135
10805 0.00135
10806 0.00135
10807 0.0014
10808 0.0014
10809 0.00145
10810 0.00145
10811 0.00145
10812 0.00145
10813 0.00145
10814 0.00145
10815 0.00145
10816 0.00145
10817 0.00145
10818 0.00145
10819 0.00145
10820 0.00145
10821 0.00145
10822 0.00145
10823 0.00145
10824 0.00145
10825 0.00145
10826 0.00145
10827 0.00145
10828 0.00145
10829 0.00145
10830 0.00145
10831 0.00145
10832 0.00145
10833 0.00145
10834 0.00145
10835 0.00145
10836 0.00145
10837 0.00145
10838 0.00145
10839 0.00145
10840 0.00145
10841 0.00145
10842 0.00145
10843 0.00145
10844 0.00145
10845 0.00145
10846 0.00145
10847 0.00145
10848 0.00145
10849 0.00145
10850 0.00145
10851 0.00145
10852 0.00145
10853 0.00145
10854 0.00145
10855 0.00145
10856 0.00145
10857 0.00145
10858 0.00145
10859 0.00145
10860 0.00145
10861 0.00145
10862 0.00145
10863 0.00145
10864 0.00145
10865 0.00145
10866 0.00145
10867 0.00145
10868 0.00145
10869 0.00145
10870 0.00145
10871 0.00145
10872 0.00145
10873 0.00145
10874 0.00145
10875 0.00145
10876 0.00145
10877 0.00145
10878 0.00145
10879 0.00145
10880 0.00145
10881 0.00145
10882 0.00145
10883 0.00145
10884 0.00145
10885 0.00145
10886 0.00145
10887 0.00145
10888 0.00145
10889 0.00145
10890 0.00145
10891 0.00145
10892 0.00145
10893 0.00145
10894 0.00145
10895 0.00145
10896 0.00145
10897 0.00145
10898 0.00145
10899 0.00145
10900 0.00145
10901 0.00145
10902 0.00145
10903 0.00145
10904 0.00145
10905 0.00145
10906 0.00145
10907 0.00145
10908 0.00145
10909 0.00145
10910 0.00145
10911 0.00145
10912 0.00145
10913 0.00145
10914 0.00145
10915 0.00145
10916 0.00145
10917 0.00145
10918 0.00145
10919 0.00145
10920 0.00145
10921 0.00145
10922 0.00145
10923 0.00145
10924 0.00145
10925 0.00145
10926 0.00145
10927 0.00145
10928 0.00145
10929 0.00145
10930 0.00145
10931 0.00145
10932 0.00145
10933 0.00145
10934 0.00145
10935 0.00145
10936 0.00145
10937 0.00145
10938 0.00145
10939 0.00145
10940 0.00145
10941 0.00145
10942 0.00145
10943 0.00145
10944 0.00145
10945 0.00145
10946 0.00145
10947 0.00145
10948 0.00145
10949 0.00145
10950 0.00145
10951 0.00145
10952 0.00145
10953 0.00145
10954 0.00145
10955 0.00145
10956 0.00145
10957 0.00145
10958 0.00145
10959 0.00145
10960 0.00145
10961 0.00145
10962 0.00145
10963 0.00145
10964 0.00145
10965 0.00145
10966 0.00145
10967 0.00145
10968 0.00145
10969 0.00145
10970 0.00145
10971 0.00145
10972 0.00145
10973 0.00145
10974 0.00145
10975 0.00145
10976 0.00145
10977 0.00145
10978 0.00145
10979 0.00145
10980 0.00145
10981 0.00145
10982 0.00145
10983 0.00145
10984 0.00145
10985 0.00145
10986 0.00145
10987 0.00145
10988 0.00145
10989 0.00145
10990 0.00145
10991 0.00145
10992 0.00145
10993 0.00145
10994 0.00145
10995 0.00145
10996 0.00145
10997 0.00145
10998 0.00145
10999 0.00145
11000 0.00145
11001 0.00145
11002 0.00145
11003 0.00145
11004 0.00145
11005 0.00145
11006 0.00145
11007 0.00145
11008 0.00145
11009 0.00145
11010 0.00145
11011 0.00145
11012 0.00145
11013 0.00145
11014 0.00145
11015 0.00145
11016 0.00145
11017 0.00145
11018 0.00145
11019 0.00145
11020 0.00145
11021 0.00145
11022 0.00145
11023 0.00145
11024 0.00145
11025 0.00145
11026 0.00145
11027 0.00145
11028 0.00145
11029 0.00145
11030 0.00145
11031 0.00145
11032 0.00145
11033 0.00145
11034 0.00145
11035 0.00145
11036 0.00145
11037 0.00145
11038 0.00145
11039 0.00145
11040 0.00145
11041 0.00145
11042 0.00145
11043 0.00145
11044 0.00145
11045 0.00145
11046 0.00145
11047 0.00145
11048 0.00145
11049 0.00145
11050 0.00145
11051 0.00145
11052 0.00145
11053 0.00145
11054 0.00145
11055 0.00145
11056 0.00145
11057 0.00145
11058 0.00145
11059 0.00145
11060 0.00145
11061 0.00145
11062 0.00145
11063 0.00145
11064 0.00145
11065 0.00145
11066 0.00145
11067 0.00145
11068 0.00145
11069 0.00145
11070 0.00145
11071 0.00145
11072 0.00145
11073 0.00145
11074 0.00145
11075 0.00145
11076 0.00145
11077 0.00145
11078 0.00145
11079 0.00145
11080 0.00145
11081 0.00145
11082 0.00145
11083 0.00145
11084 0.00145
11085 0.00145
11086 0.00145
11087 0.00145
11088 0.00145
11089 0.00145
11090 0.00145
11091 0.00145
11092 0.00145
11093 0.00145
11094 0.00145
11095 0.00145
11096 0.00145
11097 0.00145
11098 0.00145
11099 0.00145
11100 0.00145
11101 0.00145
11102 0.00145
11103 0.00145
11104 0.00145
11105 0.00145
11106 0.00145
11107 0.00145
11108 0.00145
11109 0.00145
11110 0.00145
11111 0.00145
11112 0.00145
11113 0.00145
11114 0.00145
11115 0.00145
11116 0.00145
11117 0.00145
11118 0.00145
11119 0.00145
11120 0.00145
11121 0.00145
11122 0.00145
11123 0.00145
11124 0.00145
11125 0.00145
11126 0.00145
11127 0.00145
11128 0.00145
11129 0.00145
11130 0.00145
11131 0.00145
11132 0.00145
11133 0.00145
11134 0.00145
11135 0.00145
11136 0.00145
11137 0.00145
11138 0.00145
11139 0.00145
11140 0.00145
11141 0.00145
11142 0.00145
11143 0.00145
11144 0.00145
11145 0.00145
11146 0.00145
11147 0.00145
11148 0.00145
11149 0.00145
11150 0.00145
11151 0.00145
11152 0.00145
11153 0.00145
11154 0.00145
11155 0.00145
11156 0.00145
11157 0.00145
11158 0.00145
11159 0.00145
11160 0.00145
11161 0.00145
11162 0.00145
11163 0.00145
11164 0.00145
11165 0.00145
11166 0.00145
11167 0.00145
11168 0.00145
11169 0.00145
11170 0.00145
11171 0.00145
11172 0.00145
11173 0.00145
11174 0.00145
11175 0.00145
11176 0.00145
11177 0.00145
11178 0.00145
11179 0.00145
11180 0.00145
11181 0.00145
11182 0.00145
11183 0.00145
11184 0.00145
11185 0.00145
11186 0.00145
11187 0.00145
11188 0.00145
11189 0.00145
11190 0.00145
11191 0.00145
11192 0.00145
11193 0.00145
11194 0.00145
11195 0.00145
11196 0.00145
11197 0.00145
11198 0.00145
11199 0.00145
11200 0.00145
11201 0.00145
11202 0.00145
11203 0.00145
11204 0.00145
11205 0.00145
11206 0.00145
11207 0.00145
11208 0.00145
11209 0.00145
11210 0.00145
11211 0.00145
11212 0.00145
11213 0.00145
11214 0.00145
11215 0.00145
11216 0.00145
11217 0.00145
11218 0.00145
11219 0.00145
11220 0.00145
11221 0.00145
11222 0.00145
11223 0.00145
11224 0.00145
11225 0.00145
11226 0.00145
11227 0.00145
11228 0.00145
11229 0.00145
11230 0.00145
11231 0.00145
11232 0.00145
11233 0.00145
11234 0.00145
11235 0.00145
11236 0.00145
11237 0.00145
11238 0.00145
11239 0.00145
11240 0.00145
11241 0.00145
11242 0.00145
11243 0.00145
11244 0.00145
11245 0.00145
11246 0.00145
11247 0.00145
11248 0.00145
11249 0.00145
11250 0.00145
11251 0.00145
11252 0.00145
11253 0.00145
11254 0.00145
11255 0.00145
11256 0.00145
11257 0.00145
11258 0.00145
11259 0.00145
11260 0.00145
11261 0.00145
11262 0.00145
11263 0.00145
11264 0.00145
11265 0.00145
11266 0.00145
11267 0.00145
11268 0.00145
11269 0.00145
11270 0.00145
11271 0.00145
11272 0.00145
11273 0.00145
11274 0.00145
11275 0.00145
11276 0.00145
11277 0.00145
11278 0.00145
11279 0.00145
11280 0.00145
11281 0.00145
11282 0.00145
11283 0.00145
11284 0.00145
11285 0.00145
11286 0.00145
11287 0.00145
11288 0.00145
11289 0.00145
11290 0.00145
11291 0.00145
11292 0.00145
11293 0.00145
11294 0.00145
11295 0.00145
11296 0.00145
11297 0.00145
11298 0.00145
11299 0.00145
11300 0.00145
11301 0.00145
11302 0.00145
11303 0.00145
11304 0.00145
11305 0.00145
11306 0.00145
11307 0.00145
11308 0.00145
11309 0.00145
11310 0.00145
11311 0.00145
11312 0.00145
11313 0.00145
11314 0.00145
11315 0.00145
11316 0.00145
11317 0.00145
11318 0.00145
11319 0.00145
11320 0.00145
11321 0.00145
11322 0.00145
11323 0.00145
11324 0.00145
11325 0.00145
11326 0.00145
11327 0.00145
11328 0.00145
11329 0.00145
11330 0.00145
11331 0.00145
11332 0.00145
11333 0.00145
11334 0.00145
11335 0.00145
11336 0.00145
11337 0.00145
11338 0.00145
11339 0.00145
11340 0.00145
11341 0.00145
11342 0.00145
11343 0.00145
11344 0.00145
11345 0.00145
11346 0.00145
11347 0.00145
11348 0.00145
11349 0.00145
11350 0.00145
11351 0.00145
11352 0.00145
11353 0.00145
11354 0.00145
11355 0.00145
11356 0.00145
11357 0.00145
11358 0.00145
11359 0.00145
11360 0.00145
11361 0.00145
11362 0.00145
11363 0.00145
11364 0.00145
11365 0.00145
11366 0.00145
11367 0.00145
11368 0.00145
11369 0.00145
11370 0.00145
11371 0.00145
11372 0.00145
11373 0.00145
11374 0.00145
11375 0.00145
11376 0.00145
11377 0.00145
11378 0.00145
11379 0.00145
11380 0.00145
11381 0.00145
11382 0.00145
11383 0.00145
11384 0.00145
11385 0.00145
11386 0.00145
11387 0.00145
11388 0.00145
11389 0.00145
11390 0.00145
11391 0.00145
11392 0.00145
11393 0.00145
11394 0.00145
11395 0.00145
11396 0.00145
11397 0.00145
11398 0.00145
11399 0.00145
11400 0.00145
11401 0.00145
11402 0.00145
11403 0.00145
11404 0.00145
11405 0.00145
11406 0.00145
11407 0.00145
11408 0.00145
11409 0.00145
11410 0.00145
11411 0.00145
11412 0.00145
11413 0.00145
11414 0.00145
11415 0.00145
11416 0.00145
11417 0.00145
11418 0.00145
11419 0.00145
11420 0.00145
11421 0.00145
11422 0.00145
11423 0.00145
11424 0.00145
11425 0.00145
11426 0.00145
11427 0.00145
11428 0.00145
11429 0.00145
11430 0.00145
11431 0.00145
11432 0.00145
11433 0.00145
11434 0.00145
11435 0.00145
11436 0.00145
11437 0.00145
11438 0.00145
11439 0.00145
11440 0.00145
11441 0.00145
11442 0.00145
11443 0.00145
11444 0.00145
11445 0.00145
11446 0.00145
11447 0.00145
11448 0.00145
11449 0.00145
11450 0.00145
11451 0.00145
11452 0.00145
11453 0.00145
11454 0.00145
11455 0.00145
11456 0.00145
11457 0.00145
11458 0.00145
11459 0.00145
11460 0.00145
11461 0.00145
11462 0.00145
11463 0.00145
11464 0.00145
11465 0.00145
11466 0.00145
11467 0.00145
11468 0.00145
11469 0.00145
11470 0.00145
11471 0.00145
11472 0.00145
11473 0.00145
11474 0.00145
11475 0.00145
11476 0.00145
11477 0.00145
11478 0.00145
11479 0.00145
11480 0.00145
11481 0.00145
11482 0.00145
11483 0.00145
11484 0.00145
11485 0.00145
11486 0.00145
11487 0.00145
11488 0.00145
11489 0.00145
11490 0.00145
11491 0.00145
11492 0.00145
11493 0.00145
11494 0.00145
11495 0.00145
11496 0.00145
11497 0.00145
11498 0.00145
11499 0.00145
11500 0.00145
11501 0.00145
11502 0.00145
11503 0.00145
11504 0.00145
11505 0.00145
11506 0.00145
11507 0.00145
11508 0.00145
11509 0.00145
11510 0.00145
11511 0.00145
11512 0.00145
11513 0.00145
11514 0.00145
11515 0.00145
11516 0.00145
11517 0.00145
11518 0.00145
11519 0.00145
11520 0.00145
11521 0.00145
11522 0.00145
11523 0.00145
11524 0.00145
11525 0.00145
11526 0.00145
11527 0.00145
11528 0.00145
11529 0.00145
11530 0.00145
11531 0.00145
11532 0.00145
11533 0.00145
11534 0.00145
11535 0.00145
11536 0.00145
11537 0.00145
11538 0.00145
11539 0.00145
11540 0.00145
11541 0.00145
11542 0.00145
11543 0.00145
11544 0.00145
11545 0.00145
11546 0.00145
11547 0.00145
11548 0.00145
11549 0.00145
11550 0.00145
11551 0.00145
11552 0.00145
11553 0.00145
11554 0.00145
11555 0.00145
11556 0.00145
11557 0.00145
11558 0.00145
11559 0.00145
11560 0.00145
11561 0.00145
11562 0.00145
11563 0.00145
11564 0.00145
11565 0.00145
11566 0.00145
11567 0.00145
11568 0.00145
11569 0.00145
11570 0.00145
11571 0.00145
11572 0.00145
11573 0.00145
11574 0.00145
11575 0.00145
11576 0.00145
11577 0.00145
11578 0.00145
11579 0.00145
11580 0.00145
11581 0.00145
11582 0.00145
11583 0.00145
11584 0.00145
11585 0.00145
11586 0.00145
11587 0.00145
11588 0.00145
11589 0.00145
11590 0.00145
11591 0.00145
11592 0.00145
11593 0.00145
11594 0.00145
11595 0.00145
11596 0.00145
11597 0.00145
11598 0.00145
11599 0.00145
11600 0.00145
11601 0.00145
11602 0.00145
11603 0.00145
11604 0.00145
11605 0.00145
11606 0.00145
11607 0.00145
11608 0.00145
11609 0.00145
11610 0.00145
11611 0.00145
11612 0.00145
11613 0.00145
11614 0.00145
11615 0.00145
11616 0.00145
11617 0.00145
11618 0.00145
11619 0.00145
11620 0.00145
11621 0.00145
11622 0.00145
11623 0.00145
11624 0.00145
11625 0.00145
11626 0.00145
11627 0.00145
11628 0.00145
11629 0.00145
11630 0.00145
11631 0.00145
11632 0.00145
11633 0.00145
11634 0.00145
11635 0.00145
11636 0.00145
11637 0.00145
11638 0.00145
11639 0.00145
11640 0.00145
11641 0.00145
11642 0.00145
11643 0.00145
11644 0.00145
11645 0.00145
11646 0.00145
11647 0.00145
11648 0.00145
11649 0.00145
11650 0.00145
11651 0.00145
11652 0.00145
11653 0.00145
11654 0.00145
11655 0.00145
11656 0.00145
11657 0.00145
11658 0.00145
11659 0.00145
11660 0.00145
11661 0.00145
11662 0.00145
11663 0.00145
11664 0.00145
11665 0.00145
11666 0.00145
11667 0.00145
11668 0.00145
11669 0.00145
11670 0.00145
11671 0.00145
11672 0.00145
11673 0.00145
11674 0.00145
11675 0.00145
11676 0.00145
11677 0.00145
11678 0.00145
11679 0.00145
11680 0.00145
11681 0.00145
11682 0.00145
11683 0.00145
11684 0.00145
11685 0.00145
11686 0.00145
11687 0.00145
11688 0.00145
11689 0.00145
11690 0.00145
11691 0.00145
11692 0.00145
11693 0.00145
11694 0.00145
11695 0.00145
11696 0.00145
11697 0.00145
11698 0.00145
11699 0.00145
11700 0.00145
11701 0.00145
11702 0.00145
11703 0.00145
11704 0.00145
11705 0.00145
11706 0.00145
11707 0.00145
11708 0.00145
11709 0.00145
11710 0.00145
11711 0.00145
11712 0.00145
11713 0.00145
11714 0.00145
11715 0.00145
11716 0.00145
11717 0.00145
11718 0.00145
11719 0.00145
11720 0.00145
11721 0.00145
11722 0.00145
11723 0.00145
11724 0.00145
11725 0.00145
11726 0.00145
11727 0.00145
11728 0.00145
11729 0.00145
11730 0.00145
11731 0.00145
11732 0.00145
11733 0.00145
11734 0.00145
11735 0.00145
11736 0.00145
11737 0.00145
11738 0.00145
11739 0.00145
11740 0.00145
11741 0.00145
11742 0.00145
11743 0.00145
11744 0.00145
11745 0.00145
11746 0.00145
11747 0.00145
11748 0.00145
11749 0.00145
11750 0.00145
11751 0.00145
11752 0.00145
11753 0.00145
11754 0.00145
11755 0.00145
11756 0.00145
11757 0.00145
11758 0.00145
11759 0.00145
11760 0.00145
11761 0.00145
11762 0.00145
11763 0.00145
11764 0.00145
11765 0.00145
11766 0.00145
11767 0.00145
11768 0.00145
11769 0.00145
11770 0.00145
11771 0.00145
11772 0.00145
11773 0.00145
11774 0.00145
11775 0.00145
11776 0.00145
11777 0.00145
11778 0.00145
11779 0.00145
11780 0.00145
11781 0.00145
11782 0.00145
11783 0.00145
11784 0.00145
11785 0.00145
11786 0.00145
11787 0.00145
11788 0.00145
11789 0.00145
11790 0.00145
11791 0.00145
11792 0.00145
11793 0.00145
11794 0.00145
11795 0.00145
11796 0.00145
11797 0.00145
11798 0.00145
11799 0.00145
11800 0.00145
11801 0.00145
11802 0.00145
11803 0.00145
11804 0.00145
11805 0.00145
11806 0.00145
11807 0.00145
11808 0.00145
11809 0.00145
11810 0.00145
11811 0.00145
11812 0.00145
11813 0.00145
11814 0.00145
11815 0.00145
11816 0.00145
11817 0.00145
11818 0.00145
11819 0.00145
11820 0.00145
11821 0.00145
11822 0.00145
11823 0.00145
11824 0.00145
11825 0.00145
11826 0.00145
11827 0.00145
11828 0.00145
11829 0.00145
11830 0.00145
11831 0.00145
11832 0.00145
11833 0.00145
11834 0.00145
11835 0.00145
11836 0.00145
11837 0.00145
11838 0.00145
11839 0.00145
11840 0.00145
11841 0.00145
11842 0.00145
11843 0.00145
11844 0.00145
11845 0.00145
11846 0.00145
11847 0.00145
11848 0.00145
11849 0.00145
11850 0.00145
11851 0.00145
11852 0.00145
11853 0.00145
11854 0.00145
11855 0.00145
11856 0.00145
11857 0.00145
11858 0.00145
11859 0.00145
11860 0.00145
11861 0.00145
11862 0.00145
11863 0.00145
11864 0.00145
11865 0.00145
11866 0.00145
11867 0.00145
11868 0.00145
11869 0.00145
11870 0.00145
11871 0.00145
11872 0.00145
11873 0.00145
11874 0.00145
11875 0.00145
11876 0.00145
11877 0.00145
11878 0.00145
11879 0.00145
11880 0.00145
11881 0.00145
11882 0.00145
11883 0.00145
11884 0.00145
11885 0.00145
11886 0.00145
11887 0.00145
11888 0.00145
11889 0.00145
11890 0.00145
11891 0.00145
11892 0.00145
11893 0.00145
11894 0.00145
11895 0.00145
11896 0.00145
11897 0.00145
11898 0.00145
11899 0.00145
11900 0.00145
11901 0.00145
11902 0.00145
11903 0.00145
11904 0.00145
11905 0.00145
11906 0.00145
11907 0.00145
11908 0.00145
11909 0.00145
11910 0.00145
11911 0.00145
11912 0.00145
11913 0.00145
11914 0.00145
11915 0.00145
11916 0.00145
11917 0.00145
11918 0.00145
11919 0.00145
11920 0.00145
11921 0.00145
11922 0.00145
11923 0.00145
11924 0.00145
11925 0.00145
11926 0.00145
11927 0.00145
11928 0.00145
11929 0.00145
11930 0.00145
11931 0.00145
11932 0.00145
11933 0.00145
11934 0.00145
11935 0.00145
11936 0.00145
11937 0.00145
11938 0.00145
11939 0.00145
11940 0.00145
11941 0.00145
11942 0.00145
11943 0.00145
11944 0.00145
11945 0.00145
11946 0.00145
11947 0.00145
11948 0.00145
11949 0.00145
11950 0.00145
11951 0.00145
11952 0.00145
11953 0.00145
11954 0.00145
11955 0.00145
11956 0.00145
11957 0.00145
11958 0.00145
11959 0.00145
11960 0.00145
11961 0.00145
11962 0.00145
11963 0.00145
11964 0.00145
11965 0.00145
11966 0.00145
11967 0.00145
11968 0.00145
11969 0.00145
11970 0.00145
11971 0.00145
11972 0.00145
11973 0.00145
11974 0.00145
11975 0.00145
11976 0.00145
11977 0.00145
11978 0.00145
11979 0.00145
11980 0.00145
11981 0.00145
11982 0.00145
11983 0.00145
11984 0.00145
11985 0.00145
11986 0.00145
11987 0.00145
11988 0.00145
11989 0.00145
11990 0.00145
11991 0.00145
11992 0.00145
11993 0.00145
11994 0.00145
11995 0.00145
11996 0.00145
11997 0.00145
11998 0.00145
11999 0.00145
12000 0.00145
12001 0.00145
12002 0.00145
12003 0.00145
12004 0.00145
12005 0.00145
12006 0.00145
12007 0.00145
12008 0.00145
12009 0.00145
12010 0.00145
12011 0.00145
12012 0.00145
12013 0.00145
12014 0.00145
12015 0.00145
12016 0.00145
12017 0.00145
12018 0.00145
12019 0.00145
12020 0.00145
12021 0.00145
12022 0.00145
12023 0.00145
12024 0.00145
12025 0.00145
12026 0.00145
12027 0.00145
12028 0.00145
12029 0.00145
12030 0.00145
12031 0.00145
12032 0.00145
12033 0.00145
12034 0.00145
12035 0.00145
12036 0.00145
12037 0.00145
12038 0.00145
12039 0.00145
12040 0.00145
12041 0.00145
12042 0.00145
12043 0.00145
12044 0.00145
12045 0.00145
12046 0.00145
12047 0.00145
12048 0.00145
12049 0.00145
12050 0.00145
12051 0.00145
12052 0.00145
12053 0.00145
12054 0.00145
12055 0.00145
12056 0.00145
12057 0.00145
12058 0.00145
12059 0.00145
12060 0.00145
12061 0.00145
12062 0.00145
12063 0.00145
12064 0.00145
12065 0.00145
12066 0.00145
12067 0.00145
12068 0.00145
12069 0.00145
12070 0.00145
12071 0.00145
12072 0.00145
12073 0.00145
12074 0.00145
12075 0.00145
12076 0.00145
12077 0.00145
12078 0.00145
12079 0.00145
12080 0.00145
12081 0.00145
12082 0.00145
12083 0.00145
12084 0.00145
12085 0.00145
12086 0.00145
12087 0.00145
12088 0.00145
12089 0.00145
12090 0.00145
12091 0.00145
12092 0.00145
12093 0.00145
12094 0.00145
12095 0.00145
12096 0.00145
12097 0.00145
12098 0.00145
12099 0.00145
12100 0.00145
12101 0.00145
12102 0.00145
12103 0.00145
12104 0.00145
12105 0.00145
12106 0.00145
12107 0.00145
12108 0.00145
12109 0.00145
12110 0.00145
12111 0.00145
12112 0.00145
12113 0.00145
12114 0.00145
12115 0.00145
12116 0.00145
12117 0.00145
12118 0.00145
12119 0.00145
12120 0.00145
12121 0.00145
12122 0.00145
12123 0.00145
12124 0.00145
12125 0.00145
12126 0.00145
12127 0.00145
12128 0.00145
12129 0.00145
12130 0.00145
12131 0.00145
12132 0.00145
12133 0.00145
12134 0.00145
12135 0.00145
12136 0.00145
12137 0.00145
12138 0.00145
12139 0.00145
12140 0.00145
12141 0.00145
12142 0.00145
12143 0.00145
12144 0.00145
12145 0.00145
12146 0.00145
12147 0.00145
12148 0.00145
12149 0.00145
12150 0.00145
12151 0.00145
12152 0.00145
12153 0.00145
12154 0.00145
12155 0.00145
12156 0.00145
12157 0.00145
12158 0.00145
12159 0.00145
12160 0.00145
12161 0.00145
12162 0.00145
12163 0.00145
12164 0.00145
12165 0.00145
12166 0.00145
12167 0.00145
12168 0.00145
12169 0.0015
12170 0.0015
12171 0.0015
12172 0.0015
12173 0.0015
12174 0.0015
12175 0.0015
12176 0.0015
12177 0.0015
12178 0.0015
12179 0.0015
12180 0.00155
12181 0.00155
12182 0.00155
12183 0.00155
12184 0.00155
12185 0.00155
12186 0.0016
12187 0.0016
12188 0.0016
12189 0.0016
12190 0.0016
12191 0.0016
12192 0.0016
12193 0.0016
12194 0.0016
12195 0.0016
12196 0.0016
12197 0.0016
12198 0.0016
12199 0.0016
12200 0.0016
12201 0.0016
12202 0.0016
12203 0.0016
12204 0.0016
12205 0.0016
12206 0.0016
12207 0.0016
12208 0.0016
12209 0.0016
12210 0.0016
12211 0.0016
12212 0.0016
12213 0.0016
12214 0.0016
12215 0.0016
12216 0.0016
12217 0.0016
12218 0.0016
12219 0.0016
12220 0.0016
12221 0.0016
12222 0.0016
12223 0.0016
12224 0.0016
12225 0.0016
12226 0.0016
12227 0.0016
12228 0.0016
12229 0.0016
12230 0.0016
12231 0.0016
12232 0.0016
12233 0.0016
12234 0.0016
12235 0.0016
12236 0.0016
12237 0.0016
12238 0.0016
12239 0.0016
12240 0.0016
12241 0.0016
12242 0.0016
12243 0.0016
12244 0.0016
12245 0.0016
12246 0.0016
12247 0.0016
12248 0.0016
12249 0.0016
12250 0.0016
12251 0.0016
12252 0.0016
12253 0.0016
12254 0.0016
12255 0.0016
12256 0.0016
12257 0.0016
12258 0.00165
12259 0.00165
12260 0.00165
12261 0.00165
12262 0.00165
12263 0.00165
12264 0.00165
12265 0.00165
12266 0.00165
12267 0.00165
12268 0.00165
12269 0.00165
12270 0.00165
12271 0.00165
12272 0.0017
12273 0.0017
12274 0.0017
12275 0.0017
12276 0.0017
12277 0.0017
12278 0.0017
12279 0.0017
12280 0.0017
12281 0.0017
12282 0.0017
12283 0.0017
12284 0.0017
12285 0.0017
12286 0.0017
12287 0.00175
12288 0.00175
12289 0.00175
12290 0.00175
12291 0.00175
12292 0.00175
12293 0.00175
12294 0.00175
12295 0.00175
12296 0.00175
12297 0.00175
12298 0.00175
12299 0.00175
12300 0.00175
12301 0.00175
12302 0.00175
12303 0.00175
12304 0.00175
12305 0.00175
12306 0.00175
12307 0.00175
12308 0.00175
12309 0.00175
12310 0.00175
12311 0.00175
12312 0.00175
12313 0.00175
12314 0.00175
12315 0.00175
12316 0.00175
12317 0.00175
12318 0.00175
12319 0.00175
12320 0.00175
12321 0.00175
12322 0.0018
12323 0.0018
12324 0.0018
12325 0.0018
12326 0.0018
12327 0.0018
12328 0.0018
12329 0.0018
12330 0.0018
12331 0.0018
12332 0.0018
12333 0.0018
12334 0.0018
12335 0.0018
12336 0.0018
12337 0.0018
12338 0.0018
12339 0.0018
12340 0.0018
12341 0.0018
12342 0.0019
12343 0.00195
12344 0.00195
12345 0.00195
12346 0.00195
12347 0.00195
12348 0.002
12349 0.002
12350 0.002
12351 0.002
12352 0.002
12353 0.002
12354 0.002
12355 0.002
12356 0.002
12357 0.002
12358 0.002
12359 0.002
12360 0.002
12361 0.002
12362 0.002
12363 0.002
12364 0.002
12365 0.002
12366 0.002
12367 0.002
12368 0.002
12369 0.002
12370 0.002
12371 0.002
12372 0.002
12373 0.002
12374 0.002
12375 0.002
12376 0.002
12377 0.002
12378 0.002
12379 0.002
12380 0.002
12381 0.002
12382 0.002
12383 0.002
12384 0.002
12385 0.002
12386 0.002
12387 0.002
12388 0.002
12389 0.002
12390 0.002
12391 0.002
12392 0.00205
12393 0.00205
12394 0.00205
12395 0.00205
12396 0.00205
12397 0.00205
12398 0.00205
12399 0.00205
12400 0.00205
12401 0.00205
12402 0.00205
12403 0.00205
12404 0.00205
12405 0.00205
12406 0.00205
12407 0.00205
12408 0.00205
12409 0.00205
12410 0.00205
12411 0.00205
12412 0.00205
12413 0.00205
12414 0.00205
12415 0.00205
12416 0.00205
12417 0.00205
12418 0.00205
12419 0.00205
12420 0.00205
12421 0.00205
12422 0.00205
12423 0.00205
12424 0.00205
12425 0.00205
12426 0.00205
12427 0.00205
12428 0.00205
12429 0.00205
12430 0.00205
12431 0.00205
12432 0.00205
12433 0.00205
12434 0.00205
12435 0.00205
12436 0.00205
12437 0.00205
12438 0.00205
12439 0.00205
12440 0.00205
12441 0.00205
12442 0.0022
12443 0.0022
12444 0.0022
12445 0.0022
12446 0.0022
12447 0.0022
12448 0.0022
12449 0.0022
12450 0.0022
12451 0.0022
12452 0.0022
12453 0.0022
12454 0.0022
12455 0.0022
12456 0.0022
12457 0.0022
12458 0.0022
12459 0.0022
12460 0.0022
12461 0.0022
12462 0.0022
12463 0.0022
12464 0.0022
12465 0.0022
12466 0.0022
12467 0.0022
12468 0.0022
12469 0.0022
12470 0.0022
12471 0.0022
12472 0.0022
12473 0.0022
12474 0.0022
12475 0.0022
12476 0.0022
12477 0.0022
12478 0.0022
12479 0.0022
12480 0.0022
12481 0.0022
12482 0.0022
12483 0.0022
12484 0.0023
12485 0.0023
12486 0.0023
12487 0.00235
12488 0.00235
12489 0.0024
12490 0.00245
12491 0.00245
12492 0.0025
12493 0.0025
12494 0.0025
12495 0.0025
12496 0.0025
12497 0.0025
12498 0.0025
12499 0.0025
===============================================
================== Validation ==================
validation_valid           = 0
validation_fast_median     = 0
validation_exact_median    = 0
validation_mean_abs_diff   = 0
validation_fast_seconds    = 0
validation_exact_seconds   = 0
===============================================
note: sensitivity now uses a local exact refinement around the FC boundary.
      First a global calibration belt is built once, then each outer toy
      re-calibrates only the boundary-neighbour BR points with toy-specific
      nested FC toys. validation compares this local-exact method against
      the slower full nested toy construction.
